net,refdes,pin,side,x,y,value,part_number
+1.2V_EN1,PR0606,2,B,6713,2716,0_0402_SP,R0402_SHORT
+1.2V_EN1,PR0621,2,T,6716,2640,1/16W_0_1%_0402,R0402_15P748
+1.2V_EN1,PU0601,16,B,6793,2648,NB687BGQ-C669-Z_QFN16_3X3,NB687BGQ-C669-Z_QFN16_3X3
+1.2V_EN1,TB_TP274,1,B,6758,2698,,
+1.2V_PG,PR0605,2,B,6991,2729,1/20W_100K_5%_0201,R0201_11P811
+1.2V_PG,PU0601,12,B,6793,2569,NB687BGQ-C669-Z_QFN16_3X3,NB687BGQ-C669-Z_QFN16_3X3
+1.2V_PG,TB_TP258,1,B,6747,2569,,
-AOU_IFLG,R8111,2,T,2064,1885,1/20W_10K_5%_0201,R0201_11P811
-AOU_IFLG,TB_TP572,1,T,1156,1892,,
-AOU_IFLG,U6701,9,B,914,1729,SN1702001RTER_WQFN16_3X3,SN1702001RTER_WQFN16_3X3
-AOU_IFLG,UEC1,C6,T,1935,2041,NPCX997KAABX_VFBGA144,NPCX997KAABX_VFBGA_144P
-BATLOW,R1520,1,B,6000,2788,1/20W_100K_5%_0201,R0201_11P811
-BATLOW,R1541,1,T,1637,1766,1/20W_10K_5%_0201,R0201_11P811
-BATLOW,R8104,2,T,1613,1766,1/20W_100K_5%_0201,R0201_11P811
-BATLOW,TB_TP711,1,T,3673,1429,,
-BATLOW,UCPU1,EM56,B,5709,2970,ALDERLAKE-P-CPU_BGA1744,ALDERLAKE-P-CPU_BGA_1744P-T
-BATLOW,UEC1,L10,T,1731,1938,NPCX997KAABX_VFBGA144,NPCX997KAABX_VFBGA_144P
-BEEP_ENABLE,Q8701,1,T,1549,1743,LSK3541G1ET2L_VMT3,LSK3541G1ET2L_VMT3
-BEEP_ENABLE,R8009,1,T,1607,1980,1/20W_100K_5%_0201,R0201_11P811
-BEEP_ENABLE,TB_TP1061,1,T,1523,1803,,
-BEEP_ENABLE,UEC1,L6,T,1731,2041,NPCX997KAABX_VFBGA144,NPCX997KAABX_VFBGA_144P
-BT_INT,R8053,1,T,2382,2427,0_0201_SP,R0201_SHORT
-BT_INT,TB_TP1418,1,T,2420,2425,,
-BT_INT,UWLAN1,64,B,5949,4784,INTEL_AX211D2W_LGA144,INTEL_AX211D2W_LGA_144P-T
-BT_INT,UWLAN2A,64,B,5955,4783,8501-602200-01_LGA76,8501-602200-01_LGA_76P
-BT_INT_R,R8053,2,T,2359,2427,0_0201_SP,R0201_SHORT
-BT_INT_R,R8054,2,T,2335,2427,1/20W_100K_5%_0201,R0201_11P811
-BT_INT_R,UEC1,B5,T,1961,2066,NPCX997KAABX_VFBGA144,NPCX997KAABX_VFBGA_144P
-CAM_PRIVACY,JCAM1,10,B,8343,4955,I-PEX_20654-030E-01,I-PEX_20654-030E-01_30P
-CAM_PRIVACY,R0523,1,T,6047,3249,1/20W_100K_5%_0201,R0201_11P811
-CAM_PRIVACY,TB_TP38,1,T,6006,3260,,
-CAM_PRIVACY,TB_TP39,1,B,6483,4851,,
-CAM_PRIVACY,UCPU1,EY37,B,5828,3260,ALDERLAKE-P-CPU_BGA1744,ALDERLAKE-P-CPU_BGA_1744P-T
-CATERR,R0802,1,T,4337,3659,1/20W_1K_5%_0201,R0201_11P811
-CATERR,TP0801,1,T,4373,3659,Test_Point_16MIL,TPC16
-CATERR,UCPU1,AF15,B,4352,3614,ALDERLAKE-P-CPU_BGA1744,ALDERLAKE-P-CPU_BGA_1744P-T
-CHG_PROCHOT,PR0226,2,B,3225,1288,1/16W_0_5%_0402,R0402_15P748
-CHG_PROCHOT,R7918,1,T,2345,2192,1/20W_0_5%_0201,R0201_11P811
-CHG_PROCHOT,TB_TP544,1,B,3292,1337,,
-CHG_PROCHOT_R,R7918,2,T,2345,2169,1/20W_0_5%_0201,R0201_11P811
-CHG_PROCHOT_R,U7901,15,T,2317,2105,NCT5635Y-W_QFN24_4X4,NCT5635Y-W_QFN24_4X4
-CLKREQ0_PCIE4_A,D7002,1,T,1631,1296,CDZCGT2RA6P8B_VMN2-2,CDZCGT2RA6P8B_VMN2-2-Y_CS20
-CLKREQ0_PCIE4_A,JSSD1,52,B,1713,1450,ARGOSY_NASM0-S6710-TS20,ARGOSY_NASM0-S6710-TS20_67P-T
-CLKREQ0_PCIE4_A,R7002,1,T,1700,1367,1/20W_10K_5%_0201,R0201_11P811
-CLKREQ0_PCIE4_A,TB_TP635,1,T,1687,1407,,
-CLKREQ0_PCIE4_A,UCPU1,FB29,B,5865,3383,ALDERLAKE-P-CPU_BGA1744,ALDERLAKE-P-CPU_BGA_1744P-T
-CLKREQ1_PCIE3_P5,R7203,1,B,6296,4340,1/16W_10K_5%_0402,R0402_15P748
-CLKREQ1_PCIE3_P5,TB_TP1298,1,T,5932,3258,,
-CLKREQ1_PCIE3_P5,UCPU1,FB36,B,5865,3285,ALDERLAKE-P-CPU_BGA1744,ALDERLAKE-P-CPU_BGA_1744P-T
-CLKREQ1_PCIE3_P5,UWLAN1,30,B,6343,4449,INTEL_AX211D2W_LGA144,INTEL_AX211D2W_LGA_144P-T
-CLKREQ1_PCIE3_P5,UWLAN2A,30,B,6343,4455,8501-602200-01_LGA76,8501-602200-01_LGA_76P
-CLKREQ2_PCIE3_P1,D7408,1,T,2751,3482,CDZCGT2RA6P8B_VMN2-2,CDZCGT2RA6P8B_VMN2-2-Y_CS20
-CLKREQ2_PCIE3_P1,JWWAN1,52,B,2756,3471,ARGOSY_NASB0-S6710-TS20,ARGOSY_NASB0-S6710-TS20_75P-T
-CLKREQ2_PCIE3_P1,R7403,1,T,2749,3531,1/20W_10K_5%_0201,R0201_11P811
-CLKREQ2_PCIE3_P1,TB_TP1384,1,T,3853,980,,
-CLKREQ2_PCIE3_P1,UCPU1,FC31,B,5883,3362,ALDERLAKE-P-CPU_BGA1744,ALDERLAKE-P-CPU_BGA_1744P-T
-CLKREQ3_PCI4_B,Q3201,1,B,6706,3450,SSM3K15AMFV_2-1L1B,SSM3K15AMFV_2-1L1B
-CLKREQ3_PCI4_B,R1405,1,B,6075,3335,1/20W_10K_5%_0201,R0201_11P811
-CLKREQ3_PCI4_B,TB_TP978,1,T,6115,3372,,
-CLKREQ3_PCI4_B,UCPU1,FC34,B,5883,3309,ALDERLAKE-P-CPU_BGA1744,ALDERLAKE-P-CPU_BGA_1744P-T
-CLKREQ4_PCIE3_P7,R7601,1,T,2276,4301,1/20W_10K_5%_0201,R0201_11P811
-CLKREQ4_PCIE3_P7,TB_TP683,1,T,2380,4291,,
-CLKREQ4_PCIE3_P7,U7601,48,T,2214,4283,WGI219LM-QREF-A0_QFN48_6X6,WGI219LM-QREF-A0_QFN48_6X6
-CLKREQ4_PCIE3_P7,UCPU1,ER48,B,5749,3086,ALDERLAKE-P-CPU_BGA1744,ALDERLAKE-P-CPU_BGA_1744P-T
-CLKREQ_PCIE3_VGA,Q3201,3,B,6752,3434,SSM3K15AMFV_2-1L1B,SSM3K15AMFV_2-1L1B
-CLKREQ_PCIE3_VGA,R3204,2,B,6785,3470,1/20W_10K_5%_0201,R0201_11P811
-CLKREQ_PCIE3_VGA,TB_TP971,1,B,6790,3440,,
-CLKREQ_PCIE3_VGA,UGPU1,AG31,B,6909,3514,NVIDIA_GN20-S5-GB3-64_FCBGA771,NVIDIA_GN20-S5-GB3-64_FCBGA_771P-T
-CL_RST_WLAN,R7224,1,B,6039,4367,1/20W_0_5%_0201,R0201_11P811
-CL_RST_WLAN,TB_TP1268,1,T,5741,4439,,
-CL_RST_WLAN,UCPU1,EH26,B,5647,3441,ALDERLAKE-P-CPU_BGA1744,ALDERLAKE-P-CPU_BGA_1744P-T
-CL_RST_WLAN_R,R7224,2,B,6062,4367,1/20W_0_5%_0201,R0201_11P811
-CL_RST_WLAN_R,UWLAN1,44,B,6067,4449,INTEL_AX211D2W_LGA144,INTEL_AX211D2W_LGA_144P-T
-CL_RST_WLAN_R,UWLAN2A,44,B,6067,4455,8501-602200-01_LGA76,8501-602200-01_LGA_76P
-CNV_RF_RESET,R1302,1,T,5750,3325,1/20W_75K_5%_0201,R0201_11P811
-CNV_RF_RESET,TB_TP903,1,T,5940,4410,,
-CNV_RF_RESET,UCPU1,ET31,B,5775,3362,ALDERLAKE-P-CPU_BGA1744,ALDERLAKE-P-CPU_BGA_1744P-T
-CNV_RF_RESET,UWLAN1,A42,B,6018,4705,INTEL_AX211D2W_LGA144,INTEL_AX211D2W_LGA_144P-T
-CPU_C10_GATE,R1539,2,T,5865,3079,1/20W_100K_5%_0201,R0201_11P811
-CPU_C10_GATE,TB_TP410,1,T,5771,3087,,
-CPU_C10_GATE,UCPU1,ER46,B,5749,3125,ALDERLAKE-P-CPU_BGA1744,ALDERLAKE-P-CPU_BGA_1744P-T
-CS_LOWEST,R0924,1,B,6011,3422,1/20W_100K_5%_0201,R0201_11P811
-CS_LOWEST,UCPU1,FA28,B,5853,3407,ALDERLAKE-P-CPU_BGA1744,ALDERLAKE-P-CPU_BGA_1744P-T
-DISCRETE_PRESENCE,R0521,1,T,6113,3469,1/20W_100K_5%_0201,R0201_11P811
-DISCRETE_PRESENCE,R99237,1,T,5831,3350,1/20W_100K_5%_0201,R0201_11P811
-DISCRETE_PRESENCE,TB_TP925,1,T,6016,3437,,
-DISCRETE_PRESENCE,UCPU1,EL26,B,5698,3441,ALDERLAKE-P-CPU_BGA1744,ALDERLAKE-P-CPU_BGA_1744P-T
-DRAMRST,JDDR1,108,B,5035,1827,ARGOS_D4ASL-26010-1P40,ARGOS_D4ASL-26010-1P40_260P
-DRAMRST,R0611,2,T,6463,2348,0_0201_SP,R0201_SHORT
-DRAMRST,TB_TP798,1,T,6432,2309,,
-DRAMRST,U2501,P1,T,5542,1206,K4A8G165WB-BCPB_FBGA96,K4ABG165WA-MCTD_FBGA_96P-T_3SILK
-DRAMRST,U2601,P1,T,6227,1206,K4A8G165WB-BCPB_FBGA96,K4ABG165WA-MCTD_FBGA_96P-T_3SILK
-DRAMRST,U2701,P1,T,4857,1206,K4A8G165WB-BCPB_FBGA96,K4ABG165WA-MCTD_FBGA_96P-T_3SILK
-DRAMRST,U2801,P1,T,4172,1206,K4A8G165WB-BCPB_FBGA96,K4ABG165WA-MCTD_FBGA_96P-T_3SILK
-DRAMRST_R,R0610,1,T,6440,2372,1/20W_470_1%_0201,R0201_11P811
-DRAMRST_R,R0611,1,T,6440,2348,0_0201_SP,R0201_SHORT
-DRAMRST_R,TB_TP29,1,T,6440,2414,,
-DRAMRST_R,UCPU1,EE53,B,5595,3007,ALDERLAKE-P-CPU_BGA1744,ALDERLAKE-P-CPU_BGA_1744P-T
-EAR_STRAP,R0811,1,T,4355,3455,1/20W_1K_5%_0201,R0201_11P811
-EAR_STRAP,R2109,2,T,4317,3505,1/20W_0_5%_0201,R0201_11P811
-EAR_STRAP,TB_TP655,1,T,4338,3416,,
-EAR_STRAP,UCPU1,AF25,B,4360,3456,ALDERLAKE-P-CPU_BGA1744,ALDERLAKE-P-CPU_BGA_1744P-T
-ECSPI_SS,R5011,2,T,2944,2028,1/20W_33_5%_0201,R0201_11P811
-ECSPI_SS,TB_TP541,1,T,1903,1834,,
-ECSPI_SS,UEC1,E12,T,1884,1887,NPCX997KAABX_VFBGA144,NPCX997KAABX_VFBGA_144P
-ECSPI_SS_R,R5008,2,T,2967,2050,1/20W_100K_5%_0201,R0201_11P811
-ECSPI_SS_R,R5011,1,T,2967,2028,1/20W_33_5%_0201,R0201_11P811
-ECSPI_SS_R,UTE1,4,T,3035,2019,TC62D518FTG_WQFN56_7X7,TC62D518FTG_WQFN56_7X7
-EC_BEEP_OVERRIDE,R8310,1,T,1291,893,1/20W_0_5%_0201,R0201_11P811-Y_CS20
-EC_BEEP_OVERRIDE,R8313,1,T,1271,893,1/20W_0_5%_0201,R0201_11P811-Y_CS20
-EC_BEEP_OVERRIDE,UEC1,C5,T,1935,2066,NPCX997KAABX_VFBGA144,NPCX997KAABX_VFBGA_144P
-EC_BEEP_OVERRIDE_R,R8310,2,T,1314,893,1/20W_0_5%_0201,R0201_11P811-Y_CS20
-EC_BEEP_OVERRIDE_R,R8312,1,T,1314,872,1/20W_10K_5%_0201,R0201_11P811-Y_CS20
-EC_BEEP_OVERRIDE_R,U8301,47,T,1134,869,ALC3287-CG_MQFN48_6X6,ALC3287-CG_MQFN48_6X6
-EC_RESET,R8110,2,T,1784,1616,1/20W_10K_5%_0201,R0201_11P811
-EC_RESET,TB_TP609,1,T,2735,2119,,
-EC_RESET,UEC1,G8,T,1833,1989,NPCX997KAABX_VFBGA144,NPCX997KAABX_VFBGA_144P
-EC_RESET,UTE1,8,T,3035,1956,TC62D518FTG_WQFN56_7X7,TC62D518FTG_WQFN56_7X7
-EC_SHD_CS0,R2201,1,B,2796,4189,1/20W_4.7K_5%_0201,R0201_11P811
-EC_SHD_CS0,U2203,1,B,2719,4140,W25R256JVEIN_WSON8_8X6,W25R256JVEIN_WSON8_8X6
-EC_SHD_CS0,UEC1,G10,T,1833,1938,NPCX997KAABX_VFBGA144,NPCX997KAABX_VFBGA_144P
-EC_SHD_CS1,R8020,2,B,3066,4111,1/20W_10K_5%_0201,R0201_11P811
-EC_SHD_CS1,TB_TP774,1,T,2696,3258,,
-EC_SHD_CS1,U8001,1,B,3208,4047,W25Q256JVEIN_WSON8_8X6,W25Q256JVEIN_WSON8_8X6
-EC_SHD_CS1,UEC1,B11,T,1961,1913,NPCX997KAABX_VFBGA144,NPCX997KAABX_VFBGA_144P
-ESPI_CS,TB_TP571,1,T,2587,2153,,
-ESPI_CS,UCPU1,DP44,B,5419,3153,ALDERLAKE-P-CPU_BGA1744,ALDERLAKE-P-CPU_BGA_1744P-T
-ESPI_CS,UEC1,B2,T,1961,2143,NPCX997KAABX_VFBGA144,NPCX997KAABX_VFBGA_144P
-ESPI_RESET,R0942,2,T,5214,2435,1/20W_75K_5%_0201,R0201_11P811
-ESPI_RESET,TB_TP503,1,T,2769,2193,,
-ESPI_RESET,UCPU1,DT51,B,5453,3051,ALDERLAKE-P-CPU_BGA1744,ALDERLAKE-P-CPU_BGA_1744P-T
-ESPI_RESET,UEC1,B1,T,1961,2169,NPCX997KAABX_VFBGA144,NPCX997KAABX_VFBGA_144P
-EXTPWR,D8203,1,T,1725,1671,RB521CM-30T2R_VMN2M-2,RB521CM-30T2R_VMN2M-2
-EXTPWR,PR0224,1,B,3288,1174,0_0402_SP,R0402_SHORT
-EXTPWR,Q5001,2,T,3126,1647,LSK3541G1ET2L_VMT3,LSK3541G1ET2L_VMT3
-EXTPWR,TB_TP907,1,T,3481,1424,,
-EXTPWR,TP5001,1,T,3202,1639,Test_Point_16MIL,TPC16
-EXTPWR_ASIC,Q5001,3,T,3110,1693,LSK3541G1ET2L_VMT3,LSK3541G1ET2L_VMT3
-EXTPWR_ASIC,R5001,2,T,3125,1752,1/20W_47K_5%_0201,R0201_11P811
-EXTPWR_ASIC,TB_TP1278,1,T,3170,1670,,
-EXTPWR_ASIC,UTE1,22,T,3176,1831,TC62D518FTG_WQFN56_7X7,TC62D518FTG_WQFN56_7X7
-EXTPWR_EC,D8203,2,T,1725,1709,RB521CM-30T2R_VMN2M-2,RB521CM-30T2R_VMN2M-2
-EXTPWR_EC,R8227,2,T,1762,1695,1/20W_100K_5%_0201,R0201_11P811
-EXTPWR_EC,UEC1,K11,T,1756,1913,NPCX997KAABX_VFBGA144,NPCX997KAABX_VFBGA_144P
-FBA_CLK0,UGPU1,F9,B,7526,4102,NVIDIA_GN20-S5-GB3-64_FCBGA771,NVIDIA_GN20-S5-GB3-64_FCBGA_771P-T
-FBA_CLK0,UV1,K10,B,8401,4302,K4Z80325BC-HC14_FBGA180,K4Z80325BC-HC14_FBGA_180P-T
-FBA_CLK1,TB_TP1178,1,T,7154,4144,,
-FBA_CLK1,UGPU1,E23,B,7140,4130,NVIDIA_GN20-S5-GB3-64_FCBGA771,NVIDIA_GN20-S5-GB3-64_FCBGA_771P-T
-FBA_CLK1,UV2,K10,B,7621,4936,K4Z80325BC-HC14_FBGA180,K4Z80325BC-HC14_FBGA_180P-T
-FBA_WCK01,TB_TP1399,1,T,7622,4171,,
-FBA_WCK01,UGPU1,C5,B,7636,4185,NVIDIA_GN20-S5-GB3-64_FCBGA771,NVIDIA_GN20-S5-GB3-64_FCBGA_771P-T
-FBA_WCK01,UV1,R5,B,8549,4449,K4Z80325BC-HC14_FBGA180,K4Z80325BC-HC14_FBGA_180P-T
-FBA_WCK23,TB_TP391,1,T,7593,4254,,
-FBA_WCK23,UGPU1,A6,B,7608,4240,NVIDIA_GN20-S5-GB3-64_FCBGA771,NVIDIA_GN20-S5-GB3-64_FCBGA_771P-T
-FBA_WCK23,UV1,R10,B,8549,4302,K4Z80325BC-HC14_FBGA180,K4Z80325BC-HC14_FBGA_180P-T
-FBA_WCK45,UGPU1,C27,B,7030,4185,NVIDIA_GN20-S5-GB3-64_FCBGA771,NVIDIA_GN20-S5-GB3-64_FCBGA_771P-T
-FBA_WCK45,UV2,R10,B,7621,5084,K4Z80325BC-HC14_FBGA180,K4Z80325BC-HC14_FBGA_180P-T
-FBA_WCK67,TB_TP1410,1,T,7071,4226,,
-FBA_WCK67,UGPU1,B26,B,7057,4213,NVIDIA_GN20-S5-GB3-64_FCBGA771,NVIDIA_GN20-S5-GB3-64_FCBGA_771P-T
-FBA_WCK67,UV2,R5,B,7473,5084,K4Z80325BC-HC14_FBGA180,K4Z80325BC-HC14_FBGA_180P-T
-FBA_WCKB01,UGPU1,M6,B,7618,3927,NVIDIA_GN20-S5-GB3-64_FCBGA771,NVIDIA_GN20-S5-GB3-64_FCBGA_771P-T
-FBA_WCKB01,UV1,D5,B,8224,4449,K4Z80325BC-HC14_FBGA180,K4Z80325BC-HC14_FBGA_180P-T
-FBA_WCKB23,UGPU1,L2,B,7728,3955,NVIDIA_GN20-S5-GB3-64_FCBGA771,NVIDIA_GN20-S5-GB3-64_FCBGA_771P-T
-FBA_WCKB23,UV1,D10,B,8224,4302,K4Z80325BC-HC14_FBGA180,K4Z80325BC-HC14_FBGA_180P-T
-FBA_WCKB45,UGPU1,M26,B,7047,3927,NVIDIA_GN20-S5-GB3-64_FCBGA771,NVIDIA_GN20-S5-GB3-64_FCBGA_771P-T
-FBA_WCKB45,UV2,D10,B,7621,4759,K4Z80325BC-HC14_FBGA180,K4Z80325BC-HC14_FBGA_180P-T
-FBA_WCKB67,UGPU1,L30,B,6937,3955,NVIDIA_GN20-S5-GB3-64_FCBGA771,NVIDIA_GN20-S5-GB3-64_FCBGA_771P-T
-FBA_WCKB67,UV2,D5,B,7473,4759,K4Z80325BC-HC14_FBGA180,K4Z80325BC-HC14_FBGA_180P-T
-FULL_CARD_POWER_OFF,JWWAN1,6,B,3209,3471,ARGOSY_NASB0-S6710-TS20,ARGOSY_NASB0-S6710-TS20_75P-T
-FULL_CARD_POWER_OFF,R7402,1,T,3170,3470,1/20W_100K_5%_0201,R0201_11P811
-FULL_CARD_POWER_OFF,R7416,2,T,3195,3470,1/20W_33K_5%_0201,R0201_11P811
-FULL_CARD_POWER_OFF,TP7401,1,T,3133,3470,Test_Point_16MIL,TPC16
-FULL_CARD_POWER_OFF,UCPU1,EN36,B,5724,3283,ALDERLAKE-P-CPU_BGA1744,ALDERLAKE-P-CPU_BGA_1744P-T
-GPIO_EXPANDER_INT,R7909,1,T,2070,1997,1/16W_4.7K_5%_0402,R0402_15P748
-GPIO_EXPANDER_INT,U7901,22,T,2217,2004,NCT5635Y-W_QFN24_4X4,NCT5635Y-W_QFN24_4X4
-GPIO_EXPANDER_INT,UEC1,A10,T,1987,1938,NPCX997KAABX_VFBGA144,NPCX997KAABX_VFBGA_144P
-GPU_EVENT,D3501,1,B,7993,3503,RB521CM-30T2R_VMN2M,RB521CS-30GT2RA_VMN2-2
-GPU_EVENT,TB_TP887,1,B,6600,3242,,
-GPU_EVENT,UCPU1,EY48,B,5839,3086,ALDERLAKE-P-CPU_BGA1744,ALDERLAKE-P-CPU_BGA_1744P-T
-GPU_EVENT_D,D3501,2,B,7993,3541,RB521CM-30T2R_VMN2M,RB521CS-30GT2RA_VMN2-2
-GPU_EVENT_D,R3507,2,B,7911,3539,1/20W_10K_5%_0201,R0201_11P811
-GPU_EVENT_D,TB_TP103,1,B,7883,3546,,
-GPU_EVENT_D,UGPU1,AC3,B,7701,3624,NVIDIA_GN20-S5-GB3-64_FCBGA771,NVIDIA_GN20-S5-GB3-64_FCBGA_771P-T
-GPU_GPIO26,R3525,1,T,7877,3570,1/20W_0_5%_0201,R0201_11P811
-GPU_GPIO26,R3526,1,T,7877,3593,1/20W_0_5%_0201,R0201_11P811
-GPU_GPIO26,TB_TP175,1,T,7827,3564,,
-GPU_GPIO26,UGPU1,AF6,B,7618,3532,NVIDIA_GN20-S5-GB3-64_FCBGA771,NVIDIA_GN20-S5-GB3-64_FCBGA_771P-T
-GPU_RST,C0501,1,T,5875,3406,10PC_25VC_JC_NPOC_0201,C0201_12P992_BA
-GPU_RST,D3202,1,T,6866,3411,RB521CM-30T2R_VMN2M-2,RB521CM-30T2R_VMN2M-2
-GPU_RST,R0517,1,T,5851,3406,1/20W_1M_1%_0201,R0201_11P811
-GPU_RST,TB_TP1059,1,T,6822,3361,,
-GPU_RST,UCPU1,ER23,B,5749,3480,ALDERLAKE-P-CPU_BGA1744,ALDERLAKE-P-CPU_BGA_1744P-T
-HOTKEY,C4502,2,T,2665,3027,0.01U_6.3V_K_X7R_0201,C0201_12P992_BA
-HOTKEY,C8005,1,T,1770,1802,0.1U_10V_K_X5R_0201,C0201_12P992_BA
-HOTKEY,JKBL2,29,T,2544,2923,HIGHS_FC5AF361-1151H,HIGHS_FC5AF361-1151H_36P-T
-HOTKEY,R8035,1,T,1767,1738,1/20W_20K_5%_0201,R0201_11P811
-HOTKEY,TB_TP517,1,T,2318,2302,,
-HOTKEY,UEC1,J11,T,1782,1913,NPCX997KAABX_VFBGA144,NPCX997KAABX_VFBGA_144P
-HPD_DTCT,TP0501,1,T,6177,3087,Test_Point_16MIL,TPC16
-HPD_DTCT,UCPU1,EB49,B,5553,3076,ALDERLAKE-P-CPU_BGA1744,ALDERLAKE-P-CPU_BGA_1744P-T
-I2C3_INT_PD,R5909,1,T,1374,3710,1/20W_10K_5%_0201,R0201_11P811
-I2C3_INT_PD,TP5904,1,B,788,4043,Test_Point_16MIL,TPC16
-I2C3_INT_PD,U5901,47,T,1437,3702,SN2011061RSLR_VQFN48_6X6,SN2011061RSLR_VQFN48_6X6
-I2C3_INT_PD,UBB1,A10,B,801,3232,JHL8040RSLMN7A1_BGA105,JHL8040RSLMN7A1_BGA_105P
-I2C3_INT_PD,UBB2,A10,B,801,3905,JHL8040RSLMN7A1_BGA105,JHL8040RSLMN7A1_BGA_105P
-INTRUDER,D1503,1,B,6201,3248,RB520CM-30T2R_VMN2M2,RB520CM-30T2R_VMN2M2
-INTRUDER,R1514,2,B,6201,3278,0_0201_SP,R0201_SHORT
-INTRUDER,R1515,2,B,6201,3302,1/20W_1M_5%_0201,R0201_11P811
-INTRUDER,TB_TP425,1,B,6018,3279,,
-INTRUDER,UCPU1,DY44,B,5520,3153,ALDERLAKE-P-CPU_BGA1744,ALDERLAKE-P-CPU_BGA_1744P-T
-INTRUDER_EC,D1503,2,B,6238,3248,RB520CM-30T2R_VMN2M2,RB520CM-30T2R_VMN2M2
-INTRUDER_EC,R8221,2,T,1745,1802,1/20W_100K_5%_0201,R0201_11P811
-INTRUDER_EC,TB_TP91,1,B,6303,3282,,
-INTRUDER_EC,UEC1,K12,T,1756,1887,NPCX997KAABX_VFBGA144,NPCX997KAABX_VFBGA_144P
-INT_MIC_DTCT,D9503,1,B,8565,4895,PESD5V0H1BSF_SOD962-2,PESD5V0H1BSF_SOD962-2
-INT_MIC_DTCT,JCAM1,21,B,8516,4955,I-PEX_20654-030E-01,I-PEX_20654-030E-01_30P
-INT_MIC_DTCT,TB_TP1355,1,B,8916,4603,,
-INT_MIC_DTCT,UCPU1,EB46,B,5553,3127,ALDERLAKE-P-CPU_BGA1744,ALDERLAKE-P-CPU_BGA_1744P-T
-IR_CAM_DTCT,JCAM1,22,B,8532,4955,I-PEX_20654-030E-01,I-PEX_20654-030E-01_30P
-IR_CAM_DTCT,TB_TP1056,1,B,7841,1705,,
-IR_CAM_DTCT,TB_TP1057,1,T,8545,4899,,
-IR_CAM_DTCT,UCPU1,DY54,B,5520,2999,ALDERLAKE-P-CPU_BGA1744,ALDERLAKE-P-CPU_BGA_1744P-T
-ISH_ACCEL2_INT,R1005,1,T,6047,3305,1/20W_10K_5%_0201,R0201_11P811
-ISH_ACCEL2_INT,TB_TP112,1,B,5978,3337,,
-ISH_ACCEL2_INT,U4901,5,T,6471,2785,LIS2DWLTR_LGA12_2X2,LIS2DWLTR_LGA12_2X2
-ISH_ACCEL2_INT,UCPU1,EY31,B,5828,3358,ALDERLAKE-P-CPU_BGA1744,ALDERLAKE-P-CPU_BGA_1744P-T
-ISH_AI_INT,TP1012,1,T,6086,3281,Test_Point_16MIL,TPC16
-ISH_AI_INT,UCPU1,EV31,B,5802,3357,ALDERLAKE-P-CPU_BGA1744,ALDERLAKE-P-CPU_BGA_1744P-T
-KBD_BL_DTCT,JTP2,13,T,3503,2846,HIGHSTAR_FC1AF141-2133-1H,HIGHSTAR_FC1AF141-2133-1H_14P-T
-KBD_BL_DTCT,R8008,1,T,1980,2239,1/20W_100K_5%_0201,R0201_11P811
-KBD_BL_DTCT,TB_TP488,1,T,1759,2492,,
-KBD_BL_DTCT,UEC1,D2,T,1910,2143,NPCX997KAABX_VFBGA144,NPCX997KAABX_VFBGA_144P
-LANWAKE,R1506,1,B,6111,2745,1/20W_4.7K_5%_0201,R0201_11P811
-LANWAKE,TB_TP646,1,T,2077,1076,,
-LANWAKE,U7601,2,T,2167,4314,WGI219LM-QREF-A0_QFN48_6X6,WGI219LM-QREF-A0_QFN48_6X6
-LANWAKE,UCPU1,EP58,B,5734,2932,ALDERLAKE-P-CPU_BGA1744,ALDERLAKE-P-CPU_BGA_1744P-T
-LED_CAPSLOCK,R4509,1,T,2690,3050,1/20W_100_5%_0201,R0201_11P811
-LED_CAPSLOCK,TB_TP553,1,T,2331,3225,,
-LED_CAPSLOCK,UEC1,C2,T,1935,2143,NPCX997KAABX_VFBGA144,NPCX997KAABX_VFBGA_144P
-LED_CAPSLOCK_R,JKBL2,31,T,2584,2923,HIGHS_FC5AF361-1151H,HIGHS_FC5AF361-1151H_36P-T
-LED_CAPSLOCK_R,R4509,2,T,2690,3027,1/20W_100_5%_0201,R0201_11P811
-LED_CAPSLOCK_R,TB_TP1315,1,T,2729,3072,,
-LED_FNLOCK,R4512,1,T,2590,3050,1/20W_100_5%_0201,R0201_11P811
-LED_FNLOCK,TB_TP418,1,T,2137,3202,,
-LED_FNLOCK,UEC1,M4,T,1705,2092,NPCX997KAABX_VFBGA144,NPCX997KAABX_VFBGA_144P
-LED_FNLOCK_R,JKBL2,26,T,2485,2923,HIGHS_FC5AF361-1151H,HIGHS_FC5AF361-1151H_36P-T
-LED_FNLOCK_R,R4512,2,T,2590,3027,1/20W_100_5%_0201,R0201_11P811
-LED_FNLOCK_R,TB_TP1299,1,T,2588,2998,,
-LED_LOGO,R9501,1,B,8308,4843,1/16W_3.01K_1%_0402,R0402_15P748
-LED_LOGO,TB_TP957,1,B,9011,4491,,
-LED_LOGO,UEC1,J7,T,1782,2015,NPCX997KAABX_VFBGA144,NPCX997KAABX_VFBGA_144P
-LED_LOGO_R,C9503,1,B,8272,4875,0.1UC_25VC_KC_X5RC_0402,C0402_21P654_CA
-LED_LOGO_R,JCAM1,7,B,8295,4955,I-PEX_20654-030E-01,I-PEX_20654-030E-01_30P
-LED_LOGO_R,R9501,2,B,8272,4843,1/16W_3.01K_1%_0402,R0402_15P748
-LED_LOGO_R,TB_TP146,1,B,8278,4768,,
-LED_MICMUTE,R4510,1,T,2640,3050,1/20W_100_5%_0201,R0201_11P811
-LED_MICMUTE,TB_TP468,1,T,2656,3183,,
-LED_MICMUTE,UEC1,K6,T,1756,2041,NPCX997KAABX_VFBGA144,NPCX997KAABX_VFBGA_144P
-LED_MICMUTE_R,JKBL2,28,T,2525,2923,HIGHS_FC5AF361-1151H,HIGHS_FC5AF361-1151H_36P-T
-LED_MICMUTE_R,R4510,2,T,2640,3027,1/20W_100_5%_0201,R0201_11P811
-LED_MICMUTE_R,TB_TP1311,1,T,2662,2994,,
-LED_MUTE,R4511,1,T,2612,3050,1/20W_100_5%_0201,R0201_11P811
-LED_MUTE,TB_TP583,1,T,2580,3166,,
-LED_MUTE,UEC1,J10,T,1782,1938,NPCX997KAABX_VFBGA144,NPCX997KAABX_VFBGA_144P
-LED_MUTE_R,JKBL2,27,T,2505,2923,HIGHS_FC5AF361-1151H,HIGHS_FC5AF361-1151H_36P-T
-LED_MUTE_R,R4511,2,T,2612,3027,1/20W_100_5%_0201,R0201_11P811
-LED_MUTE_R,TB_TP1277,1,T,2649,3115,,
-LED_NUMBER,R4533,1,T,1874,2415,1/20W_100_5%_0201,R0201_11P811
-LED_NUMBER,UEC1,A9,T,1987,1964,NPCX997KAABX_VFBGA144,NPCX997KAABX_VFBGA_144P
-LED_NUMBER_R,JKBL2,35,T,2663,2923,HIGHS_FC5AF361-1151H,HIGHS_FC5AF361-1151H_36P-T
-LED_NUMBER_R,R4533,2,T,1897,2415,1/20W_100_5%_0201,R0201_11P811
-LED_NUMBER_R,TB_TP45,1,T,2235,2432,,
-LED_PWR,R4613,1,B,9380,4941,1/16W_33_1%_0402,R0402_15P748
-LED_PWR,TB_TP869,1,B,7892,3137,,
-LED_PWR,TB_TP870,1,T,9377,4968,,
-LED_PWR,UEC1,A6,T,1987,2041,NPCX997KAABX_VFBGA144,NPCX997KAABX_VFBGA_144P
-LED_PWR_R,D4607,1,B,9343,4905,PESD5V0H1BSF_SOD962-2,PESD5V0H1BSF_SOD962-2
-LED_PWR_R,JPWR1,8,B,9244,5032,HIGHS_WS83081-S0171-HF,HIGHS_WS83081-S0171-HF_8P-T
-LED_PWR_R,R4613,2,B,9380,4905,1/16W_33_1%_0402,R0402_15P748
-LED_PWR_R,TB_TP1009,1,T,9244,4993,,
-LID_CLOSE,C8106,2,T,1590,1765,0.1U_10V_K_X5R_0201,C0201_12P992_BA
-LID_CLOSE,C8107,2,T,1603,1703,4700P_6.3V_K_X7R_0201_MURATA,C0201_12P992_BA
-LID_CLOSE,C9501,2,T,3229,5201,2200P_25V_K_X7R_0201,C0201_12P992_BA
-LID_CLOSE,D1001,1,B,6216,3332,RB521CM-30T2R_VMN2M-2,RB521CM-30T2R_VMN2M-2-Y_CS20
-LID_CLOSE,D9403,1,T,3263,5201,RB521CM-30T2R_VMN2M-2,RB521CM-30T2R_VMN2M-2
-LID_CLOSE,JCAM1,9,B,8327,4955,I-PEX_20654-030E-01,I-PEX_20654-030E-01_30P
-LID_CLOSE,R8113,2,T,1626,1667,1/20W_100K_5%_0201,R0201_11P811
-LID_CLOSE,R9506,1,T,3205,5201,1/20W_100K_5%_0201,R0201_11P811
-LID_CLOSE,TB_TP1295,1,T,3375,5189,,
-LID_CLOSE,UEC1,M11,T,1705,1913,NPCX997KAABX_VFBGA144,NPCX997KAABX_VFBGA_144P
-LID_CLOSE_D,C9409,2,T,3302,5291,1000P_25V_K_X7R_0201,C0201_12P992_BA
-LID_CLOSE_D,C9410,2,T,3302,5266,47P_25V_J_NPO_0201,C0201_12P992_BA
-LID_CLOSE_D,C9427,1,T,3301,5237,0.1U_25V_K_X7R_0402,C0402_21P654_CA
-LID_CLOSE_D,D9403,2,T,3300,5201,RB521CM-30T2R_VMN2M-2,RB521CM-30T2R_VMN2M-2
-LID_CLOSE_D,D9404,2,T,3334,5237,RB521CM-30T2R_VMN2M-2,RB521CM-30T2R_VMN2M-2
-LID_CLOSE_D,JLCD1,39,B,3276,5352,I-PEX_20654-040E-01,I-PEX_20654-040E-01_40P
-LID_CLOSE_D,R9404,1,T,3307,5339,1/20W_100K_5%_0201,R0201_11P811
-LID_CLOSE_D,TB_TP709,1,T,3343,5333,,
-LID_CLOSE_D1,D1001,2,B,6178,3332,RB521CM-30T2R_VMN2M-2,RB521CM-30T2R_VMN2M-2-Y_CS20
-LID_CLOSE_D1,R1012,1,B,6177,3360,1/20W_10K_5%_0201,R0201_11P811
-LID_CLOSE_D1,TB_TP1386,1,B,6131,3327,,
-LID_CLOSE_D1,UCPU1,FA34,B,5853,3310,ALDERLAKE-P-CPU_BGA1744,ALDERLAKE-P-CPU_BGA_1744P-T
-MIC_HW_EN,R1111,2,T,5458,3237,0_0201_SP,R0201_SHORT
-MIC_HW_EN,TB_TP860,1,T,5497,3208,,
-MIC_HW_EN,UCPU1,EB44,B,5553,3153,ALDERLAKE-P-CPU_BGA1744,ALDERLAKE-P-CPU_BGA_1744P-T
-MIPI60_DBRESET,J2101,13,B,6311,893,FCI_10051922-1810ELF,FCI_10051922-1810ELF_18P-T
-MIPI60_DBRESET,R2105,1,B,6083,3427,1/20W_1K_5%_0201,R0201_11P811
-MIPI60_DBRESET,TB_TP671,1,T,6245,820,,
-MIPI60_DBRESET,TP2109,1,B,6058,3423,Test_Point_12MIL,TPC12
-MIPI60_DBRESET,UCPU1,EK26,B,5672,3441,ALDERLAKE-P-CPU_BGA1744,ALDERLAKE-P-CPU_BGA_1744P-T
-MIPI60_PRDY,TP2106,1,T,4142,3722,Test_Point_12MIL,TPC12
-MIPI60_PRDY,UCPU1,L8,B,4110,3728,ALDERLAKE-P-CPU_BGA1744,ALDERLAKE-P-CPU_BGA_1744P-T
-MIPI60_PREQ,TP2111,1,T,4145,3773,Test_Point_12MIL,TPC12
-MIPI60_PREQ,UCPU1,L6,B,4110,3753,ALDERLAKE-P-CPU_BGA1744,ALDERLAKE-P-CPU_BGA_1744P-T
-MIPI60_TRST,JMIPI1,9,T,3978,4197,HIGHS_FC5AF201-2931H,HIGHS_FC5AF201-2931H_20P
-MIPI60_TRST,TB_TP703,1,T,4159,3904,,
-MIPI60_TRST,UCPU1,R6,B,4177,3753,ALDERLAKE-P-CPU_BGA1744,ALDERLAKE-P-CPU_BGA_1744P-T
-MIPI60_TRST,UCPU1,R8,B,4177,3728,ALDERLAKE-P-CPU_BGA1744,ALDERLAKE-P-CPU_BGA_1744P-T
-M_B_DQS8,JDDR1,95,B,4907,2150,ARGOS_D4ASL-26010-1P40,ARGOS_D4ASL-26010-1P40_260P
-M_B_DQS8,R2719,2,B,4910,2254,1/20W_240_1%_0201,R0201_11P811
-NFC_DTCT,JNFC1,7,B,1368,951,HIGHS_FC5AF121-2121H,HIGHS_FC5AF121-2121H_12P-T
-NFC_DTCT,TB_TP1385,1,T,1369,886,,
-NFC_DTCT,UCPU1,FC28,B,5883,3407,ALDERLAKE-P-CPU_BGA1744,ALDERLAKE-P-CPU_BGA_1744P-T
-OVERT,Q3501,3,B,7910,3489,SSM3K15AMFV_2-1L1B,SSM3K15AMFV_2-1L1B
-OVERT,R3510,2,B,7911,3517,1/20W_100_1%_0201,R0201_11P811
-OVERT,TB_TP996,1,B,7829,3511,,
-OVERT,UGPU1,AF2,B,7728,3541,NVIDIA_GN20-S5-GB3-64_FCBGA771,NVIDIA_GN20-S5-GB3-64_FCBGA_771P-T
-PAD_FW_RW_EN,JCP1,12,B,6860,1043,HIGHSTAR_FC5AF141-2933-1H,HIGHSTAR_FC5AF141-2933-1H_14P
-PAD_FW_RW_EN,R4601,1,B,6860,1086,1/20W_100K_5%_0201,R0201_11P811
-PAD_FW_RW_EN,TB_TP97,1,T,6139,930,,
-PAD_FW_RW_EN,U7901,2,T,2278,1924,NCT5635Y-W_QFN24_4X4,NCT5635Y-W_QFN24_4X4
-PAD_INT,JCP1,6,B,6978,1043,HIGHSTAR_FC5AF141-2933-1H,HIGHSTAR_FC5AF141-2933-1H_14P
-PAD_INT,R4612,1,B,6960,1099,1/20W_10K_5%_0201,R0201_11P811
-PAD_INT,TB_TP1313,1,T,6406,2641,,
-PAD_INT,UCPU1,EL23,B,5698,3480,ALDERLAKE-P-CPU_BGA1744,ALDERLAKE-P-CPU_BGA_1744P-T
-PCH_SLP_LAN,R1505,2,T,5702,2969,1/20W_100K_5%_0201,R0201_11P811
-PCH_SLP_LAN,TB_TP1155,1,B,3596,1547,,
-PCH_SLP_LAN,UCPU1,EK53,B,5672,3007,ALDERLAKE-P-CPU_BGA1744,ALDERLAKE-P-CPU_BGA_1744P-T
-PCH_SLP_LAN,UTE1,16,T,3081,1831,TC62D518FTG_WQFN56_7X7,TC62D518FTG_WQFN56_7X7
-PCH_SLP_M,J2101,6,B,6449,893,FCI_10051922-1810ELF,FCI_10051922-1810ELF_18P-T
-PCH_SLP_M,R1530,1,T,5348,2223,1/20W_100K_5%_0201,R0201_11P811
-PCH_SLP_M,TB_TP842,1,T,4327,2202,,
-PCH_SLP_M,UCPU1,EM57,B,5709,2943,ALDERLAKE-P-CPU_BGA1744,ALDERLAKE-P-CPU_BGA_1744P-T
-PCH_SLP_M,UTE1,15,T,3066,1831,TC62D518FTG_WQFN56_7X7,TC62D518FTG_WQFN56_7X7
-PCH_SLP_S0,D5311,1,T,1240,2646,RB521CM-30T2R_VMN2M-2,RB521CM-30T2R_VMN2M-2-Y_CS20
-PCH_SLP_S0,J2101,15,B,6272,893,FCI_10051922-1810ELF,FCI_10051922-1810ELF_18P-T
-PCH_SLP_S0,R1533,1,B,6046,2470,1/20W_100K_5%_0201,R0201_11P811
-PCH_SLP_S0,R1534,2,B,6094,2510,1/20W_100K_5%_0201,R0201_11P811
-PCH_SLP_S0,TB_TP570,1,T,3962,856,,
-PCH_SLP_S0,UCPU1,DW59,B,5510,2915,ALDERLAKE-P-CPU_BGA1744,ALDERLAKE-P-CPU_BGA_1744P-T
-PCH_SLP_S3,D1504,1,T,3128,4220,RB520CM-30T2R_VMN2M2,RB520CM-30T2R_VMN2M2
-PCH_SLP_S3,J2101,2,B,6528,893,FCI_10051922-1810ELF,FCI_10051922-1810ELF_18P-T
-PCH_SLP_S3,PD2102,2,B,6537,4111,RB521CM-30T2R_VMN2M-2,RB521CM-30T2R_VMN2M-2
-PCH_SLP_S3,PU2502,1,T,3724,3343,SN74AUP1G08DSF2_SON-6,SN74AUP1G08DSF2_SON-6
-PCH_SLP_S3,R1531,1,T,5347,2201,1/20W_100K_5%_0201,R0201_11P811
-PCH_SLP_S3,R9502,1,B,8387,4856,1/20W_0_5%_0201,R0201_11P811
-PCH_SLP_S3,TB_TP1130,1,B,3818,3386,,
-PCH_SLP_S3,TB_TP1131,1,T,6523,3290,,
-PCH_SLP_S3,UCPU1,EM59,B,5708,2915,ALDERLAKE-P-CPU_BGA1744,ALDERLAKE-P-CPU_BGA_1744P-T
-PCH_SLP_S3,UTE1,19,T,3129,1831,TC62D518FTG_WQFN56_7X7,TC62D518FTG_WQFN56_7X7
-PCH_SLP_S4,J2101,5,B,6469,893,FCI_10051922-1810ELF,FCI_10051922-1810ELF_18P-T
-PCH_SLP_S4,PR0608,1,B,6675,2684,0_0402_SP,R0402_SHORT
-PCH_SLP_S4,R1532,1,T,6557,2245,1/20W_100K_5%_0201,R0201_11P811
-PCH_SLP_S4,TB_TP872,1,T,6690,2112,,
-PCH_SLP_S4,UCPU1,EP56,B,5734,2958,ALDERLAKE-P-CPU_BGA1744,ALDERLAKE-P-CPU_BGA_1744P-T
-PCH_SLP_S4,UTE1,18,T,3113,1831,TC62D518FTG_WQFN56_7X7,TC62D518FTG_WQFN56_7X7
-PCH_SLP_S5,J2101,4,B,6488,893,FCI_10051922-1810ELF,FCI_10051922-1810ELF_18P-T
-PCH_SLP_S5,R1535,1,T,5655,2969,1/20W_100K_5%_0201,R0201_11P811
-PCH_SLP_S5,TB_TP1160,1,T,4229,2221,,
-PCH_SLP_S5,UCPU1,EG60,B,5633,2907,ALDERLAKE-P-CPU_BGA1744,ALDERLAKE-P-CPU_BGA_1744P-T
-PCH_SLP_S5,UTE1,17,T,3097,1831,TC62D518FTG_WQFN56_7X7,TC62D518FTG_WQFN56_7X7
-PCH_SLP_SUS,D1501,1,B,6451,2448,RB521CM-30T2R_VMN2M-2,RB521CM-30T2R_VMN2M-2
-PCH_SLP_SUS,PD0501,2,T,1698,4188,RB530CM-30T2R_SOD923-2,RB530CM-30T2R_SOD923-2
-PCH_SLP_SUS,PD2001,1,T,1595,2580,RB521CM-30T2R_VMN2M-2,RB521CM-30T2R_VMN2M-2
-PCH_SLP_SUS,PU2001,4,T,1631,2642,TPS22954DSQR_WSON10_2X2,TPS22954DSQR_WSON10_2X2
-PCH_SLP_SUS,R1537,1,T,5748,2969,1/20W_100K_5%_0201,R0201_11P811
-PCH_SLP_SUS,TB_TP930,1,B,3685,1545,,
-PCH_SLP_SUS,UCPU1,EN53,B,5724,3007,ALDERLAKE-P-CPU_BGA1744,ALDERLAKE-P-CPU_BGA_1744P-T
-PCH_SLP_SUS,UTE1,26,T,3239,1831,TC62D518FTG_WQFN56_7X7,TC62D518FTG_WQFN56_7X7
-PCH_SLP_WLAN,R1538,2,B,5742,2515,1/20W_100K_5%_0201,R0201_11P811
-PCH_SLP_WLAN,TB_TP1409,1,B,5739,2542,,
-PCH_SLP_WLAN,UCPU1,EJ57,B,5655,2944,ALDERLAKE-P-CPU_BGA1744,ALDERLAKE-P-CPU_BGA_1744P-T
-PCIECLK0_PCIE4_A_100M,JSSD1,53,B,1723,1151,ARGOSY_NASM0-S6710-TS20,ARGOSY_NASM0-S6710-TS20_67P-T
-PCIECLK0_PCIE4_A_100M,UCPU1,DT11,B,5451,3669,ALDERLAKE-P-CPU_BGA1744,ALDERLAKE-P-CPU_BGA_1744P-T
-PCIECLK1_PCIE3_P5_100M,TB_TP1392,1,T,6120,4439,,
-PCIECLK1_PCIE3_P5_100M,UCPU1,DU3,B,5468,3803,ALDERLAKE-P-CPU_BGA1744,ALDERLAKE-P-CPU_BGA_1744P-T
-PCIECLK1_PCIE3_P5_100M,UWLAN1,33,B,6283,4449,INTEL_AX211D2W_LGA144,INTEL_AX211D2W_LGA_144P-T
-PCIECLK1_PCIE3_P5_100M,UWLAN2A,33,B,6283,4455,8501-602200-01_LGA76,8501-602200-01_LGA_76P
-PCIECLK2_PCIE3_P1_100M,R7419,1,T,2747,3756,0_0201_SP,R0201_SHORT
-PCIECLK2_PCIE3_P1_100M,UCPU1,DR6,B,5442,3758,ALDERLAKE-P-CPU_BGA1744,ALDERLAKE-P-CPU_BGA_1744P-T
-PCIECLK2_PCIE3_P1_100M_R,JWWAN1,53,B,2746,3771,ARGOSY_NASB0-S6710-TS20,ARGOSY_NASB0-S6710-TS20_75P-T
-PCIECLK2_PCIE3_P1_100M_R,R7419,2,T,2747,3779,0_0201_SP,R0201_SHORT
-PCIECLK3_PCIE4_B_100M,UCPU1,DN11,B,5417,3669,ALDERLAKE-P-CPU_BGA1744,ALDERLAKE-P-CPU_BGA_1744P-T
-PCIECLK3_PCIE4_B_100M,UGPU1,AE31,B,6909,3569,NVIDIA_GN20-S5-GB3-64_FCBGA771,NVIDIA_GN20-S5-GB3-64_FCBGA_771P-T
-PCIECLK4_PCIE3_P7_100M,TB_TP699,1,B,3167,4177,,
-PCIECLK4_PCIE3_P7_100M,U7601,45,T,2214,4235,WGI219LM-QREF-A0_QFN48_6X6,WGI219LM-QREF-A0_QFN48_6X6
-PCIECLK4_PCIE3_P7_100M,UCPU1,DP6,B,5419,3747,ALDERLAKE-P-CPU_BGA1744,ALDERLAKE-P-CPU_BGA_1744P-T
-PCIE_WAKE,R1507,1,T,5787,3010,1/20W_1K_5%_0201,R0201_11P811
-PCIE_WAKE,R3201,1,T,6850,3560,1/20W_0_5%_0201,R0201_11P811
-PCIE_WAKE,R7009,2,T,1732,1344,1/20W_0_5%_0201,R0201_11P811
-PCIE_WAKE,R7204,1,B,6324,4343,1/20W_100K_5%_0201,R0201_11P811
-PCIE_WAKE,R7206,1,B,6347,4320,1/20W_0_5%_0201,R0201_11P811
-PCIE_WAKE,R7415,2,T,2723,3550,1/20W_0_5%_0201,R0201_11P811
-PCIE_WAKE,TB_TP1364,1,T,1759,1143,,
-PCIE_WAKE,UCPU1,ET51,B,5775,3047,ALDERLAKE-P-CPU_BGA1744,ALDERLAKE-P-CPU_BGA_1744P-T
-PCIE_WAKE,UTE1,20,T,3144,1831,TC62D518FTG_WQFN56_7X7,TC62D518FTG_WQFN56_7X7
-PCIE_WAKE_R,R7206,2,B,6347,4343,1/20W_0_5%_0201,R0201_11P811
-PCIE_WAKE_R,UWLAN1,29,B,6362,4449,INTEL_AX211D2W_LGA144,INTEL_AX211D2W_LGA_144P-T
-PCIE_WAKE_R,UWLAN2A,29,B,6362,4455,8501-602200-01_LGA76,8501-602200-01_LGA_76P
-PCIE_WAKE_RG,R3201,2,T,6873,3560,1/20W_0_5%_0201,R0201_11P811
-PCIE_WAKE_RG,TB_TP153,1,T,6902,3544,,
-PCIE_WAKE_RG,UGPU1,AG30,B,6937,3514,NVIDIA_GN20-S5-GB3-64_FCBGA771,NVIDIA_GN20-S5-GB3-64_FCBGA_771P-T
-PDEV_STP,C4601,1,B,6916,1099,10PC_25VC_JC_NPOC_0201,C0201_12P992_BA
-PDEV_STP,JCP1,7,B,6958,1043,HIGHSTAR_FC5AF141-2933-1H,HIGHSTAR_FC5AF141-2933-1H_14P
-PDEV_STP,R4516,1,B,6892,1094,1/20W_0_5%_0201,R0201_11P811
-PDEV_STP,R4611,1,B,6938,1099,1/20W_10K_5%_0201,R0201_11P811
-PDEV_STP,TB_TP374,1,T,1927,1070,,
-PDEV_STP,U7901,17,T,2278,2105,NCT5635Y-W_QFN24_4X4,NCT5635Y-W_QFN24_4X4
-PDEV_STP_R,JTP2,10,T,3385,2846,HIGHSTAR_FC1AF141-2133-1H,HIGHSTAR_FC1AF141-2133-1H_14P-T
-PDEV_STP_R,R4516,2,B,6892,1117,1/20W_0_5%_0201,R0201_11P811
-PDEV_STP_R,R4520,2,T,3427,2993,1/20W_0_5%_0201,R0201_11P811
-PDEV_STP_R,TB_TP372,1,T,6905,1179,,
-PD_I2C_INT,R5901,1,T,1352,3819,1/20W_10K_5%_0201,R0201_11P811
-PD_I2C_INT,TP5903,1,B,993,4180,Test_Point_16MIL,TPC16
-PD_I2C_INT,U5901,43,T,1437,3765,SN2011061RSLR_VQFN48_6X6,SN2011061RSLR_VQFN48_6X6
-PD_I2C_INT,UEC1,K5,T,1756,2066,NPCX997KAABX_VFBGA144,NPCX997KAABX_VFBGA_144P
-PEX_RST,D3201,2,T,6912,3470,RB521CM-30T2R_VMN2M-2,RB521CM-30T2R_VMN2M-2
-PEX_RST,D3202,2,T,6904,3411,RB521CM-30T2R_VMN2M-2,RB521CM-30T2R_VMN2M-2
-PEX_RST,Q3501,2,B,7910,3457,SSM3K15AMFV_2-1L1B,SSM3K15AMFV_2-1L1B
-PEX_RST,R3202,2,B,6719,3396,1/20W_10K_1%_0201,R0201_11P811
-PEX_RST,TB_TP1053,1,T,6897,3341,,
-PEX_RST,UGPU1,AG29,B,6965,3514,NVIDIA_GN20-S5-GB3-64_FCBGA771,NVIDIA_GN20-S5-GB3-64_FCBGA_771P-T
-PLP_FDBK,JSSD1,30,B,1496,1450,ARGOSY_NASM0-S6710-TS20,ARGOSY_NASM0-S6710-TS20_67P-T
-PLP_FDBK,TP7001,1,T,1515,1377,Test_Point_20MIL,TPC20
-PLP_INT,D7001,2,T,1285,1441,RB520CM-30T2R_VMN2M2,RB520CM-30T2R_VMN2M2
-PLP_INT,JSSD1,8,B,1280,1450,ARGOSY_NASM0-S6710-TS20,ARGOSY_NASM0-S6710-TS20_67P-T
-PLP_INT,R7003,1,T,1250,1444,1/20W_10K_5%_0201,R0201_11P811
-PLP_INT,TB_TP1398,1,T,1287,1387,,
-PLTRST,R1540,1,B,6064,2423,1/20W_100K_5%_0201,R0201_11P811
-PLTRST,TB_TP412,1,B,5625,2538,,
-PLTRST,U1501,2,B,6096,2446,SN74LVC1G17DRLR_SOT-5,SN74LVC1G17DRLR_SOT-5
-PLTRST,UCPU1,DW57,B,5510,2943,ALDERLAKE-P-CPU_BGA1744,ALDERLAKE-P-CPU_BGA_1744P-T
-PLTRST_FAR,C1501,2,B,6220,2548,100P_25V_J_C0G_0201,C0201_12P992_BA
-PLTRST_FAR,D3201,1,T,6874,3470,RB521CM-30T2R_VMN2M-2,RB521CM-30T2R_VMN2M-2
-PLTRST_FAR,R1502,1,B,6169,2521,1/20W_33_5%_0201,R0201_11P811
-PLTRST_FAR,R1516,1,B,6125,2625,1/20W_0_5%_0201,R0201_11P811
-PLTRST_FAR,R7007,1,T,1641,1373,0_0201_SP,R0201_SHORT
-PLTRST_FAR,R7205,2,B,6253,4342,1/20W_100K_5%_0201,R0201_11P811
-PLTRST_FAR,R7411,2,T,2820,3553,1/20W_0_5%_0201,R0201_11P811
-PLTRST_FAR,TB_TP877,1,B,6089,2553,,
-PLTRST_FAR,U7601,36,T,2182,4078,WGI219LM-QREF-A0_QFN48_6X6,WGI219LM-QREF-A0_QFN48_6X6
-PLTRST_FAR,UTE1,7,T,3035,1972,TC62D518FTG_WQFN56_7X7,TC62D518FTG_WQFN56_7X7
-PLTRST_FAR,UWLAN1,31,B,6323,4449,INTEL_AX211D2W_LGA144,INTEL_AX211D2W_LGA_144P-T
-PLTRST_FAR,UWLAN2A,31,B,6323,4455,8501-602200-01_LGA76,8501-602200-01_LGA_76P
-PLTRST_NEAR,C1502,2,B,6198,2497,100P_25V_J_C0G_0201,C0201_12P992_BA
-PLTRST_NEAR,R1503,1,B,6169,2496,1/20W_33_5%_0201,R0201_11P811
-PLTRST_NEAR,TB_TP403,1,T,6864,3133,,
-PLTRST_NEAR,U9801,17,T,6863,3042,NPCT760LAAYX_QFN32_5X5,NPCT750LABYX_QFN32_5X5
-PLTRST_OUT,R1502,2,B,6146,2521,1/20W_33_5%_0201,R0201_11P811
-PLTRST_OUT,R1503,2,B,6146,2496,1/20W_33_5%_0201,R0201_11P811
-PLTRST_OUT,U1501,4,B,6149,2466,SN74LVC1G17DRLR_SOT-5,SN74LVC1G17DRLR_SOT-5
-PMC_ALERT,R1512,1,T,3695,1746,1/20W_10K_5%_0201,R0201_11P811
-PMC_ALERT,TB_TP397,1,T,3670,1776,,
-PMC_ALERT,TP5907,1,B,1047,4154,Test_Point_16MIL,TPC16
-PMC_ALERT,U5901,39,T,1437,3828,SN2011061RSLR_VQFN48_6X6,SN2011061RSLR_VQFN48_6X6
-PMC_ALERT,UCPU1,EA56,B,5534,2958,ALDERLAKE-P-CPU_BGA1744,ALDERLAKE-P-CPU_BGA_1744P-T
-PROCHOT,PR0207,2,B,3209,1316,1/20W_75_5%_0201,R0201_11P811
-PROCHOT,PR0835,2,B,3021,4877,1/16W_0_5%_0402,R0402_15P748
-PROCHOT,PR0844,1,B,2973,4875,1/20W_10K_1%_0201,R0201_11P811
-PROCHOT,R0801,2,T,4128,3406,1/20W_1K_5%_0201,R0201_11P811
-PROCHOT,R0810,2,T,4164,3360,1/20W_510_5%_0201,R0201_11P811
-PROCHOT,R5902,1,T,1576,3564,1/20W_100_5%_0201,R0201_11P811
-PROCHOT,R8018,2,T,2275,2219,1/20W_75_1%_0201,R0201_11P811
-PROCHOT,TB_TP797,1,T,3572,1545,,
-PROCHOT_CH,PR0207,1,B,3186,1316,1/20W_75_5%_0201,R0201_11P811
-PROCHOT_CH,PR0226,1,B,3189,1288,1/16W_0_5%_0402,R0402_15P748
-PROCHOT_CH,PU0201,11,B,3080,1261,BQ25710RSNR_QFN32_4X4,BQ25710RSNR_QFN32_4X4
-PROCHOT_CPU,C0820,2,T,4215,3360,2200P_25V_K_X7R_0201,C0201_12P992_BA
-PROCHOT_CPU,R0810,1,T,4187,3360,1/20W_510_5%_0201,R0201_11P811
-PROCHOT_CPU,TB_TP881,1,T,4281,3357,,
-PROCHOT_CPU,UCPU1,AK32,B,4411,3338,ALDERLAKE-P-CPU_BGA1744,ALDERLAKE-P-CPU_BGA_1744P-T
-PROCHOT_EC,Q8001,1,T,2184,2182,LSK3541G1ET2L_VMT3,LSK3541G1ET2L_VMT3
-PROCHOT_EC,R8012,1,T,2055,2327,0_0201_SP,R0201_SHORT
-PROCHOT_EC,R8019,1,T,2189,2150,1/20W_100K_5%_0201,R0201_11P811
-PROCHOT_EC_R,R8012,2,T,2055,2304,0_0201_SP,R0201_SHORT
-PROCHOT_EC_R,UEC1,B3,T,1961,2117,NPCX997KAABX_VFBGA144,NPCX997KAABX_VFBGA_144P
-PROCHOT_PD,R5902,2,T,1576,3587,1/20W_100_5%_0201,R0201_11P811
-PROCHOT_PD,U5901,8,T,1575,3659,SN2011061RSLR_VQFN48_6X6,SN2011061RSLR_VQFN48_6X6
-PROCHOT_R,C8003,1,T,2250,2242,47P_25V_J_NPO_0201,C0201_12P992_BA
-PROCHOT_R,Q8001,3,T,2200,2228,LSK3541G1ET2L_VMT3,LSK3541G1ET2L_VMT3
-PROCHOT_R,R8018,1,T,2275,2242,1/20W_75_1%_0201,R0201_11P811
-PSENSE_INT_1,JPSEN1,2,B,8323,1055,HIGHS_WS83050-S0171-HF,HIGHS_WS83050-S0171-HF_5P-T
-PSENSE_INT_1,R8028,2,T,1607,2005,1/20W_10K_5%_0201,R0201_11P811
-PSENSE_INT_1,TB_TP378,1,B,3703,1455,,
-PSENSE_INT_1,TB_TP379,1,T,8323,1016,,
-PSENSE_INT_1,UEC1,L5,T,1731,2066,NPCX997KAABX_VFBGA144,NPCX997KAABX_VFBGA_144P
-PWRSHUTDOWN,PQ0102,1,T,3370,1137,LSK3541G1ET2L_VMT3,LSK3541G1ET2L_VMT3
-PWRSHUTDOWN,Q3501,1,B,7956,3473,SSM3K15AMFV_2-1L1B,SSM3K15AMFV_2-1L1B
-PWRSHUTDOWN,Q6201,1,T,486,3653,LSK3541G1ET2L_VMT3,LSK3541G1ET2L_VMT3
-PWRSHUTDOWN,R5111,1,T,3069,2198,1/20W_33K_5%_0201,R0201_11P811-Y_CS20
-PWRSHUTDOWN,TB_TP1079,1,T,1393,2883,,
-PWRSHUTDOWN,UTE1,53,T,3113,2097,TC62D518FTG_WQFN56_7X7,TC62D518FTG_WQFN56_7X7
-PWRSW,D5001,2,T,3058,1644,RB521CM-30T2R_VMN2M-2,RB521CM-30T2R_VMN2M-2
-PWRSW,R5005,1,T,2980,1729,1/20W_10K_5%_0201,R0201_11P811
-PWRSW,TB_TP632,1,T,3012,1671,,
-PWRSW,UEC1,E8,T,1884,1989,NPCX997KAABX_VFBGA144,NPCX997KAABX_VFBGA_144P
-PWRSWITCH,D4606,1,B,9240,4905,PESD5V0H1BSF_SOD962-2,PESD5V0H1BSF_SOD962-2
-PWRSWITCH,D5001,1,T,3058,1682,RB521CM-30T2R_VMN2M-2,RB521CM-30T2R_VMN2M-2
-PWRSWITCH,D5002,1,T,3030,1720,RB521CM-30T2R_VMN2M-2,RB521CM-30T2R_VMN2M-2
-PWRSWITCH,J2101,11,B,6350,893,FCI_10051922-1810ELF,FCI_10051922-1810ELF_18P-T
-PWRSWITCH,JPWR1,6,B,9181,5032,HIGHS_WS83081-S0171-HF,HIGHS_WS83081-S0171-HF_8P-T
-PWRSWITCH,S1,1,B,9716,4359,SKTKABE010_4P,SW_SKTKABE010_4P
-PWRSWITCH,S1,4,B,9716,4588,SKTKABE010_4P,SW_SKTKABE010_4P
-PWRSWITCH,TB_TP882,1,B,8962,4544,,
-PWRSWITCH,TP2115,1,B,9180,4939,Test_Point_12MIL,TPC12
-PWRSWITCH_EN,JFPR1,8,B,10227,5039,HIGHSTAR_FC5AF101-2933-1H,HIGHSTAR_FC5AF101-2933-1H_10P
-PWRSWITCH_EN,R8218,1,T,1660,1779,0_0201_SP,R0201_SHORT
-PWRSWITCH_EN,R8219,2,T,1664,1750,1/20W_10K_5%_0201,R0201_11P811
-PWRSWITCH_EN,TB_TP383,1,B,10200,4970,,
-PWRSWITCH_EN_EC,R8218,2,T,1660,1802,0_0201_SP,R0201_SHORT
-PWRSWITCH_EN_EC,UEC1,M12,T,1705,1887,NPCX997KAABX_VFBGA144,NPCX997KAABX_VFBGA_144P
-PWRSW_ASIC,C5001,2,T,3092,1751,0.22U_6.3V_K_X5R_0201,C0201_12P992_BA
-PWRSW_ASIC,D5002,2,T,3030,1757,RB521CM-30T2R_VMN2M-2,RB521CM-30T2R_VMN2M-2
-PWRSW_ASIC,R5006,1,T,3065,1752,1/20W_4.7K_5%_0201,R0201_11P811
-PWRSW_ASIC,TB_TP1270,1,T,3160,1792,,
-PWRSW_ASIC,UTE1,21,T,3160,1831,TC62D518FTG_WQFN56_7X7,TC62D518FTG_WQFN56_7X7
-PWRSW_EC,D7001,1,T,1285,1479,RB520CM-30T2R_VMN2M2,RB520CM-30T2R_VMN2M2
-PWRSW_EC,TB_TP744,1,T,1243,1496,,
-PWRSW_EC,UCPU1,EM61,B,5713,2888,ALDERLAKE-P-CPU_BGA1744,ALDERLAKE-P-CPU_BGA_1744P-T
-PWRSW_EC,UEC1,J5,T,1782,2066,NPCX997KAABX_VFBGA144,NPCX997KAABX_VFBGA_144P
-RFID_CARD_READ,JSC1,7,B,7530,1043,HIGHSTAR_FC5AF141-2933-1H,HIGHSTAR_FC5AF141-2933-1H_14P
-RFID_CARD_READ,TB_TP1368,1,B,7235,1092,,
-RFID_CARD_READ,UCPU1,DP47,B,5419,3102,ALDERLAKE-P-CPU_BGA1744,ALDERLAKE-P-CPU_BGA_1744P-T
-RFID_COIL_ACTIVE,JSC1,8,B,7510,1043,HIGHSTAR_FC5AF141-2933-1H,HIGHSTAR_FC5AF141-2933-1H_14P
-RFID_COIL_ACTIVE,TB_TP1373,1,T,7523,1051,,
-RFID_COIL_ACTIVE,UCPU1,DP54,B,5419,2999,ALDERLAKE-P-CPU_BGA1744,ALDERLAKE-P-CPU_BGA_1744P-T
-RFID_DTCT,JSC1,10,B,7471,1043,HIGHSTAR_FC5AF141-2933-1H,HIGHSTAR_FC5AF141-2933-1H_14P
-RFID_DTCT,TB_TP64,1,T,7577,1478,,
-RFID_DTCT,UCPU1,ET48,B,5775,3086,ALDERLAKE-P-CPU_BGA1744,ALDERLAKE-P-CPU_BGA_1744P-T
-RFID_LOW_POWER,JSC1,6,B,7549,1043,HIGHSTAR_FC5AF141-2933-1H,HIGHSTAR_FC5AF141-2933-1H_14P
-RFID_LOW_POWER,TB_TP1369,1,T,7584,1082,,
-RFID_LOW_POWER,UCPU1,DT46,B,5453,3127,ALDERLAKE-P-CPU_BGA1744,ALDERLAKE-P-CPU_BGA_1744P-T
-RJ45_ACTIVITY,JLAN2,A2,B,796,4723,ALLTOP_C10179-10839-L,ALLTOP_C10179-10839-L_12P-T
-RJ45_ACTIVITY,TB_TP945,1,T,1908,4005,,
-RJ45_ACTIVITY,U7601,27,T,2041,4078,WGI219LM-QREF-A0_QFN48_6X6,WGI219LM-QREF-A0_QFN48_6X6
-RJ45_LINKUP,JLAN2,B2,B,796,5194,ALLTOP_C10179-10839-L,ALLTOP_C10179-10839-L_12P-T
-RJ45_LINKUP,R7615,1,T,1970,4046,1/20W_100K_5%_0201,R0201_11P811
-RJ45_LINKUP,R8213,1,T,2120,2327,0_0201_SP,R0201_SHORT
-RJ45_LINKUP,TB_TP626,1,T,1385,4555,,
-RJ45_LINKUP,U7601,26,T,2025,4078,WGI219LM-QREF-A0_QFN48_6X6,WGI219LM-QREF-A0_QFN48_6X6
-RJ45_LINKUP_R,R8213,2,T,2120,2304,0_0201_SP,R0201_SHORT
-RJ45_LINKUP_R,UEC1,C4,T,1935,2092,NPCX997KAABX_VFBGA144,NPCX997KAABX_VFBGA_144P
-ROM_WP,R3526,2,T,7900,3593,1/20W_0_5%_0201,R0201_11P811
-ROM_WP,R3619,2,B,7878,3609,1/20W_10K_1%_0201,R0201_11P811
-ROM_WP,R3625,1,B,7903,3609,1/20W_10K_1%_0201,R0201_11P811
-ROM_WP,TB_TP178,1,T,7837,3657,,
-ROM_WP,U3601,3,B,7990,3659,W25Q16JWSNIQ_SOIC8,W25Q16JWSNIQ_SOIC8
-RSMRST,D1501,2,B,6451,2410,RB521CM-30T2R_VMN2M-2,RB521CM-30T2R_VMN2M-2
-RSMRST,D1502,2,B,6565,2377,RB521CM-30T2R_VMN2M-2,RB521CM-30T2R_VMN2M-2
-RSMRST,Q1503,3,B,6506,2409,LSK3541G1ET2L_VMT3,LSK3541G1ET2L_VMT3
-RSMRST,R1510,1,B,6245,2743,1/20W_10K_5%_0201,R0201_11P811
-RSMRST,R2107,2,B,6245,2766,1/20W_1K_5%_0201,R0201_11P811
-RSMRST,UCPU1,EH53,B,5647,3007,ALDERLAKE-P-CPU_BGA1744,ALDERLAKE-P-CPU_BGA_1744P-T
-RSMRST_EC,Q1504,1,B,6447,2493,LSK3541G1ET2L_VMT3,LSK3541G1ET2L_VMT3
-RSMRST_EC,R8210,1,T,1840,1762,1/16W_0_5%_0402,R0402_15P748
-RSMRST_EC,R8234,2,T,1883,1639,1/20W_100K_5%_0201,R0201_11P811
-RSMRST_EC,UEC1,D7,T,1910,2015,NPCX997KAABX_VFBGA144,NPCX997KAABX_VFBGA_144P
-RTCRST,C2303,2,B,6066,2892,1U_6.3V_M_X5R_0201,C0201_13P780_BB
-RTCRST,J2101,9,B,6390,893,FCI_10051922-1810ELF,FCI_10051922-1810ELF_18P-T
-RTCRST,JCMOS,2,B,6369,2494,SHORT PADS,SHORTPADS
-RTCRST,Q7901,1,B,6924,1855,2N7002KW_SOT323-3,2N7002KW_SOT323-3
-RTCRST,R2303,2,B,6066,2869,1/20W_20K_5%_0201,R0201_11P811
-RTCRST,TB_TP769,1,B,6040,2884,,
-RTCRST,TB_TP770,1,T,6891,1617,,
-RTCRST,UCPU1,FA55,B,5846,2986,ALDERLAKE-P-CPU_BGA1744,ALDERLAKE-P-CPU_BGA_1744P-T
-RT_B_RESET,R5911,2,T,1621,3966,1/20W_100K_5%_0201,R0201_11P811
-RT_B_RESET,TB_TP779,1,T,1110,3795,,
-RT_B_RESET,U5901,28,T,1590,3887,SN2011061RSLR_VQFN48_6X6,SN2011061RSLR_VQFN48_6X6
-RT_B_RESET,UBB1,L11,B,783,3051,JHL8040RSLMN7A1_BGA105,JHL8040RSLMN7A1_BGA_105P
-RT_C_RESET,R5910,2,T,1599,3587,1/20W_100K_5%_0201,R0201_11P811
-RT_C_RESET,TB_TP395,1,T,757,3713,,
-RT_C_RESET,U5901,9,T,1590,3659,SN2011061RSLR_VQFN48_6X6,SN2011061RSLR_VQFN48_6X6
-RT_C_RESET,UBB2,L11,B,783,3723,JHL8040RSLMN7A1_BGA105,JHL8040RSLMN7A1_BGA_105P
-RT_FLASH_BUSY,R5412,1,B,748,3395,1/20W_10K_5%_0201,R0201_11P811
-RT_FLASH_BUSY,TB_TP560,1,B,706,3394,,
-RT_FLASH_BUSY,UBB1,A9,B,819,3232,JHL8040RSLMN7A1_BGA105,JHL8040RSLMN7A1_BGA_105P
-RT_FLASH_BUSY,UBB2,A9,B,819,3905,JHL8040RSLMN7A1_BGA105,JHL8040RSLMN7A1_BGA_105P
-RT_PERST,R1516,2,B,6125,2648,1/20W_0_5%_0201,R0201_11P811
-RT_PERST,R1517,2,B,6101,2670,1/20W_0_5%_0201,R0201_11P811
-RT_PERST,R5401,2,T,1005,3324,1/20W_0_5%_0201,R0201_11P811
-RT_PERST,R5615,2,T,1006,3973,1/20W_0_5%_0201,R0201_11P811
-RT_PERST,TB_TP416,1,B,3742,2724,,
-RT_PERST_GPD7,R1517,1,B,6101,2647,1/20W_0_5%_0201,R0201_11P811
-RT_PERST_GPD7,TB_TP492,1,B,6090,2617,,
-RT_PERST_GPD7,UCPU1,EK60,B,5681,2904,ALDERLAKE-P-CPU_BGA1744,ALDERLAKE-P-CPU_BGA_1744P-T
-RT_PERST_R,R5401,1,T,1005,3301,1/20W_0_5%_0201,R0201_11P811
-RT_PERST_R,R5426,1,T,981,3300,1/20W_10K_5%_0201,R0201_11P811
-RT_PERST_R,TB_TP87,1,T,939,3303,,
-RT_PERST_R,UBB1,B8,B,837,3214,JHL8040RSLMN7A1_BGA105,JHL8040RSLMN7A1_BGA_105P
-RT_PERST_R1,R5615,1,T,1006,3996,1/20W_0_5%_0201,R0201_11P811
-RT_PERST_R1,R5629,1,T,981,3973,1/20W_10K_5%_0201,R0201_11P811
-RT_PERST_R1,TB_TP86,1,T,928,3973,,
-RT_PERST_R1,UBB2,B8,B,837,3886,JHL8040RSLMN7A1_BGA105,JHL8040RSLMN7A1_BGA_105P
-RT_SPI_CS,R5404,1,T,1010,4448,1/20W_2.2K_5%_0201,R0201_11P811
-RT_SPI_CS,TB_TP617,1,B,888,4061,,
-RT_SPI_CS,TP5401,1,T,982,4451,Test_Point_16MIL,TPC16
-RT_SPI_CS,U5402,1,T,1073,4403,W25Q80DVUXIE_USON8_2X3,W25Q80DVUXIE_USON8_2X3
-RT_SPI_CS,UBB1,B6,B,873,3214,JHL8040RSLMN7A1_BGA105,JHL8040RSLMN7A1_BGA_105P
-RT_SPI_CS,UBB2,B6,B,873,3886,JHL8040RSLMN7A1_BGA105,JHL8040RSLMN7A1_BGA_105P
-SC_DTCT,JSC1,11,B,7451,1043,HIGHSTAR_FC5AF141-2933-1H,HIGHSTAR_FC5AF141-2933-1H_14P
-SC_DTCT,TB_TP1404,1,B,6788,3143,,
-SC_DTCT,TB_TP1405,1,T,6734,1024,,
-SC_DTCT,UCPU1,EY22,B,5827,3501,ALDERLAKE-P-CPU_BGA1744,ALDERLAKE-P-CPU_BGA_1744P-T
-SHUTDOWN,Q8101,3,T,1620,1613,RN1130MFV_2-1L1A-3,RN1130MFV_2-1L1A-3
-SHUTDOWN,R5109,1,T,2990,2199,1/20W_33K_5%_0201,R0201_11P811-Y_CS20
-SHUTDOWN,TB_TP909,1,T,1679,1657,,
-SHUTDOWN,UTE1,55,T,3081,2097,TC62D518FTG_WQFN56_7X7,TC62D518FTG_WQFN56_7X7
-SLP_DRAM,PR0620,1,T,6747,2613,1/20W_0_5%_0201,R0201_11P811
-SLP_DRAM,PR0621,1,T,6716,2604,1/16W_0_1%_0402,R0402_15P748
-SLP_DRAM,R1523,2,B,6052,3524,1/20W_0_5%_0201,R0201_11P811
-SLP_DRAM,R1524,1,B,6081,3538,1/20W_100K_5%_0201,R0201_11P811
-SLP_DRAM,TB_TP1197,1,T,6672,2663,,
-SLP_DRAM_CPU,R1523,1,B,6029,3524,1/20W_0_5%_0201,R0201_11P811
-SLP_DRAM_CPU,TB_TP1200,1,B,5998,3507,,
-SLP_DRAM_CPU,UCPU1,FA22,B,5853,3505,ALDERLAKE-P-CPU_BGA1744,ALDERLAKE-P-CPU_BGA_1744P-T
-SPI_CS2,R9805,1,T,6799,3007,0_0201_SP,R0201_SHORT
-SPI_CS2,TB_TP937,1,T,6776,3097,,
-SPI_CS2,UCPU1,EF56,B,5608,2970,ALDERLAKE-P-CPU_BGA1744,ALDERLAKE-P-CPU_BGA_1744P-T
-SPI_CS2_R,R9802,1,T,6821,2982,1/20W_10K_5%_0201,R0201_11P811
-SPI_CS2_R,R9805,2,T,6822,3007,0_0201_SP,R0201_SHORT
-SPI_CS2_R,U9801,20,T,6863,2983,NPCT760LAAYX_QFN32_5X5,NPCT750LABYX_QFN32_5X5
-SPI_ROM_CS,R3620,2,B,8066,3601,1/20W_10K_1%_0201,R0201_11P811
-SPI_ROM_CS,R3621,2,B,8036,3602,1/16W_33_1%_0402,R0402_15P748
-SPI_ROM_CS,U3601,1,B,8090,3659,W25Q16JWSNIQ_SOIC8,W25Q16JWSNIQ_SOIC8
-SPI_ROM_CS_GPU,R3621,1,B,8036,3566,1/16W_33_1%_0402,R0402_15P748
-SPI_ROM_CS_GPU,TB_TP167,1,B,8037,3531,,
-SPI_ROM_CS_GPU,UGPU1,V7,B,7591,3762,NVIDIA_GN20-S5-GB3-64_FCBGA771,NVIDIA_GN20-S5-GB3-64_FCBGA_771P-T
-SPK_MUTE,R8006,1,T,2210,1714,1/20W_10K_5%_0201,R0201_11P811
-SPK_MUTE,R8308,2,T,1250,915,0_0201_SP,R0201_SHORT
-SPK_MUTE,UEC1,C10,T,1935,1938,NPCX997KAABX_VFBGA144,NPCX997KAABX_VFBGA_144P
-SPK_MUTE_R,R8308,1,T,1227,915,0_0201_SP,R0201_SHORT
-SPK_MUTE_R,U8301,2,T,1175,910,ALC3287-CG_MQFN48_6X6,ALC3287-CG_MQFN48_6X6
-SRTCRST,C2301,2,B,6135,2815,1U_6.3V_M_X5R_0201,C0201_13P780_BB
-SRTCRST,JME,2,B,6201,3199,SHORT PADS,SHORTPADS
-SRTCRST,R2302,2,B,6178,2789,1/20W_20K_5%_0201,R0201_11P811
-SRTCRST,TB_TP764,1,B,6247,2801,,
-SRTCRST,UCPU1,FB56,B,5859,2964,ALDERLAKE-P-CPU_BGA1744,ALDERLAKE-P-CPU_BGA_1744P-T
-SSD_DTCT,JSSD1,1,B,1211,1151,ARGOSY_NASM0-S6710-TS20,ARGOSY_NASM0-S6710-TS20_67P-T
-SSD_DTCT,R5019,1,T,2955,1855,1/20W_1M_5%_0201,R0201_11P811
-SSD_DTCT,TB_TP959,1,T,2850,1715,,
-SSD_DTCT,UTE1,12,T,3035,1893,TC62D518FTG_WQFN56_7X7,TC62D518FTG_WQFN56_7X7
-SVID_ALERT_R,PR0845,2,B,3063,4700,1/20W_0_5%_0201,R0201_11P811
-SVID_ALERT_R,PR0852,2,B,3053,4747,0_0402_SP,R0402_SHORT
-SVID_ALERT_R,R1601,2,T,4228,3692,1/20W_56_5%_0201,R0201_11P811
-SVID_ALERT_R,TB_TP1049,1,T,3861,4288,,
-SVID_ALERT_R,UCPU1,W9,B,4244,3702,ALDERLAKE-P-CPU_BGA1744,ALDERLAKE-P-CPU_BGA_1744P-T
-TAMPER_SW_DTCT,S1501,1,B,7813,1653,SPVR310200_4P,SW_SPVR310200_4P
-TAMPER_SW_DTCT,TB_TP398,1,B,7897,1759,,
-TAMPER_SW_DTCT,UCPU1,ER41,B,5749,3204,ALDERLAKE-P-CPU_BGA1744,ALDERLAKE-P-CPU_BGA_1744P-T
-TBTB_USB2_BUS_EN,R8238,1,T,1824,1566,1/20W_10K_5%_0201,R0201_11P811
-TBTB_USB2_BUS_EN,TB_TP942,1,T,819,3284,,
-TBTB_USB2_BUS_EN,U6203,8,T,750,3276,PI3USB102ZMEX_UQFN10_1P4X1P8,PI3USB102ZMEX_UQFN10_1P4X1P8
-TBTB_USB2_BUS_EN,UEC1,B10,T,1961,1938,NPCX997KAABX_VFBGA144,NPCX997KAABX_VFBGA_144P
-TBTC_USB2_BUS_EN,R8201,1,T,1607,2155,1/20W_10K_5%_0201,R0201_11P811
-TBTC_USB2_BUS_EN,TB_TP897,1,T,766,3995,,
-TBTC_USB2_BUS_EN,U6103,8,T,750,3949,PI3USB102ZMEX_UQFN10_1P4X1P8,PI3USB102ZMEX_UQFN10_1P4X1P8
-TBTC_USB2_BUS_EN,UEC1,J8,T,1782,1989,NPCX997KAABX_VFBGA144,NPCX997KAABX_VFBGA_144P
-TCH_PNL_INT,JLCD1,37,B,3244,5352,I-PEX_20654-040E-01,I-PEX_20654-040E-01_40P
-TCH_PNL_INT,R9813,1,T,3284,5339,1/20W_10K_5%_0201,R0201_11P811
-TCH_PNL_INT,TB_TP792,1,T,3156,4660,,
-TCH_PNL_INT,UCPU1,EY25,B,5828,3455,ALDERLAKE-P-CPU_BGA1744,ALDERLAKE-P-CPU_BGA_1744P-T
-TCH_PNL_RST,JLCD1,34,B,3197,5352,I-PEX_20654-040E-01,I-PEX_20654-040E-01_40P
-TCH_PNL_RST,R1018,1,B,6158,3195,0_0402_SP,R0402_SHORT
-TCH_PNL_RST,R99253,1,B,3162,5283,1/20W_10K_5%_0201,R0201_11P811
-TCH_PNL_RST,TB_TP1293,1,B,6143,3260,,
-TCH_PNL_RST,TB_TP1294,1,T,3246,5290,,
-TCH_PNL_RST_U,R1018,2,B,6158,3159,0_0402_SP,R0402_SHORT
-TCH_PNL_RST_U,TB_TP25,1,T,5717,3167,,
-TCH_PNL_RST_U,UCPU1,EK41,B,5672,3204,ALDERLAKE-P-CPU_BGA1744,ALDERLAKE-P-CPU_BGA_1744P-T
-THRM,R8101,2,T,1691,1598,1/20W_1K_5%_0201,R0201_11P811
-THRM,R8122,2,T,2130,1934,1/20W_4.7K_5%_0201,R0201_11P811
-THRM,TB_TP485,1,T,1740,1546,,
-THRM,UEC1,E7,T,1884,2015,NPCX997KAABX_VFBGA144,NPCX997KAABX_VFBGA_144P
-THRMTRIP,R0803,1,T,4272,3279,1/20W_1K_5%_0201,R0201_11P811
-THRMTRIP,TB_TP875,1,T,4213,3284,,
-THRMTRIP,UCPU1,AH32,B,4386,3338,ALDERLAKE-P-CPU_BGA1744,ALDERLAKE-P-CPU_BGA_1744P-T
-TOUCH_DISABLE,D9404,1,T,3371,5237,RB521CM-30T2R_VMN2M-2,RB521CM-30T2R_VMN2M-2
-TOUCH_DISABLE,R8239,1,T,1607,1955,1/20W_100K_5%_0201,R0201_11P811
-TOUCH_DISABLE,TB_TP1248,1,T,3435,5246,,
-TOUCH_DISABLE,UEC1,M7,T,1705,2015,NPCX997KAABX_VFBGA144,NPCX997KAABX_VFBGA_144P
-TP4_ACT,JCP1,10,B,6899,1043,HIGHSTAR_FC5AF141-2933-1H,HIGHSTAR_FC5AF141-2933-1H_14P
-TP4_ACT,JTP2,9,T,3345,2846,HIGHSTAR_FC1AF141-2133-1H,HIGHSTAR_FC1AF141-2133-1H_14P-T
-TP4_ACT,R4610,1,T,6926,1090,1/20W_10K_5%_0201,R0201_11P811
-TP4_ACT,TB_TP373,1,T,6937,1039,,
-TP4_FW_RW_EN,R4520,1,T,3427,3016,1/20W_0_5%_0201,R0201_11P811
-TP4_FW_RW_EN,R7916,2,T,2469,1916,1/20W_100K_5%_0201,R0201_11P811
-TP4_FW_RW_EN,TB_TP356,1,T,3384,3092,,
-TP4_FW_RW_EN,U7901,7,T,2398,1965,NCT5635Y-W_QFN24_4X4,NCT5635Y-W_QFN24_4X4
-TPM_IRQ,R0813,1,T,5918,3473,1/20W_10K_5%_0201,R0201_11P811
-TPM_IRQ,TB_TP989,1,B,6847,3092,,
-TPM_IRQ,U9801,18,T,6863,3022,NPCT760LAAYX_QFN32_5X5,NPCT750LABYX_QFN32_5X5
-TPM_IRQ,UCPU1,EY23,B,5839,3479,ALDERLAKE-P-CPU_BGA1744,ALDERLAKE-P-CPU_BGA_1744P-T
-USB2_P7_OC2,C0503,2,B,6197,2430,2200P_25V_K_X7R_0201,C0201_12P992_BA
-USB2_P7_OC2,R0505,2,B,6197,2400,1/20W_10K_5%_0201,R0201_11P811
-USB2_P7_OC2,TB_TP109,1,B,981,1963,,
-USB2_P7_OC2,U6701,13,B,943,1816,SN1702001RTER_WQFN16_3X3,SN1702001RTER_WQFN16_3X3
-USB2_P7_OC2,UCPU1,DY49,B,5520,3076,ALDERLAKE-P-CPU_BGA1744,ALDERLAKE-P-CPU_BGA_1744P-T
-USB_TCSS_OC1,C0502,2,T,8120,3587,2200P_25V_K_X7R_0201,C0201_12P992_BA
-USB_TCSS_OC1,JUSB1,12,B,9760,5233,HIGHS_BT4S201-14000-1H,HIGHS_BT4S201-14000-1H_20P-T
-USB_TCSS_OC1,R0504,2,T,8098,3588,1/20W_10K_5%_0201,R0201_11P811
-USB_TCSS_OC1,TB_TP110,1,T,9652,5156,,
-USB_TCSS_OC1,U5901,10,T,1606,3659,SN2011061RSLR_VQFN48_6X6,SN2011061RSLR_VQFN48_6X6
-USB_TCSS_OC1,UCPU1,DY47,B,5520,3102,ALDERLAKE-P-CPU_BGA1744,ALDERLAKE-P-CPU_BGA_1744P-T
-VIDEO_POWER_LIMIT,D3503,1,T,7907,3673,RB521CM-30T2R_VMN2M,RB521CS-30GT2RA_VMN2-2
-VIDEO_POWER_LIMIT,R8011,1,T,2095,2327,0_0201_SP,R0201_SHORT
-VIDEO_POWER_LIMIT,R8039,2,T,2135,2369,1/20W_100K_5%_0201,R0201_11P811
-VIDEO_POWER_LIMIT,R8052,2,T,2010,2369,1/20W_100K_5%_0201,R0201_11P811
-VIDEO_POWER_LIMIT,TB_TP975,1,T,7939,3673,,
-VIDEO_PWR_LIMIT_EC,R8011,2,T,2095,2304,0_0201_SP,R0201_SHORT
-VIDEO_PWR_LIMIT_EC,UEC1,B4,T,1961,2092,NPCX997KAABX_VFBGA144,NPCX997KAABX_VFBGA_144P
-VIDEO_THERM_ALERT,D3502,1,T,7907,3732,RB521CM-30T2R_VMN2M,RB521CS-30GT2RA_VMN2-2
-VIDEO_THERM_ALERT,R7914,2,T,2408,2281,1/20W_100K_5%_0201,R0201_11P811
-VIDEO_THERM_ALERT,R7917,2,T,2370,2192,1/20W_0_5%_0201,R0201_11P811
-VIDEO_THERM_ALERT,TB_TP884,1,T,7964,3742,,
-VIDEO_THERM_ALERT_D,D3502,2,T,7869,3732,RB521CM-30T2R_VMN2M,RB521CS-30GT2RA_VMN2-2
-VIDEO_THERM_ALERT_D,R3508,2,T,7870,3765,1/20W_10K_5%_0201,R0201_11P811
-VIDEO_THERM_ALERT_D,TB_TP101,1,T,7743,3770,,
-VIDEO_THERM_ALERT_D,UGPU1,U1,B,7756,3789,NVIDIA_GN20-S5-GB3-64_FCBGA771,NVIDIA_GN20-S5-GB3-64_FCBGA_771P-T
-VIDEO_THERM_ALERT_R,R7917,1,T,2370,2169,1/20W_0_5%_0201,R0201_11P811
-VIDEO_THERM_ALERT_R,U7901,13,T,2357,2105,NCT5635Y-W_QFN24_4X4,NCT5635Y-W_QFN24_4X4
-WLAN_RF_KILL_1V8,R7240,2,B,6392,4345,1/20W_0_5%_0201,R0201_11P811
-WLAN_RF_KILL_1V8,TB_TP33,1,T,2251,2282,,
-WLAN_RF_KILL_1V8,U7901,4,T,2317,1924,NCT5635Y-W_QFN24_4X4,NCT5635Y-W_QFN24_4X4
-WLAN_RF_KILL_3V3,R99255,2,T,2469,1945,1/20W_0_5%_0201,R0201_11P811
-WLAN_RF_KILL_3V3,TB_TP32,1,T,2506,1880,,
-WLAN_RF_KILL_3V3,U7901,8,T,2398,1985,NCT5635Y-W_QFN24_4X4,NCT5635Y-W_QFN24_4X4
-WLAN_RF_KILL_R,R6603,2,B,6418,4316,1/20W_10K_5%_0201,R0201_11P811
-WLAN_RF_KILL_R,R7240,1,B,6392,4322,1/20W_0_5%_0201,R0201_11P811
-WLAN_RF_KILL_R,R7241,2,B,6372,4275,1/20W_10K_5%_0201,R0201_11P811
-WLAN_RF_KILL_R,R99255,1,T,2492,1945,1/20W_0_5%_0201,R0201_11P811
-WLAN_RF_KILL_R,TB_TP35,1,T,2521,4328,,
-WLAN_RF_KILL_R,UWLAN1,28,B,6402,4488,INTEL_AX211D2W_LGA144,INTEL_AX211D2W_LGA_144P-T
-WLAN_RF_KILL_R,UWLAN2A,28,B,6396,4488,8501-602200-01_LGA76,8501-602200-01_LGA_76P
-WWAN_ANTENNA,Q0801,3,B,6230,2625,LSK3541G1ET2L_VMT3,LSK3541G1ET2L_VMT3
-WWAN_ANTENNA,R7417,2,T,2601,3493,0_0201_SP,R0201_SHORT
-WWAN_ANTENNA,TB_TP864,1,T,2557,3479,,
-WWAN_DISABLE,JWWAN1,8,B,3189,3471,ARGOSY_NASB0-S6710-TS20,ARGOSY_NASB0-S6710-TS20_75P-T
-WWAN_DISABLE,TB_TP1033,1,T,6687,2198,,
-WWAN_DISABLE,UCPU1,EW36,B,5813,3283,ALDERLAKE-P-CPU_BGA1744,ALDERLAKE-P-CPU_BGA_1744P-T
-WWAN_PERST,R7412,2,T,2797,3553,0_0201_SP,R0201_SHORT
-WWAN_PERST,TP7402,1,T,2794,3602,Test_Point_16MIL,TPC16
-WWAN_PERST,UCPU1,EH38,B,5647,3244,ALDERLAKE-P-CPU_BGA1744,ALDERLAKE-P-CPU_BGA_1744P-T
-WWAN_PERST_R7412,JWWAN1,50,B,2776,3471,ARGOSY_NASB0-S6710-TS20,ARGOSY_NASB0-S6710-TS20_75P-T
-WWAN_PERST_R7412,R7411,1,T,2820,3530,1/20W_0_5%_0201,R0201_11P811
-WWAN_PERST_R7412,R7412,1,T,2797,3530,0_0201_SP,R0201_SHORT
-WWAN_PERST_R7412,R7413,1,T,2774,3530,1/20W_100K_1%_0201,R0201_11P811
-WWAN_PERST_R7412,R7421,1,T,2846,3530,1/20W_1K_5%_0201,R0201_11P811
-WWAN_PERST_R7412,TB_TP396,1,T,2798,3490,,
-WWAN_PEWAKE,R7414,2,T,2672,3547,0_0201_SP,R0201_SHORT
-WWAN_PEWAKE,TB_TP994,1,T,2654,3598,,
-WWAN_PEWAKE,UCPU1,EW30,B,5813,3381,ALDERLAKE-P-CPU_BGA1744,ALDERLAKE-P-CPU_BGA_1744P-T
-WWAN_PEWAKE_R7414,JWWAN1,54,B,2736,3471,ARGOSY_NASB0-S6710-TS20,ARGOSY_NASB0-S6710-TS20_75P-T
-WWAN_PEWAKE_R7414,R7410,1,T,2697,3527,1/20W_100K_5%_0201,R0201_11P811
-WWAN_PEWAKE_R7414,R7414,1,T,2672,3524,0_0201_SP,R0201_SHORT
-WWAN_PEWAKE_R7414,R7415,1,T,2723,3527,1/20W_0_5%_0201,R0201_11P811
-WWAN_PEWAKE_R7414,TB_TP432,1,T,2695,3482,,
-WWAN_RESET,R7409,1,T,2638,3761,0_0201_SP,R0201_SHORT
-WWAN_RESET,R7444,1,T,2672,3763,1/20W_6.8K_1%_0201,R0201_11P811
-WWAN_RESET,TB_TP1012,1,B,3871,3323,,
-WWAN_RESET,UCPU1,EL36,B,5698,3283,ALDERLAKE-P-CPU_BGA1744,ALDERLAKE-P-CPU_BGA_1744P-T
-WWAN_SAR_BACK_OFF,R7440,1,T,3350,3307,0_0201_SP,R0201_SHORT
-WWAN_SAR_BACK_OFF,TB_TP90,1,T,3459,3145,,
-WWAN_SAR_BACK_OFF,UCPU1,EN23,B,5724,3480,ALDERLAKE-P-CPU_BGA1744,ALDERLAKE-P-CPU_BGA_1744P-T
-WWAN_SAR_BACK_OFF_R,JWWAN1,25,B,3022,3771,ARGOSY_NASB0-S6710-TS20,ARGOSY_NASB0-S6710-TS20_75P-T
-WWAN_SAR_BACK_OFF_R,R7440,2,T,3350,3330,0_0201_SP,R0201_SHORT
-WWAN_SAR_BACK_OFF_R,TB_TP48,1,T,3350,3387,,
0302,R7801,1,T,1000,4779,1/2W_75_5%_0805,R0805_23P622
0302,T7801,15,B,1017,4766,BOTH_NA0069R-LF,BOTH_NA0069R-LF_24P
0302,TB_TP1210,1,B,945,4750,,
0303,R7802,1,T,1000,4844,1/2W_75_5%_0805,R0805_23P622
0303,T7801,16,B,1017,4816,BOTH_NA0069R-LF,BOTH_NA0069R-LF_24P
0303,TB_TP1198,1,B,949,4818,,
0304,C7801,2,T,1386,4715,1U_6.3V_K_X5R_0402,C0402_21P654_CA
0304,C7802,2,T,1378,5065,0.1U_6.3V_K_X5R_0201,C0201_12P992_BA
0304,C7803,2,T,1378,5095,0.1U_6.3V_K_X5R_0201,C0201_12P992_BA
0304,C7804,2,T,1378,4750,0.1U_6.3V_K_X5R_0201,C0201_12P992_BA
0304,C7805,2,T,1378,5040,0.1U_6.3V_K_X5R_0201,C0201_12P992_BA
0304,C7806,2,T,1378,4775,0.1U_6.3V_K_X5R_0201,C0201_12P992_BA
0304,C7807,2,T,1378,4800,0.1U_6.3V_K_X5R_0201,C0201_12P992_BA
0304,T7801,3,B,1369,5116,BOTH_NA0069R-LF,BOTH_NA0069R-LF_24P
0304,T7801,4,B,1369,5066,BOTH_NA0069R-LF,BOTH_NA0069R-LF_24P
0304,T7801,9,B,1369,4816,BOTH_NA0069R-LF,BOTH_NA0069R-LF_24P
0304,T7801,10,B,1369,4766,BOTH_NA0069R-LF,BOTH_NA0069R-LF_24P
0304,TB_TP1215,1,T,1396,4921,,
0305,R7804,1,T,1000,4970,1/2W_75_5%_0805,R0805_23P622
0305,T7801,21,B,1017,5066,BOTH_NA0069R-LF,BOTH_NA0069R-LF_24P
0305,TB_TP1204,1,B,934,5051,,
0306,R7803,1,T,1000,5035,1/2W_75_5%_0805,R0805_23P622
0306,T7801,22,B,1017,5116,BOTH_NA0069R-LF,BOTH_NA0069R-LF_24P
0401,JLAN2,B1,B,796,5103,ALLTOP_C10179-10839-L,ALLTOP_C10179-10839-L_12P-T
0401,R7806,2,T,852,5194,1/16W_330_5%_0402,R0402_15P748
0402,JLAN2,A1,B,796,4633,ALLTOP_C10179-10839-L,ALLTOP_C10179-10839-L_12P-T
0402,R7807,2,T,869,4687,1/16W_330_5%_0402,R0402_15P748
1R0VIDEO_EN,PQ1901,2,B,6977,4441,UM6K33N_UMT6,UM6K33N_UMT6
1R0VIDEO_EN,PR1906,1,B,6593,4550,0_0402_SP,R0402_SHORT
1R0VIDEO_EN,R3523,1,B,8189,3617,1/20W_100K_5%_0201,R0201_11P811
1R0VIDEO_EN,TB_TP1380,1,T,8199,3664,,
1R0VIDEO_EN,U3504,4,B,8197,3661,NL17SZ08DFT2G_SC70-5,NL17SZ08DFT2G_SC70-5
1R2A_SW,PC0608,2,B,6735,2412,0.22U_25V_K_X5R_0402,C0402_21P654_CA
1R2A_SW,PC0622,1,T,6836,2479,1000P_25V_K_X7R_0201,C0201_12P992_BA
1R2A_SW,PL0601,1,B,6819,2382,0.68UH_CMLB053T-R68MS_17A_20%,CYNTE_CMLB053T-R68MS_2P
1R2A_SW,PR0607,2,B,6647,2590,1/20W_1M_1%_0201,R0201_11P811
1R2A_SW,PU0601,9,B,6850,2569,NB687BGQ-C669-Z_QFN16_3X3,NB687BGQ-C669-Z_QFN16_3X3
1R2A_SW,TB_TP273,1,T,6775,2526,,
1R2VIDEO_ON,PR1617,1,B,6580,4885,0_0402_SP,R0402_SHORT
1R2VIDEO_ON,PR1618,1,B,6553,4893,1/20W_100K_5%_0201,R0201_11P811
1R2VIDEO_ON,PU1602,4,B,6590,4963,74AUP1G32GS SOT1202-6_1X1,74AUP1G32GF_SOT891-6_1X1
1R2VIDEO_PWRGD,PD1701,2,T,9250,4603,RB521CM_30,RB521CS-30GT2RA_VMN2-2
1R2VIDEO_PWRGD,PR1616,1,B,6616,4917,1/16W_100K_5%_0402,R0402_15P748
1R2VIDEO_PWRGD,PU1601,9,B,6682,4921,MP2941AGL-C669-Z_QFN19_3X4,MP2941AGL-Z_QFN19_3X4
1R2VIDEO_PWRGD,TB_TP1213,1,B,6563,3346,,
1R2VIDEO_PWRGD,U3201,2,B,6593,3330,MC74VHC1G09DFT2G_SC70-5,MC74VHC1G09DFT2G_SC70-5
1R8VIDEO_AON_EN,PD1701,1,T,9250,4566,RB521CM_30,RB521CS-30GT2RA_VMN2-2
1R8VIDEO_AON_EN,PD1702,1,T,9290,4566,RB521CM_30,RB521CS-30GT2RA_VMN2-2
1R8VIDEO_AON_EN,PQ1701,2,T,9132,4586,UM6K33N_UMT6,UM6K33N_UMT6
1R8VIDEO_AON_EN,PR1702,1,T,9323,4558,1/20W_1M_5%_0201,R0201_11P811
1R8VIDEO_AON_EN,PU1701,2,T,9311,4488,BD9B304QWZE2_UMMP008AZ020-8-9,BD9B304QWZE2_UMMP008AZ020-8-9
1R8VIDEO_AON_EN,TB_TP759,1,B,9159,4583,,
1R8VIDEO_AON_ON,PD1702,2,T,9290,4603,RB521CM_30,RB521CS-30GT2RA_VMN2-2
1R8VIDEO_AON_ON,R0525,1,T,6204,3517,1/20W_1M_1%_0201,R0201_11P811
1R8VIDEO_AON_ON,R3538,1,B,8256,3854,1/20W_0_5%_0201,R0201_11P811
1R8VIDEO_AON_ON,TB_TP1052,1,T,6725,3426,,
1R8VIDEO_AON_ON,UCPU1,ET23,B,5775,3480,ALDERLAKE-P-CPU_BGA1744,ALDERLAKE-P-CPU_BGA_1744P-T
1R8VIDEO_AON_ON_R,R3538,2,B,8279,3854,1/20W_0_5%_0201,R0201_11P811
1R8VIDEO_AON_ON_R,R3539,2,B,8395,3841,1/20W_0_5%_0201,R0201_11P811
1R8VIDEO_AON_ON_R,U3503,1,B,8363,3798,NL17SZ08DFT2G_SC70-5,NL17SZ08DFT2G_SC70-5
1V8_FB_PLL_REF,C3301,1,T,7589,4060,1U_6.3V_M_X5R_0201,C0201_13P780_BB
1V8_FB_PLL_REF,C3302,1,T,7589,4036,1U_6.3V_M_X5R_0201,C0201_13P780_BB
1V8_FB_PLL_REF,C3304,2,B,6682,4235,22U_6.3V_M_X5R_0603,C0603_39P370_DC
1V8_FB_PLL_REF,C3305,1,B,6697,4185,4.7U_6.3V_M_X5R_0402,C0402_25P591_CC
1V8_FB_PLL_REF,C3306,1,B,6697,4150,4.7U_6.3V_M_X5R_0402,C0402_25P591_CC
1V8_FB_PLL_REF,C3307,1,T,7090,4074,1U_6.3V_M_X5R_0201,C0201_13P780_BB
1V8_FB_PLL_REF,L3301,2,B,6623,4231,MPZ1608S300AT_2P,TDK_MPZ1608S300AT_2P
1V8_FB_PLL_REF,TB_TP144,1,T,6661,4259,,
1V8_FB_PLL_REF,UGPU1,G24,B,7112,4075,NVIDIA_GN20-S5-GB3-64_FCBGA771,NVIDIA_GN20-S5-GB3-64_FCBGA_771P-T
1V8_FB_PLL_REF,UGPU1,H7,B,7591,4037,NVIDIA_GN20-S5-GB3-64_FCBGA771,NVIDIA_GN20-S5-GB3-64_FCBGA_771P-T
27MHZ_OUT,R4005,2,B,7741,3251,1/20W_1M_5%_0201,R0201_11P811
27MHZ_OUT,R4006,1,B,7764,3249,1/20W_1.8K_5%_0201,R0201_11P811
27MHZ_OUT,TB_TP787,1,B,7753,3283,,
27MHZ_OUT,UGPU1,AJ2,B,7728,3459,NVIDIA_GN20-S5-GB3-64_FCBGA771,NVIDIA_GN20-S5-GB3-64_FCBGA_771P-T
38P4M_IN,C1402,1,B,6079,3844,15P_25V_J_NPO_0201,C0201_12P992_BA
38P4M_IN,R1403,2,B,6007,3842,1/20W_200K_1%_0201,R0201_11P811
38P4M_IN,UCPU1,EV8,B,5810,3724,ALDERLAKE-P-CPU_BGA1744,ALDERLAKE-P-CPU_BGA_1744P-T
38P4M_IN,Y1401,1,B,6114,3821,38.4MHZ_10PF_8Y38480004,Y_8Y38480004_4P
38P4M_OUT,R1403,1,B,6007,3865,1/20W_200K_1%_0201,R0201_11P811
38P4M_OUT,R1404,1,B,6029,3866,1/20W_0_5%_0201,R0201_SHORT_ATE
38P4M_OUT,UCPU1,EV6,B,5803,3749,ALDERLAKE-P-CPU_BGA1744,ALDERLAKE-P-CPU_BGA_1744P-T
38P4M_OUT_R,C1403,1,B,6079,3865,15P_25V_J_NPO_0201,C0201_12P992_BA
38P4M_OUT_R,R1404,2,B,6052,3866,1/20W_0_5%_0201,R0201_SHORT_ATE
38P4M_OUT_R,Y1401,3,B,6158,3877,38.4MHZ_10PF_8Y38480004,Y_8Y38480004_4P
5M_3M_PWRG,PR0306,2,B,1692,5008,0_0402_SP,R0402_SHORT
5M_3M_PWRG,R5108,1,T,2915,2222,0_0201_SP,R0201_SHORT
5M_3M_PWRG,TB_TP1058,1,T,2909,2259,,
5M_3M_PWRG_R,PR0305,1,B,1664,4975,1/20W_100K_1%_0201,R0201_11P811
5M_3M_PWRG_R,PR0306,1,B,1692,4972,0_0402_SP,R0402_SHORT
5M_3M_PWRG_R,PR0503,2,B,7533,1416,0_0402_SP,R0402_SHORT
5M_3M_PWRG_R,PU0301,6,B,1745,4978,NB690GRP-C669-Z_QFN12_2X2P5,NB690GRP-C669-Z_QFN12_2X2P5
5M_3M_PWRG_R,TB_TP1146,1,T,2756,3307,,
5V_VREGIN_EN,Q5101,1,T,2853,1828,LSK3541G1ET2L_VMT3,LSK3541G1ET2L_VMT3-Y_CS20
5V_VREGIN_EN,R5004,2,T,2866,1800,1/20W_100K_5%_0201,R0201_11P811
5V_VREGIN_EN,TB_TP1287,1,T,2896,1765,,
5V_VREGIN_EN,UTE1,11,T,3035,1909,TC62D518FTG_WQFN56_7X7,TC62D518FTG_WQFN56_7X7
5V_VREGIN_EN_R,Q5103,1,T,2826,1988,SSM3J15FV_2-1L1B,SSM3J15FV_2-1L1B-Y_CS20
5V_VREGIN_EN_R,R5119,1,T,2817,2015,1/20W_100K_5%_0201,R0201_11P811
5V_VREGIN_EN_R,R5121,2,T,2839,2015,1/20W_100K_5%_0201,R0201_11P811
7302,R7605,2,T,2156,4019,1/20W_10K_5%_0201,R0201_11P811
7302,U7601,33,T,2135,4078,WGI219LM-QREF-A0_QFN48_6X6,WGI219LM-QREF-A0_QFN48_6X6
7303,R7606,2,T,2186,4018,1/20W_10K_5%_0201,R0201_11P811
7303,U7601,35,T,2167,4078,WGI219LM-QREF-A0_QFN48_6X6,WGI219LM-QREF-A0_QFN48_6X6
7304,C7610,2,T,2032,4402,12P_25V_JC_NPO_0201,C0201_12P992_BA
7304,U7601,10,T,2041,4314,WGI219LM-QREF-A0_QFN48_6X6,WGI219LM-QREF-A0_QFN48_6X6
7304,Y7601,3,T,2044,4480,25MHZ_10PF_7R25080002,Y_7R25080002_4P
7305,R7607,2,T,2096,4018,1/20W_1K_5%_0201,R0201_11P811
7305,U7601,30,T,2088,4078,WGI219LM-QREF-A0_QFN48_6X6,WGI219LM-QREF-A0_QFN48_6X6
7306,R7608,2,T,2001,4405,1/20W_3.01K_1%_0201,R0201_11P811
7306,U7601,12,T,2009,4314,WGI219LM-QREF-A0_QFN48_6X6,WGI219LM-QREF-A0_QFN48_6X6
7307,C7618,2,T,2085,4429,12P_25V_JC_NPO_0201,C0201_12P992_BA
7307,R7609,1,T,2061,4428,1/20W_470_5%_0201,R0201_11P811
7307,Y7601,1,T,2099,4523,25MHZ_10PF_7R25080002,Y_7R25080002_4P
7308,FL7601,1,T,2185,4511,4.7UH_NRS2012T4R7MGJ_20%,TAIYO_NRS2012T4R7MGJ_2P
7308,TB_TP986,1,T,2174,4438,,
7308,U7601,7,T,2088,4314,WGI219LM-QREF-A0_QFN48_6X6,WGI219LM-QREF-A0_QFN48_6X6
7309,R7610,1,T,2136,4371,1/20W_0_5%_0201,R0201_11P811
7309,U7601,6,T,2104,4314,WGI219LM-QREF-A0_QFN48_6X6,WGI219LM-QREF-A0_QFN48_6X6
7310,R7611,1,T,2276,4365,1/20W_4.7K_5%_0201,R0201_11P811
7310,TB_TP939,1,T,2266,4336,,
7310,U7601,1,T,2182,4314,WGI219LM-QREF-A0_QFN48_6X6,WGI219LM-QREF-A0_QFN48_6X6
7311,C7602,2,T,1920,4142,0.1U_6.3V_K_X5R_0201,C0201_12P992_BA
7311,C7603,2,T,2241,4081,0.1U_6.3V_K_X5R_0201,C0201_12P992_BA
7311,C7604,2,T,2239,4604,22U_6.3V_M_X5R_0603,C0603_39P370_DC
7311,C7605,2,T,2282,4271,0.1U_6.3V_K_X5R_0201,C0201_12P992_BA
7311,C7606,2,T,2282,4245,0.1U_6.3V_K_X5R_0201,C0201_12P992_BA
7311,C7608,2,T,1913,4241,0.1U_6.3V_K_X5R_0201,C0201_12P992_BA
7311,C7611,2,T,2281,4152,0.1U_6.3V_K_X5R_0201,C0201_12P992_BA
7311,FL7601,2,T,2239,4511,4.7UH_NRS2012T4R7MGJ_20%,TAIYO_NRS2012T4R7MGJ_2P
7311,TB_TP22,1,T,2290,4543,,
7311,U7601,8,T,2072,4314,WGI219LM-QREF-A0_QFN48_6X6,WGI219LM-QREF-A0_QFN48_6X6
7311,U7601,11,T,2025,4314,WGI219LM-QREF-A0_QFN48_6X6,WGI219LM-QREF-A0_QFN48_6X6
7311,U7601,16,T,1978,4235,WGI219LM-QREF-A0_QFN48_6X6,WGI219LM-QREF-A0_QFN48_6X6
7311,U7601,22,T,1978,4141,WGI219LM-QREF-A0_QFN48_6X6,WGI219LM-QREF-A0_QFN48_6X6
7311,U7601,37,T,2214,4109,WGI219LM-QREF-A0_QFN48_6X6,WGI219LM-QREF-A0_QFN48_6X6
7311,U7601,40,T,2214,4157,WGI219LM-QREF-A0_QFN48_6X6,WGI219LM-QREF-A0_QFN48_6X6
7311,U7601,43,T,2214,4204,WGI219LM-QREF-A0_QFN48_6X6,WGI219LM-QREF-A0_QFN48_6X6
7311,U7601,46,T,2214,4251,WGI219LM-QREF-A0_QFN48_6X6,WGI219LM-QREF-A0_QFN48_6X6
7311,U7601,47,T,2214,4267,WGI219LM-QREF-A0_QFN48_6X6,WGI219LM-QREF-A0_QFN48_6X6
7312,R7609,2,T,2061,4405,1/20W_470_5%_0201,R0201_11P811
7312,U7601,9,T,2056,4314,WGI219LM-QREF-A0_QFN48_6X6,WGI219LM-QREF-A0_QFN48_6X6
7501,C7808,1,T,1114,4709,10P_3KV_J_NPO_1808_H1.6,C1808_39P370_HA
7501,R7801,2,T,1067,4779,1/2W_75_5%_0805,R0805_23P622
7501,R7802,2,T,1067,4844,1/2W_75_5%_0805,R0805_23P622
7501,R7803,2,T,1067,5035,1/2W_75_5%_0805,R0805_23P622
7501,R7804,2,T,1067,4970,1/2W_75_5%_0805,R0805_23P622
7501,R7805,2,T,1165,4597,1/8W_1M_5%_0805,R0805_23P622
7501,TB_TP1219,1,T,1069,4907,,
8301,D8701,1,T,1490,1574,RB521CM-30T2R_VMN2M-2,RB521CM-30T2R_VMN2M-2
8301,D8702,1,T,1491,1540,RB521CM-30T2R_VMN2M-2,RB521CM-30T2R_VMN2M-2
8301,D8710,1,T,1532,1576,RB521CM-30T2R_VMN2M-2,RB521CM-30T2R_VMN2M-2
8301,R8701,2,T,1517,1646,1/20W_0_5%_0201,R0201_11P811
8301,TB_TP911,1,T,1479,1621,,
ACN_CHG,PC0213,2,T,2908,1425,0.01U_25V_K_X7R_0402,C0402_21P654_CA
ACN_CHG,PC0215,1,T,2908,1390,0.033U_25V_K_X7R_0402,C0402_21P654_CA
ACN_CHG,PR0203,1,T,2906,1363,1/20W_4.99_1%_0201,R0201_11P811
ACN_CHG,PU0201,2,B,2962,1316,BQ25710RSNR_QFN32_4X4,BQ25710RSNR_QFN32_4X4
ACP_CHG,PC0213,1,T,2944,1425,0.01U_25V_K_X7R_0402,C0402_21P654_CA
ACP_CHG,PC0214,1,T,2977,1395,0.033U_25V_K_X7R_0402,C0402_21P654_CA
ACP_CHG,PR0202,1,T,2944,1456,1/20W_4.99_1%_0201,R0201_11P811
ACP_CHG,PU0201,3,B,2978,1316,BQ25710RSNR_QFN32_4X4,BQ25710RSNR_QFN32_4X4
AC_DETECT,D3503,2,T,7869,3673,RB521CM-30T2R_VMN2M,RB521CS-30GT2RA_VMN2-2
AC_DETECT,R3509,2,T,7890,3634,1/20W_100K_5%_0201,R0201_11P811
AC_DETECT,TB_TP969,1,B,7854,3643,,
AC_DETECT,UGPU1,AA7,B,7591,3679,NVIDIA_GN20-S5-GB3-64_FCBGA771,NVIDIA_GN20-S5-GB3-64_FCBGA_771P-T
AC_PRESENT,R8112,2,T,1607,1905,1/20W_100K_5%_0201,R0201_11P811
AC_PRESENT,TB_TP818,1,B,3679,1352,,
AC_PRESENT,UCPU1,EJ59,B,5658,2919,ALDERLAKE-P-CPU_BGA1744,ALDERLAKE-P-CPU_BGA_1744P-T
AC_PRESENT,UEC1,M8,T,1705,1989,NPCX997KAABX_VFBGA144,NPCX997KAABX_VFBGA_144P
ADC_IN_N,TB_TP170,1,B,9757,4799,,
ADC_IN_N,U3101,19,T,9721,4821,NCP45491XMNTWG_QFN32_4X4,NCP45491XMNTWG_QFN32_4X4
ADC_IN_N,UGPU1,AK3,B,7691,3421,NVIDIA_GN20-S5-GB3-64_FCBGA771,NVIDIA_GN20-S5-GB3-64_FCBGA_771P-T
ADC_IN_P,TB_TP169,1,B,9761,4727,,
ADC_IN_P,U3101,20,T,9721,4837,NCP45491XMNTWG_QFN32_4X4,NCP45491XMNTWG_QFN32_4X4
ADC_IN_P,UGPU1,AL3,B,7691,3394,NVIDIA_GN20-S5-GB3-64_FCBGA771,NVIDIA_GN20-S5-GB3-64_FCBGA_771P-T
ADC_MUX_SEL,R3123,2,T,9628,4992,1/20W_0_5%_0201,R0201_11P811
ADC_MUX_SEL,R3534,2,T,7818,3627,1/20W_10K_5%_0201,R0201_11P811
ADC_MUX_SEL,TB_TP166,1,T,9638,5039,,
ADC_MUX_SEL,UGPU1,AC2,B,7728,3624,NVIDIA_GN20-S5-GB3-64_FCBGA771,NVIDIA_GN20-S5-GB3-64_FCBGA_771P-T
ADD0_NCT5635Y,R7901,2,T,2252,2185,1/16W_4.7K_5%_0402,R0402_15P748
ADD0_NCT5635Y,R7912,2,T,2155,2145,1/16W_4.7K_5%_0402,R0402_15P748
ADD0_NCT5635Y,U7901,18,T,2258,2105,NCT5635Y-W_QFN24_4X4,NCT5635Y-W_QFN24_4X4
ADD1_NCT5635Y,R7902,2,T,2120,1898,1/16W_4.7K_5%_0402,R0402_15P748
ADD1_NCT5635Y,R7903,2,T,2155,1898,1/16W_4.7K_5%_0402,R0402_15P748
ADD1_NCT5635Y,U7901,23,T,2217,1985,NCT5635Y-W_QFN24_4X4,NCT5635Y-W_QFN24_4X4
ADD2_NCT5635Y,R7904,2,T,2225,1898,1/16W_4.7K_5%_0402,R0402_15P748
ADD2_NCT5635Y,R7905,2,T,2190,1898,1/16W_4.7K_5%_0402,R0402_15P748
ADD2_NCT5635Y,U7901,24,T,2217,1965,NCT5635Y-W_QFN24_4X4,NCT5635Y-W_QFN24_4X4
ADDR2_SEL,R4901,1,T,6469,2880,1/20W_10K_5%_0201,R0201_11P811
ADDR2_SEL,R4902,2,T,6446,2880,1/20W_10K_5%_0201,R0201_11P811
ADDR2_SEL,U4901,1,T,6451,2844,LIS2DWLTR_LGA12_2X2,LIS2DWLTR_LGA12_2X2
ADDR_SEL,R4801,1,T,1290,2060,1/20W_10K_5%_0201,R0201_11P811
ADDR_SEL,R4802,2,T,1290,2035,1/20W_10K_5%_0201,R0201_11P811
ADDR_SEL,U4801,1,T,1299,1990,LIS2DWLTR_LGA12_2X2,LIS2DWLTR_LGA12_2X2
AGND,C8309,2,T,925,1217,0.1U_6.3V_K_X5R_0201,C0201_12P992_BA
AGND,C8310,2,T,909,1245,4.7U_6.3V_M_X5R_0402,C0402_25P591_CC
AGND,C8313,1,T,804,915,2.2U_6.3V_K_X5R_0402,C0402_21P654_CA
AGND,C8314,1,T,875,808,2.2U_6.3V_K_X5R_0402,C0402_21P654_CA
AGND,C8316,1,T,957,1153,2.2U_6.3V_K_X5R_0402,C0402_21P654_CA
AGND,C8317,1,T,906,808,2.2U_6.3V_K_X5R_0402,C0402_21P654_CA
AGND,C8318,1,T,834,949,33P_25V_J_NPO_0201,C0201_12P992_BA
AGND,C8319,1,T,830,1017,33P_25V_J_NPO_0201,C0201_12P992_BA
AGND,C8320,1,T,793,1094,33P_25V_J_NPO_0201,C0201_12P992_BA
AGND,C8321,1,T,794,1144,33P_25V_J_NPO_0201,C0201_12P992_BA
AGND,C8322,2,T,866,754,0.01U_6.3V_K_X7R_0201,C0201_12P992_BA
AGND,C8325,2,B,883,838,0.1U_6.3V_K_X5R_0201,C0201_12P992_BA
AGND,C8326,2,B,878,809,4.7U_6.3V_M_X5R_0402,C0402_25P591_CC
AGND,C8327,2,B,865,754,0.01U_6.3V_K_X7R_0201,C0201_12P992_BA
AGND,C8331,2,T,790,1199,1U_25V_K_X5R_0402,C0402_21P654_CA
AGND,C8337,2,B,891,762,0.1UC_25VC_KC_X5RC_0402,C0402_21P654_CA
AGND,C8338,2,T,833,762,0.1UC_25VC_KC_X5RC_0402,C0402_21P654_CA
AGND,C8339,2,B,839,762,0.1UC_25VC_KC_X5RC_0402,C0402_21P654_CA
AGND,C8401,1,B,773,799,1000P_25V_K_X7R_0201,C0201_12P992_BA
AGND,C8402,1,B,883,1173,1000P_25V_K_X7R_0201,C0201_12P992_BA
AGND,C8403,2,B,1016,1218,1U_6.3V_K_X5R_0402,C0402_21P654_CA
AGND,C8501,2,T,950,1304,2.2U_6.3V_K_X5R_0402,C0402_21P654_CA
AGND,C85012,2,B,812,754,0.01U_6.3V_K_X7R_0201,C0201_12P992_BA
AGND,JHP1,7,B,475,752,ALLTO_C18207-10735-L,ALLTO_C18207-10735-L_9P-T
AGND,Q8501,2,T,979,1321,LSK3541G1ET2L_VMT3,LSK3541G1ET2L_VMT3
AGND,R8401,1,B,734,880,1/20W_220_5%_0201,R0201_11P811
AGND,R8402,1,B,851,1167,1/20W_220_5%_0201,R0201_11P811
AGND,R8502,1,B,960,1291,0_0201_SP,R0201_SHORT
AGND,R8515,2,B,990,1228,0_0201_SP,R0201_SHORT
AGND,TB_TP458,1,B,836,809,,
AGND,TB_TP459,1,B,833,1132,,
AGND,U8301,22,T,1008,1093,ALC3287-CG_MQFN48_6X6,ALC3287-CG_MQFN48_6X6
AGND,U8301,37,T,976,869,ALC3287-CG_MQFN48_6X6,ALC3287-CG_MQFN48_6X6
AGND_1R2A,PC0620,2,B,6997,2679,1U_6.3V_K_X5R_0402,C0402_21P654_CA
AGND_1R2A,PC0624,2,B,7012,2570,0.22U_25V_K_X5R_0402,C0402_21P654_CA
AGND_1R2A,PR0613,2,B,6691,2611,1/20W_100K_1%_0201,R0201_11P811
AGND_1R2A,PR0614,1,B,6691,2634,1/20W_0_5%_0201,R0201_11P811
AGND_1R2A,PR0615,1,T,6982,2655,short10_10,SHORT10_10MIL
AGND_1R2A,PU0601,4,B,6907,2628,NB687BGQ-C669-Z_QFN16_3X3,NB687BGQ-C669-Z_QFN16_3X3
AGND_1R2A,TB_TP266,1,T,6883,2547,,
AGND_2941A,PC1602,1,B,6885,4826,2.2U_6.3V_M_X5R_0201,C0201_15P354_BC
AGND_2941A,PR1630,1,B,6900,4831,short10_10,SHORT10_10MIL
AGND_2941A,PU1601,19,B,6831,4839,MP2941AGL-C669-Z_QFN19_3X4,MP2941AGL-Z_QFN19_3X4
AGND_2961,PC1202,1,B,2913,4304,2.2U_6.3V_M_X5R_0201,C0201_15P354_BC
AGND_2961,PR1224,1,B,2866,4269,short10_10,SHORT10_10MIL
AGND_2961,PU1201,19,B,2939,4353,MP2961GL-C669-Z_QFN19_3X4,MP2961GL-C669-Z_QFN19_3X4
AGND_5M,PC0306,1,B,1898,4951,2.2U_6.3V_M_X5R_0201,C0201_15P354_BC
AGND_5M,PR0303,1,B,1920,4956,short10_10,SHORT10_10MIL
AGND_5M,PU0301,10,B,1840,4961,NB690GRP-C669-Z_QFN12_2X2P5,NB690GRP-C669-Z_QFN12_2X2P5
AGND_5M_PD,PC0423,1,B,2647,4599,2.2U_6.3V_M_X5R_0201,C0201_15P354_BC
AGND_5M_PD,PR0411,1,B,2642,4575,short10_10,SHORT10_10MIL
AGND_5M_PD,PU0401,4,B,2652,4644,NB693AGQ-C669-Z QFN16_3X3,NB693AGQ-Z_QFN16_3X3
AGND_EC,C8111,1,T,2150,1766,0.1U_6.3V_K_X5R_0201,C0201_12P992_BA
AGND_EC,C8112,1,T,2110,1779,0.1U_6.3V_K_X5R_0201,C0201_12P992_BA
AGND_EC,C8113,1,T,2070,1779,0.1U_6.3V_K_X5R_0201,C0201_12P992_BA
AGND_EC,C8114,1,T,1969,1778,0.1U_6.3V_K_X5R_0201,C0201_12P992_BA
AGND_EC,C8115,1,T,2000,1779,0.1U_6.3V_K_X5R_0201,C0201_12P992_BA
AGND_EC,C8116,1,T,2035,1779,0.1U_6.3V_K_X5R_0201,C0201_12P992_BA
AGND_EC,C8208,2,T,1922,1705,4.7U_10V_K_X5R_0402,C0402_25P591_CC
AGND_EC,C8209,2,T,1929,1740,0.1U_6.3V_K_X5R_0201,C0201_12P992_BA
AGND_EC,L8201,2,T,1885,1705,BLM03PG330SN1D_2P,MURAT_BLM03PG330SN1D_2P
AGND_EC,TB_TP8,1,T,1924,1665,,
AGND_EC,UEC1,D12,T,1910,1887,NPCX997KAABX_VFBGA144,NPCX997KAABX_VFBGA_144P
AGND_MP2964,PC0801,2,B,3499,4784,1U_25V_K_X5R_0402,C0402_23P622_CB
AGND_MP2964,PC0802,2,B,3533,4981,1U_25V_K_X5R_0402,C0402_23P622_CB
AGND_MP2964,PC0803,2,B,3319,5162,0.01U_25V_K_X7R_0201,C0201_12P992_BA
AGND_MP2964,PC0804,1,B,3281,4745,680P_50V_K_X7R_0402,C0402_21P654_CA
AGND_MP2964,PC0805,1,B,3296,5192,1000P_25V_K_X7R_0201,C0201_12P992_BA
AGND_MP2964,PC0806,2,B,3254,4762,330P_25V_K_X7R_0201,C0201_12P992_BA
AGND_MP2964,PC0807,2,T,3289,5089,1U_25V_K_X5R_0402,C0402_23P622_CB
AGND_MP2964,PC0808,1,B,3205,4744,680P_50V_K_X7R_0402,C0402_21P654_CA
AGND_MP2964,PC0809,2,B,3151,4747,1U_25V_K_X5R_0402,C0402_23P622_CB
AGND_MP2964,PC0810,1,B,3207,5201,4.7U_6.3V_M_X5R_0201,C0201_15P354_BC
AGND_MP2964,PC0811,1,B,3207,5178,4.7U_6.3V_M_X5R_0201,C0201_15P354_BC
AGND_MP2964,PR0818,1,B,3255,4740,1/20W_221 _1%_0201,R0201_11P811
AGND_MP2964,PR0822,1,B,3285,4713,1/20W_392 _1%_0201,R0201_11P811
AGND_MP2964,PR0824,1,B,3318,5186,1/20W_133K_1%_0201,R0201_11P811
AGND_MP2964,PR0826,1,B,3313,5231,0_0402_SP,R0402_SHORT
AGND_MP2964,PR0828,2,T,3260,5099,1/20W_49.9K_1%_0201,R0201_11P811
AGND_MP2964,PR0829,1,B,3178,4716,1/20W_124 _1%_0201,R0201_11P811
AGND_MP2964,PR0833,1,B,3150,5222,0_0402_SP,R0402_SHORT
AGND_MP2964,PR0841,2,B,3021,5045,1/20W_10K_1%_0201,R0201_11P811
AGND_MP2964,PR0855,1,B,3514,4856,short10_10,SHORT10_10MIL
AGND_MP2964,PR0857,1,B,3517,4954,1/20W_100K_1%_0201,R0201_11P811
AGND_MP2964,PR0859,1,B,3485,4757,1/20W_100K_1%_0201,R0201_11P811
AGND_MP2964,PR0861,1,B,3508,5008,1/20W_100K_1%_0201,R0201_11P811
AGND_MP2964,PR0863,1,B,3363,5224,1/20W_100K_1%_0201,R0201_11P811
AGND_MP2964,PR0864,1,B,3004,4973,1/16W_0_5%_0402,R0402_15P748
AGND_MP2964,PU0801,49,B,3241,4981,MP2964GQKT-0400-C669-Z_TQFN48_6X6,MP2964GQKT-0400-C669-Z_TQFN48_6X6
AGND_MP2964,TB_TP829,1,B,3283,5279,,
AOU_SEL1,R8202,2,T,1805,1712,1/20W_10K_5%_0201,R0201_11P811
AOU_SEL1,R8220,1,T,1805,1762,1/16W_0_5%_0402,R0402_15P748
AOU_SEL1,TB_TP523,1,T,1364,1342,,
AOU_SEL1,U6701,6,B,982,1700,SN1702001RTER_WQFN16_3X3,SN1702001RTER_WQFN16_3X3
AOU_SEL2,R8106,2,T,2064,1910,1/20W_100K_5%_0201,R0201_11P811
AOU_SEL2,TB_TP535,1,B,900,1467,,
AOU_SEL2,U6701,8,B,943,1700,SN1702001RTER_WQFN16_3X3,SN1702001RTER_WQFN16_3X3
AOU_SEL2,UEC1,E6,T,1884,2041,NPCX997KAABX_VFBGA144,NPCX997KAABX_VFBGA_144P
AUX_3V3,PC1202,2,B,2936,4304,2.2U_6.3V_M_X5R_0201,C0201_15P354_BC
AUX_3V3,PR1201,2,B,2897,4258,1/16W_5.1_5%_0402,R0402_15P748
AUX_3V3,PU1201,18,B,2957,4353,MP2961GL-C669-Z_QFN19_3X4,MP2961GL-C669-Z_QFN19_3X4
AUX_BST1,PR1204,1,B,3085,4341,0_0402_SP,R0402_SHORT
AUX_BST1,PU1201,13,B,3035,4388,MP2961GL-C669-Z_QFN19_3X4,MP2961GL-C669-Z_QFN19_3X4
AUX_BST1,TB_TP1031,1,B,3116,4281,,
AUX_BST2,PR1205,1,B,3070,4552,1/16W_0_1%_0402,R0402_SHORT_ATE
AUX_BST2,PU1201,10,B,3035,4467,MP2961GL-C669-Z_QFN19_3X4,MP2961GL-C669-Z_QFN19_3X4
AUX_IMON,PC0808,2,B,3205,4780,680P_50V_K_X7R_0402,C0402_21P654_CA
AUX_IMON,PC1220,1,B,2897,4545,470P_25V_K_X7R_0201,C0201_12P992_BA-Y_CS20
AUX_IMON,PR0830,2,B,3178,4784,1/20W_7.15K_1%_0201,R_0201
AUX_IMON,PU0801,20,B,3218,4865,MP2964GQKT-0400-C669-Z_TQFN48_6X6,MP2964GQKT-0400-C669-Z_TQFN48_6X6
AUX_IMON,PU1201,4,B,2939,4502,MP2961GL-C669-Z_QFN19_3X4,MP2961GL-C669-Z_QFN19_3X4
AUX_IMON,TB_TP796,1,T,3221,4782,,
AUX_VID0,PR1206,2,B,2905,4583,1/20W_100K_5%_0201,R0201_11P811
AUX_VID0,PR1210,2,B,2932,4578,0_0402_SP,R0402_SHORT
AUX_VID0,PU1201,6,B,2972,4502,MP2961GL-C669-Z_QFN19_3X4,MP2961GL-C669-Z_QFN19_3X4
AUX_VID1,PR1203,2,B,2883,4583,1/20W_100K_5%_0201,R0201_11P811
AUX_VID1,PR1207,2,B,2855,4589,0_0402_SP,R0402_SHORT
AUX_VID1,PU1201,5,B,2957,4502,MP2961GL-C669-Z_QFN19_3X4,MP2961GL-C669-Z_QFN19_3X4
AUX_VID1,TB_TP1054,1,B,2794,4594,,
AUX_VIN,PC1201,1,B,2821,4390,0.01U_25V_K_X7R_0201,C0201_12P992_BA
AUX_VIN,PC1203,1,B,2741,4404,22U_B2_25VM_R100M,C_B2
AUX_VIN,PC1204,2,B,2867,4454,10U_25V_M_X5R_0603,C0603_37P402_DB
AUX_VIN,PC1205,2,B,2865,4416,10U_25V_M_X5R_0603,C0603_37P402_DB
AUX_VIN,PC1206,2,T,2865,4416,10U_25V_M_X5R_0603,C0603_37P402_DB
AUX_VIN,PC1207,2,T,2867,4454,10U_25V_M_X5R_0603,C0603_37P402_DB
AUX_VIN,PC1221,2,B,2818,4484,10U_25V_M_X5R_0603,C0603_37P402_DB
AUX_VIN,PC1222,2,T,2819,4484,10U_25V_M_X5R_0603,C0603_37P402_DB
AUX_VIN,PC1223,2,T,2757,4489,2200P_25V_K_X7R_0201,C0201_12P992_BA
AUX_VIN,PC1225,2,T,2821,4390,0.1U_25V_K_X5R_0201,C0201_13P780_BB
AUX_VIN,PL1202,2,B,2648,4375,MPZ1608S300AT_2P~D,TDK_MPZ1608S300AT_2P
AUX_VIN,PL1203,2,B,2598,4375,MPZ1608S300AT_2P~D,TDK_MPZ1608S300AT_2P
AUX_VIN,PU1201,2,B,2943,4428,MP2961GL-C669-Z_QFN19_3X4,MP2961GL-C669-Z_QFN19_3X4
AUX_VIN,TB_TP987,1,B,2755,4466,,
AUX_VOUT,PC1218,1,B,2997,4287,0.1U_6.3V_K_X7R_0402,C0402_21P654_CA
AUX_VOUT,PR1209,2,B,3025,4250,1/16W_100_1%_0402,R0402_15P748
AUX_VOUT,PR1211,1,B,2995,4252,0_0402_SP,R0402_SHORT
AUX_VOUT,PU1201,16,B,2988,4353,MP2961GL-C669-Z_QFN19_3X4,MP2961GL-C669-Z_QFN19_3X4
AUX_VOUT,TB_TP1067,1,B,3178,4250,,
AUX__PG,PR1215,2,B,3068,4580,1/20W_100K_5%_0201,R0201_11P811
AUX__PG,PR1216,1,B,3059,4608,0_0402_SP,R0402_SHORT
AUX__PG,PU1201,9,B,3022,4502,MP2961GL-C669-Z_QFN19_3X4,MP2961GL-C669-Z_QFN19_3X4
AUX__PG,TB_TP1072,1,B,3064,4642,,
AVCC_EC,C8208,1,T,1958,1705,4.7U_10V_K_X5R_0402,C0402_25P591_CC
AVCC_EC,C8209,1,T,1952,1740,0.1U_6.3V_K_X5R_0201,C0201_12P992_BA
AVCC_EC,L8202,1,T,1605,2207,BLM03PG330SN1D_2P,MURAT_BLM03PG330SN1D_2P
AVCC_EC,UEC1,C11,T,1935,1913,NPCX997KAABX_VFBGA144,NPCX997KAABX_VFBGA_144P
A_ON,PR0610,1,B,6692,2656,1/20W_0_5%_0201,R0201_11P811
A_ON,TB_TP1366,1,B,6649,2641,,
A_ON,UTE1,50,T,3160,2097,TC62D518FTG_WQFN56_7X7,TC62D518FTG_WQFN56_7X7
BACKLIGHT_ON,C8002,1,T,2145,2327,22P_25V_J_NPO_0201_MURATA,C0201_12P992_BA
BACKLIGHT_ON,C9426,2,B,2975,5287,1000P_25V_K_X7R_0201,C0201_12P992_BA
BACKLIGHT_ON,JLCD1,27,B,3087,5352,I-PEX_20654-040E-01,I-PEX_20654-040E-01_40P
BACKLIGHT_ON,R9405,1,B,2975,5258,1/20W_10K_5%_0201,R0201_11P811
BACKLIGHT_ON,TB_TP947,1,T,2180,2294,,
BACKLIGHT_ON,UEC1,D6,T,1910,2041,NPCX997KAABX_VFBGA144,NPCX997KAABX_VFBGA_144P
BATDRV#,PQ0203,4,B,3428,1500,SI7153DNT1GE3_POWERPAK-1212-8,SI7153DNT1GE3_POWERPAK-1212-8
BATDRV#,PU0201,21,B,2994,1159,BQ25710RSNR_QFN32_4X4,BQ25710RSNR_QFN32_4X4
BATDRV#,TB_TP627,1,T,3097,1146,,
BAT_PWR15,PC0216,2,B,3041,1032,0.1U_25V_K_X5R_0201,C0201_13P780_BB
BAT_PWR15,PC0220,2,B,3065,1032,0.1U_25V_K_X5R_0201,C0201_13P780_BB
BAT_PWR15,PC0221,2,B,3605,1216,10U_25V_M_X5R_0603,C0603_37P402_DB
BAT_PWR15,PC0222,2,B,3605,1264,10U_25V_M_X5R_0603,C0603_37P402_DB
BAT_PWR15,PQ0101,5,B,3616,1150,SI7153DNT1GE3_POWERPAK-1212-8,SI7153DNT1GE3_POWERPAK-1212-8
BAT_PWR15,PQ0101,6,B,3616,1124,SI7153DNT1GE3_POWERPAK-1212-8,SI7153DNT1GE3_POWERPAK-1212-8
BAT_PWR15,PQ0101,7,B,3616,1098,SI7153DNT1GE3_POWERPAK-1212-8,SI7153DNT1GE3_POWERPAK-1212-8
BAT_PWR15,PQ0101,8,B,3616,1072,SI7153DNT1GE3_POWERPAK-1212-8,SI7153DNT1GE3_POWERPAK-1212-8
BAT_PWR15,PR0204,2,B,3507,1277,1W_0.01_1%_1206_LE,R1206_LE_23P622
BAT_PWR15,PR0231,2,B,3047,1058,1/16W_10_1%_0402,R0402_15P748
BAT_PWR15,TB_TP1022,1,T,3007,979,,
BAT_PWR15,TB_TP1023,1,T,3073,998,,
BAT_PWR15,TB_TP1024,1,T,3363,1296,,
BAT_PWR15,TB_TP1025,1,B,3391,1299,,
BAT_PWR15_R,PC0216,1,B,3018,1032,0.1U_25V_K_X5R_0201,C0201_13P780_BB
BAT_PWR15_R,PC0218,2,B,3586,1389,1U_25V_K_X5R_0402,C0402_23P622_CB
BAT_PWR15_R,PC0219,2,B,2996,1032,0.1U_25V_K_X5R_0201,C0201_13P780_BB
BAT_PWR15_R,PQ0203,5,B,3545,1500,SI7153DNT1GE3_POWERPAK-1212-8,SI7153DNT1GE3_POWERPAK-1212-8
BAT_PWR15_R,PQ0203,6,B,3545,1474,SI7153DNT1GE3_POWERPAK-1212-8,SI7153DNT1GE3_POWERPAK-1212-8
BAT_PWR15_R,PQ0203,7,B,3545,1448,SI7153DNT1GE3_POWERPAK-1212-8,SI7153DNT1GE3_POWERPAK-1212-8
BAT_PWR15_R,PQ0203,8,B,3545,1422,SI7153DNT1GE3_POWERPAK-1212-8,SI7153DNT1GE3_POWERPAK-1212-8
BAT_PWR15_R,PR0204,1,B,3507,1342,1W_0.01_1%_1206_LE,R1206_LE_23P622
BAT_PWR15_R,PR0230,2,B,3015,1058,1/16W_10_1%_0402,R0402_15P748
BAT_PWR15_R,TB_TP606,1,B,3604,1342,,
BDC_ON,R1101,2,T,5481,3168,1/20W_10K_5%_0201,R0201_11P811-Y_CS20
BDC_ON,R6602,2,B,5859,4597,1/20W_10K_5%_0201,R0201_11P811
BDC_ON,TB_TP1359,1,B,5864,4559,,
BDC_ON,UCPU1,DV47,B,5486,3102,ALDERLAKE-P-CPU_BGA1744,ALDERLAKE-P-CPU_BGA_1744P-T
BDC_ON,UWLAN1,63,B,5949,4764,INTEL_AX211D2W_LGA144,INTEL_AX211D2W_LGA_144P-T
BDC_ON,UWLAN2A,63,B,5955,4764,8501-602200-01_LGA76,8501-602200-01_LGA_76P
BEEP_MIX_ATT,C8311,2,T,918,731,0.1U_6.3V_K_X5R_0201,C0201_12P992_BA
BEEP_MIX_ATT,Q8701,3,T,1533,1698,LSK3541G1ET2L_VMT3,LSK3541G1ET2L_VMT3
BEEP_MIX_ATT,R8701,1,T,1540,1646,1/20W_0_5%_0201,R0201_11P811
BEEP_MIX_ATT,R8702,1,T,1540,1669,1/20W_10K_5%_0201,R0201_11P811
BEEP_MIX_ATT_C,C8311,1,T,918,754,0.1U_6.3V_K_X5R_0201,C0201_12P992_BA
BEEP_MIX_ATT_C,TB_TP436,1,T,872,880,,
BEEP_MIX_ATT_C,U8301,34,T,951,926,ALC3287-CG_MQFN48_6X6,ALC3287-CG_MQFN48_6X6
BG_REF_OUT,R3102,1,T,9793,4839,1/20W_0_5%_0201,R0201_11P811
BG_REF_OUT,TB_TP99,1,T,9764,4868,,
BG_REF_OUT,U3101,23,T,9721,4884,NCP45491XMNTWG_QFN32_4X4,NCP45491XMNTWG_QFN32_4X4
BG_REF_OUT_R,C3103,1,T,9894,4842,1000P_16V_K_X7R_0402,C0402_21P654_CA
BG_REF_OUT_R,R3102,2,T,9816,4839,1/20W_0_5%_0201,R0201_11P811
BG_REF_OUT_R,R3103,1,T,9839,4838,1/20W_237K_1%_0201,R0201_11P811
BG_REF_OUT_R,R3108,1,T,9864,4836,1/20W_365K_1%_0201,R0201_11P811
BG_REF_OUT_R,TB_TP96,1,T,9936,4811,,
BOOT1_VGA,PR1506,1,B,7534,1821,1/10W_2.2_1%_0603,R0603_21P654
BOOT1_VGA,PU1501,1,B,7447,1767,NCP81278TMNTXG_QFN20_3X3,NCP81272MNTXG_QFN20_3X3
BOOT1_VGA,TB_TP1092,1,B,7486,1805,,
BOOT2_VGA,PR1522,1,B,7233,1819,1/10W_2.2_1%_0603,R0603_21P654
BOOT2_VGA,PU1501,15,B,7337,1767,NCP81278TMNTXG_QFN20_3X3,NCP81272MNTXG_QFN20_3X3
BOOT2_VGA,TB_TP1002,1,B,7283,1823,,
BPWRG,C5110,2,T,2965,2199,470P_25V_K_X7R_0201,C0201_12P992_BA-Y_CS20
BPWRG,Q8101,1,T,1604,1567,RN1130MFV_2-1L1A-3,RN1130MFV_2-1L1A-3
BPWRG,R5105,1,T,2940,2199,1/20W_2K_5%_0201,R0201_11P811-Y_CS20
BPWRG,R5108,2,T,2915,2199,0_0201_SP,R0201_SHORT
BPWRG,TB_TP1051,1,T,3034,2135,,
BPWRG,TP8812,1,T,1588,1526,Test_Point_20MIL,TPC20
BPWRG,UCPU1,EK23,B,5672,3480,ALDERLAKE-P-CPU_BGA1744,ALDERLAKE-P-CPU_BGA_1744P-T
BPWRG,UEC1,E2,T,1884,2143,NPCX997KAABX_VFBGA144,NPCX997KAABX_VFBGA_144P
BPWRG,UTE1,56,T,3066,2097,TC62D518FTG_WQFN56_7X7,TC62D518FTG_WQFN56_7X7
BRI_DT,R7209,1,T,5955,4454,1/20W_0_5%_0201,R0201_11P811
BRI_DT,TB_TP753,1,T,6008,4554,,
BRI_DT,UWLAN1,A38,B,6018,4626,INTEL_AX211D2W_LGA144,INTEL_AX211D2W_LGA_144P-T
BRI_DT_CNVI,R7209,2,T,5932,4454,1/20W_0_5%_0201,R0201_11P811
BRI_DT_CNVI,R7215,2,T,5937,4486,1/20W_4.7K_1%_0201,R0201_11P811
BRI_DT_CNVI,R7219,2,T,5615,3276,1/20W_20K_5%_0201,R0201_11P811
BRI_DT_CNVI,TB_TP952,1,B,5746,4330,,
BRI_DT_CNVI,UCPU1,EH33,B,5647,3322,ALDERLAKE-P-CPU_BGA1744,ALDERLAKE-P-CPU_BGA_1744P-T
BRI_RSP,R7210,1,T,5939,4558,1/20W_39_5%_0201,R0201_11P811
BRI_RSP,TB_TP749,1,T,5952,4594,,
BRI_RSP,UWLAN1,A39,B,6018,4646,INTEL_AX211D2W_LGA144,INTEL_AX211D2W_LGA_144P-T
BRI_RSP_CNVI,R7210,2,T,5916,4558,1/20W_39_5%_0201,R0201_11P811
BRI_RSP_CNVI,R7213,1,T,5580,4111,1/20W_20K_5%_0201,R0201_11P811
BRI_RSP_CNVI,TB_TP756,1,T,5862,4517,,
BRI_RSP_CNVI,UCPU1,EK33,B,5672,3322,ALDERLAKE-P-CPU_BGA1744,ALDERLAKE-P-CPU_BGA_1744P-T
BST1_CHG,PR0228,1,B,2816,1268,0_0402_SP,R0402_SHORT
BST1_CHG,PU0201,30,B,2923,1261,BQ25710RSNR_QFN32_4X4,BQ25710RSNR_QFN32_4X4
BST1_CHG,TB_TP669,1,B,2861,1269,,
BST1_CORE,PC0911,1,B,4005,4896,0.22U_25V_K_X7R_0402,C0402_21P654_CA
BST1_CORE,PU0901,21,B,3956,4945,MP86941-CGQVT-C669-Z_TQFN21_3X5,MP86941-CGQVT-C669-Z_TQFN21_3X5
BST1_CORE,TB_TP508,1,B,4044,4887,,
BST1_GT,PC1123,1,B,5272,4919,0.22U_25V_K_X7R_0402,C0402_21P654_CA
BST1_GT,PU1101,21,B,5213,4944,MP86941-CGQVT-C669-Z_TQFN21_3X5,MP86941-CGQVT-C669-Z_TQFN21_3X5
BST1_GT,TB_TP727,1,B,5310,4905,,
BST2_CHG,PR0229,1,B,2870,1140,0_0402_SP,R0402_SHORT
BST2_CHG,PU0201,25,B,2923,1182,BQ25710RSNR_QFN32_4X4,BQ25710RSNR_QFN32_4X4
BST2_CHG,TB_TP621,1,B,2877,1177,,
BST2_CORE,PC0923,1,B,4461,4891,0.22U_25V_K_X7R_0402,C0402_21P654_CA
BST2_CORE,PU0902,21,B,4402,4937,MP86941-CGQVT-C669-Z_TQFN21_3X5,MP86941-CGQVT-C669-Z_TQFN21_3X5
BST2_CORE,TB_TP569,1,B,4497,4886,,
BST2_GT,PC1155,1,B,5656,4685,0.22U_25V_K_X7R_0402,C0402_21P654_CA
BST2_GT,PU1102,21,B,5605,4720,MP86941-CGQVT-C669-Z_TQFN21_3X5,MP86941-CGQVT-C669-Z_TQFN21_3X5
BST3_CORE,PC0935,1,B,4857,4882,0.22U_25V_K_X7R_0402,C0402_21P654_CA
BST3_CORE,PU0903,21,B,4810,4941,MP86941-CGQVT-C669-Z_TQFN21_3X5,MP86941-CGQVT-C669-Z_TQFN21_3X5
B_ON,PD2401,1,T,3220,1720,RB521CM-30T2R_VMN2M-2,RB521CM-30T2R_VMN2M-2
B_ON,PD2407,1,T,3430,1820,RB521CM-30T2R_VMN2M-2,RB521CM-30T2R_VMN2M-2
B_ON,TB_TP846,1,T,3469,1814,,
B_ON,UTE1,49,T,3176,2097,TC62D518FTG_WQFN56_7X7,TC62D518FTG_WQFN56_7X7
CAM_FW_WR_EN,JCAM1,23,B,8547,4955,I-PEX_20654-030E-01,I-PEX_20654-030E-01_30P
CAM_FW_WR_EN,TB_TP1233,1,B,8644,4887,,
CAM_FW_WR_EN,U7901,1,T,2258,1924,NCT5635Y-W_QFN24_4X4,NCT5635Y-W_QFN24_4X4
CBN,C8312,2,T,858,1210,1U_25V_K_X5R_0402,C0402_21P654_CA
CBN,U8301,24,T,976,1093,ALC3287-CG_MQFN48_6X6,ALC3287-CG_MQFN48_6X6
CBP,C8312,1,T,894,1210,1U_25V_K_X5R_0402,C0402_21P654_CA
CBP,TB_TP561,1,T,912,1170,,
CBP,U8301,23,T,992,1093,ALC3287-CG_MQFN48_6X6,ALC3287-CG_MQFN48_6X6
CFG10,R2009,1,T,4337,3534,1/20W_1K_5%_0201,R0201_11P811
CFG10,UCPU1,AF20,B,4360,3535,ALDERLAKE-P-CPU_BGA1744,ALDERLAKE-P-CPU_BGA_1744P-T
CFG11,R2008,1,T,4372,3495,1/20W_1K_5%_0201,R0201_11P811
CFG11,TB_TP1186,1,T,4401,3456,,
CFG11,UCPU1,AH25,B,4386,3456,ALDERLAKE-P-CPU_BGA1744,ALDERLAKE-P-CPU_BGA_1744P-T
CFG12,R2019,1,T,4392,3255,1/20W_1K_5%_0201,R0201_11P811
CFG12,UCPU1,AH37,B,4386,3259,ALDERLAKE-P-CPU_BGA1744,ALDERLAKE-P-CPU_BGA_1744P-T
CFG13,R2020,1,T,4342,3294,1/20W_1K_5%_0201,R0201_11P811
CFG13,UCPU1,AF35,B,4360,3299,ALDERLAKE-P-CPU_BGA1744,ALDERLAKE-P-CPU_BGA_1744P-T
CFG14,R2005,1,T,4380,3298,1/20W_1K_5%_0201,R0201_11P811
CFG14,R2007,1,T,4316,3300,1/20W_1K_5%_0201,R0201_11P811
CFG14,TB_TP1086,1,T,4396,3336,,
CFG14,UCPU1,AH35,B,4386,3299,ALDERLAKE-P-CPU_BGA1744,ALDERLAKE-P-CPU_BGA_1744P-T
CFG15,R2021,1,T,4370,3255,1/20W_1K_5%_0201,R0201_11P811
CFG15,UCPU1,AF37,B,4360,3259,ALDERLAKE-P-CPU_BGA1744,ALDERLAKE-P-CPU_BGA_1744P-T
CFG8,R2018,1,T,4408,3573,1/20W_1K_5%_0201,R0201_11P811
CFG8,UCPU1,AK17,B,4411,3575,ALDERLAKE-P-CPU_BGA1744,ALDERLAKE-P-CPU_BGA_1744P-T
CFG9,R2002,1,T,4399,3495,1/20W_1K_5%_0201,R0201_11P811
CFG9,R2010,1,T,4404,3535,1/20W_1K_5%_0201,R0201_11P811
CFG9,UCPU1,AH22,B,4386,3496,ALDERLAKE-P-CPU_BGA1744,ALDERLAKE-P-CPU_BGA_1744P-T
CFG_RCOMP,R2004,1,T,4064,3710,1/20W_49.9_1%_0201,R0201_11P811
CFG_RCOMP,TB_TP1199,1,T,4025,3710,,
CFG_RCOMP,UCPU1,F8,B,4039,3723,ALDERLAKE-P-CPU_BGA1744,ALDERLAKE-P-CPU_BGA_1744P-T
CHRG_OK,PQ0204,1,B,3212,1137,LSK3541G1ET2L_VMT3,LSK3541G1ET2L_VMT3
CHRG_OK,PR0215,1,B,3209,1109,1/20W_100K_5%_0201,R0201_11P811
CHRG_OK,PR0227,1,T,2997,1353,1/20W_10K_5%_0201,R0201_11P811
CHRG_OK,PU0201,4,B,2994,1316,BQ25710RSNR_QFN32_4X4,BQ25710RSNR_QFN32_4X4
CH_AGND,PC0214,2,T,2977,1431,0.033U_25V_K_X7R_0402,C0402_21P654_CA
CH_AGND,PC0215,2,T,2872,1390,0.033U_25V_K_X7R_0402,C0402_21P654_CA
CH_AGND,PC0217,1,T,2835,1401,1U_25V_K_X5R_0402,C0402_23P622_CB
CH_AGND,PC0219,1,B,2973,1032,0.1U_25V_K_X5R_0201,C0201_13P780_BB
CH_AGND,PC0220,1,B,3088,1032,0.1U_25V_K_X5R_0201,C0201_13P780_BB
CH_AGND,PC0223,1,B,3179,1177,1800P_25V_K_X7R_0201,C0201_12P992_BA
CH_AGND,PC0224,1,B,3158,1177,33P_25V_J_NPO_0201,C0201_12P992_BA
CH_AGND,PC0225,2,B,3157,1087,680P_25V_K_X7R_0201,C0201_12P992_BA
CH_AGND,PC0226,2,B,3136,1087,15P_25V_J_NPO_0201,C0201_12P992_BA
CH_AGND,PC0227,2,B,3208,1338,100P_25V_J_NPO_0201,C0201_12P992_BA
CH_AGND,PC0228,2,T,3111,1359,100P_25V_J_NPO_0201,C0201_12P992_BA
CH_AGND,PC0229,2,T,3135,1437,100P_25V_J_NPO_0201,C0201_12P992_BA
CH_AGND,PC0231,1,T,3109,1419,1U_25V_K_X5R_0402,C0402_23P622_CB
CH_AGND,PC0232,1,B,3226,1196,47P_25V_J_NPO_0201,C0201_12P992_BA
CH_AGND,PQ0204,2,B,3212,1168,LSK3541G1ET2L_VMT3,LSK3541G1ET2L_VMT3
CH_AGND,PR0212,1,T,3046,1445,1/20W_100K_1%_0201,R0201_11P811
CH_AGND,PR0213,1,T,3111,1380,1/20W_137K_1%_0201,R0201_11P811
CH_AGND,PR0216,2,B,3114,1086,1/20W_100K_1%_0201,R0201_11P811
CH_AGND,PR0217,2,T,3079,1340,1/20W_10K_5%_0201,R0201_11P811
CH_AGND,PR0219,1,B,3180,1065,short10_10,SHORT10_10MIL
CH_AGND,PU0201,14,B,3080,1214,BQ25710RSNR_QFN32_4X4,BQ25710RSNR_QFN32_4X4
CH_AGND,TB_TP695,1,T,3146,1087,,
CLK_BIASREF,R1402,2,B,5335,3920,1/20W_60.4_1%_0201,R0201_11P811
CLK_BIASREF,UCPU1,DJ3,B,5347,3803,ALDERLAKE-P-CPU_BGA1744,ALDERLAKE-P-CPU_BGA_1744P-T
CLK_CHG,PR0220,1,B,3189,1224,1/16W_0_5%_0402,R0402_15P748
CLK_CHG,PU0201,13,B,3080,1230,BQ25710RSNR_QFN32_4X4,BQ25710RSNR_QFN32_4X4
CL_CLK_WLAN,R7222,1,B,6109,4328,1/20W_0_5%_0201,R0201_11P811
CL_CLK_WLAN,TB_TP1407,1,B,5802,4370,,
CL_CLK_WLAN,UCPU1,EE26,B,5596,3441,ALDERLAKE-P-CPU_BGA1744,ALDERLAKE-P-CPU_BGA_1744P-T
CL_CLK_WLAN_R,R7222,2,B,6109,4351,1/20W_0_5%_0201,R0201_11P811
CL_CLK_WLAN_R,UWLAN1,42,B,6106,4449,INTEL_AX211D2W_LGA144,INTEL_AX211D2W_LGA_144P-T
CL_CLK_WLAN_R,UWLAN2A,42,B,6106,4455,8501-602200-01_LGA76,8501-602200-01_LGA_76P
CL_DATA_WLAN,R7223,1,B,6085,4328,1/20W_0_5%_0201,R0201_11P811
CL_DATA_WLAN,TB_TP1372,1,B,6043,4318,,
CL_DATA_WLAN,UCPU1,EF26,B,5621,3441,ALDERLAKE-P-CPU_BGA1744,ALDERLAKE-P-CPU_BGA_1744P-T
CL_DATA_WLAN_R,R7223,2,B,6085,4351,1/20W_0_5%_0201,R0201_11P811
CL_DATA_WLAN_R,UWLAN1,43,B,6087,4449,INTEL_AX211D2W_LGA144,INTEL_AX211D2W_LGA_144P-T
CL_DATA_WLAN_R,UWLAN2A,43,B,6087,4455,8501-602200-01_LGA76,8501-602200-01_LGA_76P
CM_REF_IN,C3104,1,T,9796,4809,1000P_16V_K_X7R_0402,C0402_21P654_CA
CM_REF_IN,R3108,2,T,9864,4813,1/20W_365K_1%_0201,R0201_11P811
CM_REF_IN,R3109,1,T,9798,4775,1/20W_681K_1%_0201,R0201_11P811
CM_REF_IN,TB_TP57,1,T,9865,4759,,
CM_REF_IN,U3101,22,T,9721,4869,NCP45491XMNTWG_QFN32_4X4,NCP45491XMNTWG_QFN32_4X4
CNV_CLKREQ,R7218,2,T,6001,4740,1/20W_75K_5%_0201,R0201_11P811
CNV_CLKREQ,TB_TP900,1,T,6028,4669,,
CNV_CLKREQ,UCPU1,EF36,B,5621,3283,ALDERLAKE-P-CPU_BGA1744,ALDERLAKE-P-CPU_BGA_1744P-T
CNV_CLKREQ,UWLAN1,A43,B,6018,4724,INTEL_AX211D2W_LGA144,INTEL_AX211D2W_LGA_144P-T
CNV_REFCLK,TP8811,1,T,5945,4777,Test_Point_16MIL,TPC16
CNV_REFCLK,UWLAN1,A44,B,6018,4744,INTEL_AX211D2W_LGA144,INTEL_AX211D2W_LGA_144P-T
CNV_WR_CLKN,TB_TP1016,1,T,6080,3171,,
CNV_WR_CLKN,UCPU1,FC43,B,5883,3167,ALDERLAKE-P-CPU_BGA1744,ALDERLAKE-P-CPU_BGA_1744P-T
CNV_WR_CLKN,UWLAN1,A33,B,6018,4528,INTEL_AX211D2W_LGA144,INTEL_AX211D2W_LGA_144P-T
CNV_WR_CLKP,TB_TP965,1,B,6105,3171,,
CNV_WR_CLKP,UCPU1,FA43,B,5856,3162,ALDERLAKE-P-CPU_BGA1744,ALDERLAKE-P-CPU_BGA_1744P-T
CNV_WR_CLKP,UWLAN1,A32,B,6018,4508,INTEL_AX211D2W_LGA144,INTEL_AX211D2W_LGA_144P-T
CNV_WR_D0N,UCPU1,EY42,B,5839,3186,ALDERLAKE-P-CPU_BGA1744,ALDERLAKE-P-CPU_BGA_1744P-T
CNV_WR_D0N,UWLAN1,A35,B,6018,4567,INTEL_AX211D2W_LGA144,INTEL_AX211D2W_LGA_144P-T
CNV_WR_D0P,TB_TP970,1,T,5935,3167,,
CNV_WR_D0P,UCPU1,EW42,B,5813,3186,ALDERLAKE-P-CPU_BGA1744,ALDERLAKE-P-CPU_BGA_1744P-T
CNV_WR_D0P,UWLAN1,A34,B,6018,4547,INTEL_AX211D2W_LGA144,INTEL_AX211D2W_LGA_144P-T
CNV_WR_D1N,UCPU1,EY40,B,5827,3209,ALDERLAKE-P-CPU_BGA1744,ALDERLAKE-P-CPU_BGA_1744P-T
CNV_WR_D1N,UWLAN1,A37,B,6018,4606,INTEL_AX211D2W_LGA144,INTEL_AX211D2W_LGA_144P-T
CNV_WR_D1P,TB_TP976,1,B,6032,3167,,
CNV_WR_D1P,UCPU1,EV40,B,5802,3209,ALDERLAKE-P-CPU_BGA1744,ALDERLAKE-P-CPU_BGA_1744P-T
CNV_WR_D1P,UWLAN1,A36,B,6018,4587,INTEL_AX211D2W_LGA144,INTEL_AX211D2W_LGA_144P-T
CNV_WT_CLKN,UCPU1,EY47,B,5827,3111,ALDERLAKE-P-CPU_BGA1744,ALDERLAKE-P-CPU_BGA_1744P-T
CNV_WT_CLKN,UWLAN1,A20,B,6333,4606,INTEL_AX211D2W_LGA144,INTEL_AX211D2W_LGA_144P-T
CNV_WT_CLKP,TB_TP1037,1,B,6003,3062,,
CNV_WT_CLKP,UCPU1,EV47,B,5802,3111,ALDERLAKE-P-CPU_BGA1744,ALDERLAKE-P-CPU_BGA_1744P-T
CNV_WT_CLKP,UWLAN1,A19,B,6333,4626,INTEL_AX211D2W_LGA144,INTEL_AX211D2W_LGA_144P-T
CNV_WT_D0N,TB_TP1042,1,B,6091,3104,,
CNV_WT_D0N,UCPU1,EY43,B,5828,3163,ALDERLAKE-P-CPU_BGA1744,ALDERLAKE-P-CPU_BGA_1744P-T
CNV_WT_D0N,UWLAN1,A22,B,6333,4567,INTEL_AX211D2W_LGA144,INTEL_AX211D2W_LGA_144P-T
CNV_WT_D0P,TB_TP983,1,B,6142,3049,,
CNV_WT_D0P,UCPU1,EV43,B,5802,3162,ALDERLAKE-P-CPU_BGA1744,ALDERLAKE-P-CPU_BGA_1744P-T
CNV_WT_D0P,UWLAN1,A21,B,6333,4587,INTEL_AX211D2W_LGA144,INTEL_AX211D2W_LGA_144P-T
CNV_WT_D1N,UCPU1,FA46,B,5853,3114,ALDERLAKE-P-CPU_BGA1744,ALDERLAKE-P-CPU_BGA_1744P-T
CNV_WT_D1N,UWLAN1,A24,B,6333,4528,INTEL_AX211D2W_LGA144,INTEL_AX211D2W_LGA_144P-T
CNV_WT_D1P,TB_TP990,1,T,6072,3051,,
CNV_WT_D1P,UCPU1,FC46,B,5883,3114,ALDERLAKE-P-CPU_BGA1744,ALDERLAKE-P-CPU_BGA_1744P-T
CNV_WT_D1P,UWLAN1,A23,B,6333,4547,INTEL_AX211D2W_LGA144,INTEL_AX211D2W_LGA_144P-T
CNV_WT_RCOMP,R1303,2,B,6079,3210,1/20W_150_1%_0201,R0201_11P811
CNV_WT_RCOMP,UCPU1,FC40,B,5883,3212,ALDERLAKE-P-CPU_BGA1744,ALDERLAKE-P-CPU_BGA_1744P-T
CODEC_GPIO2,R8313,2,T,1248,893,1/20W_0_5%_0201,R0201_11P811-Y_CS20
CODEC_GPIO2,U8301,1,T,1175,894,ALC3287-CG_MQFN48_6X6,ALC3287-CG_MQFN48_6X6
COMP_VGA,PC1525,2,B,7263,1694,22P_50V_J_NPO_0402,C0402_21P654_CA
COMP_VGA,PR1521,2,B,7203,1694,1/20W_51.1K_1%_0201,R0201_11P811
COMP_VGA,PR1524,1,B,7231,1698,1/16W_25.5K_1%_0402,R0402_15P748
COMP_VGA,PU1501,12,B,7337,1719,NCP81278TMNTXG_QFN20_3X3,NCP81272MNTXG_QFN20_3X3
COMP_VGA,TB_TP960,1,B,7300,1707,,
CPUCORE_ON,PR0842,2,B,3014,5073,0_0402_SP,R0402_SHORT
CPUCORE_ON,Q1502,1,T,2691,4333,LSK3541G1ET2L_VMT3,LSK3541G1ET2L_VMT3
CPUCORE_ON,TB_TP1165,1,T,2747,4303,,
CPUCORE_ON,UTE1,48,T,3192,2097,TC62D518FTG_WQFN56_7X7,TC62D518FTG_WQFN56_7X7
CPUCORE_ON_G,Q1501,1,T,2675,4303,LSK3541G1ET2L_VMT3,LSK3541G1ET2L_VMT3
CPUCORE_ON_G,Q1502,3,T,2646,4349,LSK3541G1ET2L_VMT3,LSK3541G1ET2L_VMT3
CPUCORE_ON_G,R1508,1,T,2617,4379,1/20W_10K_5%_0201,R0201_11P811
CPUCORE_ON_G,TB_TP390,1,T,2604,4343,,
CPUCORE_PWRGD,PR0834,2,B,3021,4845,0_0402_SP,R0402_SHORT
CPUCORE_PWRGD,PR0848,2,B,2973,4852,1/20W_10K_1%_0201,R0201_11P811
CPUCORE_PWRGD,TB_TP387,1,T,2934,5042,,
CPUCORE_PWRGD,UCPU1,EH51,B,5647,3047,ALDERLAKE-P-CPU_BGA1744,ALDERLAKE-P-CPU_BGA_1744P-T
CPU_PWRGD,TP1501,1,T,4664,3689,Test_Point_20MIL,TPC20
CPU_PWRGD,UCPU1,BG11,B,4680,3677,ALDERLAKE-P-CPU_BGA1744,ALDERLAKE-P-CPU_BGA_1744P-T
CPVEE,C8331,1,T,826,1199,1U_25V_K_X5R_0402,C0402_21P654_CA
CPVEE,TB_TP466,1,T,909,1075,,
CPVEE,U8301,25,T,951,1068,ALC3287-CG_MQFN48_6X6,ALC3287-CG_MQFN48_6X6
CS1_CORE,PR0811,2,B,3439,5008,1/20W_1K_1%_0201,R0201_11P811
CS1_CORE,PR0911,1,B,4066,4990,0_0402_SP,R0402_SHORT
CS1_CORE,PU0801,7,B,3357,4973,MP2964GQKT-0400-C669-Z_TQFN48_6X6,MP2964GQKT-0400-C669-Z_TQFN48_6X6
CS1_CORE,TB_TP738,1,B,4120,5008,,
CS1_CORE_R,PR0911,2,B,4030,4990,0_0402_SP,R0402_SHORT
CS1_CORE_R,PU0901,18,B,3956,4992,MP86941-CGQVT-C669-Z_TQFN21_3X5,MP86941-CGQVT-C669-Z_TQFN21_3X5
CS1_GT,PR1109,2,B,5295,5018,0_0402_SP,R0402_SHORT
CS1_GT,PU1101,18,B,5213,4992,MP86941-CGQVT-C669-Z_TQFN21_3X5,MP86941-CGQVT-C669-Z_TQFN21_3X5
CS1_GT,TB_TP710,1,B,5259,4994,,
CS2_CORE,PR0812,2,B,3439,5030,1/20W_1K_1%_0201,R0201_11P811
CS2_CORE,PR0913,1,B,4517,5002,0_0402_SP,R0402_SHORT
CS2_CORE,PU0801,6,B,3357,4989,MP2964GQKT-0400-C669-Z_TQFN48_6X6,MP2964GQKT-0400-C669-Z_TQFN48_6X6
CS2_CORE,TB_TP716,1,T,4523,4987,,
CS2_CORE_R,PR0913,2,B,4481,5002,0_0402_SP,R0402_SHORT
CS2_CORE_R,PU0902,18,B,4402,4984,MP86941-CGQVT-C669-Z_TQFN21_3X5,MP86941-CGQVT-C669-Z_TQFN21_3X5
CS2_GT,PR1111,2,B,5693,4771,0_0402_SP,R0402_SHORT
CS2_GT,PU1102,18,B,5605,4767,MP86941-CGQVT-C669-Z_TQFN21_3X5,MP86941-CGQVT-C669-Z_TQFN21_3X5
CS2_GT,TB_TP661,1,B,5658,4782,,
CS3_CORE,PR0813,2,B,3439,5053,1/20W_1K_1%_0201,R0201_11P811
CS3_CORE,PR0915,1,B,4928,4990,0_0402_SP,R0402_SHORT
CS3_CORE,PU0801,5,B,3357,5005,MP2964GQKT-0400-C669-Z_TQFN48_6X6,MP2964GQKT-0400-C669-Z_TQFN48_6X6
CS3_CORE,TB_TP684,1,B,4968,4985,,
CS3_CORE_R,PR0915,2,B,4892,4990,0_0402_SP,R0402_SHORT
CS3_CORE_R,PU0903,18,B,4810,4988,MP86941-CGQVT-C669-Z_TQFN21_3X5,MP86941-CGQVT-C669-Z_TQFN21_3X5
CS3_CORE_R,TB_TP532,1,B,4857,4996,,
CS5_CORE,PR0817,2,B,3385,5179,1/20W_1K_1%_0201,R0201_11P811
CS5_CORE,PR1111,1,B,5729,4771,0_0402_SP,R0402_SHORT
CS5_CORE,PU0801,48,B,3328,5097,MP2964GQKT-0400-C669-Z_TQFN48_6X6,MP2964GQKT-0400-C669-Z_TQFN48_6X6
CS5_CORE,TB_TP813,1,B,5780,4791,,
CS6_CORE,PR0821,2,B,3364,5179,1/20W_1K_1%_0201,R0201_11P811
CS6_CORE,PR1109,1,B,5331,5018,0_0402_SP,R0402_SHORT
CS6_CORE,PU0801,47,B,3312,5097,MP2964GQKT-0400-C669-Z_TQFN48_6X6,MP2964GQKT-0400-C669-Z_TQFN48_6X6
CS6_CORE,TB_TP808,1,B,5406,5007,,
CSI_RCOMP,R1304,1,B,3782,2928,1/20W_150_1%_0201,R0201_11P811
CSI_RCOMP,TB_TP896,1,B,3846,2915,,
CSI_RCOMP,UCPU1,A55,B,3959,2983,ALDERLAKE-P-CPU_BGA1744,ALDERLAKE-P-CPU_BGA_1744P-T
CSI_RCOMP,UCPU1,B54,B,3984,2990,ALDERLAKE-P-CPU_BGA1744,ALDERLAKE-P-CPU_BGA_1744P-T
CSSUMA,PR0811,1,B,3462,5008,1/20W_1K_1%_0201,R0201_11P811
CSSUMA,PR0812,1,B,3462,5030,1/20W_1K_1%_0201,R0201_11P811
CSSUMA,PR0813,1,B,3462,5053,1/20W_1K_1%_0201,R0201_11P811
CSSUMA,PR0860,1,B,3484,5030,1/20W_100K_1%_0201,R0201_11P811
CSSUMA,PR0861,2,B,3485,5008,1/20W_100K_1%_0201,R0201_11P811
CSSUMA,PU0801,16,B,3281,4865,MP2964GQKT-0400-C669-Z_TQFN48_6X6,MP2964GQKT-0400-C669-Z_TQFN48_6X6
CSSUMA,TB_TP868,1,T,3365,4968,,
CSSUMB,PR0817,1,B,3385,5202,1/20W_1K_1%_0201,R0201_11P811
CSSUMB,PR0821,1,B,3364,5202,1/20W_1K_1%_0201,R0201_11P811
CSSUMB,PR0862,1,B,3407,5202,1/20W_100K_1%_0201,R0201_11P811
CSSUMB,PR0863,2,B,3386,5224,1/20W_100K_1%_0201,R0201_11P811
CSSUMB,PU0801,17,B,3265,4865,MP2964GQKT-0400-C669-Z_TQFN48_6X6,MP2964GQKT-0400-C669-Z_TQFN48_6X6
CSSUMB,TB_TP811,1,T,3432,5109,,
DATA_CHG,PR0221,1,B,3189,1256,1/16W_0_5%_0402,R0402_15P748
DATA_CHG,PU0201,12,B,3080,1245,BQ25710RSNR_QFN32_4X4,BQ25710RSNR_QFN32_4X4
DATA_CHG,TB_TP595,1,B,3135,1235,,
DBG_PMODE,R2104,1,T,5839,3669,1/20W_1K_5%_0201,R0201_11P811
DBG_PMODE,TB_TP677,1,T,5765,3664,,
DBG_PMODE,TP2104,1,T,5814,3674,Test_Point_12MIL,TPC12
DBG_PMODE,UCPU1,ET14,B,5769,3624,ALDERLAKE-P-CPU_BGA1744,ALDERLAKE-P-CPU_BGA_1744P-T
DDIA_RCOMP,R0510,1,B,4413,3902,1/20W_150_1%_0201,R0201_11P811
DDIA_RCOMP,UCPU1,AJ1,B,4400,3828,ALDERLAKE-P-CPU_BGA1744,ALDERLAKE-P-CPU_BGA_1744P-T
DDIB_0N,C5314,1,T,1346,2218,0.1U_6.3V_K_X5R_0201,C0201_12P992_BA
DDIB_0N,TB_TP795,1,T,1407,2241,,
DDIB_0N,UCPU1,AH8,B,4378,3728,ALDERLAKE-P-CPU_BGA1744,ALDERLAKE-P-CPU_BGA_1744P-T
DDIB_0P,C5313,1,T,1346,2197,0.1U_6.3V_K_X5R_0201,C0201_12P992_BA
DDIB_0P,TB_TP712,1,T,3687,3714,,
DDIB_0P,UCPU1,AH6,B,4378,3753,ALDERLAKE-P-CPU_BGA1744,ALDERLAKE-P-CPU_BGA_1744P-T
DDIB_1N,C5316,1,T,1346,2327,0.1U_6.3V_K_X5R_0201,C0201_12P992_BA
DDIB_1N,TB_TP771,1,T,1451,2327,,
DDIB_1N,UCPU1,AK8,B,4412,3728,ALDERLAKE-P-CPU_BGA1744,ALDERLAKE-P-CPU_BGA_1744P-T
DDIB_1P,C5315,1,T,1346,2306,0.1U_6.3V_K_X5R_0201,C0201_12P992_BA
DDIB_1P,TB_TP686,1,T,1378,2312,,
DDIB_1P,UCPU1,AK6,B,4412,3753,ALDERLAKE-P-CPU_BGA1744,ALDERLAKE-P-CPU_BGA_1744P-T
DDIB_2N,C5318,1,T,1346,2400,0.1U_6.3V_K_X5R_0201,C0201_12P992_BA
DDIB_2N,TB_TP822,1,T,1487,2419,,
DDIB_2N,UCPU1,AM8,B,4445,3728,ALDERLAKE-P-CPU_BGA1744,ALDERLAKE-P-CPU_BGA_1744P-T
DDIB_2P,C5317,1,T,1346,2379,0.1U_6.3V_K_X5R_0201,C0201_12P992_BA
DDIB_2P,TB_TP672,1,T,1407,2385,,
DDIB_2P,UCPU1,AM6,B,4445,3753,ALDERLAKE-P-CPU_BGA1744,ALDERLAKE-P-CPU_BGA_1744P-T
DDIB_3N,C5320,1,T,1361,2498,0.1U_6.3V_K_X5R_0201,C0201_12P992_BA
DDIB_3N,TB_TP816,1,T,1567,2524,,
DDIB_3N,UCPU1,AP8,B,4479,3728,ALDERLAKE-P-CPU_BGA1744,ALDERLAKE-P-CPU_BGA_1744P-T
DDIB_3P,C5319,1,T,1361,2477,0.1U_6.3V_K_X5R_0201,C0201_12P992_BA
DDIB_3P,TB_TP819,1,T,1418,2483,,
DDIB_3P,UCPU1,AP6,B,4479,3753,ALDERLAKE-P-CPU_BGA1744,ALDERLAKE-P-CPU_BGA_1744P-T
DDIB_CTRLCLK,R0506,2,B,6345,3058,1/20W_2.2K_5%_0201,R0201_11P811
DDIB_CTRLCLK,R5326,1,B,1052,2165,0_0201_SP,R0201_SHORT
DDIB_CTRLCLK,R5331,1,T,1204,2133,1/20W_0_5%_0201,R0201_11P811
DDIB_CTRLCLK,TB_TP847,1,T,1210,2061,,
DDIB_CTRLCLK,UCPU1,EK46,B,5672,3125,ALDERLAKE-P-CPU_BGA1744,ALDERLAKE-P-CPU_BGA_1744P-T
DDIB_CTRLCLK_M,Q5301,3,B,998,2580,SSM3K15AMFV_2-1L1B,SSM3K15AMFV_2-1L1B
DDIB_CTRLCLK_M,R5326,2,B,1029,2165,0_0201_SP,R0201_SHORT
DDIB_CTRLCLK_M,TB_TP616,1,B,1039,2295,,
DDIB_CTRLCLK_R,R5331,2,T,1204,2156,1/20W_0_5%_0201,R0201_11P811
DDIB_CTRLCLK_R,TB_TP673,1,T,1197,2185,,
DDIB_CTRLCLK_R,U5303,34,T,1192,2228,PS8409AQFN48GTR2-A2_QFN48_6X6,PS8409AQFN48GTR2-A2_QFN48_6X6
DDIB_CTRLDATA,R0507,2,B,6345,3083,1/20W_2.2K_5%_0201,R0201_11P811
DDIB_CTRLDATA,R5327,1,B,1052,2143,0_0201_SP,R0201_SHORT
DDIB_CTRLDATA,R5332,1,T,1179,2133,1/20W_0_5%_0201,R0201_11P811
DDIB_CTRLDATA,TB_TP704,1,T,2230,1638,,
DDIB_CTRLDATA,UCPU1,EL46,B,5698,3125,ALDERLAKE-P-CPU_BGA1744,ALDERLAKE-P-CPU_BGA_1744P-T
DDIB_CTRLDATA_M,Q5302,3,B,958,2439,SSM3K15AMFV_2-1L1B,SSM3K15AMFV_2-1L1B
DDIB_CTRLDATA_M,R5327,2,B,1029,2143,0_0201_SP,R0201_SHORT
DDIB_CTRLDATA_M,TB_TP720,1,B,986,2157,,
DDIB_CTRLDATA_R,R5332,2,T,1179,2156,1/20W_0_5%_0201,R0201_11P811
DDIB_CTRLDATA_R,U5303,33,T,1176,2228,PS8409AQFN48GTR2-A2_QFN48_6X6,PS8409AQFN48GTR2-A2_QFN48_6X6
DDIB_RCOMP,R0516,1,B,4436,3902,1/20W_150_1%_0201,R0201_11P811
DDIB_RCOMP,UCPU1,AL1,B,4425,3828,ALDERLAKE-P-CPU_BGA1744,ALDERLAKE-P-CPU_BGA_1744P-T
DDR0_ACT_N,R2622,1,T,4039,1291,1/20W_36_1%_0201,R0201_11P811
DDR0_ACT_N,TB_TP312,1,T,5020,2723,,
DDR0_ACT_N,U2501,L3,T,5605,1300,K4A8G165WB-BCPB_FBGA96,K4ABG165WA-MCTD_FBGA_96P-T_3SILK
DDR0_ACT_N,U2601,L3,T,6290,1300,K4A8G165WB-BCPB_FBGA96,K4ABG165WA-MCTD_FBGA_96P-T_3SILK
DDR0_ACT_N,U2701,L3,T,4920,1300,K4A8G165WB-BCPB_FBGA96,K4ABG165WA-MCTD_FBGA_96P-T_3SILK
DDR0_ACT_N,U2801,L3,T,4235,1300,K4A8G165WB-BCPB_FBGA96,K4ABG165WA-MCTD_FBGA_96P-T_3SILK
DDR0_ACT_N,UCPU1,CJ57,B,5038,2948,ALDERLAKE-P-CPU_BGA1744,ALDERLAKE-P-CPU_BGA_1744P-T
DDR0_ALERT_N,R0603,2,B,4657,2601,0_0201_SP,R0201_SHORT
DDR0_ALERT_N,R2632,1,T,4561,1232,1/20W_49.9_1%_0201,R0201_11P811
DDR0_ALERT_N,TB_TP1045,1,B,4805,2602,,
DDR0_ALERT_N,U2501,P9,T,5794,1206,K4A8G165WB-BCPB_FBGA96,K4ABG165WA-MCTD_FBGA_96P-T_3SILK
DDR0_ALERT_N,U2601,P9,T,6479,1206,K4A8G165WB-BCPB_FBGA96,K4ABG165WA-MCTD_FBGA_96P-T_3SILK
DDR0_ALERT_N,U2701,P9,T,5109,1206,K4A8G165WB-BCPB_FBGA96,K4ABG165WA-MCTD_FBGA_96P-T_3SILK
DDR0_ALERT_N,U2801,P9,T,4424,1206,K4A8G165WB-BCPB_FBGA96,K4ABG165WA-MCTD_FBGA_96P-T_3SILK
DDR0_ALERT_N_R,R0603,1,B,4657,2624,0_0201_SP,R0201_SHORT
DDR0_ALERT_N_R,TB_TP28,1,B,4665,2790,,
DDR0_ALERT_N_R,UCPU1,BF61,B,4669,2888,ALDERLAKE-P-CPU_BGA1744,ALDERLAKE-P-CPU_BGA_1744P-T
DDR0_BA0,R2621,1,T,4039,1182,1/20W_36_1%_0201,R0201_11P811
DDR0_BA0,TB_TP282,1,T,5005,3024,,
DDR0_BA0,U2501,N2,T,5573,1237,K4A8G165WB-BCPB_FBGA96,K4ABG165WA-MCTD_FBGA_96P-T_3SILK
DDR0_BA0,U2601,N2,T,6258,1237,K4A8G165WB-BCPB_FBGA96,K4ABG165WA-MCTD_FBGA_96P-T_3SILK
DDR0_BA0,U2701,N2,T,4888,1237,K4A8G165WB-BCPB_FBGA96,K4ABG165WA-MCTD_FBGA_96P-T_3SILK
DDR0_BA0,U2801,N2,T,4203,1237,K4A8G165WB-BCPB_FBGA96,K4ABG165WA-MCTD_FBGA_96P-T_3SILK
DDR0_BA0,UCPU1,CJ53,B,5034,3013,ALDERLAKE-P-CPU_BGA1744,ALDERLAKE-P-CPU_BGA_1744P-T
DDR0_BA1,R2620,1,T,4560,1254,1/20W_36_1%_0201,R0201_11P811
DDR0_BA1,U2501,N8,T,5762,1237,K4A8G165WB-BCPB_FBGA96,K4ABG165WA-MCTD_FBGA_96P-T_3SILK
DDR0_BA1,U2601,N8,T,6447,1237,K4A8G165WB-BCPB_FBGA96,K4ABG165WA-MCTD_FBGA_96P-T_3SILK
DDR0_BA1,U2701,N8,T,5077,1237,K4A8G165WB-BCPB_FBGA96,K4ABG165WA-MCTD_FBGA_96P-T_3SILK
DDR0_BA1,U2801,N8,T,4392,1237,K4A8G165WB-BCPB_FBGA96,K4ABG165WA-MCTD_FBGA_96P-T_3SILK
DDR0_BA1,UCPU1,CM47,B,5074,3105,ALDERLAKE-P-CPU_BGA1744,ALDERLAKE-P-CPU_BGA_1744P-T
DDR0_BG0,R2619,1,T,4039,1228,1/20W_36_1%_0201,R0201_11P811
DDR0_BG0,U2501,M2,T,5573,1269,K4A8G165WB-BCPB_FBGA96,K4ABG165WA-MCTD_FBGA_96P-T_3SILK
DDR0_BG0,U2601,M2,T,6258,1269,K4A8G165WB-BCPB_FBGA96,K4ABG165WA-MCTD_FBGA_96P-T_3SILK
DDR0_BG0,U2701,M2,T,4888,1269,K4A8G165WB-BCPB_FBGA96,K4ABG165WA-MCTD_FBGA_96P-T_3SILK
DDR0_BG0,U2801,M2,T,4203,1269,K4A8G165WB-BCPB_FBGA96,K4ABG165WA-MCTD_FBGA_96P-T_3SILK
DDR0_BG0,UCPU1,CC57,B,4937,2949,ALDERLAKE-P-CPU_BGA1744,ALDERLAKE-P-CPU_BGA_1744P-T
DDR0_BG1,R2513,2,T,6637,1330,1/20W_0_5%_0201,R0201_11P811
DDR0_BG1,TB_TP291,1,B,4921,2591,,
DDR0_BG1,UCPU1,CE60,B,4968,2908,ALDERLAKE-P-CPU_BGA1744,ALDERLAKE-P-CPU_BGA_1744P-T
DDR0_BG1_R,R2501,2,T,6614,1307,1/20W_0_5%_0201,R0201_11P811
DDR0_BG1_R,R2504,2,T,5243,1327,1/20W_0_5%_0201,R0201_11P811
DDR0_BG1_R,R2507,2,T,4560,1335,1/20W_0_5%_0201,R0201_11P811
DDR0_BG1_R,R2510,2,T,5927,1353,1/20W_0_5%_0201,R0201_11P811
DDR0_BG1_R,R2513,1,T,6614,1330,1/20W_0_5%_0201,R0201_11P811
DDR0_BG1_R,R2618,1,T,4560,1313,1/20W_36_1%_0201,R0201_11P811
DDR0_BG1_R,U2501,M9,T,5794,1269,K4A8G165WB-BCPB_FBGA96,K4ABG165WA-MCTD_FBGA_96P-T_3SILK
DDR0_BG1_R,U2601,M9,T,6479,1269,K4A8G165WB-BCPB_FBGA96,K4ABG165WA-MCTD_FBGA_96P-T_3SILK
DDR0_BG1_R,U2701,M9,T,5109,1269,K4A8G165WB-BCPB_FBGA96,K4ABG165WA-MCTD_FBGA_96P-T_3SILK
DDR0_BG1_R,U2801,M9,T,4424,1269,K4A8G165WB-BCPB_FBGA96,K4ABG165WA-MCTD_FBGA_96P-T_3SILK
DDR0_CKE0,R2626,1,T,4039,1337,1/20W_36_1%_0201,R0201_11P811
DDR0_CKE0,TB_TP232,1,B,5019,2797,,
DDR0_CKE0,U2501,K2,T,5573,1332,K4A8G165WB-BCPB_FBGA96,K4ABG165WA-MCTD_FBGA_96P-T_3SILK
DDR0_CKE0,U2601,K2,T,6258,1332,K4A8G165WB-BCPB_FBGA96,K4ABG165WA-MCTD_FBGA_96P-T_3SILK
DDR0_CKE0,U2701,K2,T,4888,1332,K4A8G165WB-BCPB_FBGA96,K4ABG165WA-MCTD_FBGA_96P-T_3SILK
DDR0_CKE0,U2801,K2,T,4203,1332,K4A8G165WB-BCPB_FBGA96,K4ABG165WA-MCTD_FBGA_96P-T_3SILK
DDR0_CKE0,UCPU1,CC60,B,4935,2907,ALDERLAKE-P-CPU_BGA1744,ALDERLAKE-P-CPU_BGA_1744P-T
DDR0_CLK0_DN,C2517,1,T,4039,1406,3300P_25V_K_X7R_0201,C0201_12P992_BA
DDR0_CLK0_DN,R2631,1,T,4015,1407,1/20W_36_1%_0201,R0201_11P811
DDR0_CLK0_DN,U2501,K8,T,5762,1332,K4A8G165WB-BCPB_FBGA96,K4ABG165WA-MCTD_FBGA_96P-T_3SILK
DDR0_CLK0_DN,U2601,K8,T,6447,1332,K4A8G165WB-BCPB_FBGA96,K4ABG165WA-MCTD_FBGA_96P-T_3SILK
DDR0_CLK0_DN,U2701,K8,T,5077,1332,K4A8G165WB-BCPB_FBGA96,K4ABG165WA-MCTD_FBGA_96P-T_3SILK
DDR0_CLK0_DN,U2801,K8,T,4392,1332,K4A8G165WB-BCPB_FBGA96,K4ABG165WA-MCTD_FBGA_96P-T_3SILK
DDR0_CLK0_DN,UCPU1,CR61,B,5132,2888,ALDERLAKE-P-CPU_BGA1744,ALDERLAKE-P-CPU_BGA_1744P-T
DDR0_CLK0_DP,C2517,2,T,4039,1383,3300P_25V_K_X7R_0201,C0201_12P992_BA
DDR0_CLK0_DP,R2629,1,T,4015,1382,1/20W_36_1%_0201,R0201_11P811
DDR0_CLK0_DP,TB_TP303,1,T,5213,2994,,
DDR0_CLK0_DP,U2501,K7,T,5731,1332,K4A8G165WB-BCPB_FBGA96,K4ABG165WA-MCTD_FBGA_96P-T_3SILK
DDR0_CLK0_DP,U2601,K7,T,6416,1332,K4A8G165WB-BCPB_FBGA96,K4ABG165WA-MCTD_FBGA_96P-T_3SILK
DDR0_CLK0_DP,U2701,K7,T,5046,1332,K4A8G165WB-BCPB_FBGA96,K4ABG165WA-MCTD_FBGA_96P-T_3SILK
DDR0_CLK0_DP,U2801,K7,T,4361,1332,K4A8G165WB-BCPB_FBGA96,K4ABG165WA-MCTD_FBGA_96P-T_3SILK
DDR0_CLK0_DP,UCPU1,CU61,B,5157,2888,ALDERLAKE-P-CPU_BGA1744,ALDERLAKE-P-CPU_BGA_1744P-T
DDR0_CS0,R2624,1,T,4228,1055,1/20W_36_1%_0201,R0201_11P811
DDR0_CS0,U2501,L7,T,5731,1300,K4A8G165WB-BCPB_FBGA96,K4ABG165WA-MCTD_FBGA_96P-T_3SILK
DDR0_CS0,U2601,L7,T,6416,1300,K4A8G165WB-BCPB_FBGA96,K4ABG165WA-MCTD_FBGA_96P-T_3SILK
DDR0_CS0,U2701,L7,T,5046,1300,K4A8G165WB-BCPB_FBGA96,K4ABG165WA-MCTD_FBGA_96P-T_3SILK
DDR0_CS0,U2801,L7,T,4361,1300,K4A8G165WB-BCPB_FBGA96,K4ABG165WA-MCTD_FBGA_96P-T_3SILK
DDR0_CS0,UCPU1,CV50,B,5180,3063,ALDERLAKE-P-CPU_BGA1744,ALDERLAKE-P-CPU_BGA_1744P-T
DDR0_DQ0_0,U2601,B8,T,6447,1584,K4A8G165WB-BCPB_FBGA96,K4ABG165WA-MCTD_FBGA_96P-T_3SILK
DDR0_DQ0_0,UCPU1,DK58,B,5368,2928,ALDERLAKE-P-CPU_BGA1744,ALDERLAKE-P-CPU_BGA_1744P-T
DDR0_DQ0_1,U2601,C8,T,6447,1552,K4A8G165WB-BCPB_FBGA96,K4ABG165WA-MCTD_FBGA_96P-T_3SILK
DDR0_DQ0_1,UCPU1,DL57,B,5384,2948,ALDERLAKE-P-CPU_BGA1744,ALDERLAKE-P-CPU_BGA_1744P-T
DDR0_DQ0_2,U2601,C7,T,6416,1552,K4A8G165WB-BCPB_FBGA96,K4ABG165WA-MCTD_FBGA_96P-T_3SILK
DDR0_DQ0_2,UCPU1,DK56,B,5362,2969,ALDERLAKE-P-CPU_BGA1744,ALDERLAKE-P-CPU_BGA_1744P-T
DDR0_DQ0_3,TB_TP313,1,B,5400,2804,,
DDR0_DQ0_3,U2601,D7,T,6416,1521,K4A8G165WB-BCPB_FBGA96,K4ABG165WA-MCTD_FBGA_96P-T_3SILK
DDR0_DQ0_3,UCPU1,DL60,B,5384,2908,ALDERLAKE-P-CPU_BGA1744,ALDERLAKE-P-CPU_BGA_1744P-T
DDR0_DQ0_4,TB_TP239,1,T,5331,2764,,
DDR0_DQ0_4,U2601,D3,T,6290,1521,K4A8G165WB-BCPB_FBGA96,K4ABG165WA-MCTD_FBGA_96P-T_3SILK
DDR0_DQ0_4,UCPU1,DG60,B,5314,2908,ALDERLAKE-P-CPU_BGA1744,ALDERLAKE-P-CPU_BGA_1744P-T
DDR0_DQ0_5,TB_TP210,1,B,5331,2812,,
DDR0_DQ0_5,U2601,C2,T,6258,1552,K4A8G165WB-BCPB_FBGA96,K4ABG165WA-MCTD_FBGA_96P-T_3SILK
DDR0_DQ0_5,UCPU1,DH56,B,5336,2969,ALDERLAKE-P-CPU_BGA1744,ALDERLAKE-P-CPU_BGA_1744P-T
DDR0_DQ0_6,U2601,A3,T,6290,1615,K4A8G165WB-BCPB_FBGA96,K4ABG165WA-MCTD_FBGA_96P-T_3SILK
DDR0_DQ0_6,UCPU1,DG57,B,5315,2948,ALDERLAKE-P-CPU_BGA1744,ALDERLAKE-P-CPU_BGA_1744P-T
DDR0_DQ0_7,TB_TP247,1,T,5331,2858,,
DDR0_DQ0_7,U2601,C3,T,6290,1552,K4A8G165WB-BCPB_FBGA96,K4ABG165WA-MCTD_FBGA_96P-T_3SILK
DDR0_DQ0_7,UCPU1,DH58,B,5330,2928,ALDERLAKE-P-CPU_BGA1744,ALDERLAKE-P-CPU_BGA_1744P-T
DDR0_DQ1_0,U2601,F7,T,6416,1458,K4A8G165WB-BCPB_FBGA96,K4ABG165WA-MCTD_FBGA_96P-T_3SILK
DDR0_DQ1_0,UCPU1,DD58,B,5266,2928,ALDERLAKE-P-CPU_BGA1744,ALDERLAKE-P-CPU_BGA_1744P-T
DDR0_DQ1_1,U2601,J7,T,6416,1363,K4A8G165WB-BCPB_FBGA96,K4ABG165WA-MCTD_FBGA_96P-T_3SILK
DDR0_DQ1_1,UCPU1,DE57,B,5281,2948,ALDERLAKE-P-CPU_BGA1744,ALDERLAKE-P-CPU_BGA_1744P-T
DDR0_DQ1_2,U2601,H7,T,6416,1395,K4A8G165WB-BCPB_FBGA96,K4ABG165WA-MCTD_FBGA_96P-T_3SILK
DDR0_DQ1_2,UCPU1,DD56,B,5260,2969,ALDERLAKE-P-CPU_BGA1744,ALDERLAKE-P-CPU_BGA_1744P-T
DDR0_DQ1_3,U2601,H8,T,6447,1395,K4A8G165WB-BCPB_FBGA96,K4ABG165WA-MCTD_FBGA_96P-T_3SILK
DDR0_DQ1_3,UCPU1,DE60,B,5282,2908,ALDERLAKE-P-CPU_BGA1744,ALDERLAKE-P-CPU_BGA_1744P-T
DDR0_DQ1_4,TB_TP314,1,T,5228,2766,,
DDR0_DQ1_4,U2601,H2,T,6258,1395,K4A8G165WB-BCPB_FBGA96,K4ABG165WA-MCTD_FBGA_96P-T_3SILK
DDR0_DQ1_4,UCPU1,CY60,B,5212,2908,ALDERLAKE-P-CPU_BGA1744,ALDERLAKE-P-CPU_BGA_1744P-T
DDR0_DQ1_5,TB_TP242,1,B,5228,2812,,
DDR0_DQ1_5,U2601,H3,T,6290,1395,K4A8G165WB-BCPB_FBGA96,K4ABG165WA-MCTD_FBGA_96P-T_3SILK
DDR0_DQ1_5,UCPU1,DB56,B,5234,2969,ALDERLAKE-P-CPU_BGA1744,ALDERLAKE-P-CPU_BGA_1744P-T
DDR0_DQ1_6,U2601,G2,T,6258,1426,K4A8G165WB-BCPB_FBGA96,K4ABG165WA-MCTD_FBGA_96P-T_3SILK
DDR0_DQ1_6,UCPU1,CY57,B,5212,2948,ALDERLAKE-P-CPU_BGA1744,ALDERLAKE-P-CPU_BGA_1744P-T
DDR0_DQ1_7,TB_TP308,1,T,5228,2858,,
DDR0_DQ1_7,U2601,J3,T,6290,1363,K4A8G165WB-BCPB_FBGA96,K4ABG165WA-MCTD_FBGA_96P-T_3SILK
DDR0_DQ1_7,UCPU1,DA58,B,5228,2928,ALDERLAKE-P-CPU_BGA1744,ALDERLAKE-P-CPU_BGA_1744P-T
DDR0_DQ2_0,U2501,B8,T,5762,1584,K4A8G165WB-BCPB_FBGA96,K4ABG165WA-MCTD_FBGA_96P-T_3SILK
DDR0_DQ2_0,UCPU1,DL50,B,5385,3063,ALDERLAKE-P-CPU_BGA1744,ALDERLAKE-P-CPU_BGA_1744P-T
DDR0_DQ2_1,U2501,C7,T,5731,1552,K4A8G165WB-BCPB_FBGA96,K4ABG165WA-MCTD_FBGA_96P-T_3SILK
DDR0_DQ2_1,UCPU1,DM47,B,5387,3105,ALDERLAKE-P-CPU_BGA1744,ALDERLAKE-P-CPU_BGA_1744P-T
DDR0_DQ2_2,U2501,C8,T,5762,1552,K4A8G165WB-BCPB_FBGA96,K4ABG165WA-MCTD_FBGA_96P-T_3SILK
DDR0_DQ2_2,UCPU1,DK48,B,5362,3083,ALDERLAKE-P-CPU_BGA1744,ALDERLAKE-P-CPU_BGA_1744P-T
DDR0_DQ2_3,TB_TP275,1,T,5399,2992,,
DDR0_DQ2_3,U2501,D7,T,5731,1521,K4A8G165WB-BCPB_FBGA96,K4ABG165WA-MCTD_FBGA_96P-T_3SILK
DDR0_DQ2_3,UCPU1,DL53,B,5380,3013,ALDERLAKE-P-CPU_BGA1744,ALDERLAKE-P-CPU_BGA_1744P-T
DDR0_DQ2_4,U2501,A3,T,5605,1615,K4A8G165WB-BCPB_FBGA96,K4ABG165WA-MCTD_FBGA_96P-T_3SILK
DDR0_DQ2_4,UCPU1,DG53,B,5318,3013,ALDERLAKE-P-CPU_BGA1744,ALDERLAKE-P-CPU_BGA_1744P-T
DDR0_DQ2_5,U2501,C2,T,5573,1552,K4A8G165WB-BCPB_FBGA96,K4ABG165WA-MCTD_FBGA_96P-T_3SILK
DDR0_DQ2_5,UCPU1,DH48,B,5336,3083,ALDERLAKE-P-CPU_BGA1744,ALDERLAKE-P-CPU_BGA_1744P-T
DDR0_DQ2_6,U2501,C3,T,5605,1552,K4A8G165WB-BCPB_FBGA96,K4ABG165WA-MCTD_FBGA_96P-T_3SILK
DDR0_DQ2_6,UCPU1,DG47,B,5312,3105,ALDERLAKE-P-CPU_BGA1744,ALDERLAKE-P-CPU_BGA_1744P-T
DDR0_DQ2_7,TB_TP227,1,T,5332,3063,,
DDR0_DQ2_7,U2501,D3,T,5605,1521,K4A8G165WB-BCPB_FBGA96,K4ABG165WA-MCTD_FBGA_96P-T_3SILK
DDR0_DQ2_7,UCPU1,DG50,B,5314,3063,ALDERLAKE-P-CPU_BGA1744,ALDERLAKE-P-CPU_BGA_1744P-T
DDR0_DQ3_0,TB_TP229,1,T,5264,3063,,
DDR0_DQ3_0,U2501,H7,T,5731,1395,K4A8G165WB-BCPB_FBGA96,K4ABG165WA-MCTD_FBGA_96P-T_3SILK
DDR0_DQ3_0,UCPU1,DE50,B,5282,3063,ALDERLAKE-P-CPU_BGA1744,ALDERLAKE-P-CPU_BGA_1744P-T
DDR0_DQ3_1,U2501,H8,T,5762,1395,K4A8G165WB-BCPB_FBGA96,K4ABG165WA-MCTD_FBGA_96P-T_3SILK
DDR0_DQ3_1,UCPU1,DE47,B,5284,3105,ALDERLAKE-P-CPU_BGA1744,ALDERLAKE-P-CPU_BGA_1744P-T
DDR0_DQ3_2,U2501,J7,T,5731,1363,K4A8G165WB-BCPB_FBGA96,K4ABG165WA-MCTD_FBGA_96P-T_3SILK
DDR0_DQ3_2,UCPU1,DC48,B,5260,3083,ALDERLAKE-P-CPU_BGA1744,ALDERLAKE-P-CPU_BGA_1744P-T
DDR0_DQ3_3,TB_TP262,1,T,5284,2993,,
DDR0_DQ3_3,U2501,F7,T,5731,1458,K4A8G165WB-BCPB_FBGA96,K4ABG165WA-MCTD_FBGA_96P-T_3SILK
DDR0_DQ3_3,UCPU1,DE53,B,5278,3013,ALDERLAKE-P-CPU_BGA1744,ALDERLAKE-P-CPU_BGA_1744P-T
DDR0_DQ3_4,TB_TP285,1,T,5151,3025,,
DDR0_DQ3_4,U2501,J3,T,5605,1363,K4A8G165WB-BCPB_FBGA96,K4ABG165WA-MCTD_FBGA_96P-T_3SILK
DDR0_DQ3_4,UCPU1,DA53,B,5216,3013,ALDERLAKE-P-CPU_BGA1744,ALDERLAKE-P-CPU_BGA_1744P-T
DDR0_DQ3_5,U2501,G2,T,5573,1426,K4A8G165WB-BCPB_FBGA96,K4ABG165WA-MCTD_FBGA_96P-T_3SILK
DDR0_DQ3_5,UCPU1,DB48,B,5234,3083,ALDERLAKE-P-CPU_BGA1744,ALDERLAKE-P-CPU_BGA_1744P-T
DDR0_DQ3_6,TB_TP243,1,T,5214,3131,,
DDR0_DQ3_6,U2501,H2,T,5573,1395,K4A8G165WB-BCPB_FBGA96,K4ABG165WA-MCTD_FBGA_96P-T_3SILK
DDR0_DQ3_6,UCPU1,CY47,B,5209,3105,ALDERLAKE-P-CPU_BGA1744,ALDERLAKE-P-CPU_BGA_1744P-T
DDR0_DQ3_7,U2501,H3,T,5605,1395,K4A8G165WB-BCPB_FBGA96,K4ABG165WA-MCTD_FBGA_96P-T_3SILK
DDR0_DQ3_7,UCPU1,CY50,B,5212,3063,ALDERLAKE-P-CPU_BGA1744,ALDERLAKE-P-CPU_BGA_1744P-T
DDR0_DQ4_0,U2701,C8,T,5077,1552,K4A8G165WB-BCPB_FBGA96,K4ABG165WA-MCTD_FBGA_96P-T_3SILK
DDR0_DQ4_0,UCPU1,BW58,B,4880,2928,ALDERLAKE-P-CPU_BGA1744,ALDERLAKE-P-CPU_BGA_1744P-T
DDR0_DQ4_1,U2701,C7,T,5046,1552,K4A8G165WB-BCPB_FBGA96,K4ABG165WA-MCTD_FBGA_96P-T_3SILK
DDR0_DQ4_1,UCPU1,BY57,B,4896,2948,ALDERLAKE-P-CPU_BGA1744,ALDERLAKE-P-CPU_BGA_1744P-T
DDR0_DQ4_2,U2701,B8,T,5077,1584,K4A8G165WB-BCPB_FBGA96,K4ABG165WA-MCTD_FBGA_96P-T_3SILK
DDR0_DQ4_2,UCPU1,BW56,B,4875,2969,ALDERLAKE-P-CPU_BGA1744,ALDERLAKE-P-CPU_BGA_1744P-T
DDR0_DQ4_3,TB_TP306,1,B,4876,2800,,
DDR0_DQ4_3,U2701,D7,T,5046,1521,K4A8G165WB-BCPB_FBGA96,K4ABG165WA-MCTD_FBGA_96P-T_3SILK
DDR0_DQ4_3,UCPU1,BY60,B,4897,2908,ALDERLAKE-P-CPU_BGA1744,ALDERLAKE-P-CPU_BGA_1744P-T
DDR0_DQ4_4,TB_TP307,1,T,4843,2789,,
DDR0_DQ4_4,U2701,C3,T,4920,1552,K4A8G165WB-BCPB_FBGA96,K4ABG165WA-MCTD_FBGA_96P-T_3SILK
DDR0_DQ4_4,UCPU1,BT60,B,4827,2908,ALDERLAKE-P-CPU_BGA1744,ALDERLAKE-P-CPU_BGA_1744P-T
DDR0_DQ4_5,U2701,D3,T,4920,1521,K4A8G165WB-BCPB_FBGA96,K4ABG165WA-MCTD_FBGA_96P-T_3SILK
DDR0_DQ4_5,UCPU1,BU56,B,4848,2969,ALDERLAKE-P-CPU_BGA1744,ALDERLAKE-P-CPU_BGA_1744P-T
DDR0_DQ4_6,U2701,C2,T,4888,1552,K4A8G165WB-BCPB_FBGA96,K4ABG165WA-MCTD_FBGA_96P-T_3SILK
DDR0_DQ4_6,UCPU1,BT57,B,4827,2948,ALDERLAKE-P-CPU_BGA1744,ALDERLAKE-P-CPU_BGA_1744P-T
DDR0_DQ4_7,TB_TP299,1,T,4843,2858,,
DDR0_DQ4_7,U2701,A3,T,4920,1615,K4A8G165WB-BCPB_FBGA96,K4ABG165WA-MCTD_FBGA_96P-T_3SILK
DDR0_DQ4_7,UCPU1,BU58,B,4843,2928,ALDERLAKE-P-CPU_BGA1744,ALDERLAKE-P-CPU_BGA_1744P-T
DDR0_DQ5_0,U2701,F7,T,5046,1458,K4A8G165WB-BCPB_FBGA96,K4ABG165WA-MCTD_FBGA_96P-T_3SILK
DDR0_DQ5_0,UCPU1,BN58,B,4778,2928,ALDERLAKE-P-CPU_BGA1744,ALDERLAKE-P-CPU_BGA_1744P-T
DDR0_DQ5_1,U2701,H7,T,5046,1395,K4A8G165WB-BCPB_FBGA96,K4ABG165WA-MCTD_FBGA_96P-T_3SILK
DDR0_DQ5_1,UCPU1,BP57,B,4794,2948,ALDERLAKE-P-CPU_BGA1744,ALDERLAKE-P-CPU_BGA_1744P-T
DDR0_DQ5_2,TB_TP254,1,T,4773,2823,,
DDR0_DQ5_2,U2701,H8,T,5077,1395,K4A8G165WB-BCPB_FBGA96,K4ABG165WA-MCTD_FBGA_96P-T_3SILK
DDR0_DQ5_2,UCPU1,BN56,B,4773,2969,ALDERLAKE-P-CPU_BGA1744,ALDERLAKE-P-CPU_BGA_1744P-T
DDR0_DQ5_3,TB_TP304,1,B,4773,2800,,
DDR0_DQ5_3,U2701,J7,T,5046,1363,K4A8G165WB-BCPB_FBGA96,K4ABG165WA-MCTD_FBGA_96P-T_3SILK
DDR0_DQ5_3,UCPU1,BP60,B,4794,2908,ALDERLAKE-P-CPU_BGA1744,ALDERLAKE-P-CPU_BGA_1744P-T
DDR0_DQ5_4,U2701,G2,T,4888,1426,K4A8G165WB-BCPB_FBGA96,K4ABG165WA-MCTD_FBGA_96P-T_3SILK
DDR0_DQ5_4,UCPU1,BK60,B,4725,2908,ALDERLAKE-P-CPU_BGA1744,ALDERLAKE-P-CPU_BGA_1744P-T
DDR0_DQ5_5,U2701,J3,T,4920,1363,K4A8G165WB-BCPB_FBGA96,K4ABG165WA-MCTD_FBGA_96P-T_3SILK
DDR0_DQ5_5,UCPU1,BL56,B,4746,2969,ALDERLAKE-P-CPU_BGA1744,ALDERLAKE-P-CPU_BGA_1744P-T
DDR0_DQ5_6,TB_TP305,1,T,4736,2743,,
DDR0_DQ5_6,U2701,H3,T,4920,1395,K4A8G165WB-BCPB_FBGA96,K4ABG165WA-MCTD_FBGA_96P-T_3SILK
DDR0_DQ5_6,UCPU1,BK57,B,4725,2948,ALDERLAKE-P-CPU_BGA1744,ALDERLAKE-P-CPU_BGA_1744P-T
DDR0_DQ5_7,U2701,H2,T,4888,1395,K4A8G165WB-BCPB_FBGA96,K4ABG165WA-MCTD_FBGA_96P-T_3SILK
DDR0_DQ5_7,UCPU1,BL58,B,4741,2928,ALDERLAKE-P-CPU_BGA1744,ALDERLAKE-P-CPU_BGA_1744P-T
DDR0_DQ6_0,TB_TP201,1,T,4879,3063,,
DDR0_DQ6_0,U2801,C7,T,4361,1552,K4A8G165WB-BCPB_FBGA96,K4ABG165WA-MCTD_FBGA_96P-T_3SILK
DDR0_DQ6_0,UCPU1,BY50,B,4897,3063,ALDERLAKE-P-CPU_BGA1744,ALDERLAKE-P-CPU_BGA_1744P-T
DDR0_DQ6_1,U2801,D7,T,4361,1521,K4A8G165WB-BCPB_FBGA96,K4ABG165WA-MCTD_FBGA_96P-T_3SILK
DDR0_DQ6_1,UCPU1,CA47,B,4899,3105,ALDERLAKE-P-CPU_BGA1744,ALDERLAKE-P-CPU_BGA_1744P-T
DDR0_DQ6_2,U2801,B8,T,4392,1584,K4A8G165WB-BCPB_FBGA96,K4ABG165WA-MCTD_FBGA_96P-T_3SILK
DDR0_DQ6_2,UCPU1,BW48,B,4875,3083,ALDERLAKE-P-CPU_BGA1744,ALDERLAKE-P-CPU_BGA_1744P-T
DDR0_DQ6_3,TB_TP250,1,T,4899,2993,,
DDR0_DQ6_3,U2801,C8,T,4392,1552,K4A8G165WB-BCPB_FBGA96,K4ABG165WA-MCTD_FBGA_96P-T_3SILK
DDR0_DQ6_3,UCPU1,BY53,B,4893,3013,ALDERLAKE-P-CPU_BGA1744,ALDERLAKE-P-CPU_BGA_1744P-T
DDR0_DQ6_4,TB_TP315,1,T,4825,2993,,
DDR0_DQ6_4,U2801,D3,T,4235,1521,K4A8G165WB-BCPB_FBGA96,K4ABG165WA-MCTD_FBGA_96P-T_3SILK
DDR0_DQ6_4,UCPU1,BT53,B,4831,3013,ALDERLAKE-P-CPU_BGA1744,ALDERLAKE-P-CPU_BGA_1744P-T
DDR0_DQ6_5,U2801,A3,T,4235,1615,K4A8G165WB-BCPB_FBGA96,K4ABG165WA-MCTD_FBGA_96P-T_3SILK
DDR0_DQ6_5,UCPU1,BU48,B,4849,3083,ALDERLAKE-P-CPU_BGA1744,ALDERLAKE-P-CPU_BGA_1744P-T
DDR0_DQ6_6,U2801,C3,T,4235,1552,K4A8G165WB-BCPB_FBGA96,K4ABG165WA-MCTD_FBGA_96P-T_3SILK
DDR0_DQ6_6,UCPU1,BT47,B,4824,3105,ALDERLAKE-P-CPU_BGA1744,ALDERLAKE-P-CPU_BGA_1744P-T
DDR0_DQ6_7,U2801,C2,T,4203,1552,K4A8G165WB-BCPB_FBGA96,K4ABG165WA-MCTD_FBGA_96P-T_3SILK
DDR0_DQ6_7,UCPU1,BT50,B,4826,3063,ALDERLAKE-P-CPU_BGA1744,ALDERLAKE-P-CPU_BGA_1744P-T
DDR0_DQ7_0,TB_TP310,1,T,4776,3063,,
DDR0_DQ7_0,U2801,H7,T,4361,1395,K4A8G165WB-BCPB_FBGA96,K4ABG165WA-MCTD_FBGA_96P-T_3SILK
DDR0_DQ7_0,UCPU1,BP50,B,4795,3063,ALDERLAKE-P-CPU_BGA1744,ALDERLAKE-P-CPU_BGA_1744P-T
DDR0_DQ7_1,U2801,H8,T,4392,1395,K4A8G165WB-BCPB_FBGA96,K4ABG165WA-MCTD_FBGA_96P-T_3SILK
DDR0_DQ7_1,UCPU1,BP47,B,4797,3105,ALDERLAKE-P-CPU_BGA1744,ALDERLAKE-P-CPU_BGA_1744P-T
DDR0_DQ7_2,U2801,J7,T,4361,1363,K4A8G165WB-BCPB_FBGA96,K4ABG165WA-MCTD_FBGA_96P-T_3SILK
DDR0_DQ7_2,UCPU1,BN48,B,4772,3083,ALDERLAKE-P-CPU_BGA1744,ALDERLAKE-P-CPU_BGA_1744P-T
DDR0_DQ7_3,U2801,F7,T,4361,1458,K4A8G165WB-BCPB_FBGA96,K4ABG165WA-MCTD_FBGA_96P-T_3SILK
DDR0_DQ7_3,UCPU1,BP53,B,4791,3013,ALDERLAKE-P-CPU_BGA1744,ALDERLAKE-P-CPU_BGA_1744P-T
DDR0_DQ7_4,TB_TP277,1,T,4708,3012,,
DDR0_DQ7_4,U2801,G2,T,4203,1426,K4A8G165WB-BCPB_FBGA96,K4ABG165WA-MCTD_FBGA_96P-T_3SILK
DDR0_DQ7_4,UCPU1,BK53,B,4728,3013,ALDERLAKE-P-CPU_BGA1744,ALDERLAKE-P-CPU_BGA_1744P-T
DDR0_DQ7_5,U2801,H2,T,4203,1395,K4A8G165WB-BCPB_FBGA96,K4ABG165WA-MCTD_FBGA_96P-T_3SILK
DDR0_DQ7_5,UCPU1,BL48,B,4747,3083,ALDERLAKE-P-CPU_BGA1744,ALDERLAKE-P-CPU_BGA_1744P-T
DDR0_DQ7_6,TB_TP220,1,T,4727,3131,,
DDR0_DQ7_6,U2801,J3,T,4235,1363,K4A8G165WB-BCPB_FBGA96,K4ABG165WA-MCTD_FBGA_96P-T_3SILK
DDR0_DQ7_6,UCPU1,BJ47,B,4722,3105,ALDERLAKE-P-CPU_BGA1744,ALDERLAKE-P-CPU_BGA_1744P-T
DDR0_DQ7_7,U2801,H3,T,4235,1395,K4A8G165WB-BCPB_FBGA96,K4ABG165WA-MCTD_FBGA_96P-T_3SILK
DDR0_DQ7_7,UCPU1,BJ50,B,4724,3063,ALDERLAKE-P-CPU_BGA1744,ALDERLAKE-P-CPU_BGA_1744P-T
DDR0_DQS0_DN,U2601,A7,T,6416,1615,K4A8G165WB-BCPB_FBGA96,K4ABG165WA-MCTD_FBGA_96P-T_3SILK
DDR0_DQS0_DN,UCPU1,DK61,B,5362,2888,ALDERLAKE-P-CPU_BGA1744,ALDERLAKE-P-CPU_BGA_1744P-T
DDR0_DQS0_DP,U2601,B7,T,6416,1584,K4A8G165WB-BCPB_FBGA96,K4ABG165WA-MCTD_FBGA_96P-T_3SILK
DDR0_DQS0_DP,UCPU1,DH61,B,5336,2888,ALDERLAKE-P-CPU_BGA1744,ALDERLAKE-P-CPU_BGA_1744P-T
DDR0_DQS1_DN,TB_TP233,1,B,5270,2705,,
DDR0_DQS1_DN,U2601,F3,T,6290,1458,K4A8G165WB-BCPB_FBGA96,K4ABG165WA-MCTD_FBGA_96P-T_3SILK
DDR0_DQS1_DN,UCPU1,DC61,B,5260,2888,ALDERLAKE-P-CPU_BGA1744,ALDERLAKE-P-CPU_BGA_1744P-T
DDR0_DQS1_DP,TB_TP208,1,T,5269,2681,,
DDR0_DQS1_DP,U2601,G3,T,6290,1426,K4A8G165WB-BCPB_FBGA96,K4ABG165WA-MCTD_FBGA_96P-T_3SILK
DDR0_DQS1_DP,UCPU1,DB61,B,5234,2888,ALDERLAKE-P-CPU_BGA1744,ALDERLAKE-P-CPU_BGA_1744P-T
DDR0_DQS2_DN,U2501,A7,T,5731,1615,K4A8G165WB-BCPB_FBGA96,K4ABG165WA-MCTD_FBGA_96P-T_3SILK
DDR0_DQS2_DN,UCPU1,DH51,B,5336,3044,ALDERLAKE-P-CPU_BGA1744,ALDERLAKE-P-CPU_BGA_1744P-T
DDR0_DQS2_DP,U2501,B7,T,5731,1584,K4A8G165WB-BCPB_FBGA96,K4ABG165WA-MCTD_FBGA_96P-T_3SILK
DDR0_DQS2_DP,UCPU1,DK51,B,5362,3044,ALDERLAKE-P-CPU_BGA1744,ALDERLAKE-P-CPU_BGA_1744P-T
DDR0_DQS3_DN,U2501,F3,T,5605,1458,K4A8G165WB-BCPB_FBGA96,K4ABG165WA-MCTD_FBGA_96P-T_3SILK
DDR0_DQS3_DN,UCPU1,DB51,B,5234,3044,ALDERLAKE-P-CPU_BGA1744,ALDERLAKE-P-CPU_BGA_1744P-T
DDR0_DQS3_DP,U2501,G3,T,5605,1426,K4A8G165WB-BCPB_FBGA96,K4ABG165WA-MCTD_FBGA_96P-T_3SILK
DDR0_DQS3_DP,UCPU1,DC51,B,5260,3044,ALDERLAKE-P-CPU_BGA1744,ALDERLAKE-P-CPU_BGA_1744P-T
DDR0_DQS4_DN,TB_TP309,1,T,4876,2708,,
DDR0_DQS4_DN,U2701,A7,T,5046,1615,K4A8G165WB-BCPB_FBGA96,K4ABG165WA-MCTD_FBGA_96P-T_3SILK
DDR0_DQS4_DN,UCPU1,BW61,B,4875,2888,ALDERLAKE-P-CPU_BGA1744,ALDERLAKE-P-CPU_BGA_1744P-T
DDR0_DQS4_DP,TB_TP263,1,B,4876,2685,,
DDR0_DQS4_DP,U2701,B7,T,5046,1584,K4A8G165WB-BCPB_FBGA96,K4ABG165WA-MCTD_FBGA_96P-T_3SILK
DDR0_DQS4_DP,UCPU1,BU61,B,4849,2888,ALDERLAKE-P-CPU_BGA1744,ALDERLAKE-P-CPU_BGA_1744P-T
DDR0_DQS5_DN,U2701,F3,T,4920,1458,K4A8G165WB-BCPB_FBGA96,K4ABG165WA-MCTD_FBGA_96P-T_3SILK
DDR0_DQS5_DN,UCPU1,BN61,B,4772,2888,ALDERLAKE-P-CPU_BGA1744,ALDERLAKE-P-CPU_BGA_1744P-T
DDR0_DQS5_DP,TB_TP225,1,T,4773,2685,,
DDR0_DQS5_DP,U2701,G3,T,4920,1426,K4A8G165WB-BCPB_FBGA96,K4ABG165WA-MCTD_FBGA_96P-T_3SILK
DDR0_DQS5_DP,UCPU1,BL61,B,4747,2888,ALDERLAKE-P-CPU_BGA1744,ALDERLAKE-P-CPU_BGA_1744P-T
DDR0_DQS6_DN,U2801,A7,T,4361,1615,K4A8G165WB-BCPB_FBGA96,K4ABG165WA-MCTD_FBGA_96P-T_3SILK
DDR0_DQS6_DN,UCPU1,BU51,B,4849,3044,ALDERLAKE-P-CPU_BGA1744,ALDERLAKE-P-CPU_BGA_1744P-T
DDR0_DQS6_DP,U2801,B7,T,4361,1584,K4A8G165WB-BCPB_FBGA96,K4ABG165WA-MCTD_FBGA_96P-T_3SILK
DDR0_DQS6_DP,UCPU1,BW51,B,4875,3044,ALDERLAKE-P-CPU_BGA1744,ALDERLAKE-P-CPU_BGA_1744P-T
DDR0_DQS7_DN,U2801,F3,T,4235,1458,K4A8G165WB-BCPB_FBGA96,K4ABG165WA-MCTD_FBGA_96P-T_3SILK
DDR0_DQS7_DN,UCPU1,BL51,B,4747,3044,ALDERLAKE-P-CPU_BGA1744,ALDERLAKE-P-CPU_BGA_1744P-T
DDR0_DQS7_DP,U2801,G3,T,4235,1426,K4A8G165WB-BCPB_FBGA96,K4ABG165WA-MCTD_FBGA_96P-T_3SILK
DDR0_DQS7_DP,UCPU1,BN51,B,4772,3044,ALDERLAKE-P-CPU_BGA1744,ALDERLAKE-P-CPU_BGA_1744P-T
DDR0_MA0,R2617,1,T,4039,1136,1/20W_36_1%_0201,R0201_11P811
DDR0_MA0,U2501,P3,T,5605,1206,K4A8G165WB-BCPB_FBGA96,K4ABG165WA-MCTD_FBGA_96P-T_3SILK
DDR0_MA0,U2601,P3,T,6290,1206,K4A8G165WB-BCPB_FBGA96,K4ABG165WA-MCTD_FBGA_96P-T_3SILK
DDR0_MA0,U2701,P3,T,4920,1206,K4A8G165WB-BCPB_FBGA96,K4ABG165WA-MCTD_FBGA_96P-T_3SILK
DDR0_MA0,U2801,P3,T,4235,1206,K4A8G165WB-BCPB_FBGA96,K4ABG165WA-MCTD_FBGA_96P-T_3SILK
DDR0_MA0,UCPU1,CJ50,B,5039,3063,ALDERLAKE-P-CPU_BGA1744,ALDERLAKE-P-CPU_BGA_1744P-T
DDR0_MA1,R2616,1,T,4363,1054,1/20W_36_1%_0201,R0201_11P811
DDR0_MA1,TB_TP286,1,B,5162,2794,,
DDR0_MA1,U2501,P7,T,5731,1206,K4A8G165WB-BCPB_FBGA96,K4ABG165WA-MCTD_FBGA_96P-T_3SILK
DDR0_MA1,U2601,P7,T,6416,1206,K4A8G165WB-BCPB_FBGA96,K4ABG165WA-MCTD_FBGA_96P-T_3SILK
DDR0_MA1,U2701,P7,T,5046,1206,K4A8G165WB-BCPB_FBGA96,K4ABG165WA-MCTD_FBGA_96P-T_3SILK
DDR0_MA1,U2801,P7,T,4361,1206,K4A8G165WB-BCPB_FBGA96,K4ABG165WA-MCTD_FBGA_96P-T_3SILK
DDR0_MA1,UCPU1,CV57,B,5179,2948,ALDERLAKE-P-CPU_BGA1744,ALDERLAKE-P-CPU_BGA_1744P-T
DDR0_MA10,R2607,1,T,4039,1205,1/20W_36_1%_0201,R0201_11P811
DDR0_MA10,U2501,M3,T,5605,1269,K4A8G165WB-BCPB_FBGA96,K4ABG165WA-MCTD_FBGA_96P-T_3SILK
DDR0_MA10,U2601,M3,T,6290,1269,K4A8G165WB-BCPB_FBGA96,K4ABG165WA-MCTD_FBGA_96P-T_3SILK
DDR0_MA10,U2701,M3,T,4920,1269,K4A8G165WB-BCPB_FBGA96,K4ABG165WA-MCTD_FBGA_96P-T_3SILK
DDR0_MA10,U2801,M3,T,4235,1269,K4A8G165WB-BCPB_FBGA96,K4ABG165WA-MCTD_FBGA_96P-T_3SILK
DDR0_MA10,UCPU1,CK47,B,5041,3105,ALDERLAKE-P-CPU_BGA1744,ALDERLAKE-P-CPU_BGA_1744P-T
DDR0_MA11,R2606,1,T,4068,1055,1/20W_36_1%_0201,R0201_11P811
DDR0_MA11,U2501,T2,T,5573,1143,K4A8G165WB-BCPB_FBGA96,K4ABG165WA-MCTD_FBGA_96P-T_3SILK
DDR0_MA11,U2601,T2,T,6258,1143,K4A8G165WB-BCPB_FBGA96,K4ABG165WA-MCTD_FBGA_96P-T_3SILK
DDR0_MA11,U2701,T2,T,4888,1143,K4A8G165WB-BCPB_FBGA96,K4ABG165WA-MCTD_FBGA_96P-T_3SILK
DDR0_MA11,U2801,T2,T,4203,1143,K4A8G165WB-BCPB_FBGA96,K4ABG165WA-MCTD_FBGA_96P-T_3SILK
DDR0_MA11,UCPU1,CJ60,B,5038,2908,ALDERLAKE-P-CPU_BGA1744,ALDERLAKE-P-CPU_BGA_1744P-T
DDR0_MA12,R2605,1,T,4250,1055,1/20W_36_1%_0201,R0201_11P811
DDR0_MA12,TB_TP216,1,T,5079,2988,,
DDR0_MA12,U2501,M7,T,5731,1269,K4A8G165WB-BCPB_FBGA96,K4ABG165WA-MCTD_FBGA_96P-T_3SILK
DDR0_MA12,U2601,M7,T,6416,1269,K4A8G165WB-BCPB_FBGA96,K4ABG165WA-MCTD_FBGA_96P-T_3SILK
DDR0_MA12,U2701,M7,T,5046,1269,K4A8G165WB-BCPB_FBGA96,K4ABG165WA-MCTD_FBGA_96P-T_3SILK
DDR0_MA12,U2801,M7,T,4361,1269,K4A8G165WB-BCPB_FBGA96,K4ABG165WA-MCTD_FBGA_96P-T_3SILK
DDR0_MA12,UCPU1,CH56,B,5017,2969,ALDERLAKE-P-CPU_BGA1744,ALDERLAKE-P-CPU_BGA_1744P-T
DDR0_MA13,R2604,1,T,4453,1054,1/20W_36_1%_0201,R0201_11P811
DDR0_MA13,U2501,T8,T,5762,1143,K4A8G165WB-BCPB_FBGA96,K4ABG165WA-MCTD_FBGA_96P-T_3SILK
DDR0_MA13,U2601,T8,T,6447,1143,K4A8G165WB-BCPB_FBGA96,K4ABG165WA-MCTD_FBGA_96P-T_3SILK
DDR0_MA13,U2701,T8,T,5077,1143,K4A8G165WB-BCPB_FBGA96,K4ABG165WA-MCTD_FBGA_96P-T_3SILK
DDR0_MA13,U2801,T8,T,4392,1143,K4A8G165WB-BCPB_FBGA96,K4ABG165WA-MCTD_FBGA_96P-T_3SILK
DDR0_MA13,UCPU1,CU48,B,5152,3087,ALDERLAKE-P-CPU_BGA1744,ALDERLAKE-P-CPU_BGA_1744P-T
DDR0_MA14,R2603,1,T,4039,1314,1/20W_36_1%_0201,R0201_11P811
DDR0_MA14,U2501,L2,T,5573,1300,K4A8G165WB-BCPB_FBGA96,K4ABG165WA-MCTD_FBGA_96P-T_3SILK
DDR0_MA14,U2601,L2,T,6258,1300,K4A8G165WB-BCPB_FBGA96,K4ABG165WA-MCTD_FBGA_96P-T_3SILK
DDR0_MA14,U2701,L2,T,4888,1300,K4A8G165WB-BCPB_FBGA96,K4ABG165WA-MCTD_FBGA_96P-T_3SILK
DDR0_MA14,U2801,L2,T,4203,1300,K4A8G165WB-BCPB_FBGA96,K4ABG165WA-MCTD_FBGA_96P-T_3SILK
DDR0_MA14,UCPU1,CP53,B,5114,3013,ALDERLAKE-P-CPU_BGA1744,ALDERLAKE-P-CPU_BGA_1744P-T
DDR0_MA15,R2602,1,T,4560,1291,1/20W_36_1%_0201,R0201_11P811
DDR0_MA15,U2501,M8,T,5762,1269,K4A8G165WB-BCPB_FBGA96,K4ABG165WA-MCTD_FBGA_96P-T_3SILK
DDR0_MA15,U2601,M8,T,6447,1269,K4A8G165WB-BCPB_FBGA96,K4ABG165WA-MCTD_FBGA_96P-T_3SILK
DDR0_MA15,U2701,M8,T,5077,1269,K4A8G165WB-BCPB_FBGA96,K4ABG165WA-MCTD_FBGA_96P-T_3SILK
DDR0_MA15,U2801,M8,T,4392,1269,K4A8G165WB-BCPB_FBGA96,K4ABG165WA-MCTD_FBGA_96P-T_3SILK
DDR0_MA15,UCPU1,CT46,B,5149,3115,ALDERLAKE-P-CPU_BGA1744,ALDERLAKE-P-CPU_BGA_1744P-T
DDR0_MA16,R2601,1,T,4560,1365,1/20W_36_1%_0201,R0201_11P811
DDR0_MA16,U2501,L8,T,5762,1300,K4A8G165WB-BCPB_FBGA96,K4ABG165WA-MCTD_FBGA_96P-T_3SILK
DDR0_MA16,U2601,L8,T,6447,1300,K4A8G165WB-BCPB_FBGA96,K4ABG165WA-MCTD_FBGA_96P-T_3SILK
DDR0_MA16,U2701,L8,T,5077,1300,K4A8G165WB-BCPB_FBGA96,K4ABG165WA-MCTD_FBGA_96P-T_3SILK
DDR0_MA16,U2801,L8,T,4392,1300,K4A8G165WB-BCPB_FBGA96,K4ABG165WA-MCTD_FBGA_96P-T_3SILK
DDR0_MA16,UCPU1,CM53,B,5074,3010,ALDERLAKE-P-CPU_BGA1744,ALDERLAKE-P-CPU_BGA_1744P-T
DDR0_MA2,R2615,1,T,4159,1055,1/20W_36_1%_0201,R0201_11P811
DDR0_MA2,U2501,R3,T,5605,1174,K4A8G165WB-BCPB_FBGA96,K4ABG165WA-MCTD_FBGA_96P-T_3SILK
DDR0_MA2,U2601,R3,T,6290,1174,K4A8G165WB-BCPB_FBGA96,K4ABG165WA-MCTD_FBGA_96P-T_3SILK
DDR0_MA2,U2701,R3,T,4920,1174,K4A8G165WB-BCPB_FBGA96,K4ABG165WA-MCTD_FBGA_96P-T_3SILK
DDR0_MA2,U2801,R3,T,4235,1174,K4A8G165WB-BCPB_FBGA96,K4ABG165WA-MCTD_FBGA_96P-T_3SILK
DDR0_MA2,UCPU1,CC50,B,4932,3061,ALDERLAKE-P-CPU_BGA1744,ALDERLAKE-P-CPU_BGA_1744P-T
DDR0_MA3,R2614,1,T,4341,1054,1/20W_36_1%_0201,R0201_11P811
DDR0_MA3,U2501,N7,T,5731,1237,K4A8G165WB-BCPB_FBGA96,K4ABG165WA-MCTD_FBGA_96P-T_3SILK
DDR0_MA3,U2601,N7,T,6416,1237,K4A8G165WB-BCPB_FBGA96,K4ABG165WA-MCTD_FBGA_96P-T_3SILK
DDR0_MA3,U2701,N7,T,5046,1237,K4A8G165WB-BCPB_FBGA96,K4ABG165WA-MCTD_FBGA_96P-T_3SILK
DDR0_MA3,U2801,N7,T,4361,1237,K4A8G165WB-BCPB_FBGA96,K4ABG165WA-MCTD_FBGA_96P-T_3SILK
DDR0_MA3,UCPU1,CV60,B,5179,2908,ALDERLAKE-P-CPU_BGA1744,ALDERLAKE-P-CPU_BGA_1744P-T
DDR0_MA4,R2613,1,T,4039,1159,1/20W_36_1%_0201,R0201_11P811
DDR0_MA4,U2501,N3,T,5605,1237,K4A8G165WB-BCPB_FBGA96,K4ABG165WA-MCTD_FBGA_96P-T_3SILK
DDR0_MA4,U2601,N3,T,6290,1237,K4A8G165WB-BCPB_FBGA96,K4ABG165WA-MCTD_FBGA_96P-T_3SILK
DDR0_MA4,U2701,N3,T,4920,1237,K4A8G165WB-BCPB_FBGA96,K4ABG165WA-MCTD_FBGA_96P-T_3SILK
DDR0_MA4,U2801,N3,T,4235,1237,K4A8G165WB-BCPB_FBGA96,K4ABG165WA-MCTD_FBGA_96P-T_3SILK
DDR0_MA4,UCPU1,CR56,B,5131,2969,ALDERLAKE-P-CPU_BGA1744,ALDERLAKE-P-CPU_BGA_1744P-T
DDR0_MA5,R2612,1,T,4560,1183,1/20W_36_1%_0201,R0201_11P811
DDR0_MA5,TB_TP287,1,T,5160,2818,,
DDR0_MA5,U2501,P8,T,5762,1206,K4A8G165WB-BCPB_FBGA96,K4ABG165WA-MCTD_FBGA_96P-T_3SILK
DDR0_MA5,U2601,P8,T,6447,1206,K4A8G165WB-BCPB_FBGA96,K4ABG165WA-MCTD_FBGA_96P-T_3SILK
DDR0_MA5,U2701,P8,T,5077,1206,K4A8G165WB-BCPB_FBGA96,K4ABG165WA-MCTD_FBGA_96P-T_3SILK
DDR0_MA5,U2801,P8,T,4392,1206,K4A8G165WB-BCPB_FBGA96,K4ABG165WA-MCTD_FBGA_96P-T_3SILK
DDR0_MA5,UCPU1,CM60,B,5077,2907,ALDERLAKE-P-CPU_BGA1744,ALDERLAKE-P-CPU_BGA_1744P-T
DDR0_MA6,R2611,1,T,4039,1113,1/20W_36_1%_0201,R0201_11P811
DDR0_MA6,TB_TP283,1,T,5075,2807,,
DDR0_MA6,U2501,P2,T,5573,1206,K4A8G165WB-BCPB_FBGA96,K4ABG165WA-MCTD_FBGA_96P-T_3SILK
DDR0_MA6,U2601,P2,T,6258,1206,K4A8G165WB-BCPB_FBGA96,K4ABG165WA-MCTD_FBGA_96P-T_3SILK
DDR0_MA6,U2701,P2,T,4888,1206,K4A8G165WB-BCPB_FBGA96,K4ABG165WA-MCTD_FBGA_96P-T_3SILK
DDR0_MA6,U2801,P2,T,4203,1206,K4A8G165WB-BCPB_FBGA96,K4ABG165WA-MCTD_FBGA_96P-T_3SILK
DDR0_MA6,UCPU1,CM57,B,5078,2949,ALDERLAKE-P-CPU_BGA1744,ALDERLAKE-P-CPU_BGA_1744P-T
DDR0_MA7,R2610,1,T,4522,1054,1/20W_36_1%_0201,R0201_11P811
DDR0_MA7,U2501,R8,T,5762,1174,K4A8G165WB-BCPB_FBGA96,K4ABG165WA-MCTD_FBGA_96P-T_3SILK
DDR0_MA7,U2601,R8,T,6447,1174,K4A8G165WB-BCPB_FBGA96,K4ABG165WA-MCTD_FBGA_96P-T_3SILK
DDR0_MA7,U2701,R8,T,5077,1174,K4A8G165WB-BCPB_FBGA96,K4ABG165WA-MCTD_FBGA_96P-T_3SILK
DDR0_MA7,U2801,R8,T,4392,1174,K4A8G165WB-BCPB_FBGA96,K4ABG165WA-MCTD_FBGA_96P-T_3SILK
DDR0_MA7,UCPU1,CL55,B,5068,2972,ALDERLAKE-P-CPU_BGA1744,ALDERLAKE-P-CPU_BGA_1744P-T
DDR0_MA8,R2609,1,T,4039,1089,1/20W_36_1%_0201,R0201_11P811
DDR0_MA8,TB_TP311,1,T,5108,2867,,
DDR0_MA8,U2501,R2,T,5573,1174,K4A8G165WB-BCPB_FBGA96,K4ABG165WA-MCTD_FBGA_96P-T_3SILK
DDR0_MA8,U2601,R2,T,6258,1174,K4A8G165WB-BCPB_FBGA96,K4ABG165WA-MCTD_FBGA_96P-T_3SILK
DDR0_MA8,U2701,R2,T,4888,1174,K4A8G165WB-BCPB_FBGA96,K4ABG165WA-MCTD_FBGA_96P-T_3SILK
DDR0_MA8,U2801,R2,T,4203,1174,K4A8G165WB-BCPB_FBGA96,K4ABG165WA-MCTD_FBGA_96P-T_3SILK
DDR0_MA8,UCPU1,CP60,B,5110,2908,ALDERLAKE-P-CPU_BGA1744,ALDERLAKE-P-CPU_BGA_1744P-T
DDR0_MA9,R2608,1,T,4431,1054,1/20W_36_1%_0201,R0201_11P811
DDR0_MA9,TB_TP298,1,T,5018,2869,,
DDR0_MA9,U2501,R7,T,5731,1174,K4A8G165WB-BCPB_FBGA96,K4ABG165WA-MCTD_FBGA_96P-T_3SILK
DDR0_MA9,U2601,R7,T,6416,1174,K4A8G165WB-BCPB_FBGA96,K4ABG165WA-MCTD_FBGA_96P-T_3SILK
DDR0_MA9,U2701,R7,T,5046,1174,K4A8G165WB-BCPB_FBGA96,K4ABG165WA-MCTD_FBGA_96P-T_3SILK
DDR0_MA9,U2801,R7,T,4361,1174,K4A8G165WB-BCPB_FBGA96,K4ABG165WA-MCTD_FBGA_96P-T_3SILK
DDR0_MA9,UCPU1,CH58,B,5022,2928,ALDERLAKE-P-CPU_BGA1744,ALDERLAKE-P-CPU_BGA_1744P-T
DDR0_ODT0,R2625,1,T,4039,1360,1/20W_36_1%_0201,R0201_11P811
DDR0_ODT0,U2501,K3,T,5605,1332,K4A8G165WB-BCPB_FBGA96,K4ABG165WA-MCTD_FBGA_96P-T_3SILK
DDR0_ODT0,U2601,K3,T,6290,1332,K4A8G165WB-BCPB_FBGA96,K4ABG165WA-MCTD_FBGA_96P-T_3SILK
DDR0_ODT0,U2701,K3,T,4920,1332,K4A8G165WB-BCPB_FBGA96,K4ABG165WA-MCTD_FBGA_96P-T_3SILK
DDR0_ODT0,U2801,K3,T,4235,1332,K4A8G165WB-BCPB_FBGA96,K4ABG165WA-MCTD_FBGA_96P-T_3SILK
DDR0_ODT0,UCPU1,CM50,B,5074,3061,ALDERLAKE-P-CPU_BGA1744,ALDERLAKE-P-CPU_BGA_1744P-T
DDR0_PARITY,R2623,1,T,4137,1055,1/20W_36_1%_0201,R0201_11P811
DDR0_PARITY,U2501,T3,T,5605,1143,K4A8G165WB-BCPB_FBGA96,K4ABG165WA-MCTD_FBGA_96P-T_3SILK
DDR0_PARITY,U2601,T3,T,6290,1143,K4A8G165WB-BCPB_FBGA96,K4ABG165WA-MCTD_FBGA_96P-T_3SILK
DDR0_PARITY,U2701,T3,T,4920,1143,K4A8G165WB-BCPB_FBGA96,K4ABG165WA-MCTD_FBGA_96P-T_3SILK
DDR0_PARITY,U2801,T3,T,4235,1143,K4A8G165WB-BCPB_FBGA96,K4ABG165WA-MCTD_FBGA_96P-T_3SILK
DDR0_PARITY,UCPU1,CH48,B,5011,3087,ALDERLAKE-P-CPU_BGA1744,ALDERLAKE-P-CPU_BGA_1744P-T
DDR0_VREF_CA,C0601,2,T,5389,1187,0.022U_6.3V_K_X5R_0201,C0201_12P992_BA
DDR0_VREF_CA,R0608,1,T,5389,1208,1/20W_2.74_1%_0201,R0201_11P811
DDR0_VREF_CA,TB_TP288,1,T,4590,2575,,
DDR0_VREF_CA,UCPU1,BG60,B,4691,2907,ALDERLAKE-P-CPU_BGA1744,ALDERLAKE-P-CPU_BGA_1744P-T
DDR0_VREF_CA_R,C0601,1,T,5389,1164,0.022U_6.3V_K_X5R_0201,C0201_12P992_BA
DDR0_VREF_CA_R,R0609,2,T,5391,1141,1/20W_24.9_1%_0201,R0201_11P811
DDR1_ACT_N,JDDR1,114,B,5094,1827,ARGOS_D4ASL-26010-1P40,ARGOS_D4ASL-26010-1P40_260P
DDR1_ACT_N,TB_TP228,1,T,4257,2816,,
DDR1_ACT_N,UCPU1,AC57,B,4307,2948,ALDERLAKE-P-CPU_BGA1744,ALDERLAKE-P-CPU_BGA_1744P-T
DDR1_ALERT_N,JDDR1,116,B,5114,1827,ARGOS_D4ASL-26010-1P40,ARGOS_D4ASL-26010-1P40_260P
DDR1_ALERT_N,TB_TP393,1,T,4682,2691,,
DDR1_ALERT_N,UCPU1,BG57,B,4693,2949,ALDERLAKE-P-CPU_BGA1744,ALDERLAKE-P-CPU_BGA_1744P-T
DDR1_BA0,JDDR1,150,B,5527,1827,ARGOS_D4ASL-26010-1P40,ARGOS_D4ASL-26010-1P40_260P
DDR1_BA0,UCPU1,AC53,B,4303,3013,ALDERLAKE-P-CPU_BGA1744,ALDERLAKE-P-CPU_BGA_1744P-T
DDR1_BA1,JDDR1,145,B,5478,2150,ARGOS_D4ASL-26010-1P40,ARGOS_D4ASL-26010-1P40_260P
DDR1_BA1,TB_TP300,1,T,4343,3124,,
DDR1_BA1,UCPU1,AE47,B,4343,3105,ALDERLAKE-P-CPU_BGA1744,ALDERLAKE-P-CPU_BGA_1744P-T
DDR1_BG0,JDDR1,115,B,5104,2150,ARGOS_D4ASL-26010-1P40,ARGOS_D4ASL-26010-1P40_260P
DDR1_BG0,TB_TP294,1,T,5015,2012,,
DDR1_BG0,UCPU1,W60,B,4237,2908,ALDERLAKE-P-CPU_BGA1744,ALDERLAKE-P-CPU_BGA_1744P-T
DDR1_BG1,JDDR1,113,B,5084,2150,ARGOS_D4ASL-26010-1P40,ARGOS_D4ASL-26010-1P40_260P
DDR1_BG1,TB_TP244,1,B,4202,2807,,
DDR1_BG1,UCPU1,U57,B,4206,2949,ALDERLAKE-P-CPU_BGA1744,ALDERLAKE-P-CPU_BGA_1744P-T
DDR1_CKE0,JDDR1,109,B,5045,2150,ARGOS_D4ASL-26010-1P40,ARGOS_D4ASL-26010-1P40_260P
DDR1_CKE0,TB_TP197,1,T,4202,2761,,
DDR1_CKE0,UCPU1,T55,B,4196,2972,ALDERLAKE-P-CPU_BGA1744,ALDERLAKE-P-CPU_BGA_1744P-T
DDR1_CKE1,JDDR1,110,B,5055,1827,ARGOS_D4ASL-26010-1P40,ARGOS_D4ASL-26010-1P40_260P
DDR1_CKE1,TB_TP211,1,T,4962,1936,,
DDR1_CKE1,UCPU1,T60,B,4204,2907,ALDERLAKE-P-CPU_BGA1744,ALDERLAKE-P-CPU_BGA_1744P-T
DDR1_CLK0_DN,JDDR1,139,B,5340,2150,ARGOS_D4ASL-26010-1P40,ARGOS_D4ASL-26010-1P40_260P
DDR1_CLK0_DN,TB_TP325,1,T,4396,2845,,
DDR1_CLK0_DN,UCPU1,AJ61,B,4401,2888,ALDERLAKE-P-CPU_BGA1744,ALDERLAKE-P-CPU_BGA_1744P-T
DDR1_CLK0_DP,JDDR1,137,B,5321,2150,ARGOS_D4ASL-26010-1P40,ARGOS_D4ASL-26010-1P40_260P
DDR1_CLK0_DP,UCPU1,AL61,B,4426,2888,ALDERLAKE-P-CPU_BGA1744,ALDERLAKE-P-CPU_BGA_1744P-T
DDR1_CLK1_DN,JDDR1,140,B,5350,1827,ARGOS_D4ASL-26010-1P40,ARGOS_D4ASL-26010-1P40_260P
DDR1_CLK1_DN,UCPU1,V49,B,4227,3068,ALDERLAKE-P-CPU_BGA1744,ALDERLAKE-P-CPU_BGA_1744P-T
DDR1_CLK1_DP,JDDR1,138,B,5331,1827,ARGOS_D4ASL-26010-1P40,ARGOS_D4ASL-26010-1P40_260P
DDR1_CLK1_DP,UCPU1,V48,B,4224,3093,ALDERLAKE-P-CPU_BGA1744,ALDERLAKE-P-CPU_BGA_1744P-T
DDR1_CS0,JDDR1,149,B,5518,2150,ARGOS_D4ASL-26010-1P40,ARGOS_D4ASL-26010-1P40_260P
DDR1_CS0,UCPU1,AM50,B,4449,3063,ALDERLAKE-P-CPU_BGA1744,ALDERLAKE-P-CPU_BGA_1744P-T
DDR1_CS1,JDDR1,157,B,5596,2150,ARGOS_D4ASL-26010-1P40,ARGOS_D4ASL-26010-1P40_260P
DDR1_CS1,UCPU1,AM47,B,4451,3105,ALDERLAKE-P-CPU_BGA1744,ALDERLAKE-P-CPU_BGA_1744P-T
DDR1_DQ0_0,JDDR1,225,B,6266,2150,ARGOS_D4ASL-26010-1P40,ARGOS_D4ASL-26010-1P40_260P
DDR1_DQ0_0,TB_TP195,1,T,6266,2096,,
DDR1_DQ0_0,UCPU1,BD58,B,4637,2928,ALDERLAKE-P-CPU_BGA1744,ALDERLAKE-P-CPU_BGA_1744P-T
DDR1_DQ0_1,JDDR1,224,B,6256,1827,ARGOS_D4ASL-26010-1P40,ARGOS_D4ASL-26010-1P40_260P
DDR1_DQ0_1,TB_TP335,1,T,6253,1882,,
DDR1_DQ0_1,UCPU1,BE57,B,4653,2948,ALDERLAKE-P-CPU_BGA1744,ALDERLAKE-P-CPU_BGA_1744P-T
DDR1_DQ0_2,JDDR1,229,B,6305,2150,ARGOS_D4ASL-26010-1P40,ARGOS_D4ASL-26010-1P40_260P
DDR1_DQ0_2,TB_TP278,1,T,4632,2823,,
DDR1_DQ0_2,UCPU1,BD56,B,4631,2969,ALDERLAKE-P-CPU_BGA1744,ALDERLAKE-P-CPU_BGA_1744P-T
DDR1_DQ0_3,JDDR1,228,B,6295,1827,ARGOS_D4ASL-26010-1P40,ARGOS_D4ASL-26010-1P40_260P
DDR1_DQ0_3,UCPU1,BE60,B,4653,2908,ALDERLAKE-P-CPU_BGA1744,ALDERLAKE-P-CPU_BGA_1744P-T
DDR1_DQ0_4,JDDR1,215,B,6167,2150,ARGOS_D4ASL-26010-1P40,ARGOS_D4ASL-26010-1P40_260P
DDR1_DQ0_4,TB_TP226,1,T,6130,2046,,
DDR1_DQ0_4,UCPU1,BA60,B,4583,2908,ALDERLAKE-P-CPU_BGA1744,ALDERLAKE-P-CPU_BGA_1744P-T
DDR1_DQ0_5,JDDR1,216,B,6177,1827,ARGOS_D4ASL-26010-1P40,ARGOS_D4ASL-26010-1P40_260P
DDR1_DQ0_5,TB_TP337,1,B,4599,2812,,
DDR1_DQ0_5,UCPU1,BB56,B,4605,2969,ALDERLAKE-P-CPU_BGA1744,ALDERLAKE-P-CPU_BGA_1744P-T
DDR1_DQ0_6,JDDR1,211,B,6128,2150,ARGOS_D4ASL-26010-1P40,ARGOS_D4ASL-26010-1P40_260P
DDR1_DQ0_6,TB_TP324,1,T,4599,2743,,
DDR1_DQ0_6,UCPU1,BA57,B,4584,2948,ALDERLAKE-P-CPU_BGA1744,ALDERLAKE-P-CPU_BGA_1744P-T
DDR1_DQ0_7,JDDR1,212,B,6138,1827,ARGOS_D4ASL-26010-1P40,ARGOS_D4ASL-26010-1P40_260P
DDR1_DQ0_7,TB_TP272,1,T,6138,1877,,
DDR1_DQ0_7,UCPU1,BB58,B,4599,2928,ALDERLAKE-P-CPU_BGA1744,ALDERLAKE-P-CPU_BGA_1744P-T
DDR1_DQ1_0,JDDR1,203,B,6049,2150,ARGOS_D4ASL-26010-1P40,ARGOS_D4ASL-26010-1P40_260P
DDR1_DQ1_0,UCPU1,AU58,B,4535,2928,ALDERLAKE-P-CPU_BGA1744,ALDERLAKE-P-CPU_BGA_1744P-T
DDR1_DQ1_1,JDDR1,204,B,6059,1827,ARGOS_D4ASL-26010-1P40,ARGOS_D4ASL-26010-1P40_260P
DDR1_DQ1_1,UCPU1,AV57,B,4550,2948,ALDERLAKE-P-CPU_BGA1744,ALDERLAKE-P-CPU_BGA_1744P-T
DDR1_DQ1_2,JDDR1,207,B,6088,2150,ARGOS_D4ASL-26010-1P40,ARGOS_D4ASL-26010-1P40_260P
DDR1_DQ1_2,UCPU1,AU56,B,4529,2969,ALDERLAKE-P-CPU_BGA1744,ALDERLAKE-P-CPU_BGA_1744P-T
DDR1_DQ1_3,JDDR1,208,B,6098,1827,ARGOS_D4ASL-26010-1P40,ARGOS_D4ASL-26010-1P40_260P
DDR1_DQ1_3,TB_TP248,1,T,6060,1943,,
DDR1_DQ1_3,UCPU1,AV60,B,4551,2908,ALDERLAKE-P-CPU_BGA1744,ALDERLAKE-P-CPU_BGA_1744P-T
DDR1_DQ1_4,JDDR1,191,B,5931,2150,ARGOS_D4ASL-26010-1P40,ARGOS_D4ASL-26010-1P40_260P
DDR1_DQ1_4,TB_TP334,1,T,5931,2096,,
DDR1_DQ1_4,UCPU1,AP60,B,4481,2908,ALDERLAKE-P-CPU_BGA1744,ALDERLAKE-P-CPU_BGA_1744P-T
DDR1_DQ1_5,JDDR1,194,B,5960,1827,ARGOS_D4ASL-26010-1P40,ARGOS_D4ASL-26010-1P40_260P
DDR1_DQ1_5,TB_TP293,1,B,4497,2812,,
DDR1_DQ1_5,UCPU1,AR56,B,4502,2969,ALDERLAKE-P-CPU_BGA1744,ALDERLAKE-P-CPU_BGA_1744P-T
DDR1_DQ1_6,JDDR1,195,B,5970,2150,ARGOS_D4ASL-26010-1P40,ARGOS_D4ASL-26010-1P40_260P
DDR1_DQ1_6,TB_TP260,1,T,4497,2743,,
DDR1_DQ1_6,UCPU1,AP57,B,4481,2948,ALDERLAKE-P-CPU_BGA1744,ALDERLAKE-P-CPU_BGA_1744P-T
DDR1_DQ1_7,JDDR1,190,B,5921,1827,ARGOS_D4ASL-26010-1P40,ARGOS_D4ASL-26010-1P40_260P
DDR1_DQ1_7,TB_TP256,1,T,4497,2858,,
DDR1_DQ1_7,UCPU1,AR58,B,4497,2928,ALDERLAKE-P-CPU_BGA1744,ALDERLAKE-P-CPU_BGA_1744P-T
DDR1_DQ2_0,JDDR1,249,B,6502,2150,ARGOS_D4ASL-26010-1P40,ARGOS_D4ASL-26010-1P40_260P
DDR1_DQ2_0,UCPU1,BE50,B,4653,3063,ALDERLAKE-P-CPU_BGA1744,ALDERLAKE-P-CPU_BGA_1744P-T
DDR1_DQ2_1,JDDR1,246,B,6472,1827,ARGOS_D4ASL-26010-1P40,ARGOS_D4ASL-26010-1P40_260P
DDR1_DQ2_1,UCPU1,BE47,B,4656,3105,ALDERLAKE-P-CPU_BGA1744,ALDERLAKE-P-CPU_BGA_1744P-T
DDR1_DQ2_2,JDDR1,250,B,6512,1827,ARGOS_D4ASL-26010-1P40,ARGOS_D4ASL-26010-1P40_260P
DDR1_DQ2_2,UCPU1,BD48,B,4631,3083,ALDERLAKE-P-CPU_BGA1744,ALDERLAKE-P-CPU_BGA_1744P-T
DDR1_DQ2_3,JDDR1,245,B,6462,2150,ARGOS_D4ASL-26010-1P40,ARGOS_D4ASL-26010-1P40_260P
DDR1_DQ2_3,UCPU1,BE53,B,4649,3013,ALDERLAKE-P-CPU_BGA1744,ALDERLAKE-P-CPU_BGA_1744P-T
DDR1_DQ2_4,JDDR1,232,B,6334,1827,ARGOS_D4ASL-26010-1P40,ARGOS_D4ASL-26010-1P40_260P
DDR1_DQ2_4,TB_TP234,1,T,6332,1895,,
DDR1_DQ2_4,UCPU1,BA53,B,4587,3013,ALDERLAKE-P-CPU_BGA1744,ALDERLAKE-P-CPU_BGA_1744P-T
DDR1_DQ2_5,JDDR1,237,B,6384,2150,ARGOS_D4ASL-26010-1P40,ARGOS_D4ASL-26010-1P40_260P
DDR1_DQ2_5,TB_TP292,1,T,4599,3102,,
DDR1_DQ2_5,UCPU1,BB48,B,4605,3083,ALDERLAKE-P-CPU_BGA1744,ALDERLAKE-P-CPU_BGA_1744P-T
DDR1_DQ2_6,JDDR1,236,B,6374,1827,ARGOS_D4ASL-26010-1P40,ARGOS_D4ASL-26010-1P40_260P
DDR1_DQ2_6,UCPU1,AY47,B,4581,3105,ALDERLAKE-P-CPU_BGA1744,ALDERLAKE-P-CPU_BGA_1744P-T
DDR1_DQ2_7,JDDR1,233,B,6344,2150,ARGOS_D4ASL-26010-1P40,ARGOS_D4ASL-26010-1P40_260P
DDR1_DQ2_7,TB_TP289,1,T,6344,2096,,
DDR1_DQ2_7,UCPU1,BA50,B,4583,3063,ALDERLAKE-P-CPU_BGA1744,ALDERLAKE-P-CPU_BGA_1744P-T
DDR1_DQ3_0,JDDR1,186,B,5882,1827,ARGOS_D4ASL-26010-1P40,ARGOS_D4ASL-26010-1P40_260P
DDR1_DQ3_0,UCPU1,AV50,B,4551,3063,ALDERLAKE-P-CPU_BGA1744,ALDERLAKE-P-CPU_BGA_1744P-T
DDR1_DQ3_1,JDDR1,187,B,5892,2150,ARGOS_D4ASL-26010-1P40,ARGOS_D4ASL-26010-1P40_260P
DDR1_DQ3_1,UCPU1,AW47,B,4553,3105,ALDERLAKE-P-CPU_BGA1744,ALDERLAKE-P-CPU_BGA_1744P-T
DDR1_DQ3_2,JDDR1,182,B,5842,1827,ARGOS_D4ASL-26010-1P40,ARGOS_D4ASL-26010-1P40_260P
DDR1_DQ3_2,TB_TP284,1,T,5846,1879,,
DDR1_DQ3_2,UCPU1,AU48,B,4529,3083,ALDERLAKE-P-CPU_BGA1744,ALDERLAKE-P-CPU_BGA_1744P-T
DDR1_DQ3_3,JDDR1,183,B,5852,2150,ARGOS_D4ASL-26010-1P40,ARGOS_D4ASL-26010-1P40_260P
DDR1_DQ3_3,TB_TP318,1,T,5852,2096,,
DDR1_DQ3_3,UCPU1,AV53,B,4547,3013,ALDERLAKE-P-CPU_BGA1744,ALDERLAKE-P-CPU_BGA_1744P-T
DDR1_DQ3_4,JDDR1,173,B,5754,2150,ARGOS_D4ASL-26010-1P40,ARGOS_D4ASL-26010-1P40_260P
DDR1_DQ3_4,UCPU1,AP53,B,4485,3013,ALDERLAKE-P-CPU_BGA1744,ALDERLAKE-P-CPU_BGA_1744P-T
DDR1_DQ3_5,JDDR1,174,B,5764,1827,ARGOS_D4ASL-26010-1P40,ARGOS_D4ASL-26010-1P40_260P
DDR1_DQ3_5,TB_TP200,1,T,4497,3102,,
DDR1_DQ3_5,UCPU1,AR48,B,4503,3083,ALDERLAKE-P-CPU_BGA1744,ALDERLAKE-P-CPU_BGA_1744P-T
DDR1_DQ3_6,JDDR1,170,B,5724,1827,ARGOS_D4ASL-26010-1P40,ARGOS_D4ASL-26010-1P40_260P
DDR1_DQ3_6,UCPU1,AP47,B,4478,3105,ALDERLAKE-P-CPU_BGA1744,ALDERLAKE-P-CPU_BGA_1744P-T
DDR1_DQ3_7,JDDR1,169,B,5714,2150,ARGOS_D4ASL-26010-1P40,ARGOS_D4ASL-26010-1P40_260P
DDR1_DQ3_7,TB_TP230,1,T,5714,2096,,
DDR1_DQ3_7,UCPU1,AP50,B,4480,3063,ALDERLAKE-P-CPU_BGA1744,ALDERLAKE-P-CPU_BGA_1744P-T
DDR1_DQ4_0,JDDR1,41,B,4376,2150,ARGOS_D4ASL-26010-1P40,ARGOS_D4ASL-26010-1P40_260P
DDR1_DQ4_0,UCPU1,C51,B,3999,3042,ALDERLAKE-P-CPU_BGA1744,ALDERLAKE-P-CPU_BGA_1744P-T
DDR1_DQ4_1,JDDR1,37,B,4336,2150,ARGOS_D4ASL-26010-1P40,ARGOS_D4ASL-26010-1P40_260P
DDR1_DQ4_1,TB_TP238,1,T,3823,2930,,
DDR1_DQ4_1,UCPU1,E52,B,4019,3026,ALDERLAKE-P-CPU_BGA1744,ALDERLAKE-P-CPU_BGA_1744P-T
DDR1_DQ4_2,JDDR1,38,B,4346,1827,ARGOS_D4ASL-26010-1P40,ARGOS_D4ASL-26010-1P40_260P
DDR1_DQ4_2,TB_TP329,1,T,3888,2995,,
DDR1_DQ4_2,UCPU1,F51,B,4040,3047,ALDERLAKE-P-CPU_BGA1744,ALDERLAKE-P-CPU_BGA_1744P-T
DDR1_DQ4_3,JDDR1,42,B,4386,1827,ARGOS_D4ASL-26010-1P40,ARGOS_D4ASL-26010-1P40_260P
DDR1_DQ4_3,TB_TP316,1,T,4326,1951,,
DDR1_DQ4_3,UCPU1,B52,B,3979,3026,ALDERLAKE-P-CPU_BGA1744,ALDERLAKE-P-CPU_BGA_1744P-T
DDR1_DQ4_4,JDDR1,29,B,4258,2150,ARGOS_D4ASL-26010-1P40,ARGOS_D4ASL-26010-1P40_260P
DDR1_DQ4_4,UCPU1,B48,B,3979,3095,ALDERLAKE-P-CPU_BGA1744,ALDERLAKE-P-CPU_BGA_1744P-T
DDR1_DQ4_5,JDDR1,25,B,4218,2150,ARGOS_D4ASL-26010-1P40,ARGOS_D4ASL-26010-1P40_260P
DDR1_DQ4_5,TB_TP199,1,T,4218,2083,,
DDR1_DQ4_5,UCPU1,F49,B,4040,3074,ALDERLAKE-P-CPU_BGA1744,ALDERLAKE-P-CPU_BGA_1744P-T
DDR1_DQ4_6,JDDR1,28,B,4248,1827,ARGOS_D4ASL-26010-1P40,ARGOS_D4ASL-26010-1P40_260P
DDR1_DQ4_6,TB_TP207,1,T,3808,3043,,
DDR1_DQ4_6,UCPU1,E48,B,4019,3095,ALDERLAKE-P-CPU_BGA1744,ALDERLAKE-P-CPU_BGA_1744P-T
DDR1_DQ4_7,JDDR1,24,B,4208,1827,ARGOS_D4ASL-26010-1P40,ARGOS_D4ASL-26010-1P40_260P
DDR1_DQ4_7,TB_TP213,1,T,4190,1903,,
DDR1_DQ4_7,UCPU1,C49,B,3999,3079,ALDERLAKE-P-CPU_BGA1744,ALDERLAKE-P-CPU_BGA_1744P-T
DDR1_DQ5_0,JDDR1,20,B,4169,1827,ARGOS_D4ASL-26010-1P40,ARGOS_D4ASL-26010-1P40_260P
DDR1_DQ5_0,UCPU1,C45,B,3999,3144,ALDERLAKE-P-CPU_BGA1744,ALDERLAKE-P-CPU_BGA_1744P-T
DDR1_DQ5_1,JDDR1,17,B,4140,2150,ARGOS_D4ASL-26010-1P40,ARGOS_D4ASL-26010-1P40_260P
DDR1_DQ5_1,TB_TP321,1,B,3877,3100,,
DDR1_DQ5_1,UCPU1,E46,B,4019,3128,ALDERLAKE-P-CPU_BGA1744,ALDERLAKE-P-CPU_BGA_1744P-T
DDR1_DQ5_2,JDDR1,21,B,4179,2150,ARGOS_D4ASL-26010-1P40,ARGOS_D4ASL-26010-1P40_260P
DDR1_DQ5_2,TB_TP249,1,T,3921,3125,,
DDR1_DQ5_2,UCPU1,F44,B,4040,3149,ALDERLAKE-P-CPU_BGA1744,ALDERLAKE-P-CPU_BGA_1744P-T
DDR1_DQ5_3,JDDR1,16,B,4130,1827,ARGOS_D4ASL-26010-1P40,ARGOS_D4ASL-26010-1P40_260P
DDR1_DQ5_3,UCPU1,B46,B,3979,3128,ALDERLAKE-P-CPU_BGA1744,ALDERLAKE-P-CPU_BGA_1744P-T
DDR1_DQ5_4,JDDR1,8,B,4051,1827,ARGOS_D4ASL-26010-1P40,ARGOS_D4ASL-26010-1P40_260P
DDR1_DQ5_4,UCPU1,B41,B,3979,3197,ALDERLAKE-P-CPU_BGA1744,ALDERLAKE-P-CPU_BGA_1744P-T
DDR1_DQ5_5,JDDR1,3,B,4002,2150,ARGOS_D4ASL-26010-1P40,ARGOS_D4ASL-26010-1P40_260P
DDR1_DQ5_5,TB_TP212,1,T,3963,2063,,
DDR1_DQ5_5,UCPU1,F43,B,4040,3176,ALDERLAKE-P-CPU_BGA1744,ALDERLAKE-P-CPU_BGA_1744P-T
DDR1_DQ5_6,JDDR1,7,B,4041,2150,ARGOS_D4ASL-26010-1P40,ARGOS_D4ASL-26010-1P40_260P
DDR1_DQ5_6,UCPU1,C42,B,3999,3181,ALDERLAKE-P-CPU_BGA1744,ALDERLAKE-P-CPU_BGA_1744P-T
DDR1_DQ5_7,JDDR1,4,B,4012,1827,ARGOS_D4ASL-26010-1P40,ARGOS_D4ASL-26010-1P40_260P
DDR1_DQ5_7,TB_TP219,1,T,3964,1923,,
DDR1_DQ5_7,UCPU1,E41,B,4019,3197,ALDERLAKE-P-CPU_BGA1744,ALDERLAKE-P-CPU_BGA_1744P-T
DDR1_DQ6_0,JDDR1,58,B,4543,1827,ARGOS_D4ASL-26010-1P40,ARGOS_D4ASL-26010-1P40_260P
DDR1_DQ6_0,TB_TP331,1,T,4583,1932,,
DDR1_DQ6_0,UCPU1,N58,B,4149,2928,ALDERLAKE-P-CPU_BGA1744,ALDERLAKE-P-CPU_BGA_1744P-T
DDR1_DQ6_1,JDDR1,63,B,4592,2150,ARGOS_D4ASL-26010-1P40,ARGOS_D4ASL-26010-1P40_260P
DDR1_DQ6_1,UCPU1,P57,B,4165,2948,ALDERLAKE-P-CPU_BGA1744,ALDERLAKE-P-CPU_BGA_1744P-T
DDR1_DQ6_2,JDDR1,62,B,4582,1827,ARGOS_D4ASL-26010-1P40,ARGOS_D4ASL-26010-1P40_260P
DDR1_DQ6_2,TB_TP252,1,T,4145,2823,,
DDR1_DQ6_2,UCPU1,N56,B,4144,2969,ALDERLAKE-P-CPU_BGA1744,ALDERLAKE-P-CPU_BGA_1744P-T
DDR1_DQ6_3,JDDR1,59,B,4553,2150,ARGOS_D4ASL-26010-1P40,ARGOS_D4ASL-26010-1P40_260P
DDR1_DQ6_3,TB_TP205,1,T,4553,2058,,
DDR1_DQ6_3,UCPU1,P60,B,4165,2908,ALDERLAKE-P-CPU_BGA1744,ALDERLAKE-P-CPU_BGA_1744P-T
DDR1_DQ6_4,JDDR1,46,B,4425,1827,ARGOS_D4ASL-26010-1P40,ARGOS_D4ASL-26010-1P40_260P
DDR1_DQ6_4,UCPU1,K60,B,4096,2908,ALDERLAKE-P-CPU_BGA1744,ALDERLAKE-P-CPU_BGA_1744P-T
DDR1_DQ6_5,JDDR1,45,B,4415,2150,ARGOS_D4ASL-26010-1P40,ARGOS_D4ASL-26010-1P40_260P
DDR1_DQ6_5,TB_TP231,1,B,4096,2819,,
DDR1_DQ6_5,UCPU1,L56,B,4117,2969,ALDERLAKE-P-CPU_BGA1744,ALDERLAKE-P-CPU_BGA_1744P-T
DDR1_DQ6_6,JDDR1,50,B,4464,1827,ARGOS_D4ASL-26010-1P40,ARGOS_D4ASL-26010-1P40_260P
DDR1_DQ6_6,TB_TP270,1,T,4407,1950,,
DDR1_DQ6_6,UCPU1,K57,B,4096,2948,ALDERLAKE-P-CPU_BGA1744,ALDERLAKE-P-CPU_BGA_1744P-T
DDR1_DQ6_7,JDDR1,49,B,4455,2150,ARGOS_D4ASL-26010-1P40,ARGOS_D4ASL-26010-1P40_260P
DDR1_DQ6_7,UCPU1,L58,B,4112,2928,ALDERLAKE-P-CPU_BGA1744,ALDERLAKE-P-CPU_BGA_1744P-T
DDR1_DQ7_0,JDDR1,79,B,4750,2150,ARGOS_D4ASL-26010-1P40,ARGOS_D4ASL-26010-1P40_260P
DDR1_DQ7_0,TB_TP297,1,T,4168,2993,,
DDR1_DQ7_0,UCPU1,P53,B,4162,3013,ALDERLAKE-P-CPU_BGA1744,ALDERLAKE-P-CPU_BGA_1744P-T
DDR1_DQ7_1,JDDR1,84,B,4799,1827,ARGOS_D4ASL-26010-1P40,ARGOS_D4ASL-26010-1P40_260P
DDR1_DQ7_1,TB_TP279,1,T,4202,3080,,
DDR1_DQ7_1,UCPU1,P50,B,4166,3063,ALDERLAKE-P-CPU_BGA1744,ALDERLAKE-P-CPU_BGA_1744P-T
DDR1_DQ7_2,JDDR1,71,B,4671,2150,ARGOS_D4ASL-26010-1P40,ARGOS_D4ASL-26010-1P40_260P
DDR1_DQ7_2,UCPU1,K53,B,4100,3013,ALDERLAKE-P-CPU_BGA1744,ALDERLAKE-P-CPU_BGA_1744P-T
DDR1_DQ7_3,JDDR1,66,B,4622,1827,ARGOS_D4ASL-26010-1P40,ARGOS_D4ASL-26010-1P40_260P
DDR1_DQ7_3,TB_TP317,1,T,4055,2954,,
DDR1_DQ7_3,UCPU1,H56,B,4065,2970,ALDERLAKE-P-CPU_BGA1744,ALDERLAKE-P-CPU_BGA_1744P-T
DDR1_DQ7_4,JDDR1,83,B,4789,2150,ARGOS_D4ASL-26010-1P40,ARGOS_D4ASL-26010-1P40_260P
DDR1_DQ7_4,TB_TP193,1,T,4789,2098,,
DDR1_DQ7_4,UCPU1,L48,B,4118,3083,ALDERLAKE-P-CPU_BGA1744,ALDERLAKE-P-CPU_BGA_1744P-T
DDR1_DQ7_5,JDDR1,67,B,4632,2150,ARGOS_D4ASL-26010-1P40,ARGOS_D4ASL-26010-1P40_260P
DDR1_DQ7_5,UCPU1,F54,B,4040,2993,ALDERLAKE-P-CPU_BGA1744,ALDERLAKE-P-CPU_BGA_1744P-T
DDR1_DQ7_6,JDDR1,70,B,4661,1827,ARGOS_D4ASL-26010-1P40,ARGOS_D4ASL-26010-1P40_260P
DDR1_DQ7_6,UCPU1,F58,B,4035,2939,ALDERLAKE-P-CPU_BGA1744,ALDERLAKE-P-CPU_BGA_1744P-T
DDR1_DQ7_7,JDDR1,80,B,4760,1827,ARGOS_D4ASL-26010-1P40,ARGOS_D4ASL-26010-1P40_260P
DDR1_DQ7_7,TB_TP222,1,T,4114,3063,,
DDR1_DQ7_7,UCPU1,K50,B,4095,3063,ALDERLAKE-P-CPU_BGA1744,ALDERLAKE-P-CPU_BGA_1744P-T
DDR1_DQS0_DN,JDDR1,219,B,6207,2150,ARGOS_D4ASL-26010-1P40,ARGOS_D4ASL-26010-1P40_260P
DDR1_DQS0_DN,TB_TP276,1,B,4632,2708,,
DDR1_DQS0_DN,UCPU1,BD61,B,4631,2888,ALDERLAKE-P-CPU_BGA1744,ALDERLAKE-P-CPU_BGA_1744P-T
DDR1_DQS0_DP,JDDR1,221,B,6226,2150,ARGOS_D4ASL-26010-1P40,ARGOS_D4ASL-26010-1P40_260P
DDR1_DQS0_DP,UCPU1,BB61,B,4605,2888,ALDERLAKE-P-CPU_BGA1744,ALDERLAKE-P-CPU_BGA_1744P-T
DDR1_DQS1_DN,JDDR1,198,B,6000,1827,ARGOS_D4ASL-26010-1P40,ARGOS_D4ASL-26010-1P40_260P
DDR1_DQS1_DN,TB_TP236,1,B,4530,2708,,
DDR1_DQS1_DN,TB_TP237,1,T,5980,1903,,
DDR1_DQS1_DN,UCPU1,AU61,B,4529,2888,ALDERLAKE-P-CPU_BGA1744,ALDERLAKE-P-CPU_BGA_1744P-T
DDR1_DQS1_DP,JDDR1,200,B,6019,1827,ARGOS_D4ASL-26010-1P40,ARGOS_D4ASL-26010-1P40_260P
DDR1_DQS1_DP,UCPU1,AR61,B,4503,2888,ALDERLAKE-P-CPU_BGA1744,ALDERLAKE-P-CPU_BGA_1744P-T
DDR1_DQS2_DN,JDDR1,240,B,6413,1827,ARGOS_D4ASL-26010-1P40,ARGOS_D4ASL-26010-1P40_260P
DDR1_DQS2_DN,UCPU1,BB51,B,4605,3044,ALDERLAKE-P-CPU_BGA1744,ALDERLAKE-P-CPU_BGA_1744P-T
DDR1_DQS2_DP,JDDR1,242,B,6433,1827,ARGOS_D4ASL-26010-1P40,ARGOS_D4ASL-26010-1P40_260P
DDR1_DQS2_DP,TB_TP339,1,T,4631,3023,,
DDR1_DQS2_DP,UCPU1,BD51,B,4631,3044,ALDERLAKE-P-CPU_BGA1744,ALDERLAKE-P-CPU_BGA_1744P-T
DDR1_DQS3_DN,JDDR1,177,B,5793,2150,ARGOS_D4ASL-26010-1P40,ARGOS_D4ASL-26010-1P40_260P
DDR1_DQS3_DN,UCPU1,AR51,B,4503,3044,ALDERLAKE-P-CPU_BGA1744,ALDERLAKE-P-CPU_BGA_1744P-T
DDR1_DQS3_DP,JDDR1,179,B,5813,2150,ARGOS_D4ASL-26010-1P40,ARGOS_D4ASL-26010-1P40_260P
DDR1_DQS3_DP,TB_TP224,1,T,4527,3025,,
DDR1_DQS3_DP,UCPU1,AU51,B,4529,3044,ALDERLAKE-P-CPU_BGA1744,ALDERLAKE-P-CPU_BGA_1744P-T
DDR1_DQS4_DN,JDDR1,32,B,4287,1827,ARGOS_D4ASL-26010-1P40,ARGOS_D4ASL-26010-1P40_260P
DDR1_DQS4_DN,UCPU1,A51,B,3959,3048,ALDERLAKE-P-CPU_BGA1744,ALDERLAKE-P-CPU_BGA_1744P-T
DDR1_DQS4_DP,JDDR1,34,B,4307,1827,ARGOS_D4ASL-26010-1P40,ARGOS_D4ASL-26010-1P40_260P
DDR1_DQS4_DP,TB_TP204,1,B,3826,2989,,
DDR1_DQS4_DP,UCPU1,A49,B,3959,3073,ALDERLAKE-P-CPU_BGA1744,ALDERLAKE-P-CPU_BGA_1744P-T
DDR1_DQS5_DN,JDDR1,11,B,4081,2150,ARGOS_D4ASL-26010-1P40,ARGOS_D4ASL-26010-1P40_260P
DDR1_DQS5_DN,TB_TP264,1,T,3829,3127,,
DDR1_DQS5_DN,UCPU1,A44,B,3959,3150,ALDERLAKE-P-CPU_BGA1744,ALDERLAKE-P-CPU_BGA_1744P-T
DDR1_DQS5_DP,JDDR1,13,B,4100,2150,ARGOS_D4ASL-26010-1P40,ARGOS_D4ASL-26010-1P40_260P
DDR1_DQS5_DP,TB_TP240,1,B,3806,3127,,
DDR1_DQS5_DP,TB_TP241,1,T,4060,2046,,
DDR1_DQS5_DP,UCPU1,A43,B,3959,3175,ALDERLAKE-P-CPU_BGA1744,ALDERLAKE-P-CPU_BGA_1744P-T
DDR1_DQS6_DN,JDDR1,53,B,4494,2150,ARGOS_D4ASL-26010-1P40,ARGOS_D4ASL-26010-1P40_260P
DDR1_DQS6_DN,TB_TP269,1,T,4467,2027,,
DDR1_DQS6_DN,UCPU1,L61,B,4118,2888,ALDERLAKE-P-CPU_BGA1744,ALDERLAKE-P-CPU_BGA_1744P-T
DDR1_DQS6_DP,JDDR1,55,B,4514,2150,ARGOS_D4ASL-26010-1P40,ARGOS_D4ASL-26010-1P40_260P
DDR1_DQS6_DP,UCPU1,N61,B,4143,2888,ALDERLAKE-P-CPU_BGA1744,ALDERLAKE-P-CPU_BGA_1744P-T
DDR1_DQS7_DN,JDDR1,74,B,4701,1827,ARGOS_D4ASL-26010-1P40,ARGOS_D4ASL-26010-1P40_260P
DDR1_DQS7_DN,UCPU1,L51,B,4118,3044,ALDERLAKE-P-CPU_BGA1744,ALDERLAKE-P-CPU_BGA_1744P-T
DDR1_DQS7_DP,JDDR1,76,B,4720,1827,ARGOS_D4ASL-26010-1P40,ARGOS_D4ASL-26010-1P40_260P
DDR1_DQS7_DP,TB_TP246,1,T,4688,1932,,
DDR1_DQS7_DP,UCPU1,N51,B,4143,3044,ALDERLAKE-P-CPU_BGA1744,ALDERLAKE-P-CPU_BGA_1744P-T
DDR1_MA0,JDDR1,144,B,5390,1827,ARGOS_D4ASL-26010-1P40,ARGOS_D4ASL-26010-1P40_260P
DDR1_MA0,TB_TP322,1,T,4283,3021,,
DDR1_MA0,UCPU1,AC50,B,4307,3063,ALDERLAKE-P-CPU_BGA1744,ALDERLAKE-P-CPU_BGA_1744P-T
DDR1_MA1,JDDR1,133,B,5281,2150,ARGOS_D4ASL-26010-1P40,ARGOS_D4ASL-26010-1P40_260P
DDR1_MA1,TB_TP218,1,B,4430,2792,,
DDR1_MA1,UCPU1,AM60,B,4448,2908,ALDERLAKE-P-CPU_BGA1744,ALDERLAKE-P-CPU_BGA_1744P-T
DDR1_MA10,JDDR1,146,B,5488,1827,ARGOS_D4ASL-26010-1P40,ARGOS_D4ASL-26010-1P40_260P
DDR1_MA10,UCPU1,AC47,B,4310,3105,ALDERLAKE-P-CPU_BGA1744,ALDERLAKE-P-CPU_BGA_1744P-T
DDR1_MA11,JDDR1,120,B,5153,1827,ARGOS_D4ASL-26010-1P40,ARGOS_D4ASL-26010-1P40_260P
DDR1_MA11,TB_TP332,1,T,4255,2670,,
DDR1_MA11,UCPU1,AB56,B,4285,2969,ALDERLAKE-P-CPU_BGA1744,ALDERLAKE-P-CPU_BGA_1744P-T
DDR1_MA12,JDDR1,119,B,5144,2150,ARGOS_D4ASL-26010-1P40,ARGOS_D4ASL-26010-1P40_260P
DDR1_MA12,UCPU1,AB58,B,4291,2928,ALDERLAKE-P-CPU_BGA1744,ALDERLAKE-P-CPU_BGA_1744P-T
DDR1_MA13,JDDR1,158,B,5606,1827,ARGOS_D4ASL-26010-1P40,ARGOS_D4ASL-26010-1P40_260P
DDR1_MA13,TB_TP267,1,T,4430,3063,,
DDR1_MA13,UCPU1,AK48,B,4421,3087,ALDERLAKE-P-CPU_BGA1744,ALDERLAKE-P-CPU_BGA_1744P-T
DDR1_MA14,JDDR1,151,B,5537,2150,ARGOS_D4ASL-26010-1P40,ARGOS_D4ASL-26010-1P40_260P
DDR1_MA14,TB_TP196,1,T,4376,2993,,
DDR1_MA14,UCPU1,AH53,B,4382,3013,ALDERLAKE-P-CPU_BGA1744,ALDERLAKE-P-CPU_BGA_1744P-T
DDR1_MA15,JDDR1,156,B,5586,1827,ARGOS_D4ASL-26010-1P40,ARGOS_D4ASL-26010-1P40_260P
DDR1_MA15,UCPU1,AK46,B,4418,3115,ALDERLAKE-P-CPU_BGA1744,ALDERLAKE-P-CPU_BGA_1744P-T
DDR1_MA16,JDDR1,152,B,5547,1827,ARGOS_D4ASL-26010-1P40,ARGOS_D4ASL-26010-1P40_260P
DDR1_MA16,UCPU1,AE53,B,4343,3010,ALDERLAKE-P-CPU_BGA1744,ALDERLAKE-P-CPU_BGA_1744P-T
DDR1_MA2,JDDR1,132,B,5271,1827,ARGOS_D4ASL-26010-1P40,ARGOS_D4ASL-26010-1P40_260P
DDR1_MA2,UCPU1,T50,B,4201,3061,ALDERLAKE-P-CPU_BGA1744,ALDERLAKE-P-CPU_BGA_1744P-T
DDR1_MA3,JDDR1,131,B,5262,2150,ARGOS_D4ASL-26010-1P40,ARGOS_D4ASL-26010-1P40_260P
DDR1_MA3,UCPU1,AM57,B,4448,2948,ALDERLAKE-P-CPU_BGA1744,ALDERLAKE-P-CPU_BGA_1744P-T
DDR1_MA4,JDDR1,128,B,5232,1827,ARGOS_D4ASL-26010-1P40,ARGOS_D4ASL-26010-1P40_260P
DDR1_MA4,UCPU1,AJ56,B,4400,2969,ALDERLAKE-P-CPU_BGA1744,ALDERLAKE-P-CPU_BGA_1744P-T
DDR1_MA5,JDDR1,126,B,5212,1827,ARGOS_D4ASL-26010-1P40,ARGOS_D4ASL-26010-1P40_260P
DDR1_MA5,TB_TP221,1,T,4343,2715,,
DDR1_MA5,UCPU1,AE60,B,4345,2907,ALDERLAKE-P-CPU_BGA1744,ALDERLAKE-P-CPU_BGA_1744P-T
DDR1_MA6,JDDR1,127,B,5222,2150,ARGOS_D4ASL-26010-1P40,ARGOS_D4ASL-26010-1P40_260P
DDR1_MA6,TB_TP202,1,B,4343,2807,,
DDR1_MA6,UCPU1,AF57,B,4347,2949,ALDERLAKE-P-CPU_BGA1744,ALDERLAKE-P-CPU_BGA_1744P-T
DDR1_MA7,JDDR1,122,B,5173,1827,ARGOS_D4ASL-26010-1P40,ARGOS_D4ASL-26010-1P40_260P
DDR1_MA7,TB_TP215,1,T,5125,1945,,
DDR1_MA7,UCPU1,AE55,B,4337,2972,ALDERLAKE-P-CPU_BGA1744,ALDERLAKE-P-CPU_BGA_1744P-T
DDR1_MA8,JDDR1,125,B,5203,2150,ARGOS_D4ASL-26010-1P40,ARGOS_D4ASL-26010-1P40_260P
DDR1_MA8,TB_TP217,1,T,4395,2766,,
DDR1_MA8,UCPU1,AH60,B,4379,2908,ALDERLAKE-P-CPU_BGA1744,ALDERLAKE-P-CPU_BGA_1744P-T
DDR1_MA9,JDDR1,121,B,5163,2150,ARGOS_D4ASL-26010-1P40,ARGOS_D4ASL-26010-1P40_260P
DDR1_MA9,TB_TP302,1,B,4275,2798,,
DDR1_MA9,UCPU1,AC60,B,4307,2908,ALDERLAKE-P-CPU_BGA1744,ALDERLAKE-P-CPU_BGA_1744P-T
DDR1_ODT0,JDDR1,155,B,5577,2150,ARGOS_D4ASL-26010-1P40,ARGOS_D4ASL-26010-1P40_260P
DDR1_ODT0,TB_TP198,1,T,5501,2010,,
DDR1_ODT0,UCPU1,AE50,B,4343,3061,ALDERLAKE-P-CPU_BGA1744,ALDERLAKE-P-CPU_BGA_1744P-T
DDR1_ODT1,JDDR1,161,B,5636,2150,ARGOS_D4ASL-26010-1P40,ARGOS_D4ASL-26010-1P40_260P
DDR1_ODT1,TB_TP194,1,T,5615,2076,,
DDR1_ODT1,UCPU1,AM53,B,4445,3013,ALDERLAKE-P-CPU_BGA1744,ALDERLAKE-P-CPU_BGA_1744P-T
DDR1_PARITY,JDDR1,143,B,5380,2150,ARGOS_D4ASL-26010-1P40,ARGOS_D4ASL-26010-1P40_260P
DDR1_PARITY,UCPU1,AA48,B,4280,3087,ALDERLAKE-P-CPU_BGA1744,ALDERLAKE-P-CPU_BGA_1744P-T
DDR1_VREF_CA,C0701,2,T,5640,1970,0.022U_6.3V_K_X5R_0201,C0201_12P992_BA
DDR1_VREF_CA,R0703,1,T,5640,1947,1/20W_2_1%_0201,R0201_11P811
DDR1_VREF_CA,TB_TP257,1,T,5639,2007,,
DDR1_VREF_CA,UCPU1,BG55,B,4683,2972,ALDERLAKE-P-CPU_BGA1744,ALDERLAKE-P-CPU_BGA_1744P-T
DDR1_VREF_CA_R,C0701,1,T,5663,1970,0.022U_6.3V_K_X5R_0201,C0201_12P992_BA
DDR1_VREF_CA_R,R0704,2,T,5685,1970,1/20W_24.9_1%_0201,R0201_11P811
DDR_RCOMP,R0602,1,B,3783,2902,1/20W_100_1%_0201,R0201_11P811
DDR_RCOMP,TB_TP856,1,B,3757,2863,,
DDR_RCOMP,UCPU1,A56,B,3959,2957,ALDERLAKE-P-CPU_BGA1744,ALDERLAKE-P-CPU_BGA_1744P-T
DDR_RCOMP,UCPU1,B56,B,3984,2964,ALDERLAKE-P-CPU_BGA1744,ALDERLAKE-P-CPU_BGA_1744P-T
DDR_VTT_PG_CTRL,PR0606,1,B,6677,2716,0_0402_SP,R0402_SHORT
DDR_VTT_PG_CTRL,Q0601,1,B,3785,2810,DTC015TMT2L_VMT3,DTC015TMT2L_VMT3
DDR_VTT_PG_CTRL,R0605,1,B,3756,2807,1/20W_100K_5%_0201,R0201_11P811
DDR_VTT_PG_CTRL,TB_TP1227,1,B,6541,2589,,
DDR_VTT_PG_CTRL_R,Q0601,3,B,3831,2794,DTC015TMT2L_VMT3,DTC015TMT2L_VMT3
DDR_VTT_PG_CTRL_R,R0601,2,B,3809,2767,1/20W_10K_5%_0201,R0201_11P811
DDR_VTT_PG_CTRL_R,TB_TP290,1,B,3747,2554,,
DDR_VTT_PG_CTRL_R,UCPU1,BG50,B,4689,3061,ALDERLAKE-P-CPU_BGA1744,ALDERLAKE-P-CPU_BGA_1744P-T
DGFX_PWRGD,C1120,2,B,6078,3021,2200P_25V_K_X7R_0201,C0201_12P992_BA
DGFX_PWRGD,R3203,1,B,6657,3472,0_0201_SP,R0201_SHORT
DGFX_PWRGD,R4004,2,B,6670,3422,1/20W_10K_5%_0201,R0201_11P811
DGFX_PWRGD,TB_TP1075,1,B,6614,3405,,
DGFX_PWRGD,U3201,4,B,6667,3356,MC74VHC1G09DFT2G_SC70-5,MC74VHC1G09DFT2G_SC70-5
DGFX_PWRGD,UCPU1,EW48,B,5813,3086,ALDERLAKE-P-CPU_BGA1744,ALDERLAKE-P-CPU_BGA_1744P-T
DGFX_VRAM_ID0,R99238,2,T,5518,3001,1/20W_10K_5%_0201,R0201_11P811
DGFX_VRAM_ID0,R99241,1,T,5511,2966,1/20W_10K_5%_0201,R0201_11P811
DGFX_VRAM_ID0,UCPU1,DV54,B,5486,2999,ALDERLAKE-P-CPU_BGA1744,ALDERLAKE-P-CPU_BGA_1744P-T
DGFX_VRAM_ID1,R99240,1,T,5559,3007,1/20W_10K_5%_0201,R0201_11P811
DGFX_VRAM_ID1,R99254,2,T,5583,3034,1/20W_10K_5%_0201,R0201_11P811
DGFX_VRAM_ID1,UCPU1,DV52,B,5486,3025,ALDERLAKE-P-CPU_BGA1744,ALDERLAKE-P-CPU_BGA_1744P-T
DH1_CHG,PQ0201,1,B,2141,1045,BSC0924NDI_PG-TISON-8-9,BSC0924NDI_PG-TISON-8-9
DH1_CHG,PU0201,31,B,2923,1277,BQ25710RSNR_QFN32_4X4,BQ25710RSNR_QFN32_4X4
DH1_CHG,TB_TP748,1,T,2823,1299,,
DH2_CHG,PQ0202,1,B,2557,1067,SIZ340DTT1_POWERPAIR_3X3-9-10,SIZ340DTT1_POWERPAIR-3X3-9-10
DH2_CHG,PU0201,24,B,2947,1159,BQ25710RSNR_QFN32_4X4,BQ25710RSNR_QFN32_4X4
DH2_CHG,TB_TP568,1,T,2586,1096,,
DL1_CHG,PQ0201,8,B,2365,1045,BSC0924NDI_PG-TISON-8-9,BSC0924NDI_PG-TISON-8-9
DL1_CHG,PU0201,29,B,2923,1245,BQ25710RSNR_QFN32_4X4,BQ25710RSNR_QFN32_4X4
DL1_CHG,TB_TP611,1,B,2371,980,,
DL2_CHG,PQ0202,8,B,2447,1067,SIZ340DTT1_POWERPAIR_3X3-9-10,SIZ340DTT1_POWERPAIR-3X3-9-10
DL2_CHG,PU0201,26,B,2923,1198,BQ25710RSNR_QFN32_4X4,BQ25710RSNR_QFN32_4X4
DL2_CHG,TB_TP574,1,B,2442,1120,,
DMIC_CLK0,C1121,2,B,6128,2982,27P_25V_J_C0G_0201,C0201_12P992_BA
DMIC_CLK0,R1105,1,B,6090,2983,1/20W_33_5%_0201,R0201_11P811
DMIC_CLK0,R9513,1,T,8745,4868,0_0402_SP,R0402_SHORT
DMIC_CLK0,TB_TP1239,1,B,6677,3205,,
DMIC_CLK0,U9502,4,T,8883,4894,2N7001TDCKR_SC70-5,2N7001TDCKR_SC70-5
DMIC_CLK0_CONN,C9502,1,B,8521,4866,330P_25V_K_X7R_0201,C0201_12P992_BA
DMIC_CLK0_CONN,JCAM1,19,B,8484,4955,I-PEX_20654-030E-01,I-PEX_20654-030E-01_30P
DMIC_CLK0_CONN,R9505,2,B,8519,4841,1/20W_0_5%_0201,R0201_11P811
DMIC_CLK0_CONN,TB_TP923,1,B,8527,4778,,
DMIC_CLK0_D,R9505,1,B,8519,4818,1/20W_0_5%_0201,R0201_11P811
DMIC_CLK0_D,R9513,2,T,8745,4832,0_0402_SP,R0402_SHORT
DMIC_CLK0_D,TB_TP936,1,B,8595,4793,,
DMIC_CLK0_D,U9502,1,T,8832,4807,2N7001TDCKR_SC70-5,2N7001TDCKR_SC70-5
DMIC_CLK0_R,R1105,2,B,6067,2983,1/20W_33_5%_0201,R0201_11P811
DMIC_CLK0_R,TB_TP640,1,B,5991,2997,,
DMIC_CLK0_R,UCPU1,FA50,B,5856,3060,ALDERLAKE-P-CPU_BGA1744,ALDERLAKE-P-CPU_BGA_1744P-T
DMIC_DATA0,R9514,2,T,9037,4845,0_0402_SP,R0402_SHORT
DMIC_DATA0,TB_TP1232,1,B,6474,3239,,
DMIC_DATA0,U9503,1,T,8941,4808,2N7001TDCKR_SC70-5,2N7001TDCKR_SC70-5
DMIC_DATA0,UCPU1,FC50,B,5883,3065,ALDERLAKE-P-CPU_BGA1744,ALDERLAKE-P-CPU_BGA_1744P-T
DMIC_DATA0_CONN,C9506,1,B,8543,4865,33P_25V_J_NPO_0201,C0201_12P992_BA
DMIC_DATA0_CONN,JCAM1,20,B,8500,4955,I-PEX_20654-030E-01,I-PEX_20654-030E-01_30P
DMIC_DATA0_CONN,R9507,2,B,8544,4841,1/20W_33_5%_0201,R0201_11P811
DMIC_DATA0_CONN,TB_TP972,1,B,8508,4901,,
DMIC_DATA0_D,R9507,1,B,8544,4818,1/20W_33_5%_0201,R0201_11P811
DMIC_DATA0_D,R9514,1,T,9037,4881,0_0402_SP,R0402_SHORT
DMIC_DATA0_D,TB_TP954,1,T,8630,4914,,
DMIC_DATA0_D,U9503,4,T,8992,4895,2N7001TDCKR_SC70-5,2N7001TDCKR_SC70-5
DRV0,JKBL2,7,T,2111,2923,HIGHS_FC5AF361-1151H,HIGHS_FC5AF361-1151H_36P-T
DRV0,R4524,1,T,2068,3030,1/20W_10K_5%_0201,R0201_11P811
DRV0,R8003,1,T,1706,2242,1/16W_1K_5%_0402,R0402_15P748
DRV0,R8045,1,T,1671,2242,1/16W_0_5%_0402,R0402_15P748
DRV0,TB_TP597,1,T,2087,2981,,
DRV0,UEC1,M1,T,1705,2169,NPCX997KAABX_VFBGA144,NPCX997KAABX_VFBGA_144P
DRV0_R,R8045,2,T,1671,2278,1/16W_0_5%_0402,R0402_15P748
DRV0_R,TP8003,1,T,1631,2346,Test_Point_16MIL,TPC16
DRV1,JKBL2,13,T,2230,2923,HIGHS_FC5AF361-1151H,HIGHS_FC5AF361-1151H_36P-T
DRV1,R8047,2,T,1735,2239,1/20W_0_5%_0201,R0201_11P811
DRV1,TB_TP462,1,T,1833,2456,,
DRV1,UEC1,L1,T,1731,2169,NPCX997KAABX_VFBGA144,NPCX997KAABX_VFBGA_144P
DRV10,JKBL2,22,T,2407,2923,HIGHS_FC5AF361-1151H,HIGHS_FC5AF361-1151H_36P-T
DRV10,R4521,1,T,2455,3027,1/20W_10K_5%_0201,R0201_11P811
DRV10,TB_TP456,1,T,2479,3079,,
DRV10,UEC1,H2,T,1807,2143,NPCX997KAABX_VFBGA144,NPCX997KAABX_VFBGA_144P
DRV11,JKBL2,24,T,2446,2923,HIGHS_FC5AF361-1151H,HIGHS_FC5AF361-1151H_36P-T
DRV11,R4522,1,T,2501,3027,1/20W_10K_5%_0201,R0201_11P811
DRV11,TB_TP431,1,T,1865,2517,,
DRV11,UEC1,G2,T,1833,2143,NPCX997KAABX_VFBGA144,NPCX997KAABX_VFBGA_144P
DRV12,JKBL2,21,T,2387,2923,HIGHS_FC5AF361-1151H,HIGHS_FC5AF361-1151H_36P-T
DRV12,R4523,1,T,2411,3027,1/20W_10K_5%_0201,R0201_11P811
DRV12,TB_TP421,1,T,2404,3079,,
DRV12,UEC1,F2,T,1859,2143,NPCX997KAABX_VFBGA144,NPCX997KAABX_VFBGA_144P
DRV13,JKBL2,19,T,2348,2923,HIGHS_FC5AF361-1151H,HIGHS_FC5AF361-1151H_36P-T
DRV13,TB_TP546,1,T,2364,2989,,
DRV13,UEC1,J3,T,1782,2117,NPCX997KAABX_VFBGA144,NPCX997KAABX_VFBGA_144P
DRV14,JKBL2,4,T,2052,2923,HIGHS_FC5AF361-1151H,HIGHS_FC5AF361-1151H_36P-T
DRV14,R4525,1,T,1979,3075,1/20W_10K_5%_0201,R0201_11P811
DRV14,TB_TP591,1,T,1889,3107,,
DRV14,UEC1,H3,T,1807,2117,NPCX997KAABX_VFBGA144,NPCX997KAABX_VFBGA_144P
DRV15,JKBL2,18,T,2328,2923,HIGHS_FC5AF361-1151H,HIGHS_FC5AF361-1151H_36P-T
DRV15,R4526,1,T,2324,3027,1/20W_10K_5%_0201,R0201_11P811
DRV15,TB_TP511,1,T,2329,3081,,
DRV15,UEC1,G3,T,1833,2117,NPCX997KAABX_VFBGA144,NPCX997KAABX_VFBGA_144P
DRV16,JKBL2,33,T,2623,2923,HIGHS_FC5AF361-1151H,HIGHS_FC5AF361-1151H_36P-T
DRV16,R4534,1,T,1972,2415,1/20W_10K_5%_0201,R0201_11P811
DRV16,TB_TP47,1,T,2740,2935,,
DRV16,UEC1,F3,T,1859,2117,NPCX997KAABX_VFBGA144,NPCX997KAABX_VFBGA_144P
DRV17,JKBL2,34,T,2643,2923,HIGHS_FC5AF361-1151H,HIGHS_FC5AF361-1151H_36P-T
DRV17,R4535,1,T,2006,2421,1/20W_10K_5%_0201,R0201_11P811
DRV17,TB_TP46,1,T,2152,2429,,
DRV17,UEC1,J4,T,1782,2092,NPCX997KAABX_VFBGA144,NPCX997KAABX_VFBGA_144P
DRV2,JKBL2,11,T,2190,2923,HIGHS_FC5AF361-1151H,HIGHS_FC5AF361-1151H_36P-T
DRV2,R4513,1,T,2178,3027,1/20W_10K_5%_0201,R0201_11P811
DRV2,R8046,2,T,1760,2239,1/20W_0_5%_0201,R0201_11P811
DRV2,TB_TP426,1,T,2155,3132,,
DRV2,UEC1,K1,T,1756,2169,NPCX997KAABX_VFBGA144,NPCX997KAABX_VFBGA_144P
DRV3,JKBL2,14,T,2249,2923,HIGHS_FC5AF361-1151H,HIGHS_FC5AF361-1151H_36P-T
DRV3,R4519,1,T,2232,3028,1/20W_10K_5%_0201,R0201_11P811
DRV3,R8049,2,T,1789,2239,1/20W_0_5%_0201,R0201_11P811
DRV3,TB_TP540,1,T,2208,3088,,
DRV3,UEC1,J1,T,1782,2169,NPCX997KAABX_VFBGA144,NPCX997KAABX_VFBGA_144P
DRV4,JKBL2,10,T,2170,2923,HIGHS_FC5AF361-1151H,HIGHS_FC5AF361-1151H_36P-T
DRV4,R4514,1,T,2150,3029,1/20W_10K_5%_0201,R0201_11P811
DRV4,TB_TP471,1,T,2157,2988,,
DRV4,UEC1,H1,T,1807,2169,NPCX997KAABX_VFBGA144,NPCX997KAABX_VFBGA_144P
DRV5,JKBL2,17,T,2308,2923,HIGHS_FC5AF361-1151H,HIGHS_FC5AF361-1151H_36P-T
DRV5,R4518,1,T,2301,3028,1/20W_10K_5%_0201,R0201_11P811
DRV5,R8048,2,T,1814,2239,1/20W_0_5%_0201,R0201_11P811
DRV5,TB_TP534,1,T,2306,3148,,
DRV5,UEC1,G1,T,1833,2169,NPCX997KAABX_VFBGA144,NPCX997KAABX_VFBGA_144P
DRV6,JKBL2,15,T,2269,2923,HIGHS_FC5AF361-1151H,HIGHS_FC5AF361-1151H_36P-T
DRV6,R4515,1,T,2256,3028,1/20W_10K_5%_0201,R0201_11P811
DRV6,TB_TP435,1,T,2294,2983,,
DRV6,UEC1,F1,T,1859,2169,NPCX997KAABX_VFBGA144,NPCX997KAABX_VFBGA_144P
DRV7,JKBL2,16,T,2289,2923,HIGHS_FC5AF361-1151H,HIGHS_FC5AF361-1151H_36P-T
DRV7,R4530,1,T,2256,3130,1/20W_10K_5%_0201,R0201_11P811
DRV7,TB_TP605,1,T,2232,3175,,
DRV7,UEC1,L2,T,1731,2143,NPCX997KAABX_VFBGA144,NPCX997KAABX_VFBGA_144P
DRV8,JKBL2,23,T,2426,2923,HIGHS_FC5AF361-1151H,HIGHS_FC5AF361-1151H_36P-T
DRV8,R4517,1,T,2478,3027,1/20W_10K_5%_0201,R0201_11P811
DRV8,TB_TP394,1,T,1800,2553,,
DRV8,UEC1,K2,T,1756,2143,NPCX997KAABX_VFBGA144,NPCX997KAABX_VFBGA_144P
DRV9,JKBL2,20,T,2367,2923,HIGHS_FC5AF361-1151H,HIGHS_FC5AF361-1151H_36P-T
DRV9,R4532,1,T,2365,3027,1/20W_10K_5%_0201,R0201_11P811
DRV9,TB_TP478,1,T,1854,2928,,
DRV9,UEC1,J2,T,1782,2143,NPCX997KAABX_VFBGA144,NPCX997KAABX_VFBGA_144P
ECSPI_CLK,R5009,2,T,2946,1977,1/20W_33_5%_0201,R0201_11P811
ECSPI_CLK,TB_TP598,1,T,2893,2026,,
ECSPI_CLK,UEC1,H12,T,1807,1887,NPCX997KAABX_VFBGA144,NPCX997KAABX_VFBGA_144P
ECSPI_CLK_R,R5007,2,T,2968,1953,1/20W_100K_5%_0201,R0201_11P811
ECSPI_CLK_R,R5009,1,T,2969,1977,1/20W_33_5%_0201,R0201_11P811
ECSPI_CLK_R,UTE1,6,T,3035,1988,TC62D518FTG_WQFN56_7X7,TC62D518FTG_WQFN56_7X7
ECSPI_MISO,R5003,2,T,2944,2075,1/20W_0_5%_0201,R0201_11P811
ECSPI_MISO,TB_TP615,1,T,2875,2173,,
ECSPI_MISO,UEC1,G12,T,1833,1887,NPCX997KAABX_VFBGA144,NPCX997KAABX_VFBGA_144P
ECSPI_MISO_R,R5003,1,T,2967,2075,1/20W_0_5%_0201,R0201_11P811
ECSPI_MISO_R,UTE1,3,T,3035,2035,TC62D518FTG_WQFN56_7X7,TC62D518FTG_WQFN56_7X7
ECSPI_MOSI,R5010,2,T,2944,2000,1/20W_33_5%_0201,R0201_11P811
ECSPI_MOSI,UEC1,F12,T,1859,1887,NPCX997KAABX_VFBGA144,NPCX997KAABX_VFBGA_144P
ECSPI_MOSI_R,R5010,1,T,2967,2000,1/20W_33_5%_0201,R0201_11P811
ECSPI_MOSI_R,UTE1,5,T,3035,2003,TC62D518FTG_WQFN56_7X7,TC62D518FTG_WQFN56_7X7
EC_I2C_DEBUG_SEL,R8205,1,T,1607,2182,1/20W_100K_5%_0201,R0201_11P811
EC_I2C_DEBUG_SEL,TB_TP904,1,T,1648,2199,,
EC_I2C_DEBUG_SEL,U6203,10,T,718,3276,PI3USB102ZMEX_UQFN10_1P4X1P8,PI3USB102ZMEX_UQFN10_1P4X1P8
EC_I2C_DEBUG_SEL,UEC1,G6,T,1833,2041,NPCX997KAABX_VFBGA144,NPCX997KAABX_VFBGA_144P
EC_PD_ON,PD0502,2,T,1660,4188,RB530CM-30T2R_SOD923-2,RB530CM-30T2R_SOD923-2
EC_PD_ON,R7915,2,T,2529,2050,1/20W_100K_5%_0201,R0201_11P811
EC_PD_ON,R7921,2,T,2481,2065,1/20W_0_5%_0201,R0201_11P811
EC_PD_ON,TB_TP1290,1,T,1615,4188,,
EC_PD_ON_R,R7921,1,T,2458,2065,1/20W_0_5%_0201,R0201_11P811
EC_PD_ON_R,U7901,12,T,2398,2063,NCT5635Y-W_QFN24_4X4,NCT5635Y-W_QFN24_4X4
EC_PLANAR_ID,R8050,1,T,1607,1830,1/20W_100K_5%_0201,R0201_11P811
EC_PLANAR_ID,R8051,1,T,1607,1805,1/20W_100K_5%_0201,R0201_11P811
EC_PLANAR_ID,UEC1,M10,T,1705,1938,NPCX997KAABX_VFBGA144,NPCX997KAABX_VFBGA_144P
EC_PLANAR_ID2,R8243,2,T,2237,1801,1/20W_100K_5%_0201,R0201_11P811
EC_PLANAR_ID2,R8244,2,T,2210,1802,1/20W_100K_5%_0201,R0201_11P811
EC_PLANAR_ID2,UEC1,D8,T,1910,1989,NPCX997KAABX_VFBGA144,NPCX997KAABX_VFBGA_144P
EC_PWRREQ,R8105,2,T,1710,1802,1/20W_100K_5%_0201,R0201_11P811
EC_PWRREQ,UEC1,L12,T,1731,1887,NPCX997KAABX_VFBGA144,NPCX997KAABX_VFBGA_144P
EC_PWRREQ,UTE1,10,T,3035,1925,TC62D518FTG_WQFN56_7X7,TC62D518FTG_WQFN56_7X7
EC_RTCRST_ON,C7904,1,T,2467,2000,5P_50V_C_COG_0402,C0402_21P654_CA
EC_RTCRST_ON,Q7901,2,B,6987,1881,2N7002KW_SOT323-3,2N7002KW_SOT323-3
EC_RTCRST_ON,R7906,1,T,2469,1970,1/20W_10K_5%_0201,R0201_11P811
EC_RTCRST_ON,U7901,10,T,2398,2024,NCT5635Y-W_QFN24_4X4,NCT5635Y-W_QFN24_4X4
EC_SHD_CLK,R2221,1,T,2485,3853,1/20W_10_5%_0201,R0201_11P811
EC_SHD_CLK,R8024,2,B,2800,3992,1/20W_56_5%_0201,R0201_11P811
EC_SHD_CLK,TB_TP863,1,T,2775,3193,,
EC_SHD_CLK,UEC1,G11,T,1833,1913,NPCX997KAABX_VFBGA144,NPCX997KAABX_VFBGA_144P
EC_SHD_CLK_R,R8024,1,B,2823,3992,1/20W_56_5%_0201,R0201_11P811
EC_SHD_CLK_R,TB_TP3,1,B,2823,3954,,
EC_SHD_CLK_R,U8001,6,B,2881,3947,W25Q256JVEIN_WSON8_8X6,W25Q256JVEIN_WSON8_8X6
EC_SHD_IO0,R2223,1,T,2485,3876,1/20W_10_5%_0201,R0201_11P811
EC_SHD_IO0,R8025,2,B,2805,3914,1/20W_56_5%_0201,R0201_11P811
EC_SHD_IO0,TB_TP718,1,T,2813,3259,,
EC_SHD_IO0,UEC1,F11,T,1859,1913,NPCX997KAABX_VFBGA144,NPCX997KAABX_VFBGA_144P
EC_SHD_IO0_R,R8025,1,B,2828,3914,1/20W_56_5%_0201,R0201_11P811
EC_SHD_IO0_R,TB_TP1,1,B,2822,3874,,
EC_SHD_IO0_R,U8001,5,B,2881,3897,W25Q256JVEIN_WSON8_8X6,W25Q256JVEIN_WSON8_8X6
EC_SHD_IO1,R2225,1,T,2914,3869,1/20W_10_5%_0201,R0201_11P811
EC_SHD_IO1,R8021,1,T,3135,3955,1/20W_56_5%_0201,R0201_11P811
EC_SHD_IO1,TB_TP821,1,T,2919,3128,,
EC_SHD_IO1,UEC1,E11,T,1884,1913,NPCX997KAABX_VFBGA144,NPCX997KAABX_VFBGA_144P
EC_SHD_IO1_R,R8021,2,T,3158,3955,1/20W_56_5%_0201,R0201_11P811
EC_SHD_IO1_R,TB_TP2,1,T,3175,3916,,
EC_SHD_IO1_R,U8001,2,B,3208,3997,W25Q256JVEIN_WSON8_8X6,W25Q256JVEIN_WSON8_8X6
EC_SHD_IO2,R2224,1,T,2938,3869,1/20W_10_5%_0201,R0201_11P811
EC_SHD_IO2,R8023,1,T,3006,3885,1/20W_56_5%_0201,R0201_11P811
EC_SHD_IO2,UEC1,E10,T,1884,1938,NPCX997KAABX_VFBGA144,NPCX997KAABX_VFBGA_144P
EC_SHD_IO2_R,R8023,2,T,3006,3908,1/20W_56_5%_0201,R0201_11P811
EC_SHD_IO2_R,R8026,2,T,3033,3908,1/20W_10K_5%_0201,R0201_11P811
EC_SHD_IO2_R,TB_TP5,1,T,3077,3904,,
EC_SHD_IO2_R,U8001,3,B,3208,3947,W25Q256JVEIN_WSON8_8X6,W25Q256JVEIN_WSON8_8X6
EC_SHD_IO3,R2222,1,T,2485,3831,1/20W_10_5%_0201,R0201_11P811
EC_SHD_IO3,R8022,2,B,2822,4053,1/20W_56_5%_0201,R0201_11P811
EC_SHD_IO3,TB_TP515,1,T,2530,3831,,
EC_SHD_IO3,UEC1,F10,T,1859,1938,NPCX997KAABX_VFBGA144,NPCX997KAABX_VFBGA_144P
EC_SHD_IO3_R,R8022,1,B,2799,4053,1/20W_56_5%_0201,R0201_11P811
EC_SHD_IO3_R,R8027,2,B,2799,4027,1/20W_10K_5%_0201,R0201_11P811
EC_SHD_IO3_R,U8001,7,B,2881,3997,W25Q256JVEIN_WSON8_8X6,W25Q256JVEIN_WSON8_8X6
EC_SPI_CLK_R,R2221,2,T,2462,3853,1/20W_10_5%_0201,R0201_11P811
EC_SPI_CLK_R,U2203,6,B,2393,4040,W25R256JVEIN_WSON8_8X6,W25R256JVEIN_WSON8_8X6
EC_SPI_IO0_R,R2223,2,T,2462,3876,1/20W_10_5%_0201,R0201_11P811
EC_SPI_IO0_R,TB_TP359,1,T,2449,3952,,
EC_SPI_IO0_R,U2203,5,B,2393,3990,W25R256JVEIN_WSON8_8X6,W25R256JVEIN_WSON8_8X6
EC_SPI_IO1_R,R2225,2,T,2914,3892,1/20W_10_5%_0201,R0201_11P811
EC_SPI_IO1_R,TB_TP357,1,B,2708,3897,,
EC_SPI_IO1_R,U2203,2,B,2719,4090,W25R256JVEIN_WSON8_8X6,W25R256JVEIN_WSON8_8X6
EC_SPI_IO2_R,R2224,2,T,2938,3892,1/20W_10_5%_0201,R0201_11P811
EC_SPI_IO2_R,TB_TP358,1,T,2818,3918,,
EC_SPI_IO2_R,U2203,3,B,2719,4040,W25R256JVEIN_WSON8_8X6,W25R256JVEIN_WSON8_8X6
EC_SPI_IO3_R,R2222,2,T,2462,3831,1/20W_10_5%_0201,R0201_11P811
EC_SPI_IO3_R,U2203,7,B,2393,4090,W25R256JVEIN_WSON8_8X6,W25R256JVEIN_WSON8_8X6
EC_SPKR,D8701,2,T,1452,1574,RB521CM-30T2R_VMN2M-2,RB521CM-30T2R_VMN2M-2
EC_SPKR,UEC1,E1,T,1884,2169,NPCX997KAABX_VFBGA144,NPCX997KAABX_VFBGA_144P
EC_STBY_03,R8210,2,T,1840,1798,1/16W_0_5%_0402,R0402_15P748
EC_STBY_03,R8220,2,T,1805,1798,1/16W_0_5%_0402,R0402_15P748
EC_STBY_03,UEC1,J12,T,1782,1887,NPCX997KAABX_VFBGA144,NPCX997KAABX_VFBGA_144P
EC_THERM_MON0,C8116,2,T,2035,1802,0.1U_6.3V_K_X5R_0201,C0201_12P992_BA
EC_THERM_MON0,R8131,1,T,2070,1712,1/20W_3.32K_1%_0201,R0201_11P811
EC_THERM_MON0,RT4306,2,B,9090,4870,PANAS_ERTJ0EG103FA,R0402_15P748
EC_THERM_MON0,TB_TP512,1,B,7251,5235,,
EC_THERM_MON0,UEC1,A12,T,1987,1887,NPCX997KAABX_VFBGA144,NPCX997KAABX_VFBGA_144P
EC_THERM_MON1,C8115,2,T,2000,1802,0.1U_6.3V_K_X5R_0201,C0201_12P992_BA
EC_THERM_MON1,R8130,1,T,2035,1712,1/20W_3.32K_1%_0201,R0201_11P811
EC_THERM_MON1,RT4305,2,B,7918,4916,PANAS_ERTJ0EG103FA,R0402_15P748
EC_THERM_MON1,TB_TP518,1,B,7929,4965,,
EC_THERM_MON1,UEC1,B12,T,1961,1887,NPCX997KAABX_VFBGA144,NPCX997KAABX_VFBGA_144P
EC_THERM_MON2,C8114,2,T,1969,1801,0.1U_6.3V_K_X5R_0201,C0201_12P992_BA
EC_THERM_MON2,R8129,1,T,2000,1712,1/20W_3.32K_1%_0201,R0201_11P811
EC_THERM_MON2,RT4304,2,T,5329,1800,PANAS_ERTJ0EG103FA,R0402_15P748
EC_THERM_MON2,TB_TP482,1,T,2703,2339,,
EC_THERM_MON2,UEC1,C12,T,1935,1887,NPCX997KAABX_VFBGA144,NPCX997KAABX_VFBGA_144P
EC_THERM_MON3,C8113,2,T,2070,1802,0.1U_6.3V_K_X5R_0201,C0201_12P992_BA
EC_THERM_MON3,R8128,1,T,2110,1712,1/20W_3.32K_1%_0201,R0201_11P811
EC_THERM_MON3,RT4303,2,B,4958,4897,PANAS_ERTJ0EG103FA,R0402_15P748
EC_THERM_MON3,TB_TP494,1,B,4995,4890,,
EC_THERM_MON3,UEC1,A11,T,1987,1913,NPCX997KAABX_VFBGA144,NPCX997KAABX_VFBGA_144P
EC_THERM_MON4,C8112,2,T,2110,1802,0.1U_6.3V_K_X5R_0201,C0201_12P992_BA
EC_THERM_MON4,R8127,1,T,2150,1712,1/20W_3.32K_1%_0201,R0201_11P811
EC_THERM_MON4,RT4302,2,B,1045,2192,PANAS_ERTJ0EG103FA,R0402_15P748
EC_THERM_MON4,UEC1,B9,T,1961,1964,NPCX997KAABX_VFBGA144,NPCX997KAABX_VFBGA_144P
EC_THERM_MON5,C8111,2,T,2150,1789,0.1U_6.3V_K_X5R_0201,C0201_12P992_BA
EC_THERM_MON5,R8126,1,T,2175,1789,1/20W_3.32K_1%_0201,R0201_11P811
EC_THERM_MON5,RT4301,2,B,1152,4559,PANAS_ERTJ0EG103FA,R0402_15P748
EC_THERM_MON5,TB_TP559,1,B,1204,4559,,
EC_THERM_MON5,UEC1,B8,T,1961,1989,NPCX997KAABX_VFBGA144,NPCX997KAABX_VFBGA_144P
EDP_AUXN,C9416,1,B,2885,5197,0.1U_6.3V_K_X5R_0201,C0201_12P992_BA
EDP_AUXN,TB_TP836,1,T,2840,5078,,
EDP_AUXN,UCPU1,AG3,B,4374,3803,ALDERLAKE-P-CPU_BGA1744,ALDERLAKE-P-CPU_BGA_1744P-T
EDP_AUXN_CONN,C9416,2,B,2885,5220,0.1U_6.3V_K_X5R_0201,C0201_12P992_BA
EDP_AUXN_CONN,JLCD1,15,B,2898,5352,I-PEX_20654-040E-01,I-PEX_20654-040E-01_40P
EDP_AUXN_CONN,TB_TP645,1,B,2877,5250,,
EDP_AUXP,C9417,1,B,2860,5197,0.1U_6.3V_K_X5R_0201,C0201_12P992_BA
EDP_AUXP,UCPU1,AF3,B,4349,3803,ALDERLAKE-P-CPU_BGA1744,ALDERLAKE-P-CPU_BGA_1744P-T
EDP_AUXP_CONN,C9417,2,B,2860,5220,0.1U_6.3V_K_X5R_0201,C0201_12P992_BA
EDP_AUXP_CONN,JLCD1,14,B,2882,5352,I-PEX_20654-040E-01,I-PEX_20654-040E-01_40P
EDP_AUXP_CONN,TB_TP688,1,B,2868,5290,,
EDP_HPD,JLCD1,25,B,3055,5352,I-PEX_20654-040E-01,I-PEX_20654-040E-01_40P
EDP_HPD,Q0501,1,B,6279,3479,LSK3541G1ET2L_VMT3,LSK3541G1ET2L_VMT3
EDP_HPD,R0514,1,B,6267,3505,1/20W_0_5%_0201,R0201_11P811
EDP_HPD,R0515,1,B,6307,3475,1/20W_100K_5%_0201,R0201_11P811
EDP_HPD,TB_TP663,1,T,6345,3494,,
EDP_HPD_CPU,Q0502,3,B,6186,3500,LSK3541G1ET2L_VMT3,LSK3541G1ET2L_VMT3
EDP_HPD_CPU,R0512,1,B,6117,3489,1/20W_100K_5%_0201,R0201_11P811
EDP_HPD_CPU,R0513,2,B,6142,3489,1/20W_100K_5%_0201,R0201_11P811
EDP_HPD_CPU,R0514,2,B,6244,3505,1/20W_0_5%_0201,R0201_11P811
EDP_HPD_CPU,TB_TP1367,1,B,6060,3473,,
EDP_HPD_CPU,UCPU1,EV25,B,5802,3455,ALDERLAKE-P-CPU_BGA1744,ALDERLAKE-P-CPU_BGA_1744P-T
EDP_TXN0,C9419,1,B,2813,5197,0.1U_6.3V_K_X5R_0201,C0201_12P992_BA
EDP_TXN0,TB_TP851,1,T,2810,5151,,
EDP_TXN0,UCPU1,AD1,B,4323,3828,ALDERLAKE-P-CPU_BGA1744,ALDERLAKE-P-CPU_BGA_1744P-T
EDP_TXN0_CONN,C9419,2,B,2813,5220,0.1U_6.3V_K_X5R_0201,C0201_12P992_BA
EDP_TXN0_CONN,JLCD1,11,B,2835,5352,I-PEX_20654-040E-01,I-PEX_20654-040E-01_40P
EDP_TXN0_CONN,TB_TP625,1,B,2822,5289,,
EDP_TXN1,C9421,1,B,2764,5197,0.1U_6.3V_K_X5R_0201,C0201_12P992_BA
EDP_TXN1,TB_TP636,1,T,2736,5118,,
EDP_TXN1,UCPU1,AD3,B,4323,3803,ALDERLAKE-P-CPU_BGA1744,ALDERLAKE-P-CPU_BGA_1744P-T
EDP_TXN1_CONN,C9421,2,B,2764,5220,0.1U_6.3V_K_X5R_0201,C0201_12P992_BA
EDP_TXN1_CONN,JLCD1,8,B,2787,5352,I-PEX_20654-040E-01,I-PEX_20654-040E-01_40P
EDP_TXN1_CONN,TB_TP674,1,B,2774,5289,,
EDP_TXN2,C9423,1,B,2716,5197,0.1U_6.3V_K_X5R_0201,C0201_12P992_BA
EDP_TXN2,UCPU1,AB1,B,4297,3828,ALDERLAKE-P-CPU_BGA1744,ALDERLAKE-P-CPU_BGA_1744P-T
EDP_TXN2_CONN,C9423,2,B,2716,5220,0.1U_6.3V_K_X5R_0201,C0201_12P992_BA
EDP_TXN2_CONN,JLCD1,5,B,2740,5352,I-PEX_20654-040E-01,I-PEX_20654-040E-01_40P
EDP_TXN2_CONN,TB_TP730,1,B,2724,5289,,
EDP_TXN3,C9425,1,B,2668,5197,0.1U_6.3V_K_X5R_0201,C0201_12P992_BA
EDP_TXN3,UCPU1,AA3,B,4272,3803,ALDERLAKE-P-CPU_BGA1744,ALDERLAKE-P-CPU_BGA_1744P-T
EDP_TXN3_CONN,C9425,2,B,2668,5220,0.1U_6.3V_K_X5R_0201,C0201_12P992_BA
EDP_TXN3_CONN,JLCD1,2,B,2693,5352,I-PEX_20654-040E-01,I-PEX_20654-040E-01_40P
EDP_TXN3_CONN,TB_TP638,1,B,2677,5289,,
EDP_TXP0,C9418,1,B,2838,5197,0.1U_6.3V_K_X5R_0201,C0201_12P992_BA
EDP_TXP0,UCPU1,AF1,B,4349,3828,ALDERLAKE-P-CPU_BGA1744,ALDERLAKE-P-CPU_BGA_1744P-T
EDP_TXP0_CONN,C9418,2,B,2838,5220,0.1U_6.3V_K_X5R_0201,C0201_12P992_BA
EDP_TXP0_CONN,JLCD1,12,B,2850,5352,I-PEX_20654-040E-01,I-PEX_20654-040E-01_40P
EDP_TXP0_CONN,TB_TP667,1,B,2830,5250,,
EDP_TXP1,C9420,1,B,2789,5197,0.1U_6.3V_K_X5R_0201,C0201_12P992_BA
EDP_TXP1,UCPU1,AB3,B,4297,3803,ALDERLAKE-P-CPU_BGA1744,ALDERLAKE-P-CPU_BGA_1744P-T
EDP_TXP1_CONN,C9420,2,B,2789,5220,0.1U_6.3V_K_X5R_0201,C0201_12P992_BA
EDP_TXP1_CONN,JLCD1,9,B,2803,5352,I-PEX_20654-040E-01,I-PEX_20654-040E-01_40P
EDP_TXP1_CONN,TB_TP634,1,B,2782,5250,,
EDP_TXP2,C9422,1,B,2741,5197,0.1U_6.3V_K_X5R_0201,C0201_12P992_BA
EDP_TXP2,UCPU1,AA1,B,4272,3828,ALDERLAKE-P-CPU_BGA1744,ALDERLAKE-P-CPU_BGA_1744P-T
EDP_TXP2_CONN,C9422,2,B,2741,5220,0.1U_6.3V_K_X5R_0201,C0201_12P992_BA
EDP_TXP2_CONN,JLCD1,6,B,2756,5352,I-PEX_20654-040E-01,I-PEX_20654-040E-01_40P
EDP_TXP2_CONN,TB_TP693,1,B,2732,5250,,
EDP_TXP3,C9424,1,B,2693,5197,0.1U_6.3V_K_X5R_0201,C0201_12P992_BA
EDP_TXP3,TB_TP827,1,T,2628,5091,,
EDP_TXP3,UCPU1,W3,B,4246,3803,ALDERLAKE-P-CPU_BGA1744,ALDERLAKE-P-CPU_BGA_1744P-T
EDP_TXP3_CONN,C9424,2,B,2693,5220,0.1U_6.3V_K_X5R_0201,C0201_12P992_BA
EDP_TXP3_CONN,JLCD1,3,B,2709,5352,I-PEX_20654-040E-01,I-PEX_20654-040E-01_40P
EDP_TXP3_CONN,TB_TP698,1,B,2685,5250,,
EN_AUX,PC1219,1,B,3015,4565,0.1U_25V_K_X5R_0201,C0201_13P780_BB
EN_AUX,PR1213,2,B,3030,4609,0_0402_SP,R0402_SHORT
EN_AUX,PU1201,8,B,3004,4502,MP2961GL-C669-Z_QFN19_3X4,MP2961GL-C669-Z_QFN19_3X4
EN_AUX,TB_TP1007,1,B,2994,4660,,
EPRIVACY_ON,JLCD1,29,B,3118,5352,I-PEX_20654-040E-01,I-PEX_20654-040E-01_40P
EPRIVACY_ON,TB_TP1019,1,T,3096,5324,,
EPRIVACY_ON,UCPU1,ET41,B,5775,3204,ALDERLAKE-P-CPU_BGA1744,ALDERLAKE-P-CPU_BGA_1744P-T
EQ_HDMI,R5324,1,T,1209,2518,1/20W_4.7K_1%_0201,R0201_11P811
EQ_HDMI,R5325,1,T,1233,2518,1/20W_4.7K_1%_0201,R0201_11P811
EQ_HDMI,U5303,5,T,1160,2462,PS8409AQFN48GTR2-A2_QFN48_6X6,PS8409AQFN48GTR2-A2_QFN48_6X6
ESPICLK_60M,R0930,2,T,5126,2454,1/20W_33_5%_0201,R0201_11P811
ESPICLK_60M,TB_TP496,1,T,2993,2351,,
ESPICLK_60M,UEC1,A1,T,1987,2169,NPCX997KAABX_VFBGA144,NPCX997KAABX_VFBGA_144P
ESPI_CLK,C0901,1,T,5487,3078,47P_25V_J_NPO_0201,C0201_12P992_BA
ESPI_CLK,R0930,1,T,5149,2454,1/20W_33_5%_0201,R0201_11P811
ESPI_CLK,TB_TP961,1,T,5238,2470,,
ESPI_CLK,UCPU1,DT49,B,5453,3076,ALDERLAKE-P-CPU_BGA1744,ALDERLAKE-P-CPU_BGA_1744P-T
ESPI_IO0,R0934,2,T,5175,2478,1/20W_33_5%_0201,R0201_11P811
ESPI_IO0,TB_TP509,1,T,2845,2339,,
ESPI_IO0,UEC1,A2,T,1987,2143,NPCX997KAABX_VFBGA144,NPCX997KAABX_VFBGA_144P
ESPI_IO0_R,R0934,1,T,5198,2478,1/20W_33_5%_0201,R0201_11P811
ESPI_IO0_R,TB_TP899,1,T,5362,2653,,
ESPI_IO0_R,UCPU1,DP51,B,5419,3051,ALDERLAKE-P-CPU_BGA1744,ALDERLAKE-P-CPU_BGA_1744P-T
ESPI_IO1,R0933,2,T,5126,2495,1/20W_33_5%_0201,R0201_11P811
ESPI_IO1,TB_TP564,1,T,4877,2491,,
ESPI_IO1,UEC1,A3,T,1987,2117,NPCX997KAABX_VFBGA144,NPCX997KAABX_VFBGA_144P
ESPI_IO1_R,R0933,1,T,5149,2495,1/20W_33_5%_0201,R0201_11P811
ESPI_IO1_R,TB_TP913,1,T,5318,2597,,
ESPI_IO1_R,UCPU1,DT44,B,5453,3153,ALDERLAKE-P-CPU_BGA1744,ALDERLAKE-P-CPU_BGA_1744P-T
ESPI_IO2,R0932,2,T,5175,2511,1/20W_33_5%_0201,R0201_11P811
ESPI_IO2,TB_TP576,1,T,4943,2511,,
ESPI_IO2,UEC1,A4,T,1987,2092,NPCX997KAABX_VFBGA144,NPCX997KAABX_VFBGA_144P
ESPI_IO2_R,R0932,1,T,5198,2511,1/20W_33_5%_0201,R0201_11P811
ESPI_IO2_R,TB_TP946,1,T,5238,2541,,
ESPI_IO2_R,UCPU1,DT54,B,5453,2999,ALDERLAKE-P-CPU_BGA1744,ALDERLAKE-P-CPU_BGA_1744P-T
ESPI_IO3,R0931,2,T,5126,2537,1/20W_33_5%_0201,R0201_11P811
ESPI_IO3,TB_TP589,1,T,2654,2187,,
ESPI_IO3,UEC1,A5,T,1987,2066,NPCX997KAABX_VFBGA144,NPCX997KAABX_VFBGA_144P
ESPI_IO3_R,R0931,1,T,5149,2537,1/20W_33_5%_0201,R0201_11P811
ESPI_IO3_R,TB_TP888,1,T,5218,2606,,
ESPI_IO3_R,UCPU1,DP52,B,5419,3025,ALDERLAKE-P-CPU_BGA1744,ALDERLAKE-P-CPU_BGA_1744P-T
EXT_REFCLK_FL,R3402,1,B,7893,3375,1/20W_10K_1%_0201,R0201_11P811
EXT_REFCLK_FL,R3403,1,B,7893,3400,1/20W_10K_1%_0201,R0201_11P811
EXT_REFCLK_FL,TB_TP807,1,B,7866,3422,,
EXT_REFCLK_FL,UGPU1,AG2,B,7728,3514,NVIDIA_GN20-S5-GB3-64_FCBGA771,NVIDIA_GN20-S5-GB3-64_FCBGA_771P-T
FAN_FRQ,JFAN1,4,B,6913,1339,HIGHS_WS83050-S0171-HF,HIGHS_WS83050-S0171-HF_5P-T
FAN_FRQ,TB_TP565,1,B,7121,1106,,
FAN_FRQ,UEC1,L7,T,1731,2015,NPCX997KAABX_VFBGA144,NPCX997KAABX_VFBGA_144P
FAN_ID,JFAN1,5,B,6913,1307,HIGHS_WS83050-S0171-HF,HIGHS_WS83050-S0171-HF_5P-T
FAN_ID,R8228,2,T,1907,2238,1/20W_100K_5%_0201,R0201_11P811
FAN_ID,TB_TP931,1,B,7096,1171,,
FAN_ID,UEC1,C8,T,1935,1989,NPCX997KAABX_VFBGA144,NPCX997KAABX_VFBGA_144P
FAN_ON,JFAN1,2,B,6913,1402,HIGHS_WS83050-S0171-HF,HIGHS_WS83050-S0171-HF_5P-T
FAN_ON,TB_TP918,1,T,2519,2138,,
FAN_ON,UEC1,M6,T,1705,2041,NPCX997KAABX_VFBGA144,NPCX997KAABX_VFBGA_144P
FB1_VGA,PC1524,2,B,7253,1621,47P_50V_J_NPO_0402,C0402_21P654_CA
FB1_VGA,PR1518,1,B,7235,1648,1/20W_49.9_1%_0201,R0201_11P811
FB2_VGA,PC1526,2,B,7175,1724,220P_50V_J_NPO_0402_MURATA,C0402_21P654_CA
FB2_VGA,PR1521,1,B,7203,1717,1/20W_51.1K_1%_0201,R0201_11P811
FB2_VGA,TB_TP1035,1,B,7164,1760,,
FBA_CLK0,TB_TP678,1,T,8372,4331,,
FBA_CLK0,UGPU1,E9,B,7526,4130,NVIDIA_GN20-S5-GB3-64_FCBGA771,NVIDIA_GN20-S5-GB3-64_FCBGA_771P-T
FBA_CLK0,UV1,J10,B,8372,4302,K4Z80325BC-HC14_FBGA180,K4Z80325BC-HC14_FBGA_180P-T
FBA_CLK1,TB_TP1388,1,T,7578,4919,,
FBA_CLK1,UGPU1,F23,B,7140,4102,NVIDIA_GN20-S5-GB3-64_FCBGA771,NVIDIA_GN20-S5-GB3-64_FCBGA_771P-T
FBA_CLK1,UV2,J10,B,7621,4907,K4Z80325BC-HC14_FBGA180,K4Z80325BC-HC14_FBGA_180P-T
FBA_CMD0,TB_TP135,1,T,8386,4492,,
FBA_CMD0,UGPU1,F11,B,7470,4102,NVIDIA_GN20-S5-GB3-64_FCBGA771,NVIDIA_GN20-S5-GB3-64_FCBGA_771P-T
FBA_CMD0,UV1,J4,B,8372,4479,K4Z80325BC-HC14_FBGA180,K4Z80325BC-HC14_FBGA_180P-T
FBA_CMD1,UGPU1,A12,B,7443,4240,NVIDIA_GN20-S5-GB3-64_FCBGA771,NVIDIA_GN20-S5-GB3-64_FCBGA_771P-T
FBA_CMD1,UV1,H3,B,8342,4508,K4Z80325BC-HC14_FBGA180,K4Z80325BC-HC14_FBGA_180P-T
FBA_CMD10,UGPU1,A15,B,7360,4240,NVIDIA_GN20-S5-GB3-64_FCBGA771,NVIDIA_GN20-S5-GB3-64_FCBGA_771P-T
FBA_CMD10,UV1,J5,B,8372,4449,K4Z80325BC-HC14_FBGA180,K4Z80325BC-HC14_FBGA_180P-T
FBA_CMD11,UGPU1,C14,B,7388,4185,NVIDIA_GN20-S5-GB3-64_FCBGA771,NVIDIA_GN20-S5-GB3-64_FCBGA_771P-T
FBA_CMD11,UV1,H5,B,8342,4449,K4Z80325BC-HC14_FBGA180,K4Z80325BC-HC14_FBGA_180P-T
FBA_CMD12,TB_TP149,1,T,7346,4226,,
FBA_CMD12,UGPU1,B15,B,7360,4213,NVIDIA_GN20-S5-GB3-64_FCBGA771,NVIDIA_GN20-S5-GB3-64_FCBGA_771P-T
FBA_CMD12,UV1,G4,B,8312,4479,K4Z80325BC-HC14_FBGA180,K4Z80325BC-HC14_FBGA_180P-T
FBA_CMD13,TB_TP183,1,T,8328,4257,,
FBA_CMD13,UGPU1,A9,B,7526,4240,NVIDIA_GN20-S5-GB3-64_FCBGA771,NVIDIA_GN20-S5-GB3-64_FCBGA_771P-T
FBA_CMD13,UV1,G11,B,8312,4272,K4Z80325BC-HC14_FBGA180,K4Z80325BC-HC14_FBGA_180P-T
FBA_CMD14,R3303,2,T,8385,4400,1/20W_10K_1%_0201,R0201_11P811
FBA_CMD14,UGPU1,E11,B,7470,4130,NVIDIA_GN20-S5-GB3-64_FCBGA771,NVIDIA_GN20-S5-GB3-64_FCBGA_771P-T
FBA_CMD14,UV1,G10,B,8312,4302,K4Z80325BC-HC14_FBGA180,K4Z80325BC-HC14_FBGA_180P-T
FBA_CMD15,UGPU1,C9,B,7526,4185,NVIDIA_GN20-S5-GB3-64_FCBGA771,NVIDIA_GN20-S5-GB3-64_FCBGA_771P-T
FBA_CMD15,UV1,H10,B,8342,4302,K4Z80325BC-HC14_FBGA180,K4Z80325BC-HC14_FBGA_180P-T
FBA_CMD16,UGPU1,C11,B,7470,4185,NVIDIA_GN20-S5-GB3-64_FCBGA771,NVIDIA_GN20-S5-GB3-64_FCBGA_771P-T
FBA_CMD16,UV1,L10,B,8431,4302,K4Z80325BC-HC14_FBGA180,K4Z80325BC-HC14_FBGA_180P-T
FBA_CMD17,R3305,2,T,8437,4352,1/20W_10K_1%_0201,R0201_11P811
FBA_CMD17,TB_TP145,1,T,8468,4355,,
FBA_CMD17,UGPU1,E12,B,7443,4130,NVIDIA_GN20-S5-GB3-64_FCBGA771,NVIDIA_GN20-S5-GB3-64_FCBGA_771P-T
FBA_CMD17,UV1,M10,B,8460,4302,K4Z80325BC-HC14_FBGA180,K4Z80325BC-HC14_FBGA_180P-T
FBA_CMD18,UGPU1,C15,B,7360,4185,NVIDIA_GN20-S5-GB3-64_FCBGA771,NVIDIA_GN20-S5-GB3-64_FCBGA_771P-T
FBA_CMD18,UV1,M11,B,8460,4272,K4Z80325BC-HC14_FBGA180,K4Z80325BC-HC14_FBGA_180P-T
FBA_CMD19,TB_TP141,1,T,7457,4254,,
FBA_CMD19,UGPU1,A11,B,7470,4240,NVIDIA_GN20-S5-GB3-64_FCBGA771,NVIDIA_GN20-S5-GB3-64_FCBGA_771P-T
FBA_CMD19,UV1,K11,B,8401,4272,K4Z80325BC-HC14_FBGA180,K4Z80325BC-HC14_FBGA_180P-T
FBA_CMD2,UGPU1,D11,B,7470,4157,NVIDIA_GN20-S5-GB3-64_FCBGA771,NVIDIA_GN20-S5-GB3-64_FCBGA_771P-T
FBA_CMD2,UV1,J3,B,8372,4508,K4Z80325BC-HC14_FBGA180,K4Z80325BC-HC14_FBGA_180P-T
FBA_CMD20,TB_TP148,1,T,7540,4199,,
FBA_CMD20,UGPU1,C8,B,7553,4185,NVIDIA_GN20-S5-GB3-64_FCBGA771,NVIDIA_GN20-S5-GB3-64_FCBGA_771P-T
FBA_CMD20,UV1,L12,B,8431,4242,K4Z80325BC-HC14_FBGA180,K4Z80325BC-HC14_FBGA_180P-T
FBA_CMD21,UGPU1,B8,B,7553,4213,NVIDIA_GN20-S5-GB3-64_FCBGA771,NVIDIA_GN20-S5-GB3-64_FCBGA_771P-T
FBA_CMD21,UV1,K12,B,8401,4242,K4Z80325BC-HC14_FBGA180,K4Z80325BC-HC14_FBGA_180P-T
FBA_CMD22,UGPU1,A8,B,7553,4240,NVIDIA_GN20-S5-GB3-64_FCBGA771,NVIDIA_GN20-S5-GB3-64_FCBGA_771P-T
FBA_CMD22,UV1,J12,B,8372,4242,K4Z80325BC-HC14_FBGA180,K4Z80325BC-HC14_FBGA_180P-T
FBA_CMD23,UGPU1,B11,B,7470,4213,NVIDIA_GN20-S5-GB3-64_FCBGA771,NVIDIA_GN20-S5-GB3-64_FCBGA_771P-T
FBA_CMD23,UV1,J11,B,8372,4272,K4Z80325BC-HC14_FBGA180,K4Z80325BC-HC14_FBGA_180P-T
FBA_CMD24,UGPU1,B9,B,7526,4213,NVIDIA_GN20-S5-GB3-64_FCBGA771,NVIDIA_GN20-S5-GB3-64_FCBGA_771P-T
FBA_CMD24,UV1,H12,B,8342,4242,K4Z80325BC-HC14_FBGA180,K4Z80325BC-HC14_FBGA_180P-T
FBA_CMD28,UGPU1,D20,B,7222,4157,NVIDIA_GN20-S5-GB3-64_FCBGA771,NVIDIA_GN20-S5-GB3-64_FCBGA_771P-T
FBA_CMD28,UV2,K4,B,7444,4936,K4Z80325BC-HC14_FBGA180,K4Z80325BC-HC14_FBGA_180P-T
FBA_CMD29,UGPU1,C24,B,7112,4185,NVIDIA_GN20-S5-GB3-64_FCBGA771,NVIDIA_GN20-S5-GB3-64_FCBGA_771P-T
FBA_CMD29,UV2,L3,B,7414,4966,K4Z80325BC-HC14_FBGA180,K4Z80325BC-HC14_FBGA_180P-T
FBA_CMD3,R3308,1,T,8456,4628,1/20W_10K_1%_0201,R0201_11P811
FBA_CMD3,UGPU1,B12,B,7443,4213,NVIDIA_GN20-S5-GB3-64_FCBGA771,NVIDIA_GN20-S5-GB3-64_FCBGA_771P-T
FBA_CMD3,UV1,J1,B,8372,4567,K4Z80325BC-HC14_FBGA180,K4Z80325BC-HC14_FBGA_180P-T
FBA_CMD30,TB_TP184,1,T,7237,4088,,
FBA_CMD30,UGPU1,F20,B,7222,4102,NVIDIA_GN20-S5-GB3-64_FCBGA771,NVIDIA_GN20-S5-GB3-64_FCBGA_771P-T
FBA_CMD30,UV2,K3,B,7414,4936,K4Z80325BC-HC14_FBGA180,K4Z80325BC-HC14_FBGA_180P-T
FBA_CMD31,R3307,1,T,7323,4900,1/20W_10K_1%_0201,R0201_11P811
FBA_CMD31,TB_TP186,1,T,7289,4864,,
FBA_CMD31,UGPU1,B24,B,7112,4213,NVIDIA_GN20-S5-GB3-64_FCBGA771,NVIDIA_GN20-S5-GB3-64_FCBGA_771P-T
FBA_CMD31,UV2,J1,B,7355,4907,K4Z80325BC-HC14_FBGA180,K4Z80325BC-HC14_FBGA_180P-T
FBA_CMD32,UGPU1,F21,B,7195,4102,NVIDIA_GN20-S5-GB3-64_FCBGA771,NVIDIA_GN20-S5-GB3-64_FCBGA_771P-T
FBA_CMD32,UV2,J3,B,7414,4907,K4Z80325BC-HC14_FBGA180,K4Z80325BC-HC14_FBGA_180P-T
FBA_CMD33,UGPU1,A24,B,7112,4240,NVIDIA_GN20-S5-GB3-64_FCBGA771,NVIDIA_GN20-S5-GB3-64_FCBGA_771P-T
FBA_CMD33,UV2,H3,B,7414,4877,K4Z80325BC-HC14_FBGA180,K4Z80325BC-HC14_FBGA_180P-T
FBA_CMD34,UGPU1,D21,B,7195,4157,NVIDIA_GN20-S5-GB3-64_FCBGA771,NVIDIA_GN20-S5-GB3-64_FCBGA_771P-T
FBA_CMD34,UV2,J4,B,7444,4907,K4Z80325BC-HC14_FBGA180,K4Z80325BC-HC14_FBGA_180P-T
FBA_CMD35,UGPU1,B18,B,7278,4213,NVIDIA_GN20-S5-GB3-64_FCBGA771,NVIDIA_GN20-S5-GB3-64_FCBGA_771P-T
FBA_CMD35,UV2,G4,B,7444,4847,K4Z80325BC-HC14_FBGA180,K4Z80325BC-HC14_FBGA_180P-T
FBA_CMD36,TB_TP187,1,B,7266,4320,,
FBA_CMD36,UGPU1,C17,B,7305,4185,NVIDIA_GN20-S5-GB3-64_FCBGA771,NVIDIA_GN20-S5-GB3-64_FCBGA_771P-T
FBA_CMD36,UV2,H5,B,7473,4877,K4Z80325BC-HC14_FBGA180,K4Z80325BC-HC14_FBGA_180P-T
FBA_CMD37,UGPU1,A18,B,7278,4240,NVIDIA_GN20-S5-GB3-64_FCBGA771,NVIDIA_GN20-S5-GB3-64_FCBGA_771P-T
FBA_CMD37,UV2,J5,B,7473,4907,K4Z80325BC-HC14_FBGA180,K4Z80325BC-HC14_FBGA_180P-T
FBA_CMD38,UGPU1,A17,B,7305,4240,NVIDIA_GN20-S5-GB3-64_FCBGA771,NVIDIA_GN20-S5-GB3-64_FCBGA_771P-T
FBA_CMD38,UV2,K5,B,7473,4936,K4Z80325BC-HC14_FBGA180,K4Z80325BC-HC14_FBGA_180P-T
FBA_CMD39,TB_TP182,1,T,7576,5027,,
FBA_CMD39,UGPU1,B17,B,7305,4213,NVIDIA_GN20-S5-GB3-64_FCBGA771,NVIDIA_GN20-S5-GB3-64_FCBGA_771P-T
FBA_CMD39,UV2,L5,B,7473,4966,K4Z80325BC-HC14_FBGA180,K4Z80325BC-HC14_FBGA_180P-T
FBA_CMD4,TB_TP143,1,T,7429,4171,,
FBA_CMD4,UGPU1,D12,B,7443,4157,NVIDIA_GN20-S5-GB3-64_FCBGA771,NVIDIA_GN20-S5-GB3-64_FCBGA_771P-T
FBA_CMD4,UV1,K3,B,8401,4508,K4Z80325BC-HC14_FBGA180,K4Z80325BC-HC14_FBGA_180P-T
FBA_CMD40,UGPU1,D17,B,7305,4157,NVIDIA_GN20-S5-GB3-64_FCBGA771,NVIDIA_GN20-S5-GB3-64_FCBGA_771P-T
FBA_CMD40,UV2,M4,B,7444,4995,K4Z80325BC-HC14_FBGA180,K4Z80325BC-HC14_FBGA_180P-T
FBA_CMD41,R3306,2,T,7570,4998,1/20W_10K_1%_0201,R0201_11P811
FBA_CMD41,TB_TP150,1,T,7522,4976,,
FBA_CMD41,UGPU1,B23,B,7140,4213,NVIDIA_GN20-S5-GB3-64_FCBGA771,NVIDIA_GN20-S5-GB3-64_FCBGA_771P-T
FBA_CMD41,UV2,M10,B,7621,4995,K4Z80325BC-HC14_FBGA180,K4Z80325BC-HC14_FBGA_180P-T
FBA_CMD42,UGPU1,C23,B,7140,4185,NVIDIA_GN20-S5-GB3-64_FCBGA771,NVIDIA_GN20-S5-GB3-64_FCBGA_771P-T
FBA_CMD42,UV2,L10,B,7621,4966,K4Z80325BC-HC14_FBGA180,K4Z80325BC-HC14_FBGA_180P-T
FBA_CMD43,UGPU1,C21,B,7195,4185,NVIDIA_GN20-S5-GB3-64_FCBGA771,NVIDIA_GN20-S5-GB3-64_FCBGA_771P-T
FBA_CMD43,UV2,H10,B,7621,4877,K4Z80325BC-HC14_FBGA180,K4Z80325BC-HC14_FBGA_180P-T
FBA_CMD44,R3304,2,T,7543,4841,1/20W_10K_1%_0201,R0201_11P811
FBA_CMD44,TB_TP140,1,T,7579,4820,,
FBA_CMD44,UGPU1,B21,B,7195,4213,NVIDIA_GN20-S5-GB3-64_FCBGA771,NVIDIA_GN20-S5-GB3-64_FCBGA_771P-T
FBA_CMD44,UV2,G10,B,7621,4847,K4Z80325BC-HC14_FBGA180,K4Z80325BC-HC14_FBGA_180P-T
FBA_CMD45,TB_TP147,1,T,7180,4255,,
FBA_CMD45,UGPU1,A21,B,7195,4240,NVIDIA_GN20-S5-GB3-64_FCBGA771,NVIDIA_GN20-S5-GB3-64_FCBGA_771P-T
FBA_CMD45,UV2,G11,B,7651,4847,K4Z80325BC-HC14_FBGA180,K4Z80325BC-HC14_FBGA_180P-T
FBA_CMD46,UGPU1,A20,B,7222,4240,NVIDIA_GN20-S5-GB3-64_FCBGA771,NVIDIA_GN20-S5-GB3-64_FCBGA_771P-T
FBA_CMD46,UV2,H12,B,7680,4877,K4Z80325BC-HC14_FBGA180,K4Z80325BC-HC14_FBGA_180P-T
FBA_CMD47,TB_TP185,1,T,7665,4921,,
FBA_CMD47,UGPU1,E21,B,7195,4130,NVIDIA_GN20-S5-GB3-64_FCBGA771,NVIDIA_GN20-S5-GB3-64_FCBGA_771P-T
FBA_CMD47,UV2,J11,B,7651,4907,K4Z80325BC-HC14_FBGA180,K4Z80325BC-HC14_FBGA_180P-T
FBA_CMD48,TB_TP181,1,T,7236,4199,,
FBA_CMD48,UGPU1,C20,B,7222,4185,NVIDIA_GN20-S5-GB3-64_FCBGA771,NVIDIA_GN20-S5-GB3-64_FCBGA_771P-T
FBA_CMD48,UV2,J12,B,7680,4907,K4Z80325BC-HC14_FBGA180,K4Z80325BC-HC14_FBGA_180P-T
FBA_CMD49,UGPU1,B20,B,7222,4213,NVIDIA_GN20-S5-GB3-64_FCBGA771,NVIDIA_GN20-S5-GB3-64_FCBGA_771P-T
FBA_CMD49,UV2,K12,B,7680,4936,K4Z80325BC-HC14_FBGA180,K4Z80325BC-HC14_FBGA_180P-T
FBA_CMD5,UGPU1,C12,B,7443,4185,NVIDIA_GN20-S5-GB3-64_FCBGA771,NVIDIA_GN20-S5-GB3-64_FCBGA_771P-T
FBA_CMD5,UV1,L3,B,8431,4508,K4Z80325BC-HC14_FBGA180,K4Z80325BC-HC14_FBGA_180P-T
FBA_CMD50,UGPU1,C18,B,7278,4185,NVIDIA_GN20-S5-GB3-64_FCBGA771,NVIDIA_GN20-S5-GB3-64_FCBGA_771P-T
FBA_CMD50,UV2,L12,B,7680,4966,K4Z80325BC-HC14_FBGA180,K4Z80325BC-HC14_FBGA_180P-T
FBA_CMD51,UGPU1,E20,B,7222,4130,NVIDIA_GN20-S5-GB3-64_FCBGA771,NVIDIA_GN20-S5-GB3-64_FCBGA_771P-T
FBA_CMD51,UV2,K11,B,7651,4936,K4Z80325BC-HC14_FBGA180,K4Z80325BC-HC14_FBGA_180P-T
FBA_CMD52,UGPU1,A23,B,7140,4240,NVIDIA_GN20-S5-GB3-64_FCBGA771,NVIDIA_GN20-S5-GB3-64_FCBGA_771P-T
FBA_CMD52,UV2,M11,B,7651,4995,K4Z80325BC-HC14_FBGA180,K4Z80325BC-HC14_FBGA_180P-T
FBA_CMD6,UGPU1,F12,B,7443,4102,NVIDIA_GN20-S5-GB3-64_FCBGA771,NVIDIA_GN20-S5-GB3-64_FCBGA_771P-T
FBA_CMD6,UV1,K4,B,8401,4479,K4Z80325BC-HC14_FBGA180,K4Z80325BC-HC14_FBGA_180P-T
FBA_CMD7,UGPU1,D14,B,7388,4157,NVIDIA_GN20-S5-GB3-64_FCBGA771,NVIDIA_GN20-S5-GB3-64_FCBGA_771P-T
FBA_CMD7,UV1,M4,B,8460,4479,K4Z80325BC-HC14_FBGA180,K4Z80325BC-HC14_FBGA_180P-T
FBA_CMD8,UGPU1,B14,B,7388,4213,NVIDIA_GN20-S5-GB3-64_FCBGA771,NVIDIA_GN20-S5-GB3-64_FCBGA_771P-T
FBA_CMD8,UV1,L5,B,8431,4449,K4Z80325BC-HC14_FBGA180,K4Z80325BC-HC14_FBGA_180P-T
FBA_CMD9,UGPU1,A14,B,7388,4240,NVIDIA_GN20-S5-GB3-64_FCBGA771,NVIDIA_GN20-S5-GB3-64_FCBGA_771P-T
FBA_CMD9,UV1,K5,B,8401,4449,K4Z80325BC-HC14_FBGA180,K4Z80325BC-HC14_FBGA_180P-T
FBA_D0,TB_TP417,1,T,8652,4493,,
FBA_D0,UGPU1,H6,B,7618,4037,NVIDIA_GN20-S5-GB3-64_FCBGA771,NVIDIA_GN20-S5-GB3-64_FCBGA_771P-T
FBA_D0,UV1,V3,B,8637,4508,K4Z80325BC-HC14_FBGA180,K4Z80325BC-HC14_FBGA_180P-T
FBA_D1,UGPU1,F6,B,7618,4102,NVIDIA_GN20-S5-GB3-64_FCBGA771,NVIDIA_GN20-S5-GB3-64_FCBGA_771P-T
FBA_D1,UV1,U3,B,8608,4508,K4Z80325BC-HC14_FBGA180,K4Z80325BC-HC14_FBGA_180P-T
FBA_D10,TB_TP474,1,T,8180,4493,,
FBA_D10,UGPU1,J4,B,7673,4010,NVIDIA_GN20-S5-GB3-64_FCBGA771,NVIDIA_GN20-S5-GB3-64_FCBGA_771P-T
FBA_D10,UV1,B3,B,8165,4508,K4Z80325BC-HC14_FBGA180,K4Z80325BC-HC14_FBGA_180P-T
FBA_D11,TB_TP533,1,T,7604,3969,,
FBA_D11,UGPU1,L5,B,7646,3955,NVIDIA_GN20-S5-GB3-64_FCBGA771,NVIDIA_GN20-S5-GB3-64_FCBGA_771P-T
FBA_D11,UV1,B2,B,8165,4538,K4Z80325BC-HC14_FBGA180,K4Z80325BC-HC14_FBGA_180P-T
FBA_D12,UGPU1,L4,B,7673,3955,NVIDIA_GN20-S5-GB3-64_FCBGA771,NVIDIA_GN20-S5-GB3-64_FCBGA_771P-T
FBA_D12,UV1,E3,B,8253,4508,K4Z80325BC-HC14_FBGA180,K4Z80325BC-HC14_FBGA_180P-T
FBA_D13,TB_TP1237,1,T,8239,4552,,
FBA_D13,UGPU1,H5,B,7646,4037,NVIDIA_GN20-S5-GB3-64_FCBGA771,NVIDIA_GN20-S5-GB3-64_FCBGA_771P-T
FBA_D13,UV1,E2,B,8253,4538,K4Z80325BC-HC14_FBGA180,K4Z80325BC-HC14_FBGA_180P-T
FBA_D14,UGPU1,R6,B,7618,3844,NVIDIA_GN20-S5-GB3-64_FCBGA771,NVIDIA_GN20-S5-GB3-64_FCBGA_771P-T
FBA_D14,UV1,F2,B,8283,4538,K4Z80325BC-HC14_FBGA180,K4Z80325BC-HC14_FBGA_180P-T
FBA_D15,UGPU1,J3,B,7701,4010,NVIDIA_GN20-S5-GB3-64_FCBGA771,NVIDIA_GN20-S5-GB3-64_FCBGA_771P-T
FBA_D15,UV1,G2,B,8312,4538,K4Z80325BC-HC14_FBGA180,K4Z80325BC-HC14_FBGA_180P-T
FBA_D16,UGPU1,B5,B,7636,4213,NVIDIA_GN20-S5-GB3-64_FCBGA771,NVIDIA_GN20-S5-GB3-64_FCBGA_771P-T
FBA_D16,UV1,U11,B,8608,4272,K4Z80325BC-HC14_FBGA180,K4Z80325BC-HC14_FBGA_180P-T
FBA_D17,UGPU1,F2,B,7728,4093,NVIDIA_GN20-S5-GB3-64_FCBGA771,NVIDIA_GN20-S5-GB3-64_FCBGA_771P-T
FBA_D17,UV1,V12,B,8637,4242,K4Z80325BC-HC14_FBGA180,K4Z80325BC-HC14_FBGA_180P-T
FBA_D18,TB_TP1228,1,T,8593,4257,,
FBA_D18,UGPU1,B3,B,7691,4213,NVIDIA_GN20-S5-GB3-64_FCBGA771,NVIDIA_GN20-S5-GB3-64_FCBGA_771P-T
FBA_D18,UV1,U12,B,8608,4242,K4Z80325BC-HC14_FBGA180,K4Z80325BC-HC14_FBGA_180P-T
FBA_D19,UGPU1,C3,B,7701,4185,NVIDIA_GN20-S5-GB3-64_FCBGA771,NVIDIA_GN20-S5-GB3-64_FCBGA_771P-T
FBA_D19,UV1,U13,B,8608,4213,K4Z80325BC-HC14_FBGA180,K4Z80325BC-HC14_FBGA_180P-T
FBA_D2,UGPU1,F5,B,7646,4093,NVIDIA_GN20-S5-GB3-64_FCBGA771,NVIDIA_GN20-S5-GB3-64_FCBGA_771P-T
FBA_D2,UV1,P2,B,8519,4538,K4Z80325BC-HC14_FBGA180,K4Z80325BC-HC14_FBGA_180P-T
FBA_D20,UGPU1,A3,B,7691,4240,NVIDIA_GN20-S5-GB3-64_FCBGA771,NVIDIA_GN20-S5-GB3-64_FCBGA_771P-T
FBA_D20,UV1,P12,B,8519,4242,K4Z80325BC-HC14_FBGA180,K4Z80325BC-HC14_FBGA_180P-T
FBA_D21,UGPU1,C2,B,7728,4175,NVIDIA_GN20-S5-GB3-64_FCBGA771,NVIDIA_GN20-S5-GB3-64_FCBGA_771P-T
FBA_D21,UV1,P13,B,8519,4213,K4Z80325BC-HC14_FBGA180,K4Z80325BC-HC14_FBGA_180P-T
FBA_D22,TB_TP1240,1,T,8504,4228,,
FBA_D22,UGPU1,B2,B,7728,4213,NVIDIA_GN20-S5-GB3-64_FCBGA771,NVIDIA_GN20-S5-GB3-64_FCBGA_771P-T
FBA_D22,UV1,N13,B,8490,4213,K4Z80325BC-HC14_FBGA180,K4Z80325BC-HC14_FBGA_180P-T
FBA_D23,UGPU1,C1,B,7756,4175,NVIDIA_GN20-S5-GB3-64_FCBGA771,NVIDIA_GN20-S5-GB3-64_FCBGA_771P-T
FBA_D23,UV1,M13,B,8460,4213,K4Z80325BC-HC14_FBGA180,K4Z80325BC-HC14_FBGA_180P-T
FBA_D24,TB_TP682,1,T,7687,3914,,
FBA_D24,UGPU1,M4,B,7673,3927,NVIDIA_GN20-S5-GB3-64_FCBGA771,NVIDIA_GN20-S5-GB3-64_FCBGA_771P-T
FBA_D24,UV1,B11,B,8165,4272,K4Z80325BC-HC14_FBGA180,K4Z80325BC-HC14_FBGA_180P-T
FBA_D25,TB_TP404,1,T,7797,3914,,
FBA_D25,UGPU1,M1,B,7756,3927,NVIDIA_GN20-S5-GB3-64_FCBGA771,NVIDIA_GN20-S5-GB3-64_FCBGA_771P-T
FBA_D25,UV1,A12,B,8135,4242,K4Z80325BC-HC14_FBGA180,K4Z80325BC-HC14_FBGA_180P-T
FBA_D26,UGPU1,M2,B,7728,3927,NVIDIA_GN20-S5-GB3-64_FCBGA771,NVIDIA_GN20-S5-GB3-64_FCBGA_771P-T
FBA_D26,UV1,B12,B,8165,4242,K4Z80325BC-HC14_FBGA180,K4Z80325BC-HC14_FBGA_180P-T
FBA_D27,TB_TP1381,1,T,8150,4198,,
FBA_D27,UGPU1,M3,B,7701,3927,NVIDIA_GN20-S5-GB3-64_FCBGA771,NVIDIA_GN20-S5-GB3-64_FCBGA_771P-T
FBA_D27,UV1,B13,B,8165,4213,K4Z80325BC-HC14_FBGA180,K4Z80325BC-HC14_FBGA_180P-T
FBA_D28,UGPU1,P1,B,7756,3872,NVIDIA_GN20-S5-GB3-64_FCBGA771,NVIDIA_GN20-S5-GB3-64_FCBGA_771P-T
FBA_D28,UV1,E12,B,8253,4242,K4Z80325BC-HC14_FBGA180,K4Z80325BC-HC14_FBGA_180P-T
FBA_D29,TB_TP582,1,T,8239,4228,,
FBA_D29,UGPU1,P3,B,7701,3872,NVIDIA_GN20-S5-GB3-64_FCBGA771,NVIDIA_GN20-S5-GB3-64_FCBGA_771P-T
FBA_D29,UV1,E13,B,8253,4213,K4Z80325BC-HC14_FBGA180,K4Z80325BC-HC14_FBGA_180P-T
FBA_D3,TB_TP1383,1,T,7659,4079,,
FBA_D3,UGPU1,F4,B,7673,4093,NVIDIA_GN20-S5-GB3-64_FCBGA771,NVIDIA_GN20-S5-GB3-64_FCBGA_771P-T
FBA_D3,UV1,U2,B,8608,4538,K4Z80325BC-HC14_FBGA180,K4Z80325BC-HC14_FBGA_180P-T
FBA_D30,UGPU1,R4,B,7673,3844,NVIDIA_GN20-S5-GB3-64_FCBGA771,NVIDIA_GN20-S5-GB3-64_FCBGA_771P-T
FBA_D30,UV1,F13,B,8283,4213,K4Z80325BC-HC14_FBGA180,K4Z80325BC-HC14_FBGA_180P-T
FBA_D31,TB_TP1285,1,B,7849,3820,,
FBA_D31,UGPU1,J2,B,7728,4010,NVIDIA_GN20-S5-GB3-64_FCBGA771,NVIDIA_GN20-S5-GB3-64_FCBGA_771P-T
FBA_D31,UV1,G13,B,8312,4213,K4Z80325BC-HC14_FBGA180,K4Z80325BC-HC14_FBGA_180P-T
FBA_D32,TB_TP1374,1,T,7062,4024,,
FBA_D32,UGPU1,H26,B,7047,4037,NVIDIA_GN20-S5-GB3-64_FCBGA771,NVIDIA_GN20-S5-GB3-64_FCBGA_771P-T
FBA_D32,UV2,V12,B,7680,5172,K4Z80325BC-HC14_FBGA180,K4Z80325BC-HC14_FBGA_180P-T
FBA_D33,UGPU1,F27,B,7020,4093,NVIDIA_GN20-S5-GB3-64_FCBGA771,NVIDIA_GN20-S5-GB3-64_FCBGA_771P-T
FBA_D33,UV2,M13,B,7710,4995,K4Z80325BC-HC14_FBGA180,K4Z80325BC-HC14_FBGA_180P-T
FBA_D34,TB_TP1225,1,T,6952,4134,,
FBA_D34,UGPU1,E29,B,6965,4120,NVIDIA_GN20-S5-GB3-64_FCBGA771,NVIDIA_GN20-S5-GB3-64_FCBGA_771P-T
FBA_D34,UV2,U11,B,7651,5143,K4Z80325BC-HC14_FBGA180,K4Z80325BC-HC14_FBGA_180P-T
FBA_D35,TB_TP497,1,T,7006,4079,,
FBA_D35,UGPU1,F28,B,6992,4093,NVIDIA_GN20-S5-GB3-64_FCBGA771,NVIDIA_GN20-S5-GB3-64_FCBGA_771P-T
FBA_D35,UV2,U13,B,7710,5143,K4Z80325BC-HC14_FBGA180,K4Z80325BC-HC14_FBGA_180P-T
FBA_D36,TB_TP1394,1,T,7072,4142,,
FBA_D36,UGPU1,E26,B,7057,4130,NVIDIA_GN20-S5-GB3-64_FCBGA771,NVIDIA_GN20-S5-GB3-64_FCBGA_771P-T
FBA_D36,UV2,P12,B,7680,5054,K4Z80325BC-HC14_FBGA180,K4Z80325BC-HC14_FBGA_180P-T
FBA_D37,UGPU1,E28,B,6992,4120,NVIDIA_GN20-S5-GB3-64_FCBGA771,NVIDIA_GN20-S5-GB3-64_FCBGA_771P-T
FBA_D37,UV2,N13,B,7710,5025,K4Z80325BC-HC14_FBGA180,K4Z80325BC-HC14_FBGA_180P-T
FBA_D38,UGPU1,F26,B,7047,4102,NVIDIA_GN20-S5-GB3-64_FCBGA771,NVIDIA_GN20-S5-GB3-64_FCBGA_771P-T
FBA_D38,UV2,P13,B,7710,5054,K4Z80325BC-HC14_FBGA180,K4Z80325BC-HC14_FBGA_180P-T
FBA_D39,UGPU1,D26,B,7057,4157,NVIDIA_GN20-S5-GB3-64_FCBGA771,NVIDIA_GN20-S5-GB3-64_FCBGA_771P-T
FBA_D39,UV2,U12,B,7680,5143,K4Z80325BC-HC14_FBGA180,K4Z80325BC-HC14_FBGA_180P-T
FBA_D4,UGPU1,E3,B,7701,4120,NVIDIA_GN20-S5-GB3-64_FCBGA771,NVIDIA_GN20-S5-GB3-64_FCBGA_771P-T
FBA_D4,UV1,P3,B,8519,4508,K4Z80325BC-HC14_FBGA180,K4Z80325BC-HC14_FBGA_180P-T
FBA_D40,UGPU1,J28,B,6992,4010,NVIDIA_GN20-S5-GB3-64_FCBGA771,NVIDIA_GN20-S5-GB3-64_FCBGA_771P-T
FBA_D40,UV2,B11,B,7651,4700,K4Z80325BC-HC14_FBGA180,K4Z80325BC-HC14_FBGA_180P-T
FBA_D41,UGPU1,R27,B,7020,3844,NVIDIA_GN20-S5-GB3-64_FCBGA771,NVIDIA_GN20-S5-GB3-64_FCBGA_771P-T
FBA_D41,UV2,A12,B,7680,4670,K4Z80325BC-HC14_FBGA180,K4Z80325BC-HC14_FBGA_180P-T
FBA_D42,TB_TP438,1,T,7665,4715,,
FBA_D42,UGPU1,J26,B,7047,4010,NVIDIA_GN20-S5-GB3-64_FCBGA771,NVIDIA_GN20-S5-GB3-64_FCBGA_771P-T
FBA_D42,UV2,B12,B,7680,4700,K4Z80325BC-HC14_FBGA180,K4Z80325BC-HC14_FBGA_180P-T
FBA_D43,UGPU1,R26,B,7047,3844,NVIDIA_GN20-S5-GB3-64_FCBGA771,NVIDIA_GN20-S5-GB3-64_FCBGA_771P-T
FBA_D43,UV2,B13,B,7710,4700,K4Z80325BC-HC14_FBGA180,K4Z80325BC-HC14_FBGA_180P-T
FBA_D44,TB_TP620,1,T,7006,3969,,
FBA_D44,UGPU1,L28,B,6992,3955,NVIDIA_GN20-S5-GB3-64_FCBGA771,NVIDIA_GN20-S5-GB3-64_FCBGA_771P-T
FBA_D44,UV2,E12,B,7680,4788,K4Z80325BC-HC14_FBGA180,K4Z80325BC-HC14_FBGA_180P-T
FBA_D45,TB_TP483,1,T,7725,4774,,
FBA_D45,UGPU1,H27,B,7020,4037,NVIDIA_GN20-S5-GB3-64_FCBGA771,NVIDIA_GN20-S5-GB3-64_FCBGA_771P-T
FBA_D45,UV2,E13,B,7710,4788,K4Z80325BC-HC14_FBGA180,K4Z80325BC-HC14_FBGA_180P-T
FBA_D46,UGPU1,H28,B,6992,4037,NVIDIA_GN20-S5-GB3-64_FCBGA771,NVIDIA_GN20-S5-GB3-64_FCBGA_771P-T
FBA_D46,UV2,F13,B,7710,4818,K4Z80325BC-HC14_FBGA180,K4Z80325BC-HC14_FBGA_180P-T
FBA_D47,UGPU1,J29,B,6965,4010,NVIDIA_GN20-S5-GB3-64_FCBGA771,NVIDIA_GN20-S5-GB3-64_FCBGA_771P-T
FBA_D47,UV2,G13,B,7710,4847,K4Z80325BC-HC14_FBGA180,K4Z80325BC-HC14_FBGA_180P-T
FBA_D48,UGPU1,B27,B,7030,4213,NVIDIA_GN20-S5-GB3-64_FCBGA771,NVIDIA_GN20-S5-GB3-64_FCBGA_771P-T
FBA_D48,UV2,U4,B,7444,5143,K4Z80325BC-HC14_FBGA180,K4Z80325BC-HC14_FBGA_180P-T
FBA_D49,UGPU1,F30,B,6937,4093,NVIDIA_GN20-S5-GB3-64_FCBGA771,NVIDIA_GN20-S5-GB3-64_FCBGA_771P-T
FBA_D49,UV2,V3,B,7414,5172,K4Z80325BC-HC14_FBGA180,K4Z80325BC-HC14_FBGA_180P-T
FBA_D5,UGPU1,E8,B,7553,4130,NVIDIA_GN20-S5-GB3-64_FCBGA771,NVIDIA_GN20-S5-GB3-64_FCBGA_771P-T
FBA_D5,UV1,N2,B,8490,4538,K4Z80325BC-HC14_FBGA180,K4Z80325BC-HC14_FBGA_180P-T
FBA_D50,TB_TP447,1,T,7429,5128,,
FBA_D50,UGPU1,E30,B,6937,4120,NVIDIA_GN20-S5-GB3-64_FCBGA771,NVIDIA_GN20-S5-GB3-64_FCBGA_771P-T
FBA_D50,UV2,U3,B,7414,5143,K4Z80325BC-HC14_FBGA180,K4Z80325BC-HC14_FBGA_180P-T
FBA_D51,TB_TP1276,1,T,6893,4079,,
FBA_D51,UGPU1,F31,B,6909,4093,NVIDIA_GN20-S5-GB3-64_FCBGA771,NVIDIA_GN20-S5-GB3-64_FCBGA_771P-T
FBA_D51,UV2,U2,B,7385,5143,K4Z80325BC-HC14_FBGA180,K4Z80325BC-HC14_FBGA_180P-T
FBA_D52,TB_TP477,1,T,6992,4231,,
FBA_D52,UGPU1,B29,B,6974,4213,NVIDIA_GN20-S5-GB3-64_FCBGA771,NVIDIA_GN20-S5-GB3-64_FCBGA_771P-T
FBA_D52,UV2,P3,B,7414,5054,K4Z80325BC-HC14_FBGA180,K4Z80325BC-HC14_FBGA_180P-T
FBA_D53,TB_TP443,1,T,6893,4189,,
FBA_D53,UGPU1,C31,B,6909,4175,NVIDIA_GN20-S5-GB3-64_FCBGA771,NVIDIA_GN20-S5-GB3-64_FCBGA_771P-T
FBA_D53,UV2,P2,B,7385,5054,K4Z80325BC-HC14_FBGA180,K4Z80325BC-HC14_FBGA_180P-T
FBA_D54,UGPU1,C29,B,6965,4185,NVIDIA_GN20-S5-GB3-64_FCBGA771,NVIDIA_GN20-S5-GB3-64_FCBGA_771P-T
FBA_D54,UV2,N2,B,7385,5025,K4Z80325BC-HC14_FBGA180,K4Z80325BC-HC14_FBGA_180P-T
FBA_D55,TB_TP552,1,T,7370,5039,,
FBA_D55,UGPU1,B30,B,6937,4213,NVIDIA_GN20-S5-GB3-64_FCBGA771,NVIDIA_GN20-S5-GB3-64_FCBGA_771P-T
FBA_D55,UV2,M2,B,7385,4995,K4Z80325BC-HC14_FBGA180,K4Z80325BC-HC14_FBGA_180P-T
FBA_D56,UGPU1,M29,B,6965,3927,NVIDIA_GN20-S5-GB3-64_FCBGA771,NVIDIA_GN20-S5-GB3-64_FCBGA_771P-T
FBA_D56,UV2,B4,B,7444,4700,K4Z80325BC-HC14_FBGA180,K4Z80325BC-HC14_FBGA_180P-T
FBA_D57,UGPU1,M30,B,6937,3927,NVIDIA_GN20-S5-GB3-64_FCBGA771,NVIDIA_GN20-S5-GB3-64_FCBGA_771P-T
FBA_D57,UV2,A3,B,7414,4670,K4Z80325BC-HC14_FBGA180,K4Z80325BC-HC14_FBGA_180P-T
FBA_D58,TB_TP430,1,T,7400,4685,,
FBA_D58,UGPU1,M28,B,6992,3927,NVIDIA_GN20-S5-GB3-64_FCBGA771,NVIDIA_GN20-S5-GB3-64_FCBGA_771P-T
FBA_D58,UV2,B3,B,7414,4700,K4Z80325BC-HC14_FBGA180,K4Z80325BC-HC14_FBGA_180P-T
FBA_D59,UGPU1,M31,B,6909,3927,NVIDIA_GN20-S5-GB3-64_FCBGA771,NVIDIA_GN20-S5-GB3-64_FCBGA_771P-T
FBA_D59,UV2,B2,B,7385,4700,K4Z80325BC-HC14_FBGA180,K4Z80325BC-HC14_FBGA_180P-T
FBA_D6,UGPU1,D6,B,7608,4157,NVIDIA_GN20-S5-GB3-64_FCBGA771,NVIDIA_GN20-S5-GB3-64_FCBGA_771P-T
FBA_D6,UV1,U4,B,8608,4479,K4Z80325BC-HC14_FBGA180,K4Z80325BC-HC14_FBGA_180P-T
FBA_D60,UGPU1,J30,B,6937,4010,NVIDIA_GN20-S5-GB3-64_FCBGA771,NVIDIA_GN20-S5-GB3-64_FCBGA_771P-T
FBA_D60,UV2,E3,B,7414,4788,K4Z80325BC-HC14_FBGA180,K4Z80325BC-HC14_FBGA_180P-T
FBA_D61,TB_TP1395,1,T,6923,3858,,
FBA_D61,UGPU1,P30,B,6937,3872,NVIDIA_GN20-S5-GB3-64_FCBGA771,NVIDIA_GN20-S5-GB3-64_FCBGA_771P-T
FBA_D61,UV2,E2,B,7385,4788,K4Z80325BC-HC14_FBGA180,K4Z80325BC-HC14_FBGA_180P-T
FBA_D62,UGPU1,P29,B,6965,3872,NVIDIA_GN20-S5-GB3-64_FCBGA771,NVIDIA_GN20-S5-GB3-64_FCBGA_771P-T
FBA_D62,UV2,F2,B,7385,4818,K4Z80325BC-HC14_FBGA180,K4Z80325BC-HC14_FBGA_180P-T
FBA_D63,TB_TP1390,1,T,7006,3831,,
FBA_D63,UGPU1,R28,B,6992,3844,NVIDIA_GN20-S5-GB3-64_FCBGA771,NVIDIA_GN20-S5-GB3-64_FCBGA_771P-T
FBA_D63,UV2,G2,B,7385,4847,K4Z80325BC-HC14_FBGA180,K4Z80325BC-HC14_FBGA_180P-T
FBA_D7,UGPU1,E4,B,7673,4120,NVIDIA_GN20-S5-GB3-64_FCBGA771,NVIDIA_GN20-S5-GB3-64_FCBGA_771P-T
FBA_D7,UV1,M2,B,8460,4538,K4Z80325BC-HC14_FBGA180,K4Z80325BC-HC14_FBGA_180P-T
FBA_D8,UGPU1,H4,B,7673,4037,NVIDIA_GN20-S5-GB3-64_FCBGA771,NVIDIA_GN20-S5-GB3-64_FCBGA_771P-T
FBA_D8,UV1,B4,B,8165,4479,K4Z80325BC-HC14_FBGA180,K4Z80325BC-HC14_FBGA_180P-T
FBA_D9,UGPU1,J6,B,7618,4010,NVIDIA_GN20-S5-GB3-64_FCBGA771,NVIDIA_GN20-S5-GB3-64_FCBGA_771P-T
FBA_D9,UV1,A3,B,8135,4508,K4Z80325BC-HC14_FBGA180,K4Z80325BC-HC14_FBGA_180P-T
FBA_DBI0,UGPU1,E6,B,7608,4130,NVIDIA_GN20-S5-GB3-64_FCBGA771,NVIDIA_GN20-S5-GB3-64_FCBGA_771P-T
FBA_DBI0,UV1,R2,B,8549,4538,K4Z80325BC-HC14_FBGA180,K4Z80325BC-HC14_FBGA_180P-T
FBA_DBI1,UGPU1,P6,B,7618,3872,NVIDIA_GN20-S5-GB3-64_FCBGA771,NVIDIA_GN20-S5-GB3-64_FCBGA_771P-T
FBA_DBI1,UV1,D2,B,8224,4538,K4Z80325BC-HC14_FBGA180,K4Z80325BC-HC14_FBGA_180P-T
FBA_DBI2,TB_TP1187,1,T,7742,4106,,
FBA_DBI2,UGPU1,E2,B,7728,4120,NVIDIA_GN20-S5-GB3-64_FCBGA771,NVIDIA_GN20-S5-GB3-64_FCBGA_771P-T
FBA_DBI2,UV1,R13,B,8549,4213,K4Z80325BC-HC14_FBGA180,K4Z80325BC-HC14_FBGA_180P-T
FBA_DBI3,UGPU1,R2,B,7728,3844,NVIDIA_GN20-S5-GB3-64_FCBGA771,NVIDIA_GN20-S5-GB3-64_FCBGA_771P-T
FBA_DBI3,UV1,D13,B,8224,4213,K4Z80325BC-HC14_FBGA180,K4Z80325BC-HC14_FBGA_180P-T
FBA_DBI4,UGPU1,E24,B,7112,4130,NVIDIA_GN20-S5-GB3-64_FCBGA771,NVIDIA_GN20-S5-GB3-64_FCBGA_771P-T
FBA_DBI4,UV2,R13,B,7710,5084,K4Z80325BC-HC14_FBGA180,K4Z80325BC-HC14_FBGA_180P-T
FBA_DBI5,UGPU1,P26,B,7047,3872,NVIDIA_GN20-S5-GB3-64_FCBGA771,NVIDIA_GN20-S5-GB3-64_FCBGA_771P-T
FBA_DBI5,UV2,D13,B,7710,4759,K4Z80325BC-HC14_FBGA180,K4Z80325BC-HC14_FBGA_180P-T
FBA_DBI6,UGPU1,A29,B,6974,4240,NVIDIA_GN20-S5-GB3-64_FCBGA771,NVIDIA_GN20-S5-GB3-64_FCBGA_771P-T
FBA_DBI6,UV2,R2,B,7385,5084,K4Z80325BC-HC14_FBGA180,K4Z80325BC-HC14_FBGA_180P-T
FBA_DBI7,TB_TP1393,1,T,7400,4774,,
FBA_DBI7,UGPU1,P28,B,6992,3872,NVIDIA_GN20-S5-GB3-64_FCBGA771,NVIDIA_GN20-S5-GB3-64_FCBGA_771P-T
FBA_DBI7,UV2,D2,B,7385,4759,K4Z80325BC-HC14_FBGA180,K4Z80325BC-HC14_FBGA_180P-T
FBA_EDC0,TB_TP499,1,T,8563,4522,,
FBA_EDC0,UGPU1,F8,B,7553,4102,NVIDIA_GN20-S5-GB3-64_FCBGA771,NVIDIA_GN20-S5-GB3-64_FCBGA_771P-T
FBA_EDC0,UV1,T2,B,8578,4538,K4Z80325BC-HC14_FBGA180,K4Z80325BC-HC14_FBGA_180P-T
FBA_EDC1,UGPU1,R5,B,7646,3844,NVIDIA_GN20-S5-GB3-64_FCBGA771,NVIDIA_GN20-S5-GB3-64_FCBGA_771P-T
FBA_EDC1,UV1,C2,B,8194,4538,K4Z80325BC-HC14_FBGA180,K4Z80325BC-HC14_FBGA_180P-T
FBA_EDC2,UGPU1,F1,B,7756,4093,NVIDIA_GN20-S5-GB3-64_FCBGA771,NVIDIA_GN20-S5-GB3-64_FCBGA_771P-T
FBA_EDC2,UV1,T13,B,8578,4213,K4Z80325BC-HC14_FBGA180,K4Z80325BC-HC14_FBGA_180P-T
FBA_EDC3,UGPU1,P4,B,7673,3872,NVIDIA_GN20-S5-GB3-64_FCBGA771,NVIDIA_GN20-S5-GB3-64_FCBGA_771P-T
FBA_EDC3,UV1,C13,B,8194,4213,K4Z80325BC-HC14_FBGA180,K4Z80325BC-HC14_FBGA_180P-T
FBA_EDC4,TB_TP642,1,T,7725,5129,,
FBA_EDC4,UGPU1,F24,B,7112,4102,NVIDIA_GN20-S5-GB3-64_FCBGA771,NVIDIA_GN20-S5-GB3-64_FCBGA_771P-T
FBA_EDC4,UV2,T13,B,7710,5113,K4Z80325BC-HC14_FBGA180,K4Z80325BC-HC14_FBGA_180P-T
FBA_EDC5,UGPU1,L27,B,7020,3955,NVIDIA_GN20-S5-GB3-64_FCBGA771,NVIDIA_GN20-S5-GB3-64_FCBGA_771P-T
FBA_EDC5,UV2,C13,B,7710,4729,K4Z80325BC-HC14_FBGA180,K4Z80325BC-HC14_FBGA_180P-T
FBA_EDC6,UGPU1,C30,B,6937,4175,NVIDIA_GN20-S5-GB3-64_FCBGA771,NVIDIA_GN20-S5-GB3-64_FCBGA_771P-T
FBA_EDC6,UV2,T2,B,7385,5113,K4Z80325BC-HC14_FBGA180,K4Z80325BC-HC14_FBGA_180P-T
FBA_EDC7,UGPU1,P31,B,6909,3872,NVIDIA_GN20-S5-GB3-64_FCBGA771,NVIDIA_GN20-S5-GB3-64_FCBGA_771P-T
FBA_EDC7,UV2,C2,B,7385,4729,K4Z80325BC-HC14_FBGA180,K4Z80325BC-HC14_FBGA_180P-T
FBA_VREFC,R3901,1,T,8421,4579,1/20W_1K_1%_0201,R0201_11P811
FBA_VREFC,UV1,K1,B,8401,4567,K4Z80325BC-HC14_FBGA180,K4Z80325BC-HC14_FBGA_180P-T
FBA_VREFC_H,R4001,1,T,7312,4938,1/20W_1K_1%_0201,R0201_11P811
FBA_VREFC_H,TB_TP154,1,T,7353,4948,,
FBA_VREFC_H,UV2,K1,B,7355,4936,K4Z80325BC-HC14_FBGA180,K4Z80325BC-HC14_FBGA_180P-T
FBA_WCK01,UGPU1,D5,B,7636,4157,NVIDIA_GN20-S5-GB3-64_FCBGA771,NVIDIA_GN20-S5-GB3-64_FCBGA_771P-T
FBA_WCK01,UV1,R4,B,8549,4479,K4Z80325BC-HC14_FBGA180,K4Z80325BC-HC14_FBGA_180P-T
FBA_WCK23,UGPU1,B6,B,7608,4213,NVIDIA_GN20-S5-GB3-64_FCBGA771,NVIDIA_GN20-S5-GB3-64_FCBGA_771P-T
FBA_WCK23,UV1,R11,B,8549,4272,K4Z80325BC-HC14_FBGA180,K4Z80325BC-HC14_FBGA_180P-T
FBA_WCK45,TB_TP1320,1,T,7635,5069,,
FBA_WCK45,UGPU1,D27,B,7030,4157,NVIDIA_GN20-S5-GB3-64_FCBGA771,NVIDIA_GN20-S5-GB3-64_FCBGA_771P-T
FBA_WCK45,UV2,R11,B,7651,5084,K4Z80325BC-HC14_FBGA180,K4Z80325BC-HC14_FBGA_180P-T
FBA_WCK67,UGPU1,A26,B,7057,4240,NVIDIA_GN20-S5-GB3-64_FCBGA771,NVIDIA_GN20-S5-GB3-64_FCBGA_771P-T
FBA_WCK67,UV2,R4,B,7444,5084,K4Z80325BC-HC14_FBGA180,K4Z80325BC-HC14_FBGA_180P-T
FBA_WCKB01,UGPU1,L6,B,7618,3955,NVIDIA_GN20-S5-GB3-64_FCBGA771,NVIDIA_GN20-S5-GB3-64_FCBGA_771P-T
FBA_WCKB01,UV1,D4,B,8224,4479,K4Z80325BC-HC14_FBGA180,K4Z80325BC-HC14_FBGA_180P-T
FBA_WCKB23,UGPU1,L1,B,7756,3955,NVIDIA_GN20-S5-GB3-64_FCBGA771,NVIDIA_GN20-S5-GB3-64_FCBGA_771P-T
FBA_WCKB23,UV1,D11,B,8224,4272,K4Z80325BC-HC14_FBGA180,K4Z80325BC-HC14_FBGA_180P-T
FBA_WCKB45,UGPU1,L26,B,7047,3955,NVIDIA_GN20-S5-GB3-64_FCBGA771,NVIDIA_GN20-S5-GB3-64_FCBGA_771P-T
FBA_WCKB45,UV2,D11,B,7651,4759,K4Z80325BC-HC14_FBGA180,K4Z80325BC-HC14_FBGA_180P-T
FBA_WCKB67,TB_TP631,1,T,6868,3969,,
FBA_WCKB67,UGPU1,L31,B,6909,3955,NVIDIA_GN20-S5-GB3-64_FCBGA771,NVIDIA_GN20-S5-GB3-64_FCBGA_771P-T
FBA_WCKB67,UV2,D4,B,7444,4759,K4Z80325BC-HC14_FBGA180,K4Z80325BC-HC14_FBGA_180P-T
FBA_ZQ_1_A,R3902,1,T,8377,4137,1/20W_121_1%_0201,R0201_11P811
FBA_ZQ_1_A,TB_TP910,1,T,8342,4106,,
FBA_ZQ_1_A,UV1,J14,B,8372,4183,K4Z80325BC-HC14_FBGA180,K4Z80325BC-HC14_FBGA_180P-T
FBA_ZQ_1_B,R3903,1,T,8404,4137,1/20W_121_1%_0201,R0201_11P811
FBA_ZQ_1_B,TB_TP901,1,T,8406,4075,,
FBA_ZQ_1_B,UV1,K14,B,8401,4183,K4Z80325BC-HC14_FBGA180,K4Z80325BC-HC14_FBGA_180P-T
FBRTN,PC1523,1,B,7333,1592,100P_25V_J_NPO_0201,C0201_12P992_BA
FBRTN,PR1513,2,B,7287,1610,1/20W_100_1%_0201,R0201_11P811
FBRTN,PR1517,2,B,7309,1610,0_0201_SP,R0201_SHORT
FBRTN,PU1501,10,B,7361,1680,NCP81278TMNTXG_QFN20_3X3,NCP81272MNTXG_QFN20_3X3
FBRTN,TB_TP1078,1,B,7339,1643,,
FBVDDQ_SENSE,R3801,1,B,7844,4031,0_0201_SP,R0201_SHORT
FBVDDQ_SENSE,TB_TP162,1,B,7848,3993,,
FBVDDQ_SENSE,UGPU1,H1,B,7756,4037,NVIDIA_GN20-S5-GB3-64_FCBGA771,NVIDIA_GN20-S5-GB3-64_FCBGA_771P-T
FBVDD_PWN_VID,PR1632,2,T,6914,4981,0_0402_SP,R0402_SHORT
FBVDD_PWN_VID,R3535,1,T,6885,4968,1/20W_10K_5%_0201,R0201_11P811
FBVDD_PWN_VID,TB_TP74,1,T,6868,5027,,
FBVDD_PWN_VID,UGPU1,U5,B,7646,3789,NVIDIA_GN20-S5-GB3-64_FCBGA771,NVIDIA_GN20-S5-GB3-64_FCBGA_771P-T
FB_CAL_PD_VDDQ,R3802,1,B,6758,4069,1/20W_40.2_1%_0201,R0201_11P811
FB_CAL_PD_VDDQ,TB_TP1179,1,B,6823,4041,,
FB_CAL_PD_VDDQ,UGPU1,H31,B,6909,4037,NVIDIA_GN20-S5-GB3-64_FCBGA771,NVIDIA_GN20-S5-GB3-64_FCBGA_771P-T
FB_CAL_PU_GND,R3803,1,B,6758,4093,1/20W_40.2_1%_0201,R0201_11P811
FB_CAL_PU_GND,TB_TP1172,1,B,6812,4109,,
FB_CAL_PU_GND,UGPU1,H30,B,6937,4037,NVIDIA_GN20-S5-GB3-64_FCBGA771,NVIDIA_GN20-S5-GB3-64_FCBGA_771P-T
FB_CAL_TERM_GND,R3804,1,B,6757,4117,1/20W_40.2_1%_0201,R0201_11P811
FB_CAL_TERM_GND,TB_TP160,1,B,6795,4176,,
FB_CAL_TERM_GND,UGPU1,H29,B,6965,4037,NVIDIA_GN20-S5-GB3-64_FCBGA771,NVIDIA_GN20-S5-GB3-64_FCBGA_771P-T
FB_VGA,PC1525,1,B,7263,1658,22P_50V_J_NPO_0402,C0402_21P654_CA
FB_VGA,PC1526,1,B,7175,1688,220P_50V_J_NPO_0402_MURATA,C0402_21P654_CA
FB_VGA,PR1518,2,B,7235,1671,1/20W_49.9_1%_0201,R0201_11P811
FB_VGA,PR1520,2,B,7212,1671,1/20W_10K_1%_0201,R0201_11P811
FB_VGA,PU1501,11,B,7337,1704,NCP81278TMNTXG_QFN20_3X3,NCP81272MNTXG_QFN20_3X3
FLASH_DESC_R,R1102,2,B,6317,2531,1/20W_1K_5%_0201,R0201_11P811
FLASH_DESC_R,R1103,1,B,6292,2552,1/16W_0_5%_0402,R0402_15P748
FPR_MODE_SEL,JFPR1,7,B,10208,5039,HIGHSTAR_FC5AF101-2933-1H,HIGHSTAR_FC5AF101-2933-1H_10P
FPR_MODE_SEL,R0812,2,B,6245,3547,1/20W_100K_5%_0201,R0201_11P811
FPR_MODE_SEL,TB_TP382,1,T,6553,3543,,
FPR_MODE_SEL,UCPU1,FB23,B,5865,3481,ALDERLAKE-P-CPU_BGA1744,ALDERLAKE-P-CPU_BGA_1744P-T
FPR_RESET,JFPR1,9,B,10247,5039,HIGHSTAR_FC5AF101-2933-1H,HIGHSTAR_FC5AF101-2933-1H_10P
FPR_RESET,R4617,2,B,10237,4963,1/20W_100K_5%_0201,R0201_11P811
FPR_RESET,TB_TP13,1,T,10245,4988,,
FS,PR1516,2,B,7356,1592,1/20W_34K_1%_0201,R0201_11P811
FS,PU1501,9,B,7376,1680,NCP81278TMNTXG_QFN20_3X3,NCP81272MNTXG_QFN20_3X3
FUSE_1V8,C35052,2,T,8017,3544,2.2U_6.3V_K_X5R_0402,C0402_21P654_CA
FUSE_1V8,R35249,2,T,8000,3511,1/20W_10K_5%_0201,R0201_11P811
FUSE_1V8,R3531,1,T,8027,3513,1/16W_0_5%_0402,R0402_15P748
FUSE_1V8,TB_TP161,1,T,7890,3481,,
FUSE_1V8,U3505,A1,T,7984,3547,TPS22902BYFPR_WCSP4,TPS22902BYFPR_WCSP_4P
FUSE_1V8,UGPU1,AF14,B,7388,3532,NVIDIA_GN20-S5-GB3-64_FCBGA771,NVIDIA_GN20-S5-GB3-64_FCBGA_771P-T
GC6_FB_EN,D3506,1,B,7893,3747,RB521CM-30T2R_VMN2M,RB521CS-30GT2RA_VMN2-2
GC6_FB_EN,PU1602,2,B,6576,4991,74AUP1G32GS SOT1202-6_1X1,74AUP1G32GF_SOT891-6_1X1
GC6_FB_EN,R9845,2,B,6067,2961,1/20W_10K_5%_0201,R0201_11P811-Y_CS20
GC6_FB_EN,TB_TP647,1,T,6188,3000,,
GC6_FB_EN,UCPU1,EY50,B,5828,3061,ALDERLAKE-P-CPU_BGA1744,ALDERLAKE-P-CPU_BGA_1744P-T
GC6_FB_EN_D,D3506,2,B,7856,3747,RB521CM-30T2R_VMN2M,RB521CS-30GT2RA_VMN2-2
GC6_FB_EN_D,TB_TP43,1,B,7828,3749,,
GC6_FB_EN_D,UGPU1,V5,B,7646,3762,NVIDIA_GN20-S5-GB3-64_FCBGA771,NVIDIA_GN20-S5-GB3-64_FCBGA_771P-T
GFXCORE_D_EN,D3504,1,B,8180,3956,RB751S40_SOD523,RB751S40T1G_SOD523-2
GFXCORE_D_EN,D3505,1,B,8255,3961,RB751S40_SOD523,RB751S40T1G_SOD523-2
GFXCORE_D_EN,PQ1503,2,B,7250,1555,UM6K33N_UMT6,UM6K33N_UMT6
GFXCORE_D_EN,PR1502,1,B,7579,1729,0_0402_SP,R0402_SHORT
GFXCORE_D_EN,R35252,2,B,8295,3942,1/20W_1K_1%_0201,R0201_11P811
GFXCORE_D_EN,R35253,1,B,8215,3957,1/20W_100K_5%_0201,R0201_11P811
GFXCORE_D_EN,TB_TP1043,1,B,7954,3279,,
GFXCORE_D_PWRGD,PR1525,1,B,7260,1719,1/20W_10K_1%_0201,R0201_11P811
GFXCORE_D_PWRGD,PR1613,1,B,6598,5085,1/20W_0_5%_0201,R0201_11P811
GFXCORE_D_PWRGD,PU1501,13,B,7337,1735,NCP81278TMNTXG_QFN20_3X3,NCP81272MNTXG_QFN20_3X3
GFXCORE_D_PWRGD,TB_TP1082,1,B,7581,2017,,
GFXCORE_D_PWRGD,U3201,1,B,6593,3304,MC74VHC1G09DFT2G_SC70-5,MC74VHC1G09DFT2G_SC70-5
GFXCORE_D_PWRGD,U3504,1,B,8146,3735,NL17SZ08DFT2G_SC70-5,NL17SZ08DFT2G_SC70-5
GFXCORE_EN,Q3507,3,T,8161,3836,LSK3541G1ET2L_VMT3,LSK3541G1ET2L_VMT3
GFXCORE_EN,R3530,1,T,8162,3863,1/20W_10K_5%_0201,R0201_11P811
GFXCORE_EN,TB_TP60,1,T,8215,3807,,
GFXCORE_EN,U3503,2,B,8337,3798,NL17SZ08DFT2G_SC70-5,NL17SZ08DFT2G_SC70-5
GFXCORE_EN_A,D3505,2,B,8255,3909,RB751S40_SOD523,RB751S40T1G_SOD523-2
GFXCORE_EN_A,R35252,1,B,8295,3919,1/20W_1K_1%_0201,R0201_11P811
GFXCORE_EN_A,R35254,1,B,8320,3919,1/20W_100K_5%_0201,R0201_11P811
GFXCORE_EN_A,TB_TP58,1,T,8268,3759,,
GFXCORE_EN_A,U3503,4,B,8311,3872,NL17SZ08DFT2G_SC70-5,NL17SZ08DFT2G_SC70-5
GFXCORE_EN_A,U3504,2,B,8171,3735,NL17SZ08DFT2G_SC70-5,NL17SZ08DFT2G_SC70-5
GFX_AGND,PC1501,2,B,7568,1594,0.1U_25V_K_X5R_0402,C0402_21P654_CA
GFX_AGND,PC1510,1,B,7408,1527,2700P_25V_K_X7R_0201,C0201_12P992_BA
GFX_AGND,PC1520,1,B,7409,1571,4700P_25V_K_X5R_0201,C0201_12P992_BA
GFX_AGND,PC1521,1,B,7383,1555,0.01U_25V_K_X7R_0402,C0402_21P654_CA
GFX_AGND,PR1505,2,B,7541,1609,1/20W_10K_1%_0201,R0201_11P811
GFX_AGND,PR1513,1,B,7287,1587,1/20W_100_1%_0201,R0201_11P811
GFX_AGND,PR1514,1,B,7410,1549,1/20W_309_1%_0201,R0201_11P811
GFX_AGND,PR1516,1,B,7356,1569,1/20W_34K_1%_0201,R0201_11P811
GFX_AGND,PR1528,1,B,7383,1513,short10_10,SHORT10_10MIL
GFX_AGND,TB_TP968,1,T,7405,1506,,
GLED_CTRL,JFPR1,6,B,10188,5039,HIGHSTAR_FC5AF101-2933-1H,HIGHSTAR_FC5AF101-2933-1H_10P
GLED_CTRL,JPWR1,2,B,9055,5032,HIGHS_WS83081-S0171-HF,HIGHS_WS83081-S0171-HF_8P-T
GLED_CTRL,TB_TP326,1,T,10238,5071,,
GLED_CTRL,TB_TP327,1,B,9068,4952,,
GND,C0501,2,T,5875,3429,10PC_25VC_JC_NPOC_0201,C0201_12P992_BA
GND,C0502,1,T,8120,3610,2200P_25V_K_X7R_0201,C0201_12P992_BA
GND,C0503,1,B,6220,2430,2200P_25V_K_X7R_0201,C0201_12P992_BA
GND,C0820,1,T,4215,3383,2200P_25V_K_X7R_0201,C0201_12P992_BA
GND,C0821,1,T,5310,3875,2200P_25V_K_X7R_0201,C0201_12P992_BA
GND,C0901,2,T,5487,3101,47P_25V_J_NPO_0201,C0201_12P992_BA
GND,C1101,2,B,6111,2791,22P_25V_J_C0G_0201,C0201_12P992_BA
GND,C1120,1,B,6101,3021,2200P_25V_K_X7R_0201,C0201_12P992_BA
GND,C1121,1,B,6128,2959,27P_25V_J_C0G_0201,C0201_12P992_BA
GND,C1401,2,B,6182,2872,15P_25V_J_NPO_0201,C0201_12P992_BA
GND,C1402,2,B,6079,3821,15P_25V_J_NPO_0201,C0201_12P992_BA
GND,C1403,2,B,6079,3888,15P_25V_J_NPO_0201,C0201_12P992_BA
GND,C1404,2,B,6181,2940,15P_25V_J_NPO_0201,C0201_12P992_BA
GND,C1501,1,B,6220,2571,100P_25V_J_C0G_0201,C0201_12P992_BA
GND,C1502,1,B,6221,2497,100P_25V_J_C0G_0201,C0201_12P992_BA
GND,C1503,2,B,7622,1544,1000P_25V_K_X7R_0201,C0201_12P992_BA
GND,C1601,1,T,4982,4051,2.2U_25V_K_X5R_0402,C0402_27P559_CD-Y_CS20
GND,C1602,1,T,4959,4089,2.2U_25V_K_X5R_0402,C0402_27P559_CD-Y_CS20
GND,C1603,1,T,5119,3864,2.2U_25V_K_X5R_0402,C0402_27P559_CD-Y_CS20
GND,C1604,1,T,5118,3829,2.2U_25V_K_X5R_0402,C0402_27P559_CD-Y_CS20
GND,C1605,1,T,5060,3966,2.2U_25V_K_X5R_0402,C0402_27P559_CD-Y_CS20
GND,C1606,1,T,5004,4013,2.2U_25V_K_X5R_0402,C0402_27P559_CD-Y_CS20
GND,C1607,1,T,5118,3791,2.2U_25V_K_X5R_0402,C0402_27P559_CD-Y_CS20
GND,C1608,1,T,4946,4150,2.2U_25V_K_X5R_0402,C0402_27P559_CD-Y_CS20
GND,C1620,1,T,4437,3818,0.1U_50V_K_X5R_0402,C0402_21P654_CA
GND,C1621,1,T,4450,3683,0.1U_50V_K_X5R_0402,C0402_21P654_CA
GND,C1622,1,T,5418,3762,2200P_25V_K_X7R_0201,C0201_12P992_BA
GND,C1702,2,T,4458,3233,1U_6.3V_M_X5R_0201,C0201_13P780_BB
GND,C1703,2,B,4750,2672,1U_6.3V_M_X5R_0201,C0201_13P780_BB
GND,C1704,2,T,5045,3213,1U_6.3V_M_X5R_0201,C0201_13P780_BB
GND,C1705,2,B,4628,2640,1U_6.3V_M_X5R_0201,C0201_13P780_BB
GND,C1706,2,B,5035,2673,1U_6.3V_M_X5R_0201,C0201_13P780_BB
GND,C1707,2,B,5180,2706,1U_6.3V_M_X5R_0201,C0201_13P780_BB
GND,C1708,2,T,4467,3188,1U_6.3V_M_X5R_0201,C0201_13P780_BB
GND,C1709,2,T,4735,3168,1U_6.3V_M_X5R_0201,C0201_13P780_BB
GND,C1710,2,B,6375,3863,1U_6.3V_M_X5R_0201,C0201_13P780_BB
GND,C1711,2,T,4488,3158,10U_6.3V_M_X5R_0402,C0402_27P559_CD
GND,C1712,2,B,4798,2681,10U_6.3V_M_X5R_0402,C0402_27P559_CD
GND,C1713,2,B,4518,2634,10U_6.3V_M_X5R_0402,C0402_27P559_CD
GND,C1714,2,T,4600,2636,10U_6.3V_M_X5R_0402,C0402_27P559_CD
GND,C1715,2,T,5030,3152,10U_6.3V_M_X5R_0402,C0402_27P559_CD
GND,C1716,2,T,4498,2635,10U_6.3V_M_X5R_0402,C0402_27P559_CD
GND,C1717,2,T,4907,2808,10U_6.3V_M_X5R_0402,C0402_27P559_CD
GND,C1718,2,T,4925,3162,10U_6.3V_M_X5R_0402,C0402_27P559_CD
GND,C1719,2,T,5273,3131,10U_6.3V_M_X5R_0402,C0402_27P559_CD
GND,C1720,2,T,5319,3772,22U_6.3V_M_X5R_0603,C0603_39P370_DC
GND,C1721,2,T,5150,3796,22U_6.3V_M_X5R_0603,C0603_39P370_DC
GND,C1722,2,T,5350,3653,22U_6.3V_M_X5R_0603,C0603_39P370_DC
GND,C1723,2,T,5188,3849,22U_6.3V_M_X5R_0603,C0603_39P370_DC
GND,C1724,2,T,5150,3654,22U_6.3V_M_X5R_0603,C0603_39P370_DC
GND,C1725,2,T,5185,3901,22U_6.3V_M_X5R_0603,C0603_39P370_DC
GND,C1726,2,T,5100,3152,10U_6.3V_M_X5R_0402,C0402_27P559_CD
GND,C1727,2,T,5152,3946,10U_6.3V_M_X5R_0402,C0402_27P559_CD
GND,C1729,2,T,5169,3131,10U_6.3V_M_X5R_0402,C0402_27P559_CD
GND,C1730,2,T,3924,2941,10U_6.3V_M_X5R_0402,C0402_27P559_CD
GND,C1731,2,T,4414,3255,1U_6.3V_M_X5R_0201,C0201_13P780_BB
GND,C1732,2,T,4341,3217,10U_6.3V_M_X5R_0402,C0402_27P559_CD
GND,C1733,2,T,4258,3210,10U_6.3V_M_X5R_0402,C0402_27P559_CD
GND,C1801,2,B,6106,3240,4.7U_6.3V_M_X5R_0402,C0402_25P591_CC
GND,C1802,2,T,5528,3204,1U_6.3V_M_X5R_0201,C0201_13P780_BB
GND,C1803,1,B,6362,3184,1U_6.3V_M_X5R_0201,C0201_13P780_BB
GND,C1804,2,B,6385,3184,0.1U_6.3V_K_X5R_0201,C0201_12P992_BA
GND,C1806,1,T,5608,3629,1U_6.3V_M_X5R_0201,C0201_13P780_BB
GND,C1807,1,B,6178,2682,1U_6.3V_M_X5R_0201,C0201_13P780_BB
GND,C1808,2,B,6089,2938,2.2U_6.3V_M_X5R_0201,C0201_15P354_BC
GND,C1809,2,T,3743,4235,10U_6.3V_M_X5R_0402,C0402_27P559_CD
GND,C1810,2,T,3728,4195,10U_6.3V_M_X5R_0402,C0402_27P559_CD
GND,C1811,2,T,3748,4155,10U_6.3V_M_X5R_0402,C0402_27P559_CD
GND,C1812,2,T,3728,4115,10U_6.3V_M_X5R_0402,C0402_27P559_CD
GND,C1813,2,T,3748,4075,10U_6.3V_M_X5R_0402,C0402_27P559_CD
GND,C1814,2,T,4047,3756,10U_6.3V_M_X5R_0402,C0402_27P559_CD
GND,C1815,2,T,3930,3928,10U_6.3V_M_X5R_0402,C0402_27P559_CD
GND,C1816,2,T,3970,3928,10U_6.3V_M_X5R_0402,C0402_27P559_CD
GND,C1817,2,T,4010,3928,10U_6.3V_M_X5R_0402,C0402_27P559_CD
GND,C1818,2,T,4050,3928,10U_6.3V_M_X5R_0402,C0402_27P559_CD
GND,C1820,1,B,6515,3892,0.1U_25V_K_X5R_0201,C0201_13P780_BB
GND,C1821,1,B,6493,3892,0.1U_25V_K_X5R_0201,C0201_13P780_BB
GND,C1823,1,T,5445,3862,8.2P_50V_C_NPO_0402,C0402_21P654_CA
GND,C1824,1,T,5445,3830,8.2P_50V_C_NPO_0402,C0402_21P654_CA
GND,C1825,1,T,5508,3915,8.2P_50V_C_NPO_0402,C0402_21P654_CA
GND,C1826,1,T,5475,3915,8.2P_50V_C_NPO_0402,C0402_21P654_CA
GND,C1827,1,T,5559,3803,8.2P_50V_C_NPO_0402,C0402_21P654_CA
GND,C1828,1,T,5527,3803,8.2P_50V_C_NPO_0402,C0402_21P654_CA
GND,C1832,2,T,5505,3579,1U_25V_K_X5R_0402,C0402_23P622_CB
GND,C1833,2,T,5496,3444,1U_25V_K_X5R_0402,C0402_23P622_CB
GND,C1834,2,B,6348,3784,0.1U_10V_K_X5R_0201,C0201_12P992_BA
GND,C1835,2,B,6360,3812,1U_25V_K_X5R_0402,C0402_23P622_CB
GND,C1836,1,T,5553,3703,22U_6.3V_M_X5R_0603,C0603_39P370_DC
GND,C1837,1,T,5602,3809,22U_6.3V_M_X5R_0603,C0603_39P370_DC
GND,C1838,1,B,4150,3996,10U_25V_M_X5R_0603,C0603_37P402_DB
GND,C1839,2,B,4150,3947,22U_6.3V_M_X5R_0603,C0603_39P370_DC
GND,C1840,2,B,4149,4069,22U_6.3V_M_X5R_0603,C0603_39P370_DC
GND,C1841,2,B,6375,3840,1U_6.3V_M_X5R_0201,C0201_13P780_BB
GND,C1845,2,T,5593,3483,1U_6.3V_M_X5R_0201,C0201_13P780_BB
GND,C1846,2,T,5606,3589,1U_6.3V_M_X5R_0201,C0201_13P780_BB
GND,C1847,2,T,5550,3286,0.1U_6.3V_K_X5R_0201,C0201_12P992_BA
GND,C2101,1,B,6623,3976,0.1U_6.3V_K_X5R_0201,C0201_12P992_BA
GND,C2102,1,B,6375,3885,0.1U_6.3V_K_X5R_0201,C0201_12P992_BA
GND,C2103,1,B,6294,2518,0.1U_6.3V_K_X5R_0201,C0201_12P992_BA
GND,C2204,1,B,2431,4208,0.22U_6.3V_K_X5R_0201,C0201_12P992_BA
GND,C2301,1,B,6112,2815,1U_6.3V_M_X5R_0201,C0201_13P780_BB
GND,C2302,1,T,8423,906,1U_6.3V_M_X5R_0201,C0201_13P780_BB
GND,C2303,1,B,6089,2892,1U_6.3V_M_X5R_0201,C0201_13P780_BB
GND,C2501,2,T,6620,2180,47P_25V_J_NPO_0201,C0201_12P992_BA
GND,C2502,2,T,5951,1153,100P_25V_J_NPO_0201,C0201_12P992_BA
GND,C2503,2,T,6252,1698,47P_25V_J_NPO_0201,C0201_12P992_BA
GND,C2504,2,T,5591,1904,100P_25V_J_NPO_0201,C0201_12P992_BA
GND,C2505,2,T,5273,1119,47P_25V_J_NPO_0201,C0201_12P992_BA
GND,C2506,2,T,4721,1600,100P_25V_J_NPO_0201,C0201_12P992_BA
GND,C2507,2,T,6595,2180,47P_25V_J_NPO_0201,C0201_12P992_BA
GND,C2508,2,T,5410,1611,100P_25V_J_NPO_0201,C0201_12P992_BA
GND,C2509,2,T,6613,1156,47P_25V_J_NPO_0201,C0201_12P992_BA
GND,C2510,2,T,6095,1605,100P_25V_J_NPO_0201,C0201_12P992_BA
GND,C2511,2,T,4063,1917,47P_25V_J_NPO_0201,C0201_12P992_BA
GND,C2512,2,T,5244,1623,100P_25V_J_NPO_0201,C0201_12P992_BA
GND,C2513,2,T,5184,1697,47P_25V_J_NPO_0201,C0201_12P992_BA
GND,C2514,2,T,5932,1565,100P_25V_J_NPO_0201,C0201_12P992_BA
GND,C2515,2,T,5400,1538,47P_25V_J_NPO_0201,C0201_12P992_BA
GND,C2516,2,T,5085,1696,100P_25V_J_NPO_0201,C0201_12P992_BA
GND,C2601,1,T,5149,2024,1U_6.3V_K_X5R_0402,C0402_21P654_CA
GND,C2602,1,T,5334,2023,1U_6.3V_K_X5R_0402,C0402_21P654_CA
GND,C2603,1,T,5421,2022,1U_6.3V_K_X5R_0402,C0402_21P654_CA
GND,C2604,1,T,6016,2062,10U_6.3V_M_X5R_0402,C0402_27P559_CD
GND,C2605,1,T,5272,1377,10U_6.3V_M_X5R_0402,C0402_27P559_CD
GND,C2606,1,T,5281,1513,1U_6.3V_K_X5R_0402,C0402_21P654_CA
GND,C2607,1,T,6091,1388,1U_6.3V_K_X5R_0402,C0402_21P654_CA
GND,C2608,1,T,5369,1652,1U_6.3V_K_X5R_0402,C0402_21P654_CA
GND,C2609,1,T,5570,2031,1U_6.3V_K_X5R_0402,C0402_21P654_CA
GND,C2610,1,T,6289,1985,1U_6.3V_K_X5R_0402,C0402_21P654_CA
GND,C2611,1,T,5038,1914,10U_6.3V_M_X5R_0402,C0402_27P559_CD
GND,C2612,1,T,5692,2046,10U_6.3V_M_X5R_0402,C0402_27P559_CD
GND,C2613,1,T,5221,1928,10U_6.3V_M_X5R_0402,C0402_27P559_CD
GND,C2614,1,T,5458,2023,1U_6.3V_K_X5R_0402,C0402_21P654_CA
GND,C2615,1,T,6421,2016,1U_6.3V_K_X5R_0402,C0402_21P654_CA
GND,C2616,1,T,5213,2027,1U_6.3V_K_X5R_0402,C0402_21P654_CA
GND,C2617,1,T,5270,2023,1U_6.3V_K_X5R_0402,C0402_21P654_CA
GND,C2618,1,T,5573,1056,1U_6.3V_K_X5R_0402,C0402_21P654_CA
GND,C2619,1,T,5037,1058,1U_6.3V_K_X5R_0402,C0402_21P654_CA
GND,C2620,1,T,5753,1057,1U_6.3V_K_X5R_0402,C0402_21P654_CA
GND,C2621,1,T,6625,1417,1U_6.3V_K_X5R_0402,C0402_21P654_CA
GND,C2622,1,T,3988,1589,1U_6.3V_K_X5R_0402,C0402_21P654_CA
GND,C2623,1,T,5967,1125,1U_6.3V_K_X5R_0402,C0402_21P654_CA
GND,C2624,1,T,6067,1617,1U_6.3V_K_X5R_0402,C0402_21P654_CA
GND,C2625,1,T,5382,1620,1U_6.3V_K_X5R_0402,C0402_21P654_CA
GND,C2626,1,T,6642,1144,1U_6.3V_K_X5R_0402,C0402_21P654_CA
GND,C2627,1,T,5284,1147,1U_6.3V_K_X5R_0402,C0402_21P654_CA
GND,C2628,1,T,4585,1051,10U_6.3V_M_X5R_0402,C0402_27P559_CD
GND,C2629,1,T,6528,2164,10U_6.3V_M_X5R_0402,C0402_27P559_CD
GND,C2630,1,T,4692,1616,1U_6.3V_K_X5R_0402,C0402_21P654_CA
GND,C2631,1,T,6527,2129,1U_6.3V_K_X5R_0402,C0402_21P654_CA
GND,C2632,1,T,3880,1366,10U_6.3V_M_X5R_0402,C0402_27P559_CD
GND,C2633,1,T,6578,1954,10U_6.3V_M_X5R_0402,C0402_27P559_CD
GND,C2634,1,T,4713,1364,1U_6.3V_K_X5R_0402,C0402_21P654_CA
GND,C2635,1,T,3928,1174,1U_6.3V_K_X5R_0402,C0402_21P654_CA
GND,C2636,1,T,4047,981,1U_6.3V_K_X5R_0402,C0402_21P654_CA
GND,C2637,1,T,4202,993,1U_6.3V_K_X5R_0402,C0402_21P654_CA
GND,C2638,1,T,4492,988,1U_6.3V_K_X5R_0402,C0402_21P654_CA
GND,C2639,1,T,6642,1939,1U_6.3V_K_X5R_0402,C0402_21P654_CA
GND,C2640,1,T,4608,1135,1U_6.3V_K_X5R_0402,C0402_21P654_CA
GND,C2641,1,T,6612,1954,1U_6.3V_K_X5R_0402,C0402_21P654_CA
GND,C2642,1,T,5365,1110,0.047U_25V_K_X7R_0402,C0402_21P654_CA
GND,C2643,1,T,6055,1181,0.047U_25V_K_X7R_0402,C0402_21P654_CA
GND,C2644,1,T,4685,1198,0.047U_25V_K_X7R_0402,C0402_21P654_CA
GND,C2645,1,T,3927,1205,0.047U_25V_K_X7R_0402,C0402_21P654_CA
GND,C2801,1,T,4579,1693,1U_6.3V_K_X5R_0402,C0402_21P654_CA
GND,C2802,1,T,4719,1658,1U_6.3V_K_X5R_0402,C0402_21P654_CA
GND,C2803,1,T,4714,1333,1U_6.3V_K_X5R_0402,C0402_21P654_CA
GND,C2804,1,T,5977,1423,1U_6.3V_K_X5R_0402,C0402_21P654_CA
GND,C2805,1,T,4534,1926,1U_6.3V_K_X5R_0402,C0402_21P654_CA
GND,C2806,1,T,5965,1304,1U_6.3V_K_X5R_0402,C0402_21P654_CA
GND,C2807,1,T,5282,1932,1U_6.3V_K_X5R_0402,C0402_21P654_CA
GND,C2808,1,T,5406,1393,1U_6.3V_K_X5R_0402,C0402_21P654_CA
GND,C2809,1,T,3977,1511,10U_6.3V_M_X5R_0402,C0402_27P559_CD
GND,C2810,1,T,4717,1431,10U_6.3V_M_X5R_0402,C0402_27P559_CD
GND,C2811,1,T,4674,2030,10U_6.3V_M_X5R_0402,C0402_27P559_CD
GND,C2812,1,T,5816,1996,10U_6.3V_M_X5R_0402,C0402_27P559_CD
GND,C2813,1,T,5934,1644,10U_6.3V_M_X5R_0402,C0402_27P559_CD
GND,C2814,1,T,3977,1453,10U_6.3V_M_X5R_0402,C0402_27P559_CD
GND,C2815,1,T,6623,1670,10U_6.3V_M_X5R_0402,C0402_27P559_CD
GND,C2816,1,T,4018,1619,10U_6.3V_M_X5R_0402,C0402_27P559_CD
GND,C2817,2,B,7147,2396,330U_2.5V_M_B2_ESR9M_H1.9,C_B2_78P740
GND,C2818,1,T,4363,990,1U_6.3V_K_X5R_0402,C0402_21P654_CA
GND,C2819,1,T,4648,1253,1U_6.3V_K_X5R_0402,C0402_21P654_CA
GND,C2820,1,T,3881,1403,10U_6.3V_M_X5R_0402,C0402_27P559_CD
GND,C2821,1,T,6676,1144,10U_6.3V_M_X5R_0402,C0402_27P559_CD
GND,C2822,1,T,5969,1093,1U_6.3V_K_X5R_0402,C0402_21P654_CA
GND,C2823,1,T,5760,1697,0.1U_6.3V_K_X5R_0201,C0201_12P992_BA
GND,C2824,1,T,5967,1330,0.1U_6.3V_K_X5R_0201,C0201_12P992_BA
GND,C2825,1,T,4570,1414,0.1U_6.3V_K_X5R_0201,C0201_12P992_BA
GND,C2826,1,T,4559,1623,0.1U_6.3V_K_X5R_0201,C0201_12P992_BA
GND,C2827,1,T,4559,1437,0.1U_6.3V_K_X5R_0201,C0201_12P992_BA
GND,C2828,1,T,6402,2047,2.2U_10V_K_X5R_0402,C0402_21P654_CA
GND,C2829,1,T,6544,2012,0.1U_6.3V_K_X5R_0201,C0201_12P992_BA
GND,C2830,2,T,4018,1576,47P_25V_J_NPO_0201,C0201_12P992_BA
GND,C2831,2,T,4555,1066,100P_25V_J_NPO_0201,C0201_12P992_BA
GND,C2832,2,T,6590,2013,47P_25V_J_NPO_0201,C0201_12P992_BA
GND,C2833,2,T,6566,2013,100P_25V_J_NPO_0201,C0201_12P992_BA
GND,C2834,2,T,6626,1443,47P_25V_J_NPO_0201,C0201_12P992_BA
GND,C2835,2,T,5944,1411,100P_25V_J_NPO_0201,C0201_12P992_BA
GND,C2836,1,T,5693,1917,2.2U_10V_K_X5R_0402,C0402_21P654_CA
GND,C2837,1,T,5665,1939,0.1U_6.3V_K_X5R_0201,C0201_12P992_BA
GND,C3101,2,T,9683,5008,1U_6.3V_K_X7R_0402,C0402_21P654_CA
GND,C3102,2,T,9897,4914,1000P_16V_K_X7R_0402,C0402_21P654_CA
GND,C3103,2,T,9894,4806,1000P_16V_K_X7R_0402,C0402_21P654_CA
GND,C3104,2,T,9832,4809,1000P_16V_K_X7R_0402,C0402_21P654_CA
GND,C3106,1,T,9481,4868,1000P_16V_K_X7R_0402,C0402_21P654_CA
GND,C3107,1,T,9481,4756,1000P_16V_K_X7R_0402,C0402_21P654_CA
GND,C3108,1,T,9518,5008,0.015U_25V_K_X7R_0402,C0402_21P654_CA
GND,C3109,1,T,9471,4715,0.015U_25V_K_X7R_0402,C0402_21P654_CA
GND,C3201,2,T,6825,4230,1U_6.3V_M_X5R_0201,C0201_13P780_BB
GND,C3202,2,T,6825,4294,1U_6.3V_M_X5R_0201,C0201_13P780_BB
GND,C3203,2,T,6824,4194,1U_6.3V_M_X5R_0201,C0201_13P780_BB
GND,C3208,2,T,6825,4263,1U_6.3V_M_X5R_0201,C0201_13P780_BB
GND,C3209,2,T,7033,3752,22U_6.3V_M_X5R_0402,C0402_27P559_CD
GND,C3210,2,T,7026,3694,4.7U_6.3V_M_X5R_0402,C0402_25P591_CC
GND,C3211,1,T,6809,4124,10U_6.3V_M_X5R_0402,C0402_27P559_CD
GND,C3212,1,T,6804,4162,10U_6.3V_M_X5R_0402,C0402_27P559_CD
GND,C3225,2,T,6970,3586,4.7U_6.3V_M_X5R_0402,C0402_25P591_CC
GND,C3226,2,T,7104,3650,1U_6.3V_M_X5R_0201,C0201_13P780_BB
GND,C3227,2,T,7082,3568,1U_6.3V_M_X5R_0201,C0201_13P780_BB
GND,C3228,2,T,7105,3568,1U_6.3V_M_X5R_0201,C0201_13P780_BB
GND,C3229,1,T,7035,3493,10U_6.3V_M_X5R_0402,C0402_27P559_CD
GND,C3230,1,T,7035,3642,10U_6.3V_M_X5R_0402,C0402_27P559_CD
GND,C3231,1,T,7127,3494,22U_6.3V_M_X5R_0603,C0603_39P370_DC
GND,C3232,2,T,6962,3554,1U_6.3V_M_X5R_0201,C0201_13P780_BB
GND,C3301,2,T,7612,4060,1U_6.3V_M_X5R_0201,C0201_13P780_BB
GND,C3302,2,T,7612,4036,1U_6.3V_M_X5R_0201,C0201_13P780_BB
GND,C3303,2,B,6738,4042,3.9P_50V_B_NPO_0402,C0402_21P654_CA
GND,C3304,1,B,6737,4235,22U_6.3V_M_X5R_0603,C0603_39P370_DC
GND,C3305,2,B,6733,4185,4.7U_6.3V_M_X5R_0402,C0402_25P591_CC
GND,C3306,2,B,6733,4150,4.7U_6.3V_M_X5R_0402,C0402_25P591_CC
GND,C3307,2,T,7090,4097,1U_6.3V_M_X5R_0201,C0201_13P780_BB
GND,C3401,2,T,7717,3504,22U_6.3V_M_X5R_0402,C0402_27P559_CD
GND,C3402,2,T,7402,3581,4.7U_6.3V_M_X5R_0402,C0402_25P591_CC
GND,C3403,2,T,7529,3473,1U_6.3V_M_X5R_0201,C0201_13P780_BB
GND,C3404,2,T,7574,3589,1U_6.3V_M_X5R_0201,C0201_13P780_BB
GND,C3405,2,T,7557,3473,1U_6.3V_M_X5R_0201,C0201_13P780_BB
GND,C3406,2,T,7501,3474,1U_6.3V_M_X5R_0201,C0201_13P780_BB
GND,C3407,2,B,7977,3378,18P_50V_F_COG_0402,C0402_21P654_CA
GND,C3408,2,B,7808,3198,10PC_25VC_JC_NPOC_0201,C0201_12P992_BA
GND,C3409,2,B,7808,3271,10PC_25VC_JC_NPOC_0201,C0201_12P992_BA
GND,C3502,2,T,7893,3787,0.01U_16V_K_X7R_0201,C0201_12P992_BA
GND,C35051,1,T,7890,3518,2.2U_6.3V_K_X5R_0402,C0402_21P654_CA
GND,C35052,1,T,8017,3580,2.2U_6.3V_K_X5R_0402,C0402_21P654_CA
GND,C3601,2,B,8036,3987,0.1U_10V_K_X5R_0201,C0201_12P992_BA
GND,C3602,2,B,8053,4010,47P_25V_J_NPO_0201,C0201_12P992_BA
GND,C3701,1,T,7538,3927,10U_6.3V_M_X5R_0402,C0402_27P559_CD
GND,C3702,1,T,7295,3751,10U_6.3V_M_X5R_0402,C0402_27P559_CD
GND,C3703,1,T,7295,3805,10U_6.3V_M_X5R_0402,C0402_27P559_CD
GND,C3704,1,T,7565,3724,10U_6.3V_M_X5R_0402,C0402_27P559_CD
GND,C3705,1,T,7239,3401,10U_6.3V_M_X5R_0402,C0402_27P559_CD
GND,C3706,1,T,7541,3991,10U_6.3V_M_X5R_0402,C0402_27P559_CD
GND,C3707,1,T,7240,3511,10U_6.3V_M_X5R_0402,C0402_27P559_CD
GND,C3708,1,T,7601,3724,10U_6.3V_M_X5R_0402,C0402_27P559_CD
GND,C3709,1,T,7241,3585,10U_6.3V_M_X5R_0402,C0402_27P559_CD
GND,C3710,1,T,7127,3935,10U_6.3V_M_X5R_0402,C0402_27P559_CD
GND,C3711,2,T,7271,3584,22U_6.3V_M_X5R_0402,C0402_27P559_CD
GND,C3712,2,T,7434,3888,22U_6.3V_M_X5R_0402,C0402_27P559_CD
GND,C3713,2,T,7066,3802,22U_6.3V_M_X5R_0402,C0402_27P559_CD
GND,C3714,2,T,7239,3331,22U_6.3V_M_X5R_0402,C0402_27P559_CD
GND,C3715,2,T,7268,3916,22U_6.3V_M_X5R_0402,C0402_27P559_CD
GND,C3716,2,T,7241,3549,22U_6.3V_M_X5R_0402,C0402_27P559_CD
GND,C3717,2,T,7372,3582,22U_6.3V_M_X5R_0402,C0402_27P559_CD
GND,C3718,1,T,7013,3355,22U_6.3V_M_X5R_0603,C0603_39P370_DC
GND,C3719,1,T,7241,4029,22U_6.3V_M_X5R_0603,C0603_39P370_DC
GND,C3720,1,B,7039,3094,22U_6.3V_M_X5R_0603,C0603_39P370_DC
GND,C3721,1,T,7271,3548,10U_6.3V_M_X5R_0402,C0402_27P559_CD
GND,C3722,1,T,7269,3493,10U_6.3V_M_X5R_0402,C0402_27P559_CD
GND,C3723,1,T,7122,3539,10U_6.3V_M_X5R_0402,C0402_27P559_CD
GND,C3724,1,T,7279,3413,10U_6.3V_M_X5R_0402,C0402_27P559_CD
GND,C3725,1,T,7281,3377,10U_6.3V_M_X5R_0402,C0402_27P559_CD
GND,C3726,1,T,7130,3578,10U_6.3V_M_X5R_0402,C0402_27P559_CD
GND,C3727,1,T,7406,3079,10U_6.3V_M_X5R_0402,C0402_27P559_CD
GND,C3728,1,T,7130,3614,10U_6.3V_M_X5R_0402,C0402_27P559_CD
GND,C3729,1,T,7270,3302,10U_6.3V_M_X5R_0402,C0402_27P559_CD
GND,C3730,1,T,7554,4024,10U_6.3V_M_X5R_0402,C0402_27P559_CD
GND,C3731,2,T,7517,2960,330U_D2_2V_R9M,C_D2
GND,C3732,2,B,7527,3137,470U_D2E_2.5VM_R6M,C_D2E
GND,C3733,1,T,7351,4056,22U_6.3V_M_X5R_0603,C0603_39P370_DC
GND,C3734,1,T,7043,3406,22U_6.3V_M_X5R_0603,C0603_39P370_DC
GND,C3735,1,T,7467,3382,22U_6.3V_M_X5R_0603,C0603_39P370_DC
GND,C3736,1,T,7431,4033,22U_6.3V_M_X5R_0603,C0603_39P370_DC
GND,C3737,1,T,7455,3494,22U_6.3V_M_X5R_0603,C0603_39P370_DC
GND,C3738,1,T,7240,3437,10U_6.3V_M_X5R_0402,C0402_27P559_CD
GND,C3739,1,T,7407,3115,10U_6.3V_M_X5R_0402,C0402_27P559_CD
GND,C3740,1,T,7394,4033,10U_6.3V_M_X5R_0402,C0402_27P559_CD
GND,C3741,1,T,7580,3752,10U_6.3V_M_X5R_0402,C0402_27P559_CD
GND,C3742,1,T,7599,3859,10U_6.3V_M_X5R_0402,C0402_27P559_CD
GND,C3743,2,T,7459,3884,1U_6.3V_M_X5R_0201,C0201_13P780_BB
GND,C3744,2,T,7584,3663,1U_6.3V_M_X5R_0201,C0201_13P780_BB
GND,C3745,2,T,7584,3640,1U_6.3V_M_X5R_0201,C0201_13P780_BB
GND,C3746,2,T,7531,3812,1U_6.3V_M_X5R_0201,C0201_13P780_BB
GND,C3747,2,T,7139,3674,1U_6.3V_M_X5R_0201,C0201_13P780_BB
GND,C3748,2,T,7277,4039,1U_6.3V_M_X5R_0201,C0201_13P780_BB
GND,C3749,2,T,7518,3616,1U_6.3V_M_X5R_0201,C0201_13P780_BB
GND,C3750,2,T,7497,3616,1U_6.3V_M_X5R_0201,C0201_13P780_BB
GND,C3751,2,T,7299,4017,1U_6.3V_M_X5R_0201,C0201_13P780_BB
GND,C3752,2,T,7629,3772,1U_6.3V_M_X5R_0201,C0201_13P780_BB
GND,C3753,2,T,7055,3856,1U_6.3V_M_X5R_0201,C0201_13P780_BB
GND,C3754,2,T,7155,4018,1U_6.3V_M_X5R_0201,C0201_13P780_BB
GND,C3755,2,T,7134,3996,1U_6.3V_M_X5R_0201,C0201_13P780_BB
GND,C3756,2,T,7724,4174,1U_6.3V_M_X5R_0201,C0201_13P780_BB
GND,C3757,2,T,7155,4040,1U_6.3V_M_X5R_0201,C0201_13P780_BB
GND,C3758,2,T,7133,3910,1U_6.3V_M_X5R_0201,C0201_13P780_BB
GND,C3759,1,T,7608,3918,10U_6.3V_M_X5R_0402,C0402_27P559_CD
GND,C3760,1,T,6952,3910,10U_6.3V_M_X5R_0402,C0402_27P559_CD
GND,C3761,1,T,7433,4115,10U_6.3V_M_X5R_0402,C0402_27P559_CD
GND,C3762,1,T,6922,4024,22U_6.3V_M_X5R_0603,C0603_39P370_DC
GND,C3763,1,T,7799,4003,22U_6.3V_M_X5R_0603,C0603_39P370_DC
GND,C3764,1,T,7666,3740,22U_6.3V_M_X5R_0603,C0603_39P370_DC
GND,C3801,2,T,7630,3689,1U_6.3V_M_X5R_0201,C0201_13P780_BB
GND,C3802,2,T,7681,3591,1U_6.3V_M_X5R_0201,C0201_13P780_BB
GND,C3803,2,T,7731,3642,1U_6.3V_M_X5R_0201,C0201_13P780_BB
GND,C3804,2,T,7696,3704,4.7U_6.3V_M_X5R_0402,C0402_25P591_CC
GND,C3805,2,T,7767,3732,4.7U_6.3V_M_X5R_0402,C0402_25P591_CC
GND,C3806,2,T,7730,3703,4.7U_6.3V_M_X5R_0402,C0402_25P591_CC
GND,C3807,2,T,7654,3591,1U_6.3V_M_X5R_0201,C0201_13P780_BB
GND,C3808,2,T,7668,3690,1U_6.3V_M_X5R_0201,C0201_13P780_BB
GND,C3809,2,T,7731,3617,1U_6.3V_M_X5R_0201,C0201_13P780_BB
GND,C3810,2,T,7732,3592,1U_6.3V_M_X5R_0201,C0201_13P780_BB
GND,C3901,2,T,8229,4443,1U_6.3V_M_X5R_0201,C0201_13P780_BB
GND,C3902,2,T,7186,4817,1U_6.3V_M_X5R_0201,C0201_13P780_BB
GND,C3903,2,T,7364,5181,1U_6.3V_M_X5R_0201,C0201_13P780_BB
GND,C3904,2,T,7450,5060,1U_6.3V_M_X5R_0201,C0201_13P780_BB
GND,C3905,2,T,7614,4638,1U_6.3V_M_X5R_0201,C0201_13P780_BB
GND,C3906,2,T,8485,4322,1U_6.3V_M_X5R_0201,C0201_13P780_BB
GND,C3907,2,T,7365,4633,1U_6.3V_M_X5R_0201,C0201_13P780_BB
GND,C3908,2,T,7380,4824,1U_6.3V_M_X5R_0201,C0201_13P780_BB
GND,C3909,2,T,7501,4726,1U_6.3V_M_X5R_0201,C0201_13P780_BB
GND,C3910,2,T,8098,4200,1U_6.3V_M_X5R_0201,C0201_13P780_BB
GND,C3911,2,T,7479,4812,1U_6.3V_M_X5R_0201,C0201_13P780_BB
GND,C3912,2,T,7367,4752,1U_6.3V_M_X5R_0201,C0201_13P780_BB
GND,C3913,2,T,8685,4232,1U_6.3V_M_X5R_0201,C0201_13P780_BB
GND,C3914,2,T,8358,4443,1U_6.3V_M_X5R_0201,C0201_13P780_BB
GND,C3915,2,T,8632,4333,1U_6.3V_M_X5R_0201,C0201_13P780_BB
GND,C3916,2,T,8505,4146,1U_6.3V_M_X5R_0201,C0201_13P780_BB
GND,C3917,2,T,8618,4146,1U_6.3V_M_X5R_0201,C0201_13P780_BB
GND,C3918,2,T,8283,4326,1U_6.3V_M_X5R_0201,C0201_13P780_BB
GND,C3919,2,T,8581,4437,1U_6.3V_M_X5R_0201,C0201_13P780_BB
GND,C3920,2,T,8655,4333,1U_6.3V_M_X5R_0201,C0201_13P780_BB
GND,C3921,2,T,8125,4471,1U_6.3V_M_X5R_0201,C0201_13P780_BB
GND,C3922,2,T,8088,4266,1U_6.3V_M_X5R_0201,C0201_13P780_BB
GND,C3923,1,T,7185,4754,10U_6.3V_M_X5R_0402,C0402_27P559_CD
GND,C3924,1,T,7801,4748,10U_6.3V_M_X5R_0402,C0402_27P559_CD
GND,C3925,1,T,7790,5017,10U_6.3V_M_X5R_0402,C0402_27P559_CD
GND,C3926,1,T,8777,4515,10U_6.3V_M_X5R_0402,C0402_27P559_CD
GND,C3927,1,T,8212,4322,22U_6.3V_M_X5R_0603,C0603_39P370_DC
GND,C3928,1,T,8304,4624,22U_6.3V_M_X5R_0603,C0603_39P370_DC
GND,C3929,1,T,8773,4650,22U_6.3V_M_X5R_0603,C0603_39P370_DC
GND,C3930,1,T,7484,4872,22U_6.3V_M_X5R_0603,C0603_39P370_DC
GND,C3931,1,T,7530,4755,22U_6.3V_M_X5R_0603,C0603_39P370_DC
GND,C3932,1,T,7789,5123,22U_6.3V_M_X5R_0603,C0603_39P370_DC
GND,C3933,1,T,8282,4114,10U_6.3V_M_X5R_0402,C0402_27P559_CD
GND,C3934,1,T,8777,4436,10U_6.3V_M_X5R_0402,C0402_27P559_CD
GND,C4001,2,T,8273,4618,1U_6.3V_M_X5R_0201,C0201_13P780_BB
GND,C4002,2,T,8178,4405,1U_6.3V_M_X5R_0201,C0201_13P780_BB
GND,C4003,2,T,8478,4148,1U_6.3V_M_X5R_0201,C0201_13P780_BB
GND,C4004,2,T,8319,4198,1U_6.3V_M_X5R_0201,C0201_13P780_BB
GND,C4005,2,T,8271,4146,1U_6.3V_M_X5R_0201,C0201_13P780_BB
GND,C4006,2,T,8300,4142,1U_6.3V_M_X5R_0201,C0201_13P780_BB
GND,C4007,2,T,7612,4736,1U_6.3V_M_X5R_0201,C0201_13P780_BB
GND,C4008,2,T,7719,5044,1U_6.3V_M_X5R_0201,C0201_13P780_BB
GND,C4009,2,T,7642,5004,1U_6.3V_M_X5R_0201,C0201_13P780_BB
GND,C4010,2,T,7447,5085,1U_6.3V_M_X5R_0201,C0201_13P780_BB
GND,C4011,2,T,7523,5109,1U_6.3V_M_X5R_0201,C0201_13P780_BB
GND,C4012,2,T,7470,4729,1U_6.3V_M_X5R_0201,C0201_13P780_BB
GND,C4013,2,T,8622,4607,1U_6.3V_M_X5R_0201,C0201_13P780_BB
GND,C4014,2,T,8205,4615,1U_6.3V_M_X5R_0201,C0201_13P780_BB
GND,C4015,2,T,8538,4436,1U_6.3V_M_X5R_0201,C0201_13P780_BB
GND,C4016,2,T,8512,4528,1U_6.3V_M_X5R_0201,C0201_13P780_BB
GND,C4017,2,T,8444,4443,1U_6.3V_M_X5R_0201,C0201_13P780_BB
GND,C4018,2,T,8359,4527,1U_6.3V_M_X5R_0201,C0201_13P780_BB
GND,C4019,2,T,7679,4666,1U_6.3V_M_X5R_0201,C0201_13P780_BB
GND,C4020,2,T,7648,5189,1U_6.3V_M_X5R_0201,C0201_13P780_BB
GND,C4021,2,T,7445,4662,1U_6.3V_M_X5R_0201,C0201_13P780_BB
GND,C4022,2,T,7480,5189,1U_6.3V_M_X5R_0201,C0201_13P780_BB
GND,C4023,1,T,7792,5090,10U_6.3V_M_X5R_0402,C0402_27P559_CD
GND,C4024,1,T,7349,4113,10U_6.3V_M_X5R_0402,C0402_27P559_CD
GND,C4025,1,T,8563,4174,10U_6.3V_M_X5R_0402,C0402_27P559_CD
GND,C4026,1,T,8145,4140,10U_6.3V_M_X5R_0402,C0402_27P559_CD
GND,C4027,1,T,8115,4579,22U_6.3V_M_X5R_0603,C0603_39P370_DC
GND,C4028,1,T,7812,4139,22U_6.3V_M_X5R_0603,C0603_39P370_DC
GND,C4029,1,T,8765,4316,22U_6.3V_M_X5R_0603,C0603_39P370_DC
GND,C4030,1,T,8552,4399,22U_6.3V_M_X5R_0603,C0603_39P370_DC
GND,C4031,1,T,7563,5139,22U_6.3V_M_X5R_0603,C0603_39P370_DC
GND,C4032,1,T,7667,4868,22U_6.3V_M_X5R_0603,C0603_39P370_DC
GND,C4033,1,T,7788,4847,10U_6.3V_M_X5R_0402,C0402_27P559_CD
GND,C4034,1,T,7792,4677,10U_6.3V_M_X5R_0402,C0402_27P559_CD
GND,C4501,2,T,2559,3062,0.1U_6.3V_K_X5R_0201,C0201_12P992_BA
GND,C4502,1,T,2665,3050,0.01U_6.3V_K_X7R_0201,C0201_12P992_BA
GND,C4601,2,B,6916,1122,10PC_25VC_JC_NPOC_0201,C0201_12P992_BA
GND,C4606,1,T,7012,1184,1U_6.3V_M_X5R_0201,C0201_13P780_BB
GND,C4610,2,T,10050,4833,1U_25V_K_X5R_0402,C0402_23P622_CB
GND,C4611,1,T,10217,4836,2.2U_6.3V_K_X5R_0402,C0402_21P654_CA
GND,C4612,1,B,9221,4838,0.1U_6.3V_K_X5R_0201,C0201_12P992_BA
GND,C4801,1,T,1408,1988,10U_6.3V_M_X5R_0402,C0402_27P559_CD
GND,C4802,1,T,1417,2039,0.1U_6.3V_K_X5R_0201,C0201_12P992_BA
GND,C4803,1,T,1417,2017,0.1U_6.3V_K_X5R_0201,C0201_12P992_BA
GND,C4901,1,T,6498,2903,0.1U_6.3V_K_X5R_0201,C0201_12P992_BA
GND,C4902,1,T,6523,2903,0.1U_6.3V_K_X5R_0201,C0201_12P992_BA
GND,C4903,1,T,6552,2910,10U_6.3V_M_X5R_0402,C0402_27P559_CD
GND,C5001,1,T,3092,1728,0.22U_6.3V_K_X5R_0201,C0201_12P992_BA
GND,C5002,2,T,3116,1618,1000P_25V_K_X7R_0201,C0201_12P992_BA
GND,C5101,1,T,2957,1728,0.1U_6.3V_K_X5R_0201,C0201_12P992_BA-Y_CS20
GND,C5102,1,T,3422,1907,0.1U_6.3V_K_X5R_0201,C0201_12P992_BA-Y_CS20
GND,C5103,1,T,3427,1993,1U_25V_K_X5R_0402,C0402_23P622_CB-Y_CS20
GND,C5104,1,T,3422,1964,0.1U_25V_K_X5R_0201,C0201_13P780_BB-Y_CS20
GND,C5106,1,T,3427,2115,470P_25V_K_X7R_0201,C0201_12P992_BA-Y_CS20
GND,C5107,1,T,3180,2231,2.2U_25V_K_X5R_0402,C0402_27P559_CD-Y_CS20
GND,C5108,1,T,3132,2224,1U_6.3V_M_X5R_0201,C0201_13P780_BB-Y_CS20
GND,C5109,1,T,3025,2222,0.1U_6.3V_K_X5R_0201,C0201_12P992_BA-Y_CS20
GND,C5110,1,T,2965,2222,470P_25V_K_X7R_0201,C0201_12P992_BA-Y_CS20
GND,C5111,1,T,3427,2094,0.1U_25V_K_X5R_0201,C0201_13P780_BB-Y_CS20
GND,C5112,1,T,3132,2202,1U_6.3V_M_X5R_0201,C0201_13P780_BB-Y_CS20
GND,C5114,1,T,2716,1801,0.1U_50V_K_X5R_0402,C0402_21P654_CA
GND,C5115,1,T,2629,1753,3.3P_50V_B_NPO_0201,C0201_12P992_BA
GND,C5116,1,T,2715,1951,0.1U_25V_M_X7R_0603,C0603_35P433_DA
GND,C5308,1,T,927,2565,4.7U_6.3V_M_X5R_0402,C0402_23P622_CB
GND,C5309,2,T,903,2064,22P_25V_J_NPO_0201,C0201_12P992_BA
GND,C5310,2,T,926,1891,10U_6.3V_M_X5R_0402,C0402_27P559_CD
GND,C5311,1,T,1179,2630,0.1U_6.3V_K_X5R_0201,C0201_12P992_BA
GND,C5312,2,T,1234,2118,1U_25V_K_X5R_0402,C0402_21P654_CA
GND,C5321,1,B,806,2601,680P_25V_K_X7R_0201,C0201_12P992_BA
GND,C5322,2,T,810,2612,0.1U_25V_K_X5R_0201,C0201_13P780_BB
GND,C5323,1,B,802,2517,680P_25V_K_X7R_0201,C0201_12P992_BA
GND,C5326,2,T,1184,2013,10U_6.3V_M_X5R_0402,C0402_27P559_CD
GND,C54010,2,B,803,2939,27P_25V_J_C0G_0201,C0201_12P992_BA
GND,C5409,2,T,1290,4439,0.1U_6.3V_K_X5R_0201,C0201_12P992_BA
GND,C5411,2,B,729,2943,27P_25V_J_C0G_0201,C0201_12P992_BA
GND,C5501,1,T,855,2725,1U_6.3V_M_X5R_0201,C0201_13P780_BB
GND,C5502,2,T,808,2741,1200P_25V_K_X7R_0201_MURATA,C0201_12P992_BA
GND,C5503,1,T,966,3037,2.2U_6.3V_K_X5R_0402_YAGEO,C0402_21P654_CA
GND,C5504,1,T,967,3216,2.2U_6.3V_K_X5R_0402_YAGEO,C0402_21P654_CA
GND,C5505,1,T,987,3075,2.2U_6.3V_K_X5R_0402_YAGEO,C0402_21P654_CA
GND,C5506,1,B,950,2935,2.2U_6.3V_K_X5R_0402_YAGEO,C0402_21P654_CA
GND,C5507,1,B,950,2969,10U_6.3V_M_X5R_0402,C0402_27P559_CD
GND,C5531,1,T,875,3128,2.2U_6.3V_M_X5R_0402,C0402_21P654_CA
GND,C5532,1,T,776,3079,2.2U_6.3V_M_X5R_0402,C0402_21P654_CA
GND,C5533,1,T,813,3145,18P_50V_J_NPO_0402,C0402_21P654_CA
GND,C5534,1,T,825,3093,2.2U_6.3V_M_X5R_0402,C0402_21P654_CA
GND,C5535,1,T,948,2986,2.2U_6.3V_M_X5R_0402,C0402_21P654_CA
GND,C5537,1,T,1001,2953,22U_6.3V_M_X5R_0603,C0603_39P370_DC
GND,C5538,1,T,959,3114,2.2U_6.3V_M_X5R_0402,C0402_21P654_CA
GND,C5539,1,T,1002,2902,47U_6.3V_M_X5R_0603,C0603_39P370_DC
GND,C5540,1,T,946,2945,47U_6.3V_M_X5R_0603,C0603_39P370_DC
GND,C5541,1,T,809,3040,2.2U_6.3V_K_X5R_0402_YAGEO,C0402_21P654_CA
GND,C5542,1,T,1002,3004,22U_6.3V_M_X5R_0603,C0603_39P370_DC
GND,C5543,1,T,946,2894,22U_6.3V_M_X5R_0603,C0603_39P370_DC
GND,C5544,1,T,939,2792,22U_6.3V_M_X5R_0603,C0603_39P370_DC
GND,C5545,1,T,1010,3616,22U_6.3V_M_X5R_0603,C0603_39P370_DC
GND,C5546,1,T,1010,3666,22U_6.3V_M_X5R_0603,C0603_39P370_DC
GND,C5547,1,T,947,3601,22U_6.3V_M_X5R_0603,C0603_39P370_DC
GND,C5548,1,T,947,3551,22U_6.3V_M_X5R_0603,C0603_39P370_DC
GND,C5609,2,B,804,3615,27P_25V_J_C0G_0201,C0201_12P992_BA
GND,C5610,2,B,730,3616,27P_25V_J_C0G_0201,C0201_12P992_BA
GND,C5701,1,T,843,3419,1U_6.3V_M_X5R_0201,C0201_13P780_BB
GND,C5702,1,T,967,3889,2.2U_6.3V_K_X5R_0402_YAGEO,C0402_21P654_CA
GND,C5703,1,T,965,3710,2.2U_6.3V_K_X5R_0402_YAGEO,C0402_21P654_CA
GND,C5704,1,T,999,3747,2.2U_6.3V_M_X5R_0402,C0402_21P654_CA
GND,C5705,1,B,950,3602,2.2U_6.3V_K_X5R_0402_YAGEO,C0402_21P654_CA
GND,C5706,1,B,950,3637,10U_6.3V_M_X5R_0402,C0402_27P559_CD
GND,C5707,2,T,795,3420,1200P_25V_K_X7R_0201_MURATA,C0201_12P992_BA
GND,C5709,1,T,879,3800,2.2U_6.3V_M_X5R_0402,C0402_21P654_CA
GND,C5711,1,T,805,3713,2.2U_6.3V_K_X5R_0402_YAGEO,C0402_21P654_CA
GND,C5713,1,T,957,3788,2.2U_6.3V_M_X5R_0402,C0402_21P654_CA
GND,C5714,1,T,1010,3563,47U_6.3V_M_X5R_0603,C0603_39P370_DC
GND,C5716,1,T,775,3751,2.2U_6.3V_M_X5R_0402,C0402_21P654_CA
GND,C5718,1,T,824,3766,2.2U_6.3V_M_X5R_0402,C0402_21P654_CA
GND,C5720,1,T,791,3817,18P_50V_J_NPO_0402,C0402_21P654_CA
GND,C5722,1,T,947,3651,47U_6.3V_M_X5R_0603,C0603_39P370_DC
GND,C5724,1,T,824,3614,2.2U_6.3V_M_X5R_0402,C0402_21P654_CA
GND,C5901,1,T,1486,4036,10U_6.3V_M_X5R_0402,C0402_27P559_CD
GND,C5902,1,T,1822,3699,1U_25V_K_X5R_0402,C0402_23P622_CB
GND,C5903,1,T,1548,3563,220P_25V_K_X7R_0201,C0201_12P992_BA
GND,C5904,1,T,1348,3907,10U_6.3V_M_X5R_0402,C0402_27P559_CD
GND,C5905,1,T,1522,3563,220P_25V_K_X7R_0201,C0201_12P992_BA
GND,C5906,1,T,1439,3997,10U_6.3V_M_X5R_0402,C0402_27P559_CD
GND,C5907,1,T,1562,3987,220P_25V_K_X7R_0201,C0201_12P992_BA
GND,C5908,1,T,1587,3987,220P_25V_K_X7R_0201,C0201_12P992_BA
GND,C5909,1,T,1694,4017,10U_6.3V_M_X5R_0402,C0402_27P559_CD
GND,C5910,1,T,1640,3501,10U_6.3V_M_X5R_0402,C0402_27P559_CD
GND,C5911,1,T,1776,3972,1U_25V_K_X5R_0402,C0402_23P622_CB
GND,C6101,1,T,1032,4110,0.1U_6.3V_K_X5R_0201,C0201_12P992_BA
GND,C6102,2,T,748,4170,0.1U_50V_K_X5R_0402,C0402_21P654_CA
GND,C6103,1,T,704,4014,0.1U_6.3V_K_X5R_0201,C0201_12P992_BA
GND,C6104,1,T,1001,4043,0.1U_50V_K_X5R_0402,C0402_21P654_CA
GND,C6109,1,T,786,4312,3.3P_50V_B_NPO_0201,C0201_12P992_BA
GND,C6114,1,T,804,4178,1U_50V_K_X5R_0603,C0603_35P433_DA
GND,C6115,2,T,603,4253,1U_25V_K_X5R_0402,C0402_23P622_CB
GND,C6116,1,T,635,4253,0.1U_50V_K_X5R_0402,C0402_21P654_CA
GND,C6117,1,B,752,4235,0.1U_50V_K_X5R_0402,C0402_21P654_CA
GND,C6118,1,B,752,4204,0.1U_50V_K_X5R_0402,C0402_21P654_CA
GND,C6119,1,B,753,4172,0.1U_50V_K_X5R_0402,C0402_21P654_CA
GND,C6120,1,T,810,4312,0.1U_6.3V_K_X5R_0201,C0201_12P992_BA
GND,C6205,2,T,653,3498,0.1U_50V_K_X5R_0402,C0402_21P654_CA
GND,C6206,1,T,1259,3414,0.1U_50V_K_X5R_0402,C0402_21P654_CA
GND,C6207,1,T,1277,3502,0.1U_6.3V_K_X5R_0201,C0201_12P992_BA
GND,C6208,1,T,775,3363,0.1U_6.3V_K_X5R_0201,C0201_12P992_BA
GND,C6209,1,T,544,3583,3.3P_50V_B_NPO_0201,C0201_12P992_BA
GND,C6214,1,T,612,3683,1U_50V_K_X5R_0603,C0603_35P433_DA
GND,C6215,1,B,665,3505,0.1U_50V_K_X5R_0402,C0402_21P654_CA
GND,C6216,1,B,630,3548,0.1U_50V_K_X5R_0402,C0402_21P654_CA
GND,C6217,1,B,715,3437,0.1U_50V_K_X5R_0402,C0402_21P654_CA
GND,C6218,1,T,688,3427,0.1U_50V_K_X5R_0402,C0402_21P654_CA
GND,C6219,2,T,517,3502,1U_25V_K_X5R_0402,C0402_23P622_CB
GND,C6220,1,T,544,3606,0.1U_6.3V_K_X5R_0201,C0201_12P992_BA
GND,C6501,1,T,1788,3700,1U_25V_K_X5R_0402,C0402_23P622_CB
GND,C6502,1,T,2040,3801,10U_25V_M_X5R_0603,C0603_39P370_DC
GND,C6503,1,T,1808,3973,1U_25V_K_X5R_0402,C0402_23P622_CB
GND,C6504,1,T,1990,3746,10U_25V_M_X5R_0603,C0603_39P370_DC
GND,C6701,2,T,957,1865,0.1U_10V_K_X5R_0201,C0201_12P992_BA
GND,C6703,1,B,833,1660,0.1U_6.3V_K_X5R_0201,C0201_12P992_BA
GND,C6704,1,B,810,1660,0.1U_6.3V_K_X5R_0201,C0201_12P992_BA
GND,C6705,2,B,867,1987,150U_B2_6.3VM_R35M,C_B2_78P740
GND,C6801,1,B,9937,4879,0.1U_50V_K_X5R_0402,C0402_21P654_CA
GND,C6802,1,B,9937,4914,0.1U_50V_K_X5R_0402,C0402_21P654_CA
GND,C7009,2,T,1833,1400,0.1U_25V_K_X5R_0201,C0201_12P992_BA
GND,C7010,1,T,1442,1498,10U_6.3V_M_X5R_0402,C0402_27P559_CD
GND,C7011,1,T,1332,1428,0.01U_6.3V_K_X7R_0201,C0201_12P992_BA
GND,C7012,1,T,1358,1426,2200P_25V_K_X7R_0201,C0201_12P992_BA
GND,C7201,1,T,5936,4938,0.01U_6.3V_K_X7R_0201,C0201_12P992_BA
GND,C7202,1,T,6374,4889,0.1U_6.3V_K_X5R_0201,C0201_12P992_BA
GND,C7203,1,T,6475,4948,10U_6.3V_M_X5R_0402,C0402_27P559_CD
GND,C7204,1,T,6478,4918,0.01U_6.3V_K_X7R_0201,C0201_12P992_BA
GND,C7205,1,T,5958,4938,0.1U_6.3V_K_X5R_0201,C0201_12P992_BA
GND,C7206,1,T,6009,4944,10U_6.3V_M_X5R_0402,C0402_27P559_CD
GND,C7209,2,T,6044,4781,10P_25V_G_NPO_0201,C0201_12P992_BA
GND,C7210,2,T,6374,4868,10P_25V_G_NPO_0201,C0201_12P992_BA
GND,C7211,2,T,6044,4803,10P_25V_G_NPO_0201,C0201_12P992_BA
GND,C7212,2,T,5980,4937,10P_25V_G_NPO_0201,C0201_12P992_BA
GND,C7403,1,T,3248,3493,47P_25V_J_NPO_0201,C0201_12P992_BA
GND,C7404,1,T,2564,3241,100P_25V_J_NPO_0201,C0201_12P992_BA
GND,C7405,1,T,2608,3242,0.1U_6.3V_K_X5R_0201,C0201_12P992_BA
GND,C7406,1,T,3250,3313,1U_6.3V_M_X5R_0201,C0201_13P780_BB
GND,C7407,2,T,2586,3241,6.8PC_25VC_C_NPOC_0201,C0201_12P992_BA
GND,C7408,2,T,3190,3306,8.2PC_50VC_C_NPOC_0402,C0402_21P654_CA
GND,C7409,2,T,3223,3313,18PC_25VC_JC_COGC_0201,C0201_12P992_BA
GND,C7410,2,T,3225,3493,33P_25V_J_NPO_0201,C0201_12P992_BA
GND,C7411,2,T,3155,3308,39PC_50VC_JC_NPOC_0402,C0402_21P654_CA
GND,C7412,1,T,2534,3234,10U_6.3V_M_X5R_0402,C0402_27P559_CD
GND,C7415,2,T,2421,5265,0.1U_6.3V_K_X5R_0201,C0201_12P992_BA
GND,C7416,2,T,2490,5265,33P_25V_J_NPO_0201,C0201_12P992_BA
GND,C7417,2,T,2631,5266,33P_25V_J_NPO_0201,C0201_12P992_BA
GND,C7418,2,T,2528,5266,33P_25V_J_NPO_0201,C0201_12P992_BA
GND,C7419,1,T,3290,3284,22U_6.3V_M_X5R_0603,C0603_39P370_DC
GND,C7601,1,T,1967,4501,22U_6.3V_M_X5R_0603,C0603_39P370_DC
GND,C7602,1,T,1897,4142,0.1U_6.3V_K_X5R_0201,C0201_12P992_BA
GND,C7603,1,T,2241,4058,0.1U_6.3V_K_X5R_0201,C0201_12P992_BA
GND,C7604,1,T,2184,4604,22U_6.3V_M_X5R_0603,C0603_39P370_DC
GND,C7605,1,T,2305,4271,0.1U_6.3V_K_X5R_0201,C0201_12P992_BA
GND,C7606,1,T,2305,4245,0.1U_6.3V_K_X5R_0201,C0201_12P992_BA
GND,C7607,1,T,2000,4628,0.1UC_10VC_KC_X5RC_0402,C0402_21P654_CA
GND,C7608,1,T,1890,4241,0.1U_6.3V_K_X5R_0201,C0201_12P992_BA
GND,C7609,1,T,2033,4628,0.1UC_10VC_KC_X5RC_0402,C0402_21P654_CA
GND,C7610,1,T,2032,4425,12P_25V_JC_NPO_0201,C0201_12P992_BA
GND,C7611,1,T,2304,4152,0.1U_6.3V_K_X5R_0201,C0201_12P992_BA
GND,C7615,2,T,1898,4188,1U_6.3V_M_X5R_0201,C0201_13P780_BB
GND,C7616,1,T,2071,3995,0.1U_6.3V_K_X5R_0201,C0201_12P992_BA
GND,C7618,1,T,2085,4406,12P_25V_JC_NPO_0201,C0201_12P992_BA
GND,C7801,1,T,1350,4715,1U_6.3V_K_X5R_0402,C0402_21P654_CA
GND,C7802,1,T,1355,5065,0.1U_6.3V_K_X5R_0201,C0201_12P992_BA
GND,C7803,1,T,1355,5095,0.1U_6.3V_K_X5R_0201,C0201_12P992_BA
GND,C7804,1,T,1355,4750,0.1U_6.3V_K_X5R_0201,C0201_12P992_BA
GND,C7805,1,T,1355,5040,0.1U_6.3V_K_X5R_0201,C0201_12P992_BA
GND,C7806,1,T,1355,4775,0.1U_6.3V_K_X5R_0201,C0201_12P992_BA
GND,C7807,1,T,1355,4800,0.1U_6.3V_K_X5R_0201,C0201_12P992_BA
GND,C7808,2,T,1286,4709,10P_3KV_J_NPO_1808_H1.6,C1808_39P370_HA
GND,C7809,1,T,879,4713,0.1U_6.3V_K_X5R_0201,C0201_12P992_BA
GND,C7810,1,T,882,5199,0.1U_6.3V_K_X5R_0201,C0201_12P992_BA
GND,C7811,1,T,910,5220,1U_6.3V_K_X5R_0402,C0402_21P654_CA
GND,C7901,2,T,2149,2005,0.1U_6.3V_K_X5R_0201,C0201_12P992_BA
GND,C7902,2,T,2120,1999,1U_6.3V_K_X5R_0402,C0402_21P654_CA
GND,C7903,2,T,2267,1840,5P_50V_C_COG_0402,C0402_21P654_CA
GND,C7904,2,T,2503,2000,5P_50V_C_COG_0402,C0402_21P654_CA
GND,C8001,2,T,1930,2262,220P_25V_K_X7R_0201,C0201_12P992_BA
GND,C8002,2,T,2145,2304,22P_25V_J_NPO_0201_MURATA,C0201_12P992_BA
GND,C8003,2,T,2250,2219,47P_25V_J_NPO_0201,C0201_12P992_BA
GND,C8004,2,B,2960,4151,0.22U_6.3V_K_X5R_0201,C0201_12P992_BA
GND,C8005,2,T,1770,1779,0.1U_10V_K_X5R_0201,C0201_12P992_BA
GND,C8006,2,T,2015,2262,220P_25V_K_X7R_0201,C0201_12P992_BA
GND,C8101,2,T,1691,1574,0.1U_6.3V_K_X5R_0201,C0201_12P992_BA
GND,C8102,2,T,1860,2237,0.1U_6.3V_K_X5R_0201,C0201_12P992_BA
GND,C8106,1,T,1590,1742,0.1U_10V_K_X5R_0201,C0201_12P992_BA
GND,C8107,1,T,1626,1703,4700P_6.3V_K_X7R_0201_MURATA,C0201_12P992_BA
GND,C8109,1,T,1964,3439,0.1U_6.3V_K_X5R_0201,C0201_12P992_BA
GND,C8110,1,T,1964,3473,0.1U_6.3V_K_X5R_0201,C0201_12P992_BA
GND,C8201,1,T,1775,1544,100P_25V_J_NPO_0201,C0201_12P992_BA
GND,C8202,1,T,1527,2241,4.7U_10V_K_X5R_0402,C0402_25P591_CC
GND,C8203,1,T,1554,2272,0.1U_6.3V_K_X5R_0201,C0201_12P992_BA
GND,C8204,1,T,1554,2297,0.1U_6.3V_K_X5R_0201,C0201_12P992_BA
GND,C8205,1,T,1623,2249,0.1U_6.3V_K_X5R_0201,C0201_12P992_BA
GND,C8206,1,T,1623,2274,0.1U_6.3V_K_X5R_0201,C0201_12P992_BA
GND,C8207,1,T,1623,2299,0.1U_6.3V_K_X5R_0201,C0201_12P992_BA
GND,C8210,2,T,1495,2193,2.2U_6.3V_K_X5R_0402_YAGEO,C0402_21P654_CA
GND,C8211,2,T,1837,2238,0.1U_6.3V_K_X5R_0201,C0201_12P992_BA
GND,C8212,2,T,1978,2301,2.2U_6.3V_M_X5R_0201,C0201_15P354_BC
GND,C8213,2,T,2030,2304,0.1U_6.3V_K_X5R_0201,C0201_12P992_BA
GND,C8214,2,T,1978,2325,2.2U_6.3V_M_X5R_0201,C0201_15P354_BC
GND,C8302,2,T,1249,938,0.1U_6.3V_K_X5R_0201,C0201_12P992_BA
GND,C8303,2,T,1106,1256,2.2U_6.3V_K_X5R_0402,C0402_21P654_CA
GND,C8304,2,T,1080,1241,0.1U_6.3V_K_X5R_0201,C0201_12P992_BA
GND,C8305,2,T,1160,767,10U_6.3V_M_X5R_0402,C0402_27P559_CD
GND,C8306,2,T,989,774,0.1U_6.3V_K_X5R_0201,C0201_12P992_BA
GND,C8308,2,T,1190,767,0.1U_6.3V_K_X5R_0201,C0201_12P992_BA
GND,C8315,1,T,1021,1256,2.2U_6.3V_K_X5R_0402,C0402_21P654_CA
GND,C8322,1,T,866,731,0.01U_6.3V_K_X7R_0201,C0201_12P992_BA
GND,C8324,2,B,989,699,0.1U_6.3V_K_X5R_0201,C0201_12P992_BA
GND,C8327,1,B,865,731,0.01U_6.3V_K_X7R_0201,C0201_12P992_BA
GND,C8328,2,T,1196,1153,47P_25V_J_NPO_0201,C0201_12P992_BA
GND,C8332,1,T,1133,1239,47P_25V_J_NPO_0201,C0201_12P992_BA
GND,C8333,1,T,1067,776,1000P_25V_K_X7R_0201,C0201_12P992_BA
GND,C8334,1,T,1089,777,1000P_25V_K_X7R_0201,C0201_12P992_BA
GND,C8335,1,T,1044,774,1000P_25V_K_X7R_0201,C0201_12P992_BA
GND,C8336,1,T,1020,774,1000P_25V_K_X7R_0201,C0201_12P992_BA
GND,C8337,1,B,891,726,0.1UC_25VC_KC_X5RC_0402,C0402_21P654_CA
GND,C8338,1,T,833,726,0.1UC_25VC_KC_X5RC_0402,C0402_21P654_CA
GND,C8339,1,B,839,726,0.1UC_25VC_KC_X5RC_0402,C0402_21P654_CA
GND,C8403,1,B,1016,1254,1U_6.3V_K_X5R_0402,C0402_21P654_CA
GND,C85012,1,B,812,731,0.01U_6.3V_K_X7R_0201,C0201_12P992_BA
GND,C85014,1,T,3534,3054,22U_6.3V_M_X5R_0603,C0603_39P370_DC
GND,C85015,1,T,3017,2997,0.01U_6.3V_K_X7R_0201,C0201_12P992_BA
GND,C85016,1,T,3480,3054,22U_6.3V_M_X5R_0603,C0603_39P370_DC
GND,C85024,1,T,1062,2536,0.01U_6.3V_K_X7R_0201,C0201_12P992_BA
GND,C85025,1,T,1186,2541,0.1U_6.3V_K_X5R_0201,C0201_12P992_BA
GND,C85026,1,B,1036,2398,0.1U_6.3V_K_X5R_0201,C0201_12P992_BA
GND,C85027,1,T,1346,2354,0.1U_6.3V_K_X5R_0201,C0201_12P992_BA
GND,C85028,1,T,1349,2451,0.1U_6.3V_K_X5R_0201,C0201_12P992_BA
GND,C85029,1,T,805,1969,0.01U_6.3V_K_X7R_0201,C0201_12P992_BA
GND,C85030,1,T,795,1940,4.7U_6.3V_M_X5R_0402,C0402_23P622_CB
GND,C85031,1,B,1038,2343,0.1U_6.3V_K_X5R_0201,C0201_12P992_BA
GND,C85032,1,T,1186,2516,0.1U_6.3V_K_X5R_0201,C0201_12P992_BA
GND,C85033,1,T,1322,2451,0.01U_6.3V_K_X7R_0201,C0201_12P992_BA
GND,C85034,1,T,1057,2153,0.1U_6.3V_K_X5R_0201,C0201_12P992_BA
GND,C85035,1,T,1057,2132,0.01U_6.3V_K_X7R_0201,C0201_12P992_BA
GND,C85036,1,T,1303,2614,0.1U_6.3V_K_X5R_0201,C0201_12P992_BA
GND,C85037,1,T,925,2208,0.1U_6.3V_K_X5R_0201,C0201_12P992_BA
GND,C85038,1,T,926,2186,0.01U_6.3V_K_X7R_0201,C0201_12P992_BA
GND,C9307,1,B,8263,1105,100P_25V_J_NPO_0201,C0201_12P992_BA
GND,C9308,2,B,8354,1119,4.7U_6.3V_M_X5R_0402,C0402_25P591_CC
GND,C9311,1,B,7665,1115,0.1U_6.3V_K_X5R_0201,C0201_12P992_BA
GND,C9401,2,T,3331,5529,0.01U_25V_K_X7R_0201,C0201_12P992_BA
GND,C9402,1,T,3292,5515,1U_25V_K_X5R_0402,C0402_21P654_CA
GND,C9403,1,T,3225,5405,0.1U_25V_K_X5R_0201,C0201_12P992_BA
GND,C9404,1,T,3251,5508,0.01U_25V_K_X7R_0201,C0201_12P992_BA
GND,C9405,1,T,3251,5405,47P_25V_J_NPO_0201,C0201_12P992_BA
GND,C9406,1,T,3228,5508,0.1U_25V_K_X5R_0201,C0201_12P992_BA
GND,C9407,1,T,1666,3100,0.1U_25V_K_X5R_0201,C0201_12P992_BA
GND,C9408,1,B,3517,5188,0.1U_25V_K_X5R_0201,C0201_12P992_BA
GND,C9409,1,T,3279,5291,1000P_25V_K_X7R_0201,C0201_12P992_BA
GND,C9410,1,T,3279,5266,47P_25V_J_NPO_0201,C0201_12P992_BA
GND,C9411,1,T,3235,5529,0.01U_6.3V_K_X7R_0201,C0201_12P992_BA
GND,C9412,1,T,3214,5600,0.1U_6.3V_K_X5R_0201,C0201_12P992_BA
GND,C9413,1,T,3203,5529,1U_6.3V_M_X5R_0201,C0201_13P780_BB
GND,C9414,1,T,3259,5529,0.1U_25V_K_X5R_0201,C0201_12P992_BA
GND,C9415,1,T,3185,5600,0.1U_25V_K_X5R_0201,C0201_12P992_BA
GND,C9426,1,B,2952,5287,1000P_25V_K_X7R_0201,C0201_12P992_BA
GND,C9427,2,T,3265,5237,0.1U_25V_K_X7R_0402,C0402_21P654_CA
GND,C9501,1,T,3229,5224,2200P_25V_K_X7R_0201,C0201_12P992_BA
GND,C9502,2,B,8498,4866,330P_25V_K_X7R_0201,C0201_12P992_BA
GND,C9503,2,B,8308,4875,0.1UC_25VC_KC_X5RC_0402,C0402_21P654_CA
GND,C9504,1,T,8296,4942,0.1U_6.3V_K_X5R_0201,C0201_12P992_BA
GND,C9505,1,B,8057,4818,0.1U_6.3V_K_X5R_0201,C0201_12P992_BA
GND,C9506,2,B,8566,4865,33P_25V_J_NPO_0201,C0201_12P992_BA
GND,C9507,1,B,8057,4862,0.1U_6.3V_K_X5R_0201,C0201_12P992_BA
GND,C9508,1,T,2682,4398,2.2U_6.3V_K_X5R_0402,C0402_21P654_CA
GND,C9509,1,T,8238,5045,0.1U_6.3V_K_X5R_0201,C0201_12P992_BA
GND,C9510,1,T,8275,4893,2.2U_6.3V_K_X5R_0402,C0402_21P654_CA
GND,C9512,2,T,8883,4771,0.1U_6.3V_K_X5R_0201,C0201_12P992_BA
GND,C9513,2,T,8990,4774,0.1U_6.3V_K_X5R_0201,C0201_12P992_BA
GND,C9514,2,T,8940,4952,0.1U_6.3V_K_X5R_0201,C0201_12P992_BA
GND,C9515,2,T,8831,4953,0.1U_6.3V_K_X5R_0201,C0201_12P992_BA
GND,C9801,1,T,7125,3049,0.1U_6.3V_K_X5R_0201,C0201_12P992_BA
GND,C9802,1,T,7136,2904,0.1U_6.3V_K_X5R_0201,C0201_12P992_BA
GND,C9803,1,T,6798,2933,0.1U_6.3V_K_X5R_0201,C0201_12P992_BA
GND,C9804,1,T,6915,3116,10U_6.3V_M_X5R_0402,C0402_27P559_CD
GND,D4601,2,B,7015,1116,PESD5V0H1BSF_SOD962-2,PESD5V0H1BSF_SOD962-2
GND,D4602,2,T,6908,979,PESD5V0H1BSF_SOD962-2,PESD5V0H1BSF_SOD962-2
GND,D4603,2,T,6908,935,PESD5V0H1BSF_SOD962-2,PESD5V0H1BSF_SOD962-2
GND,D4604,2,B,7047,1116,PESD5V0H1BSF_SOD962-2,PESD5V0H1BSF_SOD962-2
GND,D4605,2,B,7077,1116,PESD5V0H1BSF_SOD962-2,PESD5V0H1BSF_SOD962-2
GND,D4606,2,B,9255,4905,PESD5V0H1BSF_SOD962-2,PESD5V0H1BSF_SOD962-2
GND,D4607,2,B,9343,4921,PESD5V0H1BSF_SOD962-2,PESD5V0H1BSF_SOD962-2
GND,D5301,2,B,778,2522,PESD5V0H1BSF_SOD962-2,PESD5V0H1BSF_SOD962-2
GND,D5302,3,T,812,2292,SP3420-04UTG-1_UDFN-10,SP3420-04UTG-1_UDFN-10
GND,D5302,8,T,785,2292,SP3420-04UTG-1_UDFN-10,SP3420-04UTG-1_UDFN-10
GND,D5303,3,T,815,2418,SP3420-04UTG-1_UDFN-10,SP3420-04UTG-1_UDFN-10
GND,D5303,8,T,787,2418,SP3420-04UTG-1_UDFN-10,SP3420-04UTG-1_UDFN-10
GND,D5305,2,B,780,2597,PESD5V0H1BSF_SOD962-2,PESD5V0H1BSF_SOD962-2
GND,D5901,2,T,1734,3971,NSR20F30NXT5G_DSN2-2,NSR20F30NXT5G_DSN2-2
GND,D5902,2,T,1747,3693,NSR20F30NXT5G_DSN2-2,NSR20F30NXT5G_DSN2-2
GND,D6101,2,B,615,4023,PESD5V0H1BSF_SOD962-2,PESD5V0H1BSF_SOD962-2
GND,D6102,2,T,577,3937,PESD5V0H1BSF_SOD962-2,PESD5V0H1BSF_SOD962-2
GND,D6103,2,T,577,3885,PESD5V0H1BSF_SOD962-2,PESD5V0H1BSF_SOD962-2
GND,D6104,2,B,606,3763,PESD5V0H1BSF_SOD962-2,PESD5V0H1BSF_SOD962-2
GND,D6105,2,T,615,4075,PESD5V0H1BSF_SOD962-2,PESD5V0H1BSF_SOD962-2
GND,D6106,2,T,615,4023,PESD5V0H1BSF_SOD962-2,PESD5V0H1BSF_SOD962-2
GND,D6107,2,B,615,4075,PESD5V0H1BSF_SOD962-2,PESD5V0H1BSF_SOD962-2
GND,D6108,2,T,612,3753,PESD5V0H1BSF_SOD962-2,PESD5V0H1BSF_SOD962-2
GND,D6109,2,B,605,3816,PESD5V0H1BSF_SOD962-2,PESD5V0H1BSF_SOD962-2
GND,D6110,2,T,612,3805,PESD5V0H1BSF_SOD962-2,PESD5V0H1BSF_SOD962-2
GND,D6120,2,T,672,4256,NSR20F30NXT5G_DSN2-2,NSR20F30NXT5G_DSN2-2
GND,D6203,2,B,616,3092,PESD5V0H1BSF_SOD962-2,PESD5V0H1BSF_SOD962-2
GND,D6204,2,B,616,3144,PESD5V0H1BSF_SOD962-2,PESD5V0H1BSF_SOD962-2
GND,D6205,2,T,577,3264,PESD5V0H1BSF_SOD962-2,PESD5V0H1BSF_SOD962-2
GND,D6206,2,T,577,3212,PESD5V0H1BSF_SOD962-2,PESD5V0H1BSF_SOD962-2
GND,D6207,2,B,620,3355,PESD5V0H1BSF_SOD962-2,PESD5V0H1BSF_SOD962-2
GND,D6208,2,B,620,3407,PESD5V0H1BSF_SOD962-2,PESD5V0H1BSF_SOD962-2
GND,D6209,2,T,625,3091,PESD5V0H1BSF_SOD962-2,PESD5V0H1BSF_SOD962-2
GND,D6210,2,T,625,3143,PESD5V0H1BSF_SOD962-2,PESD5V0H1BSF_SOD962-2
GND,D6211,2,T,621,3356,PESD5V0H1BSF_SOD962-2,PESD5V0H1BSF_SOD962-2
GND,D6212,2,T,621,3408,PESD5V0H1BSF_SOD962-2,PESD5V0H1BSF_SOD962-2
GND,D6220,2,T,521,3465,NSR20F30NXT5G_DSN2-2,NSR20F30NXT5G_DSN2-2
GND,D6701,2,B,840,1503,PESD5V0H1BSF_SOD962-2,PESD5V0H1BSF_SOD962-2
GND,D6702,3,T,845,1583,SP3420-04UTG-1_UDFN-10,SP3420-04UTG-1_UDFN-10
GND,D6702,8,T,873,1583,SP3420-04UTG-1_UDFN-10,SP3420-04UTG-1_UDFN-10
GND,D6703,2,B,840,1555,PESD5V0H1BSF_SOD962-2,PESD5V0H1BSF_SOD962-2
GND,D7002,2,T,1631,1259,CDZCGT2RA6P8B_VMN2-2,CDZCGT2RA6P8B_VMN2-2-Y_CS20
GND,D7201,1,B,5828,4705,PESD5V0X1BCAL_SOD882-2,PESD5V0X1BCAL_SOD882-2
GND,D7202,1,B,5828,4608,PESD5V0X1BCAL_SOD882-2,PESD5V0X1BCAL_SOD882-2
GND,D7401,2,T,3137,3771,AOZ8231ADI-03_DFN1P0X0P6-2,AOZ8231ADI-03_DFN1P0X0P6-2
GND,D7402,2,T,3240,3771,AOZ8231ADI-03_DFN1P0X0P6-2,AOZ8231ADI-03_DFN1P0X0P6-2
GND,D7403,2,T,2495,5295,PESD5V0X1BCAL_SOD882-2,PESD5V0X1BCAL_SOD882-2
GND,D7404,2,T,2425,5295,PESD5V0X1BCAL_SOD882-2,PESD5V0X1BCAL_SOD882-2
GND,D7405,2,T,2636,5295,PESD5V0X1BCAL_SOD882-2,PESD5V0X1BCAL_SOD882-2
GND,D7406,2,T,2566,5295,PESD5V0X1BCAL_SOD882-2,PESD5V0X1BCAL_SOD882-2
GND,D7407,2,T,2833,5220,CDZCGT2RA6P8B_VMN2-2,CDZCGT2RA6P8B_VMN2-2
GND,D7408,2,T,2751,3445,CDZCGT2RA6P8B_VMN2-2,CDZCGT2RA6P8B_VMN2-2-Y_CS20
GND,D7801,2,B,1542,4664,PESD5V0H1BSF_SOD962-2,PESD5V0H1BSF_SOD962-2
GND,D7802,2,B,1542,4718,PESD5V0H1BSF_SOD962-2,PESD5V0H1BSF_SOD962-2
GND,D7803,2,B,1495,4758,PESD5V0H1BSF_SOD962-2,PESD5V0H1BSF_SOD962-2
GND,D7804,2,B,1495,4811,PESD5V0H1BSF_SOD962-2,PESD5V0H1BSF_SOD962-2
GND,D7805,2,B,1436,4933,PESD5V0H1BSF_SOD962-2,PESD5V0H1BSF_SOD962-2
GND,D7806,2,B,1473,4970,PESD5V0H1BSF_SOD962-2,PESD5V0H1BSF_SOD962-2
GND,D7807,2,B,1436,5165,PESD5V0H1BSF_SOD962-2,PESD5V0H1BSF_SOD962-2
GND,D7808,2,B,1436,5219,PESD5V0H1BSF_SOD962-2,PESD5V0H1BSF_SOD962-2
GND,D8401,2,B,775,712,PESD5V0X1BCAL_SOD882-2,PESD5V0X1BCAL_SOD882-2
GND,D8402,2,B,852,1336,PESD5V0X1BCAL_SOD882-2,PESD5V0X1BCAL_SOD882-2
GND,D8403,2,B,891,1336,PESD5V0X1BCAL_SOD882-2,PESD5V0X1BCAL_SOD882-2
GND,D8404,2,B,775,760,PESD5V0X1BCAL_SOD882-2,PESD5V0X1BCAL_SOD882-2
GND,D8405,2,T,864,1338,AOZ8231ADI-03_DFN1P0X0P6-2,AOZ8231ADI-03_DFN1P0X0P6-2
GND,D9501,2,B,8474,4881,PESD5V0H1BSF_SOD962-2,PESD5V0H1BSF_SOD962-2
GND,D9502,2,B,8418,4881,PESD5V0H1BSF_SOD962-2,PESD5V0H1BSF_SOD962-2
GND,D9503,2,B,8581,4895,PESD5V0H1BSF_SOD962-2,PESD5V0H1BSF_SOD962-2
GND,D9506,2,B,10132,4942,PESD5V0H1BSF_SOD962-2,PESD5V0H1BSF_SOD962-2
GND,D9507,2,B,10077,4942,PESD5V0H1BSF_SOD962-2,PESD5V0H1BSF_SOD962-2
GND,D9512,2,B,780,2657,PESD5V0H1BSF_SOD962-2,PESD5V0H1BSF_SOD962-2
GND,D9513,2,B,592,3239,RCLAMP2451ZATFT_SLP0603P2X3F2,RCLAMP2451ZATFT_SLP0603P2X3F2
GND,D9514,2,B,602,3324,RCLAMP2451ZATFT_SLP0603P2X3F2,RCLAMP2451ZATFT_SLP0603P2X3F2
GND,D9515,2,B,643,3220,RCLAMP2451ZATFT_SLP0603P2X3F2,RCLAMP2451ZATFT_SLP0603P2X3F2
GND,D9516,2,T,580,3318,RCLAMP2451ZATFT_SLP0603P2X3F2,RCLAMP2451ZATFT_SLP0603P2X3F2
GND,D9517,2,B,592,3895,RCLAMP2451ZATFT_SLP0603P2X3F2,RCLAMP2451ZATFT_SLP0603P2X3F2
GND,D9518,2,T,591,3995,RCLAMP2451ZATFT_SLP0603P2X3F2,RCLAMP2451ZATFT_SLP0603P2X3F2
GND,D9519,2,B,643,3898,RCLAMP2451ZATFT_SLP0603P2X3F2,RCLAMP2451ZATFT_SLP0603P2X3F2
GND,D9520,2,B,592,3996,RCLAMP2451ZATFT_SLP0603P2X3F2,RCLAMP2451ZATFT_SLP0603P2X3F2
GND,H1,1,B,594,5362,HOLEA,PAD_C6P5D2P8
GND,H10,1,T,8044,1646,HOLEA,PAD_C7P0D2P3
GND,H12,1,T,2756,768,HOLEA,PAD_C6P0D2P3
GND,H13,1,T,7992,906,HOLEA,PAD_C6P0D2P3
GND,H2,1,T,3287,5839,HOLEA,PAD_C6P0D2P3
GND,H3,1,T,5512,5177,HOLEA,PAD_C6P0D2P3
GND,H6,1,B,1575,4437,HOLEA,PAD_CT6P0D3P3
GND,H7,1,T,3456,3928,HOLEA,PAD_C7P0D2P3
GND,H9,1,B,2893,1587,HOLEA,PAD_CT6P0D3P3
GND,J2101,8,B,6410,893,FCI_10051922-1810ELF,FCI_10051922-1810ELF_18P-T
GND,J2101,10,B,6370,893,FCI_10051922-1810ELF,FCI_10051922-1810ELF_18P-T
GND,J2101,12,B,6331,893,FCI_10051922-1810ELF,FCI_10051922-1810ELF_18P-T
GND,J2101,14,B,6291,893,FCI_10051922-1810ELF,FCI_10051922-1810ELF_18P-T
GND,J2101,19,B,6596,787,FCI_10051922-1810ELF,FCI_10051922-1810ELF_18P-T
GND,J2101,20,B,6164,787,FCI_10051922-1810ELF,FCI_10051922-1810ELF_18P-T
GND,JBATT1,1,B,3699,865,ALLTOP_C13903-10835-L,ALLTOP_C13903-10835-L_8P
GND,JBATT1,2,B,3620,865,ALLTOP_C13903-10835-L,ALLTOP_C13903-10835-L_8P
GND,JBATT1,9,B,3075,865,ALLTOP_C13903-10835-L,ALLTOP_C13903-10835-L_8P
GND,JBATT1,10,B,3775,865,ALLTOP_C13903-10835-L,ALLTOP_C13903-10835-L_8P
GND,JCAM1,14,B,8406,4955,I-PEX_20654-030E-01,I-PEX_20654-030E-01_30P
GND,JCAM1,15,B,8421,4955,I-PEX_20654-030E-01,I-PEX_20654-030E-01_30P
GND,JCAM1,18,B,8469,4955,I-PEX_20654-030E-01,I-PEX_20654-030E-01_30P
GND,JCAM1,24,B,8563,4955,I-PEX_20654-030E-01,I-PEX_20654-030E-01_30P
GND,JCAM1,30,B,8657,4955,I-PEX_20654-030E-01,I-PEX_20654-030E-01_30P
GND,JCAM1,31,B,8097,4986,I-PEX_20654-030E-01,I-PEX_20654-030E-01_30P
GND,JCAM1,32,B,8097,5078,I-PEX_20654-030E-01,I-PEX_20654-030E-01_30P
GND,JCAM1,33,B,8165,4957,I-PEX_20654-030E-01,I-PEX_20654-030E-01_30P
GND,JCAM1,34,B,8240,4991,I-PEX_20654-030E-01,I-PEX_20654-030E-01_30P
GND,JCAM1,35,B,8335,4991,I-PEX_20654-030E-01,I-PEX_20654-030E-01_30P
GND,JCAM1,36,B,8429,4991,I-PEX_20654-030E-01,I-PEX_20654-030E-01_30P
GND,JCAM1,37,B,8524,4991,I-PEX_20654-030E-01,I-PEX_20654-030E-01_30P
GND,JCAM1,38,B,8618,4991,I-PEX_20654-030E-01,I-PEX_20654-030E-01_30P
GND,JCAM1,39,B,8693,4957,I-PEX_20654-030E-01,I-PEX_20654-030E-01_30P
GND,JCAM1,40,B,8762,5078,I-PEX_20654-030E-01,I-PEX_20654-030E-01_30P
GND,JCAM1,41,B,8762,4986,I-PEX_20654-030E-01,I-PEX_20654-030E-01_30P
GND,JCMOS,1,B,6331,2494,SHORT PADS,SHORTPADS
GND,JCP1,14,B,6821,1043,HIGHSTAR_FC5AF141-2933-1H,HIGHSTAR_FC5AF141-2933-1H_14P
GND,JCP1,15,B,7127,951,HIGHSTAR_FC5AF141-2933-1H,HIGHSTAR_FC5AF141-2933-1H_14P
GND,JCP1,16,B,6770,951,HIGHSTAR_FC5AF141-2933-1H,HIGHSTAR_FC5AF141-2933-1H_14P
GND,JDDR1,1,B,3982,2150,ARGOS_D4ASL-26010-1P40,ARGOS_D4ASL-26010-1P40_260P
GND,JDDR1,2,B,3992,1827,ARGOS_D4ASL-26010-1P40,ARGOS_D4ASL-26010-1P40_260P
GND,JDDR1,5,B,4021,2150,ARGOS_D4ASL-26010-1P40,ARGOS_D4ASL-26010-1P40_260P
GND,JDDR1,6,B,4031,1827,ARGOS_D4ASL-26010-1P40,ARGOS_D4ASL-26010-1P40_260P
GND,JDDR1,9,B,4061,2150,ARGOS_D4ASL-26010-1P40,ARGOS_D4ASL-26010-1P40_260P
GND,JDDR1,10,B,4071,1827,ARGOS_D4ASL-26010-1P40,ARGOS_D4ASL-26010-1P40_260P
GND,JDDR1,14,B,4110,1827,ARGOS_D4ASL-26010-1P40,ARGOS_D4ASL-26010-1P40_260P
GND,JDDR1,15,B,4120,2150,ARGOS_D4ASL-26010-1P40,ARGOS_D4ASL-26010-1P40_260P
GND,JDDR1,18,B,4149,1827,ARGOS_D4ASL-26010-1P40,ARGOS_D4ASL-26010-1P40_260P
GND,JDDR1,19,B,4159,2150,ARGOS_D4ASL-26010-1P40,ARGOS_D4ASL-26010-1P40_260P
GND,JDDR1,22,B,4189,1827,ARGOS_D4ASL-26010-1P40,ARGOS_D4ASL-26010-1P40_260P
GND,JDDR1,23,B,4199,2150,ARGOS_D4ASL-26010-1P40,ARGOS_D4ASL-26010-1P40_260P
GND,JDDR1,26,B,4228,1827,ARGOS_D4ASL-26010-1P40,ARGOS_D4ASL-26010-1P40_260P
GND,JDDR1,27,B,4238,2150,ARGOS_D4ASL-26010-1P40,ARGOS_D4ASL-26010-1P40_260P
GND,JDDR1,30,B,4268,1827,ARGOS_D4ASL-26010-1P40,ARGOS_D4ASL-26010-1P40_260P
GND,JDDR1,31,B,4277,2150,ARGOS_D4ASL-26010-1P40,ARGOS_D4ASL-26010-1P40_260P
GND,JDDR1,35,B,4317,2150,ARGOS_D4ASL-26010-1P40,ARGOS_D4ASL-26010-1P40_260P
GND,JDDR1,36,B,4327,1827,ARGOS_D4ASL-26010-1P40,ARGOS_D4ASL-26010-1P40_260P
GND,JDDR1,39,B,4356,2150,ARGOS_D4ASL-26010-1P40,ARGOS_D4ASL-26010-1P40_260P
GND,JDDR1,40,B,4366,1827,ARGOS_D4ASL-26010-1P40,ARGOS_D4ASL-26010-1P40_260P
GND,JDDR1,43,B,4395,2150,ARGOS_D4ASL-26010-1P40,ARGOS_D4ASL-26010-1P40_260P
GND,JDDR1,44,B,4405,1827,ARGOS_D4ASL-26010-1P40,ARGOS_D4ASL-26010-1P40_260P
GND,JDDR1,47,B,4435,2150,ARGOS_D4ASL-26010-1P40,ARGOS_D4ASL-26010-1P40_260P
GND,JDDR1,48,B,4445,1827,ARGOS_D4ASL-26010-1P40,ARGOS_D4ASL-26010-1P40_260P
GND,JDDR1,51,B,4474,2150,ARGOS_D4ASL-26010-1P40,ARGOS_D4ASL-26010-1P40_260P
GND,JDDR1,52,B,4484,1827,ARGOS_D4ASL-26010-1P40,ARGOS_D4ASL-26010-1P40_260P
GND,JDDR1,56,B,4523,1827,ARGOS_D4ASL-26010-1P40,ARGOS_D4ASL-26010-1P40_260P
GND,JDDR1,57,B,4533,2150,ARGOS_D4ASL-26010-1P40,ARGOS_D4ASL-26010-1P40_260P
GND,JDDR1,60,B,4563,1827,ARGOS_D4ASL-26010-1P40,ARGOS_D4ASL-26010-1P40_260P
GND,JDDR1,61,B,4573,2150,ARGOS_D4ASL-26010-1P40,ARGOS_D4ASL-26010-1P40_260P
GND,JDDR1,64,B,4602,1827,ARGOS_D4ASL-26010-1P40,ARGOS_D4ASL-26010-1P40_260P
GND,JDDR1,65,B,4612,2150,ARGOS_D4ASL-26010-1P40,ARGOS_D4ASL-26010-1P40_260P
GND,JDDR1,68,B,4642,1827,ARGOS_D4ASL-26010-1P40,ARGOS_D4ASL-26010-1P40_260P
GND,JDDR1,69,B,4651,2150,ARGOS_D4ASL-26010-1P40,ARGOS_D4ASL-26010-1P40_260P
GND,JDDR1,72,B,4681,1827,ARGOS_D4ASL-26010-1P40,ARGOS_D4ASL-26010-1P40_260P
GND,JDDR1,73,B,4691,2150,ARGOS_D4ASL-26010-1P40,ARGOS_D4ASL-26010-1P40_260P
GND,JDDR1,77,B,4730,2150,ARGOS_D4ASL-26010-1P40,ARGOS_D4ASL-26010-1P40_260P
GND,JDDR1,78,B,4740,1827,ARGOS_D4ASL-26010-1P40,ARGOS_D4ASL-26010-1P40_260P
GND,JDDR1,81,B,4769,2150,ARGOS_D4ASL-26010-1P40,ARGOS_D4ASL-26010-1P40_260P
GND,JDDR1,82,B,4779,1827,ARGOS_D4ASL-26010-1P40,ARGOS_D4ASL-26010-1P40_260P
GND,JDDR1,85,B,4809,2150,ARGOS_D4ASL-26010-1P40,ARGOS_D4ASL-26010-1P40_260P
GND,JDDR1,86,B,4819,1827,ARGOS_D4ASL-26010-1P40,ARGOS_D4ASL-26010-1P40_260P
GND,JDDR1,89,B,4848,2150,ARGOS_D4ASL-26010-1P40,ARGOS_D4ASL-26010-1P40_260P
GND,JDDR1,90,B,4858,1827,ARGOS_D4ASL-26010-1P40,ARGOS_D4ASL-26010-1P40_260P
GND,JDDR1,93,B,4888,2150,ARGOS_D4ASL-26010-1P40,ARGOS_D4ASL-26010-1P40_260P
GND,JDDR1,94,B,4897,1827,ARGOS_D4ASL-26010-1P40,ARGOS_D4ASL-26010-1P40_260P
GND,JDDR1,98,B,4937,1827,ARGOS_D4ASL-26010-1P40,ARGOS_D4ASL-26010-1P40_260P
GND,JDDR1,99,B,4947,2150,ARGOS_D4ASL-26010-1P40,ARGOS_D4ASL-26010-1P40_260P
GND,JDDR1,102,B,4976,1827,ARGOS_D4ASL-26010-1P40,ARGOS_D4ASL-26010-1P40_260P
GND,JDDR1,103,B,4986,2150,ARGOS_D4ASL-26010-1P40,ARGOS_D4ASL-26010-1P40_260P
GND,JDDR1,106,B,5016,1827,ARGOS_D4ASL-26010-1P40,ARGOS_D4ASL-26010-1P40_260P
GND,JDDR1,107,B,5025,2150,ARGOS_D4ASL-26010-1P40,ARGOS_D4ASL-26010-1P40_260P
GND,JDDR1,166,B,5685,1827,ARGOS_D4ASL-26010-1P40,ARGOS_D4ASL-26010-1P40_260P
GND,JDDR1,167,B,5695,2150,ARGOS_D4ASL-26010-1P40,ARGOS_D4ASL-26010-1P40_260P
GND,JDDR1,168,B,5705,1827,ARGOS_D4ASL-26010-1P40,ARGOS_D4ASL-26010-1P40_260P
GND,JDDR1,171,B,5734,2150,ARGOS_D4ASL-26010-1P40,ARGOS_D4ASL-26010-1P40_260P
GND,JDDR1,172,B,5744,1827,ARGOS_D4ASL-26010-1P40,ARGOS_D4ASL-26010-1P40_260P
GND,JDDR1,175,B,5773,2150,ARGOS_D4ASL-26010-1P40,ARGOS_D4ASL-26010-1P40_260P
GND,JDDR1,176,B,5783,1827,ARGOS_D4ASL-26010-1P40,ARGOS_D4ASL-26010-1P40_260P
GND,JDDR1,180,B,5823,1827,ARGOS_D4ASL-26010-1P40,ARGOS_D4ASL-26010-1P40_260P
GND,JDDR1,181,B,5832,2150,ARGOS_D4ASL-26010-1P40,ARGOS_D4ASL-26010-1P40_260P
GND,JDDR1,184,B,5862,1827,ARGOS_D4ASL-26010-1P40,ARGOS_D4ASL-26010-1P40_260P
GND,JDDR1,185,B,5872,2150,ARGOS_D4ASL-26010-1P40,ARGOS_D4ASL-26010-1P40_260P
GND,JDDR1,188,B,5901,1827,ARGOS_D4ASL-26010-1P40,ARGOS_D4ASL-26010-1P40_260P
GND,JDDR1,189,B,5911,2150,ARGOS_D4ASL-26010-1P40,ARGOS_D4ASL-26010-1P40_260P
GND,JDDR1,192,B,5941,1827,ARGOS_D4ASL-26010-1P40,ARGOS_D4ASL-26010-1P40_260P
GND,JDDR1,193,B,5951,2150,ARGOS_D4ASL-26010-1P40,ARGOS_D4ASL-26010-1P40_260P
GND,JDDR1,196,B,5980,1827,ARGOS_D4ASL-26010-1P40,ARGOS_D4ASL-26010-1P40_260P
GND,JDDR1,197,B,5990,2150,ARGOS_D4ASL-26010-1P40,ARGOS_D4ASL-26010-1P40_260P
GND,JDDR1,201,B,6029,2150,ARGOS_D4ASL-26010-1P40,ARGOS_D4ASL-26010-1P40_260P
GND,JDDR1,202,B,6039,1827,ARGOS_D4ASL-26010-1P40,ARGOS_D4ASL-26010-1P40_260P
GND,JDDR1,205,B,6069,2150,ARGOS_D4ASL-26010-1P40,ARGOS_D4ASL-26010-1P40_260P
GND,JDDR1,206,B,6079,1827,ARGOS_D4ASL-26010-1P40,ARGOS_D4ASL-26010-1P40_260P
GND,JDDR1,209,B,6108,2150,ARGOS_D4ASL-26010-1P40,ARGOS_D4ASL-26010-1P40_260P
GND,JDDR1,210,B,6118,1827,ARGOS_D4ASL-26010-1P40,ARGOS_D4ASL-26010-1P40_260P
GND,JDDR1,213,B,6147,2150,ARGOS_D4ASL-26010-1P40,ARGOS_D4ASL-26010-1P40_260P
GND,JDDR1,214,B,6157,1827,ARGOS_D4ASL-26010-1P40,ARGOS_D4ASL-26010-1P40_260P
GND,JDDR1,217,B,6187,2150,ARGOS_D4ASL-26010-1P40,ARGOS_D4ASL-26010-1P40_260P
GND,JDDR1,218,B,6197,1827,ARGOS_D4ASL-26010-1P40,ARGOS_D4ASL-26010-1P40_260P
GND,JDDR1,222,B,6236,1827,ARGOS_D4ASL-26010-1P40,ARGOS_D4ASL-26010-1P40_260P
GND,JDDR1,223,B,6246,2150,ARGOS_D4ASL-26010-1P40,ARGOS_D4ASL-26010-1P40_260P
GND,JDDR1,226,B,6275,1827,ARGOS_D4ASL-26010-1P40,ARGOS_D4ASL-26010-1P40_260P
GND,JDDR1,227,B,6285,2150,ARGOS_D4ASL-26010-1P40,ARGOS_D4ASL-26010-1P40_260P
GND,JDDR1,230,B,6315,1827,ARGOS_D4ASL-26010-1P40,ARGOS_D4ASL-26010-1P40_260P
GND,JDDR1,231,B,6325,2150,ARGOS_D4ASL-26010-1P40,ARGOS_D4ASL-26010-1P40_260P
GND,JDDR1,234,B,6354,1827,ARGOS_D4ASL-26010-1P40,ARGOS_D4ASL-26010-1P40_260P
GND,JDDR1,235,B,6364,2150,ARGOS_D4ASL-26010-1P40,ARGOS_D4ASL-26010-1P40_260P
GND,JDDR1,238,B,6394,1827,ARGOS_D4ASL-26010-1P40,ARGOS_D4ASL-26010-1P40_260P
GND,JDDR1,239,B,6403,2150,ARGOS_D4ASL-26010-1P40,ARGOS_D4ASL-26010-1P40_260P
GND,JDDR1,243,B,6443,2150,ARGOS_D4ASL-26010-1P40,ARGOS_D4ASL-26010-1P40_260P
GND,JDDR1,244,B,6453,1827,ARGOS_D4ASL-26010-1P40,ARGOS_D4ASL-26010-1P40_260P
GND,JDDR1,247,B,6482,2150,ARGOS_D4ASL-26010-1P40,ARGOS_D4ASL-26010-1P40_260P
GND,JDDR1,248,B,6492,1827,ARGOS_D4ASL-26010-1P40,ARGOS_D4ASL-26010-1P40_260P
GND,JDDR1,251,B,6521,2150,ARGOS_D4ASL-26010-1P40,ARGOS_D4ASL-26010-1P40_260P
GND,JDDR1,252,B,6531,1827,ARGOS_D4ASL-26010-1P40,ARGOS_D4ASL-26010-1P40_260P
GND,JDDR1,260,B,6610,1827,ARGOS_D4ASL-26010-1P40,ARGOS_D4ASL-26010-1P40_260P
GND,JDDR1,261,B,6627,1516,ARGOS_D4ASL-26010-1P40,ARGOS_D4ASL-26010-1P40_260P
GND,JDDR1,262,B,3965,1516,ARGOS_D4ASL-26010-1P40,ARGOS_D4ASL-26010-1P40_260P
GND,JFAN1,3,B,6913,1370,HIGHS_WS83050-S0171-HF,HIGHS_WS83050-S0171-HF_5P-T
GND,JFAN1,6,B,6990,1484,HIGHS_WS83050-S0171-HF,HIGHS_WS83050-S0171-HF_5P-T
GND,JFAN1,7,B,6990,1256,HIGHS_WS83050-S0171-HF,HIGHS_WS83050-S0171-HF_5P-T
GND,JFPR1,4,B,10149,5039,HIGHSTAR_FC5AF101-2933-1H,HIGHSTAR_FC5AF101-2933-1H_10P
GND,JFPR1,11,B,10317,5132,HIGHSTAR_FC5AF101-2933-1H,HIGHSTAR_FC5AF101-2933-1H_10P
GND,JFPR1,12,B,10039,5132,HIGHSTAR_FC5AF101-2933-1H,HIGHSTAR_FC5AF101-2933-1H_10P
GND,JHDMI1,2,B,628,2189,ALLTOP_C12959-11935-L,ALLTOP_C12959-11935-L_19P
GND,JHDMI1,5,B,569,2248,ALLTOP_C12959-11935-L,ALLTOP_C12959-11935-L_19P
GND,JHDMI1,8,B,628,2307,ALLTOP_C12959-11935-L,ALLTOP_C12959-11935-L_19P
GND,JHDMI1,11,B,569,2366,ALLTOP_C12959-11935-L,ALLTOP_C12959-11935-L_19P
GND,JHDMI1,17,B,569,2484,ALLTOP_C12959-11935-L,ALLTOP_C12959-11935-L_19P
GND,JHDMI1,20,B,342,1986,ALLTOP_C12959-11935-L,ALLTOP_C12959-11935-L_19P
GND,JHDMI1,21,B,598,2061,ALLTOP_C12959-11935-L,ALLTOP_C12959-11935-L_19P
GND,JHDMI1,22,B,598,2632,ALLTOP_C12959-11935-L,ALLTOP_C12959-11935-L_19P
GND,JHDMI1,23,B,342,2707,ALLTOP_C12959-11935-L,ALLTOP_C12959-11935-L_19P
GND,JKBL2,30,T,2564,2923,HIGHS_FC5AF361-1151H,HIGHS_FC5AF361-1151H_36P-T
GND,JKBL2,37,T,1895,2760,HIGHS_FC5AF361-1151H,HIGHS_FC5AF361-1151H_36P-T
GND,JKBL2,38,T,2781,2760,HIGHS_FC5AF361-1151H,HIGHS_FC5AF361-1151H_36P-T
GND,JLAN2,9,B,390,5281,ALLTOP_C10179-10839-L,ALLTOP_C10179-10839-L_12P-T
GND,JLAN2,10,B,390,4546,ALLTOP_C10179-10839-L,ALLTOP_C10179-10839-L_12P-T
GND,JLCD1,1,B,2677,5352,I-PEX_20654-040E-01,I-PEX_20654-040E-01_40P
GND,JLCD1,4,B,2724,5352,I-PEX_20654-040E-01,I-PEX_20654-040E-01_40P
GND,JLCD1,7,B,2772,5352,I-PEX_20654-040E-01,I-PEX_20654-040E-01_40P
GND,JLCD1,10,B,2819,5352,I-PEX_20654-040E-01,I-PEX_20654-040E-01_40P
GND,JLCD1,13,B,2866,5352,I-PEX_20654-040E-01,I-PEX_20654-040E-01_40P
GND,JLCD1,16,B,2913,5352,I-PEX_20654-040E-01,I-PEX_20654-040E-01_40P
GND,JLCD1,24,B,3039,5352,I-PEX_20654-040E-01,I-PEX_20654-040E-01_40P
GND,JLCD1,26,B,3071,5352,I-PEX_20654-040E-01,I-PEX_20654-040E-01_40P
GND,JLCD1,38,B,3260,5352,I-PEX_20654-040E-01,I-PEX_20654-040E-01_40P
GND,JLCD1,41,B,2573,5384,I-PEX_20654-040E-01,I-PEX_20654-040E-01_40P
GND,JLCD1,42,B,2573,5475,I-PEX_20654-040E-01,I-PEX_20654-040E-01_40P
GND,JLCD1,43,B,3395,5384,I-PEX_20654-040E-01,I-PEX_20654-040E-01_40P
GND,JLCD1,44,B,3395,5475,I-PEX_20654-040E-01,I-PEX_20654-040E-01_40P
GND,JLCD1,45,B,2642,5354,I-PEX_20654-040E-01,I-PEX_20654-040E-01_40P
GND,JLCD1,46,B,2748,5389,I-PEX_20654-040E-01,I-PEX_20654-040E-01_40P
GND,JLCD1,47,B,2843,5389,I-PEX_20654-040E-01,I-PEX_20654-040E-01_40P
GND,JLCD1,48,B,2937,5389,I-PEX_20654-040E-01,I-PEX_20654-040E-01_40P
GND,JLCD1,49,B,3032,5389,I-PEX_20654-040E-01,I-PEX_20654-040E-01_40P
GND,JLCD1,50,B,3126,5389,I-PEX_20654-040E-01,I-PEX_20654-040E-01_40P
GND,JLCD1,51,B,3220,5389,I-PEX_20654-040E-01,I-PEX_20654-040E-01_40P
GND,JLCD1,52,B,3327,5354,I-PEX_20654-040E-01,I-PEX_20654-040E-01_40P
GND,JME,1,B,6239,3199,SHORT PADS,SHORTPADS
GND,JMIPI1,19,T,3978,4394,HIGHS_FC5AF201-2931H,HIGHS_FC5AF201-2931H_20P
GND,JMIPI1,21,T,4076,3992,HIGHS_FC5AF201-2931H,HIGHS_FC5AF201-2931H_20P
GND,JMIPI1,22,T,4076,4462,HIGHS_FC5AF201-2931H,HIGHS_FC5AF201-2931H_20P
GND,JNFC1,5,B,1407,951,HIGHS_FC5AF121-2121H,HIGHS_FC5AF121-2121H_12P-T
GND,JNFC1,13,B,1586,805,HIGHS_FC5AF121-2121H,HIGHS_FC5AF121-2121H_12P-T
GND,JNFC1,14,B,1170,805,HIGHS_FC5AF121-2121H,HIGHS_FC5AF121-2121H_12P-T
GND,JPSEN1,5,B,8228,1055,HIGHS_WS83050-S0171-HF,HIGHS_WS83050-S0171-HF_5P-T
GND,JPSEN1,6,B,8406,978,HIGHS_WS83050-S0171-HF,HIGHS_WS83050-S0171-HF_5P-T
GND,JPSEN1,7,B,8177,978,HIGHS_WS83050-S0171-HF,HIGHS_WS83050-S0171-HF_5P-T
GND,JPWR1,7,B,9212,5032,HIGHS_WS83081-S0171-HF,HIGHS_WS83081-S0171-HF_8P-T
GND,JPWR1,9,B,8972,5108,HIGHS_WS83081-S0171-HF,HIGHS_WS83081-S0171-HF_8P-T
GND,JPWR1,10,B,9295,5108,HIGHS_WS83081-S0171-HF,HIGHS_WS83081-S0171-HF_8P-T
GND,JRTC1,2,B,8487,780,HIGHSTAR_WS23021-S029C-1H,HIGHSTAR_WS23021-S029C-1H_2P-T
GND,JRTC1,3,B,8640,870,HIGHSTAR_WS23021-S029C-1H,HIGHSTAR_WS23021-S029C-1H_2P-T
GND,JRTC1,4,B,8640,728,HIGHSTAR_WS23021-S029C-1H,HIGHSTAR_WS23021-S029C-1H_2P-T
GND,JSC1,4,B,7589,1043,HIGHSTAR_FC5AF141-2933-1H,HIGHSTAR_FC5AF141-2933-1H_14P
GND,JSC1,9,B,7490,1043,HIGHSTAR_FC5AF141-2933-1H,HIGHSTAR_FC5AF141-2933-1H_14P
GND,JSC1,15,B,7698,951,HIGHSTAR_FC5AF141-2933-1H,HIGHSTAR_FC5AF141-2933-1H_14P
GND,JSC1,16,B,7341,951,HIGHSTAR_FC5AF141-2933-1H,HIGHSTAR_FC5AF141-2933-1H_14P
GND,JSIM1,GND8,T,2468,5489,T-SOL_5-501703002000-6,T-SOL_5-501703002000-6_7P-T
GND,JSIM1,GND5,T,2956,5411,T-SOL_5-501703002000-6,T-SOL_5-501703002000-6_7P-T
GND,JSIM1,C5,T,2620,5733,T-SOL_5-501703002000-6,T-SOL_5-501703002000-6_7P-T
GND,JSIM1,GND2,T,2518,5927,T-SOL_5-501703002000-6,T-SOL_5-501703002000-6_7P-T
GND,JSIM1,GND3,T,2936,5927,T-SOL_5-501703002000-6,T-SOL_5-501703002000-6_7P-T
GND,JSIM1,GND1,T,2468,5761,T-SOL_5-501703002000-6,T-SOL_5-501703002000-6_7P-T
GND,JSIM1,GND4,T,2956,5829,T-SOL_5-501703002000-6,T-SOL_5-501703002000-6_7P-T
GND,JSIM1,GND7,T,2555,5390,T-SOL_5-501703002000-6,T-SOL_5-501703002000-6_7P-T
GND,JSIM1,GND6,T,2810,5390,T-SOL_5-501703002000-6,T-SOL_5-501703002000-6_7P-T
GND,JSPK1,5,B,2469,5439,HIGHS_WS83040-S0171-HF,HIGHS_WS83040-S0171-HF_4P
GND,JSPK1,6,B,2272,5439,HIGHS_WS83040-S0171-HF,HIGHS_WS83040-S0171-HF_4P
GND,JSSD1,3,B,1231,1151,ARGOSY_NASM0-S6710-TS20,ARGOSY_NASM0-S6710-TS20_67P-T
GND,JSSD1,9,B,1290,1151,ARGOSY_NASM0-S6710-TS20,ARGOSY_NASM0-S6710-TS20_67P-T
GND,JSSD1,15,B,1349,1151,ARGOSY_NASM0-S6710-TS20,ARGOSY_NASM0-S6710-TS20_67P-T
GND,JSSD1,21,B,1408,1151,ARGOSY_NASM0-S6710-TS20,ARGOSY_NASM0-S6710-TS20_67P-T
GND,JSSD1,27,B,1467,1151,ARGOSY_NASM0-S6710-TS20,ARGOSY_NASM0-S6710-TS20_67P-T
GND,JSSD1,33,B,1526,1151,ARGOSY_NASM0-S6710-TS20,ARGOSY_NASM0-S6710-TS20_67P-T
GND,JSSD1,39,B,1585,1151,ARGOSY_NASM0-S6710-TS20,ARGOSY_NASM0-S6710-TS20_67P-T
GND,JSSD1,45,B,1644,1151,ARGOSY_NASM0-S6710-TS20,ARGOSY_NASM0-S6710-TS20_67P-T
GND,JSSD1,51,B,1703,1151,ARGOSY_NASM0-S6710-TS20,ARGOSY_NASM0-S6710-TS20_67P-T
GND,JSSD1,57,B,1762,1151,ARGOSY_NASM0-S6710-TS20,ARGOSY_NASM0-S6710-TS20_67P-T
GND,JSSD1,71,B,1900,1151,ARGOSY_NASM0-S6710-TS20,ARGOSY_NASM0-S6710-TS20_67P-T
GND,JSSD1,73,B,1919,1151,ARGOSY_NASM0-S6710-TS20,ARGOSY_NASM0-S6710-TS20_67P-T
GND,JSSD1,75,B,1939,1151,ARGOSY_NASM0-S6710-TS20,ARGOSY_NASM0-S6710-TS20_67P-T
GND,JSSD1,76,B,1168,1179,ARGOSY_NASM0-S6710-TS20,ARGOSY_NASM0-S6710-TS20_67P-T
GND,JSSD1,77,B,1982,1179,ARGOSY_NASM0-S6710-TS20,ARGOSY_NASM0-S6710-TS20_67P-T
GND,JTP2,7,T,3267,2846,HIGHSTAR_FC1AF141-2133-1H,HIGHSTAR_FC1AF141-2133-1H_14P-T
GND,JTP2,14,T,3542,2846,HIGHSTAR_FC1AF141-2133-1H,HIGHSTAR_FC1AF141-2133-1H_14P-T
GND,JTP2,15,T,2911,2701,HIGHSTAR_FC1AF141-2133-1H,HIGHSTAR_FC1AF141-2133-1H_14P-T
GND,JTP2,16,T,3661,2701,HIGHSTAR_FC1AF141-2133-1H,HIGHSTAR_FC1AF141-2133-1H_14P-T
GND,JUSB1,1,B,9839,5129,HIGHS_BT4S201-14000-1H,HIGHS_BT4S201-14000-1H_20P-T
GND,JUSB1,7,B,9791,5129,HIGHS_BT4S201-14000-1H,HIGHS_BT4S201-14000-1H_20P-T
GND,JUSB1,13,B,9744,5129,HIGHS_BT4S201-14000-1H,HIGHS_BT4S201-14000-1H_20P-T
GND,JUSB1,18,B,9713,5233,HIGHS_BT4S201-14000-1H,HIGHS_BT4S201-14000-1H_20P-T
GND,JUSB1,19,B,9697,5129,HIGHS_BT4S201-14000-1H,HIGHS_BT4S201-14000-1H_20P-T
GND,JUSB1,20,B,9697,5233,HIGHS_BT4S201-14000-1H,HIGHS_BT4S201-14000-1H_20P-T
GND,JUSB2,4,B,675,1441,ALLTOP_C191D9-10935-L,ALLTOP_C191D9-10935-L_9P
GND,JUSB2,7,B,616,1579,ALLTOP_C191D9-10935-L,ALLTOP_C191D9-10935-L_9P
GND,JUSB2,10,B,646,1327,ALLTOP_C191D9-10935-L,ALLTOP_C191D9-10935-L_9P
GND,JUSB2,11,B,646,1831,ALLTOP_C191D9-10935-L,ALLTOP_C191D9-10935-L_9P
GND,JUSB2,12,B,324,1270,ALLTOP_C191D9-10935-L,ALLTOP_C191D9-10935-L_9P
GND,JUSB2,13,B,324,1888,ALLTOP_C191D9-10935-L,ALLTOP_C191D9-10935-L_9P
GND,JUSBC1,A1,B,468,3815,HIGHSTAR_UB11249-A600G-1H,HIGHSTAR_UB11249-A600G-1H_24P-T
GND,JUSBC1,A12,B,468,4032,HIGHSTAR_UB11249-A600G-1H,HIGHSTAR_UB11249-A600G-1H_24P-T
GND,JUSBC1,B1,B,403,4022,HIGHSTAR_UB11249-A600G-1H,HIGHSTAR_UB11249-A600G-1H_24P-T
GND,JUSBC1,B12,B,403,3805,HIGHSTAR_UB11249-A600G-1H,HIGHSTAR_UB11249-A600G-1H_24P-T
GND,JUSBC1,30,B,219,4149,HIGHSTAR_UB11249-A600G-1H,HIGHSTAR_UB11249-A600G-1H_24P-T
GND,JUSBC1,29,B,219,3688,HIGHSTAR_UB11249-A600G-1H,HIGHSTAR_UB11249-A600G-1H_24P-T
GND,JUSBC1,28,B,439,4112,HIGHSTAR_UB11249-A600G-1H,HIGHSTAR_UB11249-A600G-1H_24P-T
GND,JUSBC1,27,B,439,3725,HIGHSTAR_UB11249-A600G-1H,HIGHSTAR_UB11249-A600G-1H_24P-T
GND,JUSBC1,26,B,413,4067,HIGHSTAR_UB11249-A600G-1H,HIGHSTAR_UB11249-A600G-1H_24P-T
GND,JUSBC1,25,B,413,3770,HIGHSTAR_UB11249-A600G-1H,HIGHSTAR_UB11249-A600G-1H_24P-T
GND,JUSBC2,A1,B,468,3140,HIGHSTAR_UB11249-A600G-1H,HIGHSTAR_UB11249-A600G-1H_24P-T
GND,JUSBC2,A12,B,468,3356,HIGHSTAR_UB11249-A600G-1H,HIGHSTAR_UB11249-A600G-1H_24P-T
GND,JUSBC2,B1,B,403,3346,HIGHSTAR_UB11249-A600G-1H,HIGHSTAR_UB11249-A600G-1H_24P-T
GND,JUSBC2,B12,B,403,3130,HIGHSTAR_UB11249-A600G-1H,HIGHSTAR_UB11249-A600G-1H_24P-T
GND,JUSBC2,30,B,219,3473,HIGHSTAR_UB11249-A600G-1H,HIGHSTAR_UB11249-A600G-1H_24P-T
GND,JUSBC2,29,B,219,3013,HIGHSTAR_UB11249-A600G-1H,HIGHSTAR_UB11249-A600G-1H_24P-T
GND,JUSBC2,28,B,439,3437,HIGHSTAR_UB11249-A600G-1H,HIGHSTAR_UB11249-A600G-1H_24P-T
GND,JUSBC2,27,B,439,3049,HIGHSTAR_UB11249-A600G-1H,HIGHSTAR_UB11249-A600G-1H_24P-T
GND,JUSBC2,26,B,413,3392,HIGHSTAR_UB11249-A600G-1H,HIGHSTAR_UB11249-A600G-1H_24P-T
GND,JUSBC2,25,B,413,3094,HIGHSTAR_UB11249-A600G-1H,HIGHSTAR_UB11249-A600G-1H_24P-T
GND,JWWAN1,3,B,3238,3771,ARGOSY_NASB0-S6710-TS20,ARGOSY_NASB0-S6710-TS20_75P-T
GND,JWWAN1,5,B,3219,3771,ARGOSY_NASB0-S6710-TS20,ARGOSY_NASB0-S6710-TS20_75P-T
GND,JWWAN1,11,B,3159,3771,ARGOSY_NASB0-S6710-TS20,ARGOSY_NASB0-S6710-TS20_75P-T
GND,JWWAN1,27,B,3002,3771,ARGOSY_NASB0-S6710-TS20,ARGOSY_NASB0-S6710-TS20_75P-T
GND,JWWAN1,33,B,2943,3771,ARGOSY_NASB0-S6710-TS20,ARGOSY_NASB0-S6710-TS20_75P-T
GND,JWWAN1,39,B,2884,3771,ARGOSY_NASB0-S6710-TS20,ARGOSY_NASB0-S6710-TS20_75P-T
GND,JWWAN1,45,B,2825,3771,ARGOSY_NASB0-S6710-TS20,ARGOSY_NASB0-S6710-TS20_75P-T
GND,JWWAN1,51,B,2766,3771,ARGOSY_NASB0-S6710-TS20,ARGOSY_NASB0-S6710-TS20_75P-T
GND,JWWAN1,57,B,2707,3771,ARGOSY_NASB0-S6710-TS20,ARGOSY_NASB0-S6710-TS20_75P-T
GND,JWWAN1,71,B,2569,3771,ARGOSY_NASB0-S6710-TS20,ARGOSY_NASB0-S6710-TS20_75P-T
GND,JWWAN1,73,B,2549,3771,ARGOSY_NASB0-S6710-TS20,ARGOSY_NASB0-S6710-TS20_75P-T
GND,JWWAN1,76,B,3301,3742,ARGOSY_NASB0-S6710-TS20,ARGOSY_NASB0-S6710-TS20_75P-T
GND,JWWAN1,77,B,2486,3742,ARGOSY_NASB0-S6710-TS20,ARGOSY_NASB0-S6710-TS20_75P-T
GND,L8201,1,T,1865,1705,BLM03PG330SN1D_2P,MURAT_BLM03PG330SN1D_2P
GND,LED1,3,T,339,3611,19-223-S2T1D-C01-2T_ORG_WHI,LED_19-223-S2T1D-C01-2T_4P
GND,LED1,4,T,371,3611,19-223-S2T1D-C01-2T_ORG_WHI,LED_19-223-S2T1D-C01-2T_4P
GND,PC0101,2,T,3497,769,2200P_25V_K_X7R_0201,C0201_12P992_BA
GND,PC0102,2,B,3486,1013,2200P_25V_K_X7R_0201,C0201_12P992_BA
GND,PC0203,1,B,2333,1322,10U_25V_M_X5R_0603,C0603_37P402_DB
GND,PC0204,1,B,2481,1517,10U_25V_M_X5R_0603,C0603_37P402_DB
GND,PC0205,1,B,2453,1469,10U_25V_M_X5R_0603,C0603_37P402_DB
GND,PC0206,1,B,2485,1421,10U_25V_M_X5R_0603,C0603_37P402_DB
GND,PC0207,2,B,2099,1314,0.01U_25V_K_X7R_0201,C0201_12P992_BA
GND,PC0208,1,B,2124,1313,1000P_25V_K_X7R_0201,C0201_12P992_BA
GND,PC0209,1,B,2579,1250,10U_25V_M_X5R_0603,C0603_37P402_DB
GND,PC0210,1,B,2686,974,10U_25V_M_X5R_0603,C0603_37P402_DB
GND,PC0211,1,B,2637,965,10U_25V_M_X5R_0603,C0603_37P402_DB
GND,PC0212,1,B,2531,1223,10U_25V_M_X5R_0603,C0603_37P402_DB
GND,PC0218,1,B,3622,1389,1U_25V_K_X5R_0402,C0402_23P622_CB
GND,PC0221,1,B,3660,1216,10U_25V_M_X5R_0603,C0603_37P402_DB
GND,PC0222,1,B,3660,1264,10U_25V_M_X5R_0603,C0603_37P402_DB
GND,PC0230,2,B,2782,1164,2.2U_10V_K_X5R_0402,C0402_21P654_CA
GND,PC0233,2,B,2553,886,10U_25V_M_X5R_0603,C0603_37P402_DB
GND,PC0234,2,B,3301,1528,10U_25V_M_X5R_0603,C0603_37P402_DB
GND,PC0235,1,T,2795,992,0.1U_25V_K_X5R_0201,C0201_13P780_BB
GND,PC0236,2,B,2795,992,2200P_25V_K_X7R_0201,C0201_12P992_BA
GND,PC0237,1,B,2772,993,100P_25V_J_NPO_0201,C0201_12P992_BA
GND,PC0238,1,T,2772,993,47P_25V_J_NPO_0201,C0201_12P992_BA
GND,PC0239,1,T,2099,1314,100P_25V_J_NPO_0201,C0201_12P992_BA
GND,PC0240,1,T,2124,1313,47P_25V_J_NPO_0201,C0201_12P992_BA
GND,PC0243,1,B,2142,1432,10U_25V_M_X5R_0603,C0603_37P402_DB
GND,PC0244,1,B,2381,1322,10U_25V_M_X5R_0603,C0603_37P402_DB
GND,PC0246,1,B,2142,1480,10U_25V_M_X5R_0603,C0603_37P402_DB
GND,PC0248,1,B,2142,1528,10U_25V_M_X5R_0603,C0603_37P402_DB
GND,PC0249,1,B,2736,964,10U_25V_M_X5R_0603,C0603_37P402_DB
GND,PC0250,1,B,3351,1528,10U_25V_M_X5R_0603,C0603_37P402_DB
GND,PC0251,2,B,2670,1277,22U_B2_25VM_R100M,C_B2
GND,PC0252,1,B,2429,1322,10U_25V_M_X5R_0603,C0603_37P402_DB
GND,PC0253,1,B,2477,1322,10U_25V_M_X5R_0603,C0603_37P402_DB
GND,PC0301,1,B,1917,4729,0.1U_25V_K_X5R_0201,C0201_13P780_BB
GND,PC0302,1,B,1924,4812,10U_25V_M_X5R_0603,C0603_37P402_DB
GND,PC0303,1,B,1757,4859,10U_25V_M_X5R_0603,C0603_37P402_DB
GND,PC0304,1,B,1757,4811,10U_25V_M_X5R_0603,C0603_37P402_DB
GND,PC0305,1,T,1757,4811,10U_25V_M_X5R_0603,C0603_37P402_DB
GND,PC0309,2,B,1602,5260,0.1U_6.3V_K_X5R_0201,C0201_12P992_BA
GND,PC0312,2,B,1898,4905,0.1U_6.3V_K_X5R_0201,C0201_12P992_BA
GND,PC0317,1,T,1523,5095,22U_6.3V_M_X5R_0603,C0603_39P370_DC
GND,PC0318,1,B,1523,5145,22U_6.3V_M_X5R_0603,C0603_39P370_DC
GND,PC0319,1,T,1523,5195,22U_6.3V_M_X5R_0603,C0603_39P370_DC
GND,PC0320,1,B,1523,5095,22U_6.3V_M_X5R_0603,C0603_39P370_DC
GND,PC0321,1,T,1523,5145,22U_6.3V_M_X5R_0603,C0603_39P370_DC
GND,PC0322,1,B,1523,5195,22U_6.3V_M_X5R_0603,C0603_39P370_DC
GND,PC0323,2,B,1710,4718,22U_B2_25VM_R100M,C_B2
GND,PC0325,1,T,1757,4860,10U_25V_M_X5R_0603,C0603_37P402_DB
GND,PC0326,1,T,1924,4812,10U_25V_M_X5R_0603,C0603_37P402_DB
GND,PC0327,1,B,1624,5259,2200P_25V_K_X7R_0201,C0201_12P992_BA
GND,PC0328,1,T,1766,4776,2200P_25V_K_X7R_0201,C0201_12P992_BA
GND,PC0401,1,B,2760,4651,10U_25V_M_X5R_0603,C0603_37P402_DB
GND,PC0403,1,B,2724,4681,0.1U_25V_K_X5R_0201,C0201_13P780_BB
GND,PC0406,1,T,2808,4653,10U_25V_M_X5R_0603,C0603_37P402_DB
GND,PC0407,1,T,2760,4652,10U_25V_M_X5R_0603,C0603_37P402_DB
GND,PC0408,1,B,2809,4652,10U_25V_M_X5R_0603,C0603_37P402_DB
GND,PC0409,2,B,2842,4897,22U_B2_25VM_R100M,C_B2
GND,PC0413,1,T,2564,4493,22U_6.3V_M_X5R_0603,C0603_39P370_DC
GND,PC0414,1,T,2538,4543,22U_6.3V_M_X5R_0603,C0603_39P370_DC
GND,PC0418,1,B,2541,4456,0.1U_6.3V_K_X5R_0201,C0201_12P992_BA
GND,PC0419,1,B,2363,4551,22U_6.3V_M_X5R_0603,C0603_39P370_DC
GND,PC0420,1,B,2564,4493,22U_6.3V_M_X5R_0603,C0603_39P370_DC
GND,PC0421,1,T,2363,4551,22U_6.3V_M_X5R_0603,C0603_39P370_DC
GND,PC0422,1,B,2538,4543,22U_6.3V_M_X5R_0603,C0603_39P370_DC
GND,PC0425,1,T,2754,4797,10U_25V_M_X5R_0603,C0603_37P402_DB
GND,PC0426,1,B,2754,4797,10U_25V_M_X5R_0603,C0603_37P402_DB
GND,PC0427,1,T,2724,4681,2200P_25V_K_X7R_0201,C0201_12P992_BA
GND,PC0428,1,T,2541,4456,2200P_25V_K_X7R_0201,C0201_12P992_BA
GND,PC0502,1,T,7500,1100,10U_25V_M_X5R_0603,C0603_37P402_DB
GND,PC0503,1,B,7405,1090,10U_25V_M_X5R_0603,C0603_37P402_DB
GND,PC0504,1,B,7500,1100,10U_25V_M_X5R_0603,C0603_37P402_DB
GND,PC0505,1,T,7405,1090,10U_25V_M_X5R_0603,C0603_37P402_DB
GND,PC0506,1,B,7572,1130,0.1U_25V_K_X5R_0201,C0201_13P780_BB
GND,PC0508,1,B,7901,1458,2200P_25V_K_X7R_0201,C0201_12P992_BA
GND,PC0509,2,T,7901,1458,0.1U_6.3V_K_X5R_0201,C0201_12P992_BA
GND,PC0510,1,T,7923,1423,22U_6.3V_M_X5R_0603,C0603_39P370_DC
GND,PC0511,1,T,7636,1458,22U_6.3V_M_X5R_0603,C0603_39P370_DC
GND,PC0512,1,B,7701,1311,1U_6.3V_K_X5R_0402,C0402_21P654_CA
GND,PC0513,2,B,7686,1358,4.7U_6.3V_M_X5R_0402,C0402_25P591_CC
GND,PC0514,1,T,7415,1252,2200P_25V_K_X7R_0201,C0201_12P992_BA
GND,PC0515,1,B,7594,1130,100P_25V_J_NPO_0201,C0201_12P992_BA
GND,PC0516,1,T,7437,1252,47P_25V_J_NPO_0201,C0201_12P992_BA
GND,PC0518,1,B,7636,1459,22U_6.3V_M_X5R_0603,C0603_39P370_DC
GND,PC0519,1,B,7923,1423,22U_6.3V_M_X5R_0603,C0603_39P370_DC
GND,PC0520,1,T,7671,1406,22U_6.3V_M_X5R_0603,C0603_39P370_DC
GND,PC0521,1,B,7671,1405,22U_6.3V_M_X5R_0603,C0603_39P370_DC
GND,PC0522,1,B,7901,1480,100P_25V_J_NPO_0201,C0201_12P992_BA
GND,PC0523,1,T,7900,1480,47P_25V_J_NPO_0201,C0201_12P992_BA
GND,PC0524,2,B,7429,1314,22U_B2_25VM_R100M,C_B2
GND,PC0525,1,T,1639,4069,0.1U_6.3V_K_X5R_0201,C0201_12P992_BA
GND,PC0526,1,B,7452,1090,10U_25V_M_X5R_0603,C0603_37P402_DB
GND,PC0527,1,T,7452,1090,10U_25V_M_X5R_0603,C0603_37P402_DB
GND,PC0601,2,B,6889,2712,10U_25V_M_X5R_0603,C0603_37P402_DB
GND,PC0602,2,B,6889,2760,10U_25V_M_X5R_0603,C0603_37P402_DB
GND,PC0603,2,T,6889,2712,10U_25V_M_X5R_0603,C0603_37P402_DB
GND,PC0604,2,B,6872,2817,2200P_25V_K_X7R_0201,C0201_12P992_BA
GND,PC0605,1,B,6872,2795,0.1U_25V_K_X5R_0201,C0201_13P780_BB
GND,PC0606,2,T,6870,2817,100P_25V_J_NPO_0201,C0201_12P992_BA
GND,PC0607,2,T,6872,2795,47P_25V_J_NPO_0201,C0201_12P992_BA
GND,PC0609,1,B,7019,2529,22U_6.3V_M_X5R_0603,C0603_39P370_DC
GND,PC0610,2,T,6958,2106,22U_6.3V_M_X5R_0603,C0603_39P370_DC
GND,PC0611,2,T,7057,2107,22U_6.3V_M_X5R_0603,C0603_39P370_DC
GND,PC0612,2,B,6958,2106,22U_6.3V_M_X5R_0603,C0603_39P370_DC
GND,PC0613,2,B,7007,2106,22U_6.3V_M_X5R_0603,C0603_39P370_DC
GND,PC0614,2,B,7057,2107,22U_6.3V_M_X5R_0603,C0603_39P370_DC
GND,PC0615,2,T,7007,2106,22U_6.3V_M_X5R_0603,C0603_39P370_DC
GND,PC0616,2,B,7106,2112,22U_6.3V_M_X5R_0603,C0603_39P370_DC
GND,PC0617,2,T,7106,2112,22U_6.3V_M_X5R_0603,C0603_39P370_DC
GND,PC0618,2,B,6944,2069,0.1U_6.3V_K_X5R_0201,C0201_12P992_BA
GND,PC0619,2,T,6944,2069,2200P_25V_K_X7R_0201,C0201_12P992_BA
GND,PC0623,2,B,7062,2564,22U_6.3V_M_X5R_0603,C0603_39P370_DC
GND,PC0625,2,B,6640,2444,22U_6.3V_M_X5R_0603,C0603_39P370_DC
GND,PC0626,2,B,6690,2444,22U_6.3V_M_X5R_0603,C0603_39P370_DC
GND,PC0628,2,B,6945,2047,100P_25V_J_NPO_0201,C0201_12P992_BA
GND,PC0629,2,T,6945,2047,47P_25V_J_NPO_0201,C0201_12P992_BA
GND,PC0630,2,B,6630,2866,22U_B2_25VM_R100M,C_B2
GND,PC0701,1,T,5886,5114,10U_6.3V_M_X5R_0603,C0603_37P402_DB
GND,PC0703,1,T,5859,5171,0.1U_25V_K_X5R_0201,C0201_13P780_BB
GND,PC0705,2,T,5884,4920,0.1U_6.3V_K_X5R_0201,C0201_12P992_BA
GND,PC0706,1,T,5953,5047,22U_6.3V_M_X5R_0603,C0603_39P370_DC
GND,PC0707,1,T,5951,4988,22U_6.3V_M_X5R_0603,C0603_39P370_DC
GND,PC0708,1,T,5859,5149,2200P_25V_K_X7R_0201,C0201_12P992_BA
GND,PC0709,1,T,5884,4942,2200P_25V_K_X7R_0201,C0201_12P992_BA
GND,PC0901,1,B,3858,5107,10U_25V_M_X5R_0603,C0603_37P402_DB
GND,PC0902,1,T,3834,5158,10U_25V_M_X5R_0603,C0603_37P402_DB
GND,PC0903,1,B,3834,5157,10U_25V_M_X5R_0603,C0603_37P402_DB
GND,PC0904,1,T,3858,5107,10U_25V_M_X5R_0603,C0603_37P402_DB
GND,PC0905,1,T,4031,5095,0.1U_25V_K_X5R_0201,C0201_13P780_BB
GND,PC0906,1,B,4031,5095,2200P_25V_K_X7R_0201,C0201_12P992_BA
GND,PC0909,2,B,4107,5171,22U_B2_25VM_R100M,C_B2
GND,PC0910,2,B,4032,4960,1U_25V_K_X5R_0402,C0402_23P622_CB
GND,PC0912,2,B,4024,4714,1000P_25V_K_X7R_0201,C0201_12P992_BA
GND,PC0913,1,B,4277,5149,10U_25V_M_X5R_0603,C0603_37P402_DB
GND,PC0914,1,T,4296,5099,10U_25V_M_X5R_0603,C0603_37P402_DB
GND,PC0915,1,B,4296,5098,10U_25V_M_X5R_0603,C0603_37P402_DB
GND,PC0916,1,T,4277,5149,10U_25V_M_X5R_0603,C0603_37P402_DB
GND,PC0917,1,B,4458,5090,0.1U_25V_K_X5R_0201,C0201_13P780_BB
GND,PC0918,1,T,4458,5090,2200P_25V_K_X7R_0201,C0201_12P992_BA
GND,PC0921,2,B,4528,5170,22U_B2_25VM_R100M,C_B2
GND,PC0922,2,B,4481,4971,1U_25V_K_X5R_0402,C0402_23P622_CB
GND,PC0924,2,B,4450,4703,1000P_25V_K_X7R_0201,C0201_12P992_BA
GND,PC0925,1,T,4702,5102,10U_25V_M_X5R_0603,C0603_37P402_DB
GND,PC0926,1,B,4691,5152,10U_25V_M_X5R_0603,C0603_37P402_DB
GND,PC0927,1,B,4702,5102,10U_25V_M_X5R_0603,C0603_37P402_DB
GND,PC0928,1,T,4691,5152,10U_25V_M_X5R_0603,C0603_37P402_DB
GND,PC0929,1,B,4859,5093,0.1U_25V_K_X5R_0201,C0201_13P780_BB
GND,PC0930,1,T,4859,5093,2200P_25V_K_X7R_0201,C0201_12P992_BA
GND,PC0933,2,B,4939,5171,22U_B2_25VM_R100M,C_B2
GND,PC0934,2,B,4892,4956,1U_25V_K_X5R_0402,C0402_23P622_CB
GND,PC0936,2,B,4871,4696,1000P_25V_K_X7R_0201,C0201_12P992_BA
GND,PC0937,1,B,3968,4884,0.22U_25V_K_X7R_0402,C0402_21P654_CA
GND,PC0938,1,B,4406,4879,0.22U_25V_K_X7R_0402,C0402_21P654_CA
GND,PC0939,1,B,4814,4881,0.22U_25V_K_X7R_0402,C0402_21P654_CA
GND,PC0940,1,B,3850,5205,10U_25V_M_X5R_0603,C0603_37P402_DB
GND,PC0941,1,T,3850,5206,10U_25V_M_X5R_0603,C0603_37P402_DB
GND,PC0942,1,B,4296,5198,10U_25V_M_X5R_0603,C0603_37P402_DB
GND,PC0943,1,T,4296,5198,10U_25V_M_X5R_0603,C0603_37P402_DB
GND,PC0944,1,B,4674,5200,10U_25V_M_X5R_0603,C0603_37P402_DB
GND,PC0945,1,T,4674,5200,10U_25V_M_X5R_0603,C0603_37P402_DB
GND,PC0946,1,B,3852,4415,2200P_25V_K_X7R_0201,C0201_12P992_BA
GND,PC0947,1,B,4198,4281,2200P_25V_K_X7R_0201,C0201_12P992_BA
GND,PC0948,1,B,4817,4297,2200P_25V_K_X7R_0201,C0201_12P992_BA
GND,PC0949,2,B,3851,4393,0.1U_6.3V_K_X5R_0201,C0201_12P992_BA
GND,PC0950,2,B,4221,4281,0.1U_6.3V_K_X5R_0201,C0201_12P992_BA
GND,PC0951,2,B,4817,4320,0.1U_6.3V_K_X5R_0201,C0201_12P992_BA
GND,PC1002,2,B,4514,4655,330U_2.5V_M_B2_ESR9M_H1.9,C_B2_78P740
GND,PC1003,2,B,4848,4399,330U_2.5V_M_B2_ESR9M_H1.9,C_B2_78P740
GND,PC1004,2,B,4087,4660,330U_2.5V_M_B2_ESR9M_H1.9,C_B2_78P740
GND,PC1005,1,T,5050,3441,22U_6.3V_M_X5R_0603,C0603_39P370_DC
GND,PC1006,1,T,5011,3431,22U_6.3V_M_X5R_0603,C0603_39P370_DC
GND,PC1007,1,B,4949,4196,22U_6.3V_M_X5R_0603,C0603_39P370_DC
GND,PC1008,1,T,4794,3286,22U_6.3V_M_X5R_0603,C0603_39P370_DC
GND,PC1009,1,T,4751,3291,22U_6.3V_M_X5R_0603,C0603_39P370_DC
GND,PC1010,1,T,4794,3235,22U_6.3V_M_X5R_0603,C0603_39P370_DC
GND,PC1011,1,T,4701,3291,22U_6.3V_M_X5R_0603,C0603_39P370_DC
GND,PC1012,1,T,4732,3589,22U_6.3V_M_X5R_0603,C0603_39P370_DC
GND,PC1013,1,T,4950,4197,22U_6.3V_M_X5R_0603,C0603_39P370_DC
GND,PC1014,1,T,5011,3481,22U_6.3V_M_X5R_0603,C0603_39P370_DC
GND,PC1025,1,T,5049,3590,22U_6.3V_M_X5R_0603,C0603_39P370_DC
GND,PC1026,1,T,5049,3540,22U_6.3V_M_X5R_0603,C0603_39P370_DC
GND,PC1027,1,T,5049,3491,22U_6.3V_M_X5R_0603,C0603_39P370_DC
GND,PC1028,1,T,4975,3330,22U_6.3V_M_X5R_0603,C0603_39P370_DC
GND,PC1029,1,T,4975,3280,22U_6.3V_M_X5R_0603,C0603_39P370_DC
GND,PC1030,1,T,4789,3387,22U_6.3V_M_X5R_0603,C0603_39P370_DC
GND,PC1031,1,T,4790,3337,22U_6.3V_M_X5R_0603,C0603_39P370_DC
GND,PC1032,1,T,4975,3230,22U_6.3V_M_X5R_0603,C0603_39P370_DC
GND,PC1033,1,T,5013,3586,22U_6.3V_M_X5R_0603,C0603_39P370_DC
GND,PC1034,1,T,4647,3289,22U_6.3V_M_X5R_0603,C0603_39P370_DC
GND,PC1040,1,T,4596,3289,22U_6.3V_M_X5R_0603,C0603_39P370_DC
GND,PC1041,1,T,5011,3533,22U_6.3V_M_X5R_0603,C0603_39P370_DC
GND,PC1042,1,T,4772,3437,22U_6.3V_M_X5R_0603,C0603_39P370_DC
GND,PC1043,1,T,5122,3291,22U_6.3V_M_X5R_0603,C0603_39P370_DC
GND,PC1052,1,T,5022,3291,22U_6.3V_M_X5R_0603,C0603_39P370_DC
GND,PC1053,1,T,5072,3291,22U_6.3V_M_X5R_0603,C0603_39P370_DC
GND,PC1054,1,T,4732,3539,22U_6.3V_M_X5R_0603,C0603_39P370_DC
GND,PC1055,1,T,4731,3488,22U_6.3V_M_X5R_0603,C0603_39P370_DC
GND,PC1056,2,B,4302,4222,330U_2.5V_M_B2_ESR9M_H1.9,C_B2_78P740
GND,PC1101,1,T,5233,5095,0.1U_25V_K_X5R_0201,C0201_13P780_BB
GND,PC1102,2,B,5595,4283,330U_2.5V_M_B2_ESR9M_H1.9,C_B2_78P740
GND,PC1103,2,B,4920,4403,330U_2.5V_M_B2_ESR9M_H1.9,C_B2_78P740
GND,PC1104,1,B,5051,5154,10U_25V_M_X5R_0603,C0603_37P402_DB
GND,PC1105,1,B,5070,5106,10U_25V_M_X5R_0603,C0603_37P402_DB
GND,PC1106,1,T,5051,5154,10U_25V_M_X5R_0603,C0603_37P402_DB
GND,PC1107,1,T,5070,5106,10U_25V_M_X5R_0603,C0603_37P402_DB
GND,PC1108,1,B,5233,5096,2200P_25V_K_X7R_0201,C0201_12P992_BA
GND,PC1111,2,B,5299,5171,22U_B2_25VM_R100M,C_B2
GND,PC1112,1,T,5032,4161,22U_6.3V_M_X5R_0603,C0603_39P370_DC
GND,PC1113,1,T,5056,4314,22U_6.3V_M_X5R_0603,C0603_39P370_DC
GND,PC1114,1,T,5332,3437,22U_6.3V_M_X5R_0603,C0603_39P370_DC
GND,PC1115,1,T,5170,3486,22U_6.3V_M_X5R_0603,C0603_39P370_DC
GND,PC1116,1,T,5169,3384,22U_6.3V_M_X5R_0603,C0603_39P370_DC
GND,PC1117,1,B,5555,4188,22U_6.3V_M_X5R_0603,C0603_39P370_DC
GND,PC1118,1,T,5173,3588,22U_6.3V_M_X5R_0603,C0603_39P370_DC
GND,PC1119,1,T,5169,3284,22U_6.3V_M_X5R_0603,C0603_39P370_DC
GND,PC1120,1,T,5169,3234,22U_6.3V_M_X5R_0603,C0603_39P370_DC
GND,PC1121,1,T,5170,3537,22U_6.3V_M_X5R_0603,C0603_39P370_DC
GND,PC1122,2,B,5295,4987,1U_25V_K_X5R_0402,C0402_23P622_CB
GND,PC1124,2,B,5288,4695,1000P_25V_K_X7R_0201,C0201_12P992_BA
GND,PC1125,1,T,5330,3387,22U_6.3V_M_X5R_0603,C0603_39P370_DC
GND,PC1126,1,T,5169,3334,22U_6.3V_M_X5R_0603,C0603_39P370_DC
GND,PC1127,1,T,5330,3229,22U_6.3V_M_X5R_0603,C0603_39P370_DC
GND,PC1128,1,B,5032,4161,22U_6.3V_M_X5R_0603,C0603_39P370_DC
GND,PC1129,1,T,5332,3487,22U_6.3V_M_X5R_0603,C0603_39P370_DC
GND,PC1130,1,T,5059,4213,22U_6.3V_M_X5R_0603,C0603_39P370_DC
GND,PC1131,1,B,5032,4264,22U_6.3V_M_X5R_0603,C0603_39P370_DC
GND,PC1132,1,T,5331,3586,22U_6.3V_M_X5R_0603,C0603_39P370_DC
GND,PC1133,1,T,5031,4263,22U_6.3V_M_X5R_0603,C0603_39P370_DC
GND,PC1134,1,T,5333,3537,22U_6.3V_M_X5R_0603,C0603_39P370_DC
GND,PC1135,1,B,5059,4213,22U_6.3V_M_X5R_0603,C0603_39P370_DC
GND,PC1136,1,T,5555,4188,22U_6.3V_M_X5R_0603,C0603_39P370_DC
GND,PC1140,1,T,5330,3282,22U_6.3V_M_X5R_0603,C0603_39P370_DC
GND,PC1141,1,T,5330,3337,22U_6.3V_M_X5R_0603,C0603_39P370_DC
GND,PC1142,1,B,5056,4314,22U_6.3V_M_X5R_0603,C0603_39P370_DC
GND,PC1143,1,T,5170,3436,22U_6.3V_M_X5R_0603,C0603_39P370_DC
GND,PC1144,1,T,5062,4110,22U_6.3V_M_X5R_0603,C0603_39P370_DC
GND,PC1145,1,B,5496,4930,10U_25V_M_X5R_0603,C0603_37P402_DB
GND,PC1146,1,B,5513,4880,10U_25V_M_X5R_0603,C0603_37P402_DB
GND,PC1147,1,T,5495,4930,10U_25V_M_X5R_0603,C0603_37P402_DB
GND,PC1148,1,T,5513,4881,10U_25V_M_X5R_0603,C0603_37P402_DB
GND,PC1149,1,B,5668,4872,0.1U_25V_K_X5R_0201,C0201_13P780_BB
GND,PC1150,1,T,5534,4841,2200P_25V_K_X7R_0201,C0201_12P992_BA
GND,PC1153,2,B,5738,4959,22U_B2_25VM_R100M,C_B2
GND,PC1154,2,B,5695,4741,1U_25V_K_X5R_0402,C0402_23P622_CB
GND,PC1166,2,B,5689,4502,1000P_25V_K_X7R_0201,C0201_12P992_BA
GND,PC1167,2,B,4927,4647,330U_2.5V_M_B2_ESR9M_H1.9,C_B2_78P740
GND,PC1168,1,B,5221,4888,0.22U_25V_K_X7R_0402,C0402_21P654_CA
GND,PC1169,1,B,5620,4663,0.22U_25V_K_X7R_0402,C0402_21P654_CA
GND,PC1170,1,B,5062,4110,22U_6.3V_M_X5R_0603,C0603_39P370_DC
GND,PC1171,1,B,5065,5205,10U_25V_M_X5R_0603,C0603_37P402_DB
GND,PC1172,1,T,5065,5205,10U_25V_M_X5R_0603,C0603_37P402_DB
GND,PC1173,1,B,5485,4979,10U_25V_M_X5R_0603,C0603_37P402_DB
GND,PC1174,1,T,5485,4979,10U_25V_M_X5R_0603,C0603_37P402_DB
GND,PC1176,1,T,5077,4386,2200P_25V_K_X7R_0201,C0201_12P992_BA
GND,PC1177,1,T,5535,4151,2200P_25V_K_X7R_0201,C0201_12P992_BA
GND,PC1178,2,T,5077,4358,0.1U_6.3V_K_X5R_0201,C0201_12P992_BA
GND,PC1179,2,T,5535,4129,0.1U_6.3V_K_X5R_0201,C0201_12P992_BA
GND,PC1201,2,B,2821,4367,0.01U_25V_K_X7R_0201,C0201_12P992_BA
GND,PC1203,2,B,2741,4295,22U_B2_25VM_R100M,C_B2
GND,PC1204,1,B,2867,4509,10U_25V_M_X5R_0603,C0603_37P402_DB
GND,PC1205,1,B,2865,4361,10U_25V_M_X5R_0603,C0603_37P402_DB
GND,PC1206,1,T,2865,4361,10U_25V_M_X5R_0603,C0603_37P402_DB
GND,PC1207,1,T,2867,4509,10U_25V_M_X5R_0603,C0603_37P402_DB
GND,PC1219,2,B,2992,4565,0.1U_25V_K_X5R_0201,C0201_13P780_BB
GND,PC1220,2,B,2874,4545,470P_25V_K_X7R_0201,C0201_12P992_BA-Y_CS20
GND,PC1221,1,B,2818,4539,10U_25V_M_X5R_0603,C0603_37P402_DB
GND,PC1222,1,T,2819,4539,10U_25V_M_X5R_0603,C0603_37P402_DB
GND,PC1223,1,T,2757,4512,2200P_25V_K_X7R_0201,C0201_12P992_BA
GND,PC1224,1,B,3382,4148,2200P_25V_K_X7R_0201,C0201_12P992_BA
GND,PC1225,1,T,2821,4367,0.1U_25V_K_X5R_0201,C0201_13P780_BB
GND,PC1226,2,B,3383,4170,0.1U_6.3V_K_X5R_0201,C0201_12P992_BA
GND,PC1301,2,B,3587,4738,330U_2.5V_M_B2_ESR9M_H1.9,C_B2_78P740
GND,PC1302,1,T,5442,3351,22U_6.3V_M_X5R_0603,C0603_39P370_DC
GND,PC1303,1,T,3612,4494,22U_6.3V_M_X5R_0603,C0603_39P370_DC
GND,PC1304,1,T,4534,3480,22U_6.3V_M_X5R_0603,C0603_39P370_DC
GND,PC1305,1,T,4585,3327,22U_6.3V_M_X5R_0603,C0603_39P370_DC
GND,PC1306,1,T,5454,3475,22U_6.3V_M_X5R_0603,C0603_39P370_DC
GND,PC1307,1,T,5450,3298,22U_6.3V_M_X5R_0603,C0603_39P370_DC
GND,PC1308,1,T,3606,4288,22U_6.3V_M_X5R_0603,C0603_39P370_DC
GND,PC1309,1,T,5470,3581,22U_6.3V_M_X5R_0603,C0603_39P370_DC
GND,PC1310,1,T,4521,3539,22U_6.3V_M_X5R_0603,C0603_39P370_DC
GND,PC1311,1,T,5454,3425,22U_6.3V_M_X5R_0603,C0603_39P370_DC
GND,PC1332,1,T,5469,3529,22U_6.3V_M_X5R_0603,C0603_39P370_DC
GND,PC1333,1,T,5400,3701,22U_6.3V_M_X5R_0603,C0603_39P370_DC
GND,PC1334,1,T,4532,3328,22U_6.3V_M_X5R_0603,C0603_39P370_DC
GND,PC1335,1,T,4587,3481,22U_6.3V_M_X5R_0603,C0603_39P370_DC
GND,PC1336,1,B,3636,4443,22U_6.3V_M_X5R_0603,C0603_39P370_DC
GND,PC1337,1,B,3605,4390,22U_6.3V_M_X5R_0603,C0603_39P370_DC
GND,PC1338,1,B,3612,4494,22U_6.3V_M_X5R_0603,C0603_39P370_DC
GND,PC1339,1,T,3636,4443,22U_6.3V_M_X5R_0603,C0603_39P370_DC
GND,PC1340,1,T,4535,3288,22U_6.3V_M_X5R_0603,C0603_39P370_DC
GND,PC1341,1,T,4572,3539,22U_6.3V_M_X5R_0603,C0603_39P370_DC
GND,PC1342,1,T,4639,3482,22U_6.3V_M_X5R_0603,C0603_39P370_DC
GND,PC1343,1,T,4637,3328,22U_6.3V_M_X5R_0603,C0603_39P370_DC
GND,PC1344,1,B,3635,4339,22U_6.3V_M_X5R_0603,C0603_39P370_DC
GND,PC1345,1,T,3635,4340,22U_6.3V_M_X5R_0603,C0603_39P370_DC
GND,PC1346,1,B,3606,4288,22U_6.3V_M_X5R_0603,C0603_39P370_DC
GND,PC1347,1,T,3605,4390,22U_6.3V_M_X5R_0603,C0603_39P370_DC
GND,PC1348,2,B,3312,4251,330U_2.5V_M_B2_ESR9M_H1.9,C_B2_78P740
GND,PC1502,2,B,7683,2176,0.1U_25V_K_X5R_0402,C0402_21P654_CA
GND,PC1503,2,T,7683,2176,1000P_25V_K_X7R_0402,C0402_21P654_CA
GND,PC1504,2,B,7922,2004,10U_25V_M_X5R_0603,C0603_39P370_DC
GND,PC1505,2,B,7664,2135,10U_25V_M_X5R_0603,C0603_39P370_DC
GND,PC1506,2,B,7922,2104,10U_25V_M_X5R_0603,C0603_39P370_DC
GND,PC1507,2,B,7921,2054,10U_25V_M_X5R_0603,C0603_39P370_DC
GND,PC1508,2,B,7902,1958,0.1U_25V_K_X5R_0402,C0402_21P654_CA
GND,PC1512,2,T,7240,3366,0.1U_25V_K_X7R_0402,C0402_21P654_CA
GND,PC1513,2,T,7271,3343,2200P_50V_K_X7R_0402,C0402_21P654_CA
GND,PC1514,2,B,7566,2952,470U_D2E_2.5VM_R6M,C_D2E
GND,PC1515,2,B,6864,2950,470U_D2E_2.5VM_R6M,C_D2E
GND,PC1516,2,B,7043,3300,10U_6.3V_M_X5R_0603_YAGEO,C0603_37P402_DB
GND,PC1517,2,B,7014,3145,10U_6.3V_M_X5R_0603_YAGEO,C0603_37P402_DB
GND,PC1518,2,B,7048,3196,10U_6.3V_M_X5R_0603_YAGEO,C0603_37P402_DB
GND,PC1519,2,B,7017,3247,10U_6.3V_M_X5R_0603_YAGEO,C0603_37P402_DB
GND,PC1522,2,B,7320,1952,4.7U_6.3V_M_X5R_0402,C0402_25P591_CC
GND,PC1528,2,B,7278,2239,0.1U_25V_K_X5R_0402,C0402_21P654_CA
GND,PC1529,2,T,7278,2239,1000P_25V_K_X7R_0402,C0402_21P654_CA
GND,PC1530,2,B,7264,2198,10U_25V_M_X5R_0603,C0603_39P370_DC
GND,PC1531,2,B,7264,2148,10U_25V_M_X5R_0603,C0603_39P370_DC
GND,PC1532,2,B,7264,2047,10U_25V_M_X5R_0603,C0603_39P370_DC
GND,PC1533,2,B,7333,1994,0.1U_25V_K_X5R_0402,C0402_21P654_CA
GND,PC1534,2,B,7265,2097,10U_25V_M_X5R_0603,C0603_39P370_DC
GND,PC1536,2,T,7472,3279,22U_6.3V_M_X5R_0603,C0603_39P370_DC
GND,PC1537,2,T,7468,3331,22U_6.3V_M_X5R_0603,C0603_39P370_DC
GND,PC1538,2,T,7043,3300,22U_6.3V_M_X5R_0603,C0603_39P370_DC
GND,PC1539,2,T,7015,3144,22U_6.3V_M_X5R_0603,C0603_39P370_DC
GND,PC1540,2,T,7048,3195,22U_6.3V_M_X5R_0603,C0603_39P370_DC
GND,PC1541,2,T,7017,3247,22U_6.3V_M_X5R_0603,C0603_39P370_DC
GND,PC1542,2,B,7358,3291,0.1U_25V_K_X7R_0402,C0402_21P654_CA
GND,PC1543,2,B,7358,3260,2200P_50V_K_X7R_0402,C0402_21P654_CA
GND,PC1544,2,B,7649,2044,22U_B2_25VM_R100M,C_B2
GND,PC1545,2,B,7566,2128,22U_B2_25VM_R100M,C_B2
GND,PC1601,2,B,6553,4634,22U_B2_25VM_R100M,C_B2
GND,PC1603,2,B,6804,4760,10U_25V_M_X5R_0603,C0603_39P370_DC
GND,PC1604,2,B,6653,4758,10U_25V_M_X5R_0603,C0603_39P370_DC
GND,PC1605,2,T,6804,4760,10U_25V_M_X5R_0603,C0603_39P370_DC
GND,PC1606,2,T,6653,4758,10U_25V_M_X5R_0603,C0603_39P370_DC
GND,PC1608,2,B,6648,4717,0.1U_25V_K_X7R_0402,C0402_21P654_CA
GND,PC1613,1,B,7101,4963,22U_6.3V_M_X5R_0603,C0603_39P370_DC
GND,PC1614,1,B,7195,5256,22U_6.3V_M_X5R_0603,C0603_39P370_DC
GND,PC1615,1,B,7145,5255,22U_6.3V_M_X5R_0603,C0603_39P370_DC
GND,PC1616,1,T,7151,4963,22U_6.3V_M_X5R_0603,C0603_39P370_DC
GND,PC1617,1,T,7101,4963,22U_6.3V_M_X5R_0603,C0603_39P370_DC
GND,PC1618,1,B,7151,4963,22U_6.3V_M_X5R_0603,C0603_39P370_DC
GND,PC1619,1,T,7195,5257,22U_6.3V_M_X5R_0603,C0603_39P370_DC
GND,PC1620,2,B,6596,4830,3300P_50V_K_X7R_0402,C0402_21P654_CA
GND,PC1621,1,T,7144,5257,22U_6.3V_M_X5R_0603,C0603_39P370_DC
GND,PC1623,2,T,6922,5010,0.1U_25V_K_X7R_0402,C0402_21P654_CA
GND,PC1624,1,B,6556,4805,0.01U_25V_K_X7R_0402,C0402_21P654_CA
GND,PC1625,1,T,7052,4971,22U_6.3V_M_X5R_0603,C0603_39P370_DC
GND,PC1626,1,T,7095,5257,22U_6.3V_M_X5R_0603,C0603_39P370_DC
GND,PC1627,1,B,7042,5256,22U_6.3V_M_X5R_0603,C0603_39P370_DC
GND,PC1628,1,B,7095,5256,22U_6.3V_M_X5R_0603,C0603_39P370_DC
GND,PC1629,1,B,7002,4968,22U_6.3V_M_X5R_0603,C0603_39P370_DC
GND,PC1630,1,B,7052,4970,22U_6.3V_M_X5R_0603,C0603_39P370_DC
GND,PC1631,1,T,7002,4971,22U_6.3V_M_X5R_0603,C0603_39P370_DC
GND,PC1632,1,T,7042,5257,22U_6.3V_M_X5R_0603,C0603_39P370_DC
GND,PC1633,2,T,6917,4880,0.1U_25V_K_X7R_0402,C0402_21P654_CA
GND,PC1634,1,T,6670,4721,2200P_25V_K_X7R_0201,C0201_12P992_BA
GND,PC1635,1,T,6948,5018,2200P_25V_K_X7R_0201,C0201_12P992_BA
GND,PC1701,2,T,9462,4487,2200P_25V_K_X7R_0201,C0201_12P992_BA
GND,PC1702,1,T,9448,4434,0.1U_6.3V_K_X5R_0201,C0201_12P992_BA
GND,PC1703,2,T,9419,4417,10U_6.3V_M_X5R_0402,C0402_27P559_CD
GND,PC1706,1,T,9166,4327,22U_6.3V_M_X5R_0603,C0603_39P370_DC
GND,PC1707,1,T,9230,4326,22U_6.3V_M_X5R_0603,C0603_39P370_DC
GND,PC1708,1,T,9126,4345,0.1U_6.3V_K_X5R_0201,C0201_12P992_BA
GND,PC1709,1,T,9101,4345,2200P_25V_K_X7R_0201,C0201_12P992_BA
GND,PC1710,2,T,9384,4417,10U_6.3V_M_X5R_0402,C0402_27P559_CD
GND,PC1901,2,B,6511,4486,0.1U_6.3V_K_X5R_0201,C0201_12P992_BA
GND,PC1902,2,B,6515,4441,2200P_25V_K_X7R_0201,C0201_12P992_BA
GND,PC1903,2,B,6544,4424,10U_6.3V_M_X5R_0402,C0402_27P559_CD
GND,PC1905,2,B,6626,4538,0.1U_6.3V_K_X5R_0201,C0201_12P992_BA
GND,PC1907,2,B,6776,4367,22U_6.3V_M_X5R_0603,C0603_39P370_DC
GND,PC1908,2,B,6726,4367,22U_6.3V_M_X5R_0603,C0603_39P370_DC
GND,PC1909,2,T,6820,4416,2200P_25V_K_X7R_0201,C0201_12P992_BA
GND,PC1910,2,B,6812,4368,0.1U_6.3V_K_X5R_0201,C0201_12P992_BA
GND,PC1911,2,B,6579,4424,10U_6.3V_M_X5R_0402,C0402_27P559_CD
GND,PC2001,1,T,1662,2723,1U_25V_K_X5R_0402,C0402_23P622_CB
GND,PC2002,1,T,1677,2595,1000P_25V_K_X7R_0201,C0201_12P992_BA
GND,PC2003,2,T,1690,2722,0.1U_25V_K_X5R_0201,C0201_13P780_BB
GND,PC2101,2,B,6639,3946,10U_6.3V_M_X5R_0402,C0402_27P559_CD
GND,PC2102,1,B,6468,4020,1U_6.3V_M_X5R_0201,C0201_13P780_BB
GND,PC2103,2,B,6553,4021,0.01U_25V_K_X7R_0201,C0201_12P992_BA
GND,PC2105,1,B,6445,4020,1U_6.3V_M_X5R_0201,C0201_13P780_BB
GND,PC2201,2,B,2010,4590,0.1UC_25VC_KC_X7RC_0402,C0402_21P654_CA
GND,PC2301,2,T,1474,2767,0.1U_25V_K_X5R_0201,C0201_13P780_BB
GND,PC2302,2,T,1069,1673,0.047U_25V_K_X7R_0402,C0402_21P654_CA
GND,PC2401,2,T,1565,2961,0.047U_25V_K_X7R_0402,C0402_21P654_CA
GND,PC2402,2,T,1450,1657,0.047U_25V_K_X7R_0402,C0402_21P654_CA
GND,PC2403,2,T,8140,1282,0.047U_25V_K_X7R_0402,C0402_21P654_CA
GND,PC2501,2,T,3755,3344,10U_6.3V_M_X5R_0402,C0402_27P559_CD
GND,PC2502,1,T,3882,3240,1U_6.3V_M_X5R_0201,C0201_13P780_BB
GND,PC2503,1,T,3882,3265,1U_6.3V_M_X5R_0201,C0201_13P780_BB
GND,PC2504,2,T,3745,3174,10U_6.3V_M_X5R_0402,C0402_27P559_CD
GND,PQ0102,2,T,3401,1137,LSK3541G1ET2L_VMT3,LSK3541G1ET2L_VMT3
GND,PQ0201,5,B,2365,1195,BSC0924NDI_PG-TISON-8-9,BSC0924NDI_PG-TISON-8-9
GND,PQ0201,6,B,2365,1145,BSC0924NDI_PG-TISON-8-9,BSC0924NDI_PG-TISON-8-9
GND,PQ0201,7,B,2365,1095,BSC0924NDI_PG-TISON-8-9,BSC0924NDI_PG-TISON-8-9
GND,PQ0202,5,B,2447,990,SIZ340DTT1_POWERPAIR_3X3-9-10,SIZ340DTT1_POWERPAIR-3X3-9-10
GND,PQ0202,6,B,2447,1016,SIZ340DTT1_POWERPAIR_3X3-9-10,SIZ340DTT1_POWERPAIR-3X3-9-10
GND,PQ0202,7,B,2447,1042,SIZ340DTT1_POWERPAIR_3X3-9-10,SIZ340DTT1_POWERPAIR-3X3-9-10
GND,PQ1501,9,B,7808,2357,AOE6930_DFN8-10,AOE6930_DFN8-10
GND,PQ1502,9,B,7399,2423,AOE6930_DFN8-10,AOE6930_DFN8-10
GND,PQ1503,1,B,7250,1580,UM6K33N_UMT6,UM6K33N_UMT6
GND,PQ1503,4,B,7189,1529,UM6K33N_UMT6,UM6K33N_UMT6
GND,PQ1601,1,B,7118,4889,UM6K33N_UMT6,UM6K33N_UMT6
GND,PQ1601,4,B,7170,4827,UM6K33N_UMT6,UM6K33N_UMT6
GND,PQ1602,2,T,6840,4919,LSK3541G1ET2L_VMT3,LSK3541G1ET2L_VMT3
GND,PQ1701,1,T,9132,4612,UM6K33N_UMT6,UM6K33N_UMT6
GND,PQ1701,4,T,9193,4561,UM6K33N_UMT6,UM6K33N_UMT6
GND,PQ1901,1,B,6977,4415,UM6K33N_UMT6,UM6K33N_UMT6
GND,PQ1901,4,B,7039,4467,UM6K33N_UMT6,UM6K33N_UMT6
GND,PQ2101,2,B,6161,4211,RUM001L02,LSK3541G1ET2L_VMT3
GND,PQ2102,2,B,6260,4256,RUM001L02,LSK3541G1ET2L_VMT3
GND,PR0219,2,B,3188,1065,short10_10,SHORT10_10MIL
GND,PR0222,1,T,2380,1222,1/16W_56_5%_0402,R0402_15P748
GND,PR0223,2,T,2601,940,1/16W_56_5%_0402,R0402_15P748
GND,PR0302,2,B,1920,4906,1/20W_100K_1%_0201,R0201_11P811
GND,PR0303,2,B,1928,4956,short10_10,SHORT10_10MIL
GND,PR0312,2,T,1802,4936,1/4W_2.2_5%_0603,R0603_21P654
GND,PR0401,2,B,2592,4859,1/20W_90.9K_1%_0201,R0201_11P811
GND,PR0402,2,B,2681,4859,1/20W_0_5%_0201,R0201_11P811
GND,PR0410,1,B,2658,4859,1/20W_10K_1%_0201,R0201_11P811
GND,PR0411,2,B,2642,4567,short10_10,SHORT10_10MIL
GND,PR0416,1,B,2599,4589,0_0201_SP,R0201_SHORT
GND,PR0417,1,B,2759,4858,1/20W_0_5%_0201,R0201_11P811
GND,PR0418,2,T,2626,4658,1/4W_2.2_5%_0603,R0603_21P654
GND,PR0504,1,B,7497,1383,1/16W_0_5%_0402,R0402_15P748
GND,PR0505,2,T,7731,1340,1/4W_2.2_5%_0603,R0603_21P654
GND,PR0612,2,T,6751,2428,1/4W_2.2_5%_0603,R0603_21P654
GND,PR0615,2,T,6982,2663,short10_10,SHORT10_10MIL
GND,PR0705,1,T,5735,5229,1/20W_100K_1%_0201,R0201_11P811
GND,PR0807,1,B,3463,4854,1/20W_100_5%_0201,R0201_11P811
GND,PR0808,1,B,3331,4760,1/20W_100_5%_0201,R0201_11P811
GND,PR0855,2,B,3514,4864,short10_10,SHORT10_10MIL
GND,PR1001,2,B,4935,4155,1/16W_1K_1%_0402,R0402_15P748
GND,PR1102,2,B,5060,4067,1/16W_1K_1%_0402,R0402_15P748
GND,PR1208,2,B,3253,4648,1/4W_1_5%_0603,R0603_21P654
GND,PR1214,2,B,2930,4216,1/16W_100_1%_0402,R0402_15P748
GND,PR1217,1,B,3048,4277,1/20W_150K_1%_0201,R0201_11P811
GND,PR1219,2,B,3026,4277,1/20W_0_5%_0201,R0201_11P811
GND,PR1224,2,B,2866,4261,short10_10,SHORT10_10MIL
GND,PR1225,2,B,2959,4599,1/20W_90.9K_1%_0201,R0201_11P811
GND,PR1301,2,B,3445,4686,1/16W_1K_1%_0402,R0402_15P748
GND,PR1512,1,B,7679,2374,1/4W_2.2_5%_0603,R0603_21P654
GND,PR1524,2,B,7231,1734,1/16W_25.5K_1%_0402,R0402_15P748
GND,PR1527,1,B,7262,2394,1/4W_2.2_5%_0603,R0603_21P654
GND,PR1528,2,B,7383,1505,short10_10,SHORT10_10MIL
GND,PR1603,2,B,6592,4857,1/20W_150K_1%_0201,R0201_11P811
GND,PR1609,2,T,6796,4844,1/10W_4.7_5%_0603,R0603_21P654
GND,PR1610,1,B,6618,4764,0_0402_SP,R0402_SHORT
GND,PR1611,2,B,6951,4877,1/16W_20K_1%_0402,R0402_15P748
GND,PR1614,1,B,6936,4989,1/20W_90.9K_1%_0201,R0201_11P811
GND,PR1615,2,B,6936,4967,1/20W_0_5%_0201,R0201_11P811
GND,PR1618,2,B,6553,4870,1/20W_100K_5%_0201,R0201_11P811
GND,PR1630,2,B,6908,4831,short10_10,SHORT10_10MIL
GND,PR1702,2,T,9323,4581,1/20W_1M_5%_0201,R0201_11P811
GND,PR1703,2,T,9352,4371,1/20W_120K_1%_0201,R0201_11P811
GND,PR1903,2,B,6585,4342,1/16W_100K_5%_0402,R0402_15P748
GND,PR2002,2,T,1784,2655,1/20W_11.5K_1%_0201,R0201_11P811
GND,PR2103,2,B,6215,4114,1/20W_100K_5%_0201,R0201_11P811
GND,PR2104,2,B,6526,4045,1/20W_100K_5%_0201,R0201_11P811
GND,PR2501,2,T,3670,3247,1/20W_100K_5%_0201,R0201_11P811
GND,PU0201,27,B,2923,1214,BQ25710RSNR_QFN32_4X4,BQ25710RSNR_QFN32_4X4
GND,PU0201,33,B,3002,1238,BQ25710RSNR_QFN32_4X4,BQ25710RSNR_QFN32_4X4
GND,PU0301,2,B,1775,4930,NB690GRP-C669-Z_QFN12_2X2P5,NB690GRP-C669-Z_QFN12_2X2P5
GND,PU0301,3,B,1745,4925,NB690GRP-C669-Z_QFN12_2X2P5,NB690GRP-C669-Z_QFN12_2X2P5
GND,PU0301,4,B,1745,4943,NB690GRP-C669-Z_QFN12_2X2P5,NB690GRP-C669-Z_QFN12_2X2P5
GND,PU0401,2,B,2652,4682,NB693AGQ-C669-Z QFN16_3X3,NB693AGQ-Z_QFN16_3X3
GND,PU0401,5,B,2632,4644,NB693AGQ-C669-Z QFN16_3X3,NB693AGQ-Z_QFN16_3X3
GND,PU0401,6,B,2613,4644,NB693AGQ-C669-Z QFN16_3X3,NB693AGQ-Z_QFN16_3X3
GND,PU0401,7,B,2593,4644,NB693AGQ-C669-Z QFN16_3X3,NB693AGQ-Z_QFN16_3X3
GND,PU0501,7,B,7538,1239,TPS51393PRJER_VQFN20_3X3,TPS51393PRJER_VQFN20_3X3
GND,PU0501,8,B,7538,1257,TPS51393PRJER_VQFN20_3X3,TPS51393PRJER_VQFN20_3X3
GND,PU0501,10,B,7538,1292,TPS51393PRJER_VQFN20_3X3,TPS51393PRJER_VQFN20_3X3
GND,PU0501,16,B,7648,1292,TPS51393PRJER_VQFN20_3X3,TPS51393PRJER_VQFN20_3X3
GND,PU0501,18,B,7648,1257,TPS51393PRJER_VQFN20_3X3,TPS51393PRJER_VQFN20_3X3
GND,PU0501,21,B,7593,1257,TPS51393PRJER_VQFN20_3X3,TPS51393PRJER_VQFN20_3X3
GND,PU0502,B1,T,1667,4062,TCK107AG_WCSP4D4,TCK107AG_WCSP4D_4P
GND,PU0601,2,B,6869,2628,NB687BGQ-C669-Z_QFN16_3X3,NB687BGQ-C669-Z_QFN16_3X3
GND,PU0701,4,T,5720,5116,TPS62827DMQR_VSON-HR6_1P5X1P5,TPS62827DMQR_VSON-HR6_1P5X1P5
GND,PU0901,5,B,3761,4945,MP86941-CGQVT-C669-Z_TQFN21_3X5,MP86941-CGQVT-C669-Z_TQFN21_3X5
GND,PU0901,6,B,3761,4961,MP86941-CGQVT-C669-Z_TQFN21_3X5,MP86941-CGQVT-C669-Z_TQFN21_3X5
GND,PU0901,7,B,3761,4977,MP86941-CGQVT-C669-Z_TQFN21_3X5,MP86941-CGQVT-C669-Z_TQFN21_3X5
GND,PU0901,8,B,3761,4992,MP86941-CGQVT-C669-Z_TQFN21_3X5,MP86941-CGQVT-C669-Z_TQFN21_3X5
GND,PU0901,9,B,3761,5008,MP86941-CGQVT-C669-Z_TQFN21_3X5,MP86941-CGQVT-C669-Z_TQFN21_3X5
GND,PU0901,10,B,3761,5024,MP86941-CGQVT-C669-Z_TQFN21_3X5,MP86941-CGQVT-C669-Z_TQFN21_3X5
GND,PU0901,11,B,3761,5040,MP86941-CGQVT-C669-Z_TQFN21_3X5,MP86941-CGQVT-C669-Z_TQFN21_3X5
GND,PU0901,12,B,3830,5032,MP86941-CGQVT-C669-Z_TQFN21_3X5,MP86941-CGQVT-C669-Z_TQFN21_3X5
GND,PU0901,13,B,3873,5032,MP86941-CGQVT-C669-Z_TQFN21_3X5,MP86941-CGQVT-C669-Z_TQFN21_3X5
GND,PU0901,19,B,3956,4977,MP86941-CGQVT-C669-Z_TQFN21_3X5,MP86941-CGQVT-C669-Z_TQFN21_3X5
GND,PU0902,5,B,4208,4937,MP86941-CGQVT-C669-Z_TQFN21_3X5,MP86941-CGQVT-C669-Z_TQFN21_3X5
GND,PU0902,6,B,4208,4953,MP86941-CGQVT-C669-Z_TQFN21_3X5,MP86941-CGQVT-C669-Z_TQFN21_3X5
GND,PU0902,7,B,4208,4969,MP86941-CGQVT-C669-Z_TQFN21_3X5,MP86941-CGQVT-C669-Z_TQFN21_3X5
GND,PU0902,8,B,4208,4984,MP86941-CGQVT-C669-Z_TQFN21_3X5,MP86941-CGQVT-C669-Z_TQFN21_3X5
GND,PU0902,9,B,4208,5000,MP86941-CGQVT-C669-Z_TQFN21_3X5,MP86941-CGQVT-C669-Z_TQFN21_3X5
GND,PU0902,10,B,4208,5016,MP86941-CGQVT-C669-Z_TQFN21_3X5,MP86941-CGQVT-C669-Z_TQFN21_3X5
GND,PU0902,11,B,4208,5032,MP86941-CGQVT-C669-Z_TQFN21_3X5,MP86941-CGQVT-C669-Z_TQFN21_3X5
GND,PU0902,12,B,4276,5024,MP86941-CGQVT-C669-Z_TQFN21_3X5,MP86941-CGQVT-C669-Z_TQFN21_3X5
GND,PU0902,13,B,4320,5024,MP86941-CGQVT-C669-Z_TQFN21_3X5,MP86941-CGQVT-C669-Z_TQFN21_3X5
GND,PU0902,19,B,4402,4969,MP86941-CGQVT-C669-Z_TQFN21_3X5,MP86941-CGQVT-C669-Z_TQFN21_3X5
GND,PU0903,5,B,4616,4941,MP86941-CGQVT-C669-Z_TQFN21_3X5,MP86941-CGQVT-C669-Z_TQFN21_3X5
GND,PU0903,6,B,4616,4956,MP86941-CGQVT-C669-Z_TQFN21_3X5,MP86941-CGQVT-C669-Z_TQFN21_3X5
GND,PU0903,7,B,4616,4972,MP86941-CGQVT-C669-Z_TQFN21_3X5,MP86941-CGQVT-C669-Z_TQFN21_3X5
GND,PU0903,8,B,4616,4988,MP86941-CGQVT-C669-Z_TQFN21_3X5,MP86941-CGQVT-C669-Z_TQFN21_3X5
GND,PU0903,9,B,4616,5004,MP86941-CGQVT-C669-Z_TQFN21_3X5,MP86941-CGQVT-C669-Z_TQFN21_3X5
GND,PU0903,10,B,4616,5019,MP86941-CGQVT-C669-Z_TQFN21_3X5,MP86941-CGQVT-C669-Z_TQFN21_3X5
GND,PU0903,11,B,4616,5035,MP86941-CGQVT-C669-Z_TQFN21_3X5,MP86941-CGQVT-C669-Z_TQFN21_3X5
GND,PU0903,12,B,4684,5027,MP86941-CGQVT-C669-Z_TQFN21_3X5,MP86941-CGQVT-C669-Z_TQFN21_3X5
GND,PU0903,13,B,4728,5027,MP86941-CGQVT-C669-Z_TQFN21_3X5,MP86941-CGQVT-C669-Z_TQFN21_3X5
GND,PU0903,19,B,4810,4972,MP86941-CGQVT-C669-Z_TQFN21_3X5,MP86941-CGQVT-C669-Z_TQFN21_3X5
GND,PU1101,5,B,5018,4944,MP86941-CGQVT-C669-Z_TQFN21_3X5,MP86941-CGQVT-C669-Z_TQFN21_3X5
GND,PU1101,6,B,5018,4960,MP86941-CGQVT-C669-Z_TQFN21_3X5,MP86941-CGQVT-C669-Z_TQFN21_3X5
GND,PU1101,7,B,5018,4976,MP86941-CGQVT-C669-Z_TQFN21_3X5,MP86941-CGQVT-C669-Z_TQFN21_3X5
GND,PU1101,8,B,5018,4992,MP86941-CGQVT-C669-Z_TQFN21_3X5,MP86941-CGQVT-C669-Z_TQFN21_3X5
GND,PU1101,9,B,5018,5007,MP86941-CGQVT-C669-Z_TQFN21_3X5,MP86941-CGQVT-C669-Z_TQFN21_3X5
GND,PU1101,10,B,5018,5023,MP86941-CGQVT-C669-Z_TQFN21_3X5,MP86941-CGQVT-C669-Z_TQFN21_3X5
GND,PU1101,11,B,5018,5039,MP86941-CGQVT-C669-Z_TQFN21_3X5,MP86941-CGQVT-C669-Z_TQFN21_3X5
GND,PU1101,12,B,5087,5031,MP86941-CGQVT-C669-Z_TQFN21_3X5,MP86941-CGQVT-C669-Z_TQFN21_3X5
GND,PU1101,13,B,5131,5031,MP86941-CGQVT-C669-Z_TQFN21_3X5,MP86941-CGQVT-C669-Z_TQFN21_3X5
GND,PU1101,19,B,5213,4976,MP86941-CGQVT-C669-Z_TQFN21_3X5,MP86941-CGQVT-C669-Z_TQFN21_3X5
GND,PU1102,5,B,5411,4720,MP86941-CGQVT-C669-Z_TQFN21_3X5,MP86941-CGQVT-C669-Z_TQFN21_3X5
GND,PU1102,6,B,5411,4736,MP86941-CGQVT-C669-Z_TQFN21_3X5,MP86941-CGQVT-C669-Z_TQFN21_3X5
GND,PU1102,7,B,5411,4751,MP86941-CGQVT-C669-Z_TQFN21_3X5,MP86941-CGQVT-C669-Z_TQFN21_3X5
GND,PU1102,8,B,5411,4767,MP86941-CGQVT-C669-Z_TQFN21_3X5,MP86941-CGQVT-C669-Z_TQFN21_3X5
GND,PU1102,9,B,5411,4783,MP86941-CGQVT-C669-Z_TQFN21_3X5,MP86941-CGQVT-C669-Z_TQFN21_3X5
GND,PU1102,10,B,5411,4799,MP86941-CGQVT-C669-Z_TQFN21_3X5,MP86941-CGQVT-C669-Z_TQFN21_3X5
GND,PU1102,11,B,5411,4814,MP86941-CGQVT-C669-Z_TQFN21_3X5,MP86941-CGQVT-C669-Z_TQFN21_3X5
GND,PU1102,12,B,5479,4806,MP86941-CGQVT-C669-Z_TQFN21_3X5,MP86941-CGQVT-C669-Z_TQFN21_3X5
GND,PU1102,13,B,5523,4806,MP86941-CGQVT-C669-Z_TQFN21_3X5,MP86941-CGQVT-C669-Z_TQFN21_3X5
GND,PU1102,19,B,5605,4751,MP86941-CGQVT-C669-Z_TQFN21_3X5,MP86941-CGQVT-C669-Z_TQFN21_3X5
GND,PU1201,1,B,2943,4388,MP2961GL-C669-Z_QFN19_3X4,MP2961GL-C669-Z_QFN19_3X4
GND,PU1201,3,B,2943,4467,MP2961GL-C669-Z_QFN19_3X4,MP2961GL-C669-Z_QFN19_3X4
GND,PU1501,21,B,7392,1735,NCP81278TMNTXG_QFN20_3X3,NCP81272MNTXG_QFN20_3X3
GND,PU1601,1,B,6796,4843,MP2941AGL-C669-Z_QFN19_3X4,MP2941AGL-Z_QFN19_3X4
GND,PU1601,3,B,6717,4843,MP2941AGL-C669-Z_QFN19_3X4,MP2941AGL-Z_QFN19_3X4
GND,PU1601,4,B,6682,4839,MP2941AGL-C669-Z_QFN19_3X4,MP2941AGL-Z_QFN19_3X4
GND,PU1602,3,B,6590,4991,74AUP1G32GS SOT1202-6_1X1,74AUP1G32GF_SOT891-6_1X1
GND,PU1701,5,T,9280,4415,BD9B304QWZE2_UMMP008AZ020-8-9,BD9B304QWZE2_UMMP008AZ020-8-9
GND,PU1701,6,T,9295,4415,BD9B304QWZE2_UMMP008AZ020-8-9,BD9B304QWZE2_UMMP008AZ020-8-9
GND,PU1701,8,T,9327,4415,BD9B304QWZE2_UMMP008AZ020-8-9,BD9B304QWZE2_UMMP008AZ020-8-9
GND,PU1701,9,T,9328,4449,BD9B304QWZE2_UMMP008AZ020-8-9,BD9B304QWZE2_UMMP008AZ020-8-9
GND,PU1901,5,B,6668,4395,BD9B304QWZE2_UMMP008AZ020-8-9,BD9B304QWZE2_UMMP008AZ020-8-9
GND,PU1901,6,B,6653,4395,BD9B304QWZE2_UMMP008AZ020-8-9,BD9B304QWZE2_UMMP008AZ020-8-9
GND,PU1901,8,B,6621,4395,BD9B304QWZE2_UMMP008AZ020-8-9,BD9B304QWZE2_UMMP008AZ020-8-9
GND,PU1901,9,B,6620,4429,BD9B304QWZE2_UMMP008AZ020-8-9,BD9B304QWZE2_UMMP008AZ020-8-9
GND,PU2001,5,T,1631,2627,TPS22954DSQR_WSON10_2X2,TPS22954DSQR_WSON10_2X2
GND,PU2001,11,T,1668,2658,TPS22954DSQR_WSON10_2X2,TPS22954DSQR_WSON10_2X2
GND,PU2101,D1,B,6505,4003,TPS22971YZPT_DSBGA8,TPS22971YZPT_DSBGA8P
GND,PU2501,2,T,3697,3258,BU18TD2WNVX_SSON004X1010-4_1X1,BU18TD2WNVX_SSON004X1010-4_1X1
GND,PU2501,5,T,3710,3240,BU18TD2WNVX_SSON004X1010-4_1X1,BU18TD2WNVX_SSON004X1010-4_1X1
GND,PU2502,3,T,3696,3343,SN74AUP1G08DSF2_SON-6,SN74AUP1G08DSF2_SON-6
GND,Q0501,2,B,6279,3447,LSK3541G1ET2L_VMT3,LSK3541G1ET2L_VMT3
GND,Q0502,2,B,6171,3455,LSK3541G1ET2L_VMT3,LSK3541G1ET2L_VMT3
GND,Q0801,2,B,6185,2641,LSK3541G1ET2L_VMT3,LSK3541G1ET2L_VMT3
GND,Q1501,2,T,2643,4303,LSK3541G1ET2L_VMT3,LSK3541G1ET2L_VMT3
GND,Q1502,2,T,2691,4365,LSK3541G1ET2L_VMT3,LSK3541G1ET2L_VMT3
GND,Q1503,2,B,6522,2455,LSK3541G1ET2L_VMT3,LSK3541G1ET2L_VMT3
GND,Q1504,2,B,6447,2525,LSK3541G1ET2L_VMT3,LSK3541G1ET2L_VMT3
GND,Q3502,2,B,8191,3827,LSK3541G1ET2L_VMT3,LSK3541G1ET2L_VMT3
GND,Q3504,3,B,8242,3757,DTC015TMT2L_VMT3,DTC015TMT2L_VMT3
GND,Q3506,3,T,8115,3746,SSM3K15AMFV_2-1L1B,SSM3K15AMFV_2-1L1B
GND,Q3507,2,T,8177,3790,LSK3541G1ET2L_VMT3,LSK3541G1ET2L_VMT3
GND,Q5101,2,T,2885,1828,LSK3541G1ET2L_VMT3,LSK3541G1ET2L_VMT3-Y_CS20
GND,Q5102,2,T,2886,1942,LSK3541G1ET2L_VMT3,LSK3541G1ET2L_VMT3-Y_CS20
GND,Q6201,2,T,486,3622,LSK3541G1ET2L_VMT3,LSK3541G1ET2L_VMT3
GND,Q7401,2,T,2765,5257,LSK3541G1ET2L_VMT3,LSK3541G1ET2L_VMT3-Y_CS20
GND,Q7901,3,B,6987,1830,2N7002KW_SOT323-3,2N7002KW_SOT323-3
GND,Q8001,2,T,2216,2182,LSK3541G1ET2L_VMT3,LSK3541G1ET2L_VMT3
GND,Q8701,2,T,1518,1743,LSK3541G1ET2L_VMT3,LSK3541G1ET2L_VMT3
GND,R0501,1,T,5751,3521,1/20W_100K_5%_0201,R0201_11P811
GND,R0503,2,T,5855,3553,1/20W_100K_5%_0201,R0201_11P811
GND,R0508,2,B,6441,4233,1/20W_10K_5%_0201,R0201_11P811
GND,R0509,1,B,4461,3924,1/20W_2.2K_1%_0201,R0201_11P811
GND,R0510,2,B,4413,3925,1/20W_150_1%_0201,R0201_11P811
GND,R0513,1,B,6142,3466,1/20W_100K_5%_0201,R0201_11P811
GND,R0515,2,B,6307,3452,1/20W_100K_5%_0201,R0201_11P811
GND,R0516,2,B,4436,3925,1/20W_150_1%_0201,R0201_11P811
GND,R0517,2,T,5851,3429,1/20W_1M_1%_0201,R0201_11P811
GND,R0520,1,T,4314,3351,1/20W_100K_5%_0201,R0201_11P811
GND,R0525,2,T,6227,3517,1/20W_1M_1%_0201,R0201_11P811
GND,R0527,2,T,6558,2689,1/20W_100K_5%_0201,R0201_11P811
GND,R0601,1,B,3786,2767,1/20W_10K_5%_0201,R0201_11P811
GND,R0602,2,B,3760,2902,1/20W_100_1%_0201,R0201_11P811
GND,R0607,1,T,5387,1253,1/20W_1.82K_1%_0201,R0201_11P811
GND,R0609,1,T,5368,1141,1/20W_24.9_1%_0201,R0201_11P811
GND,R0702,1,T,5715,1854,1/20W_1K_1%_0201,R0201_11P811
GND,R0704,1,T,5708,1970,1/20W_24.9_1%_0201,R0201_11P811
GND,R0805,1,B,5573,2612,1/20W_49.9_1%_0201,R0201_11P811
GND,R0806,1,T,5301,3819,1/20W_49.9_1%_0201,R0201_11P811
GND,R0807,1,T,4132,3806,1/20W_51_5%_0201,R0201_11P811
GND,R0812,1,B,6222,3547,1/20W_100K_5%_0201,R0201_11P811
GND,R0906,1,T,5806,3282,1/20W_0_5%_0201,R0201_11P811
GND,R0907,1,T,5657,3405,1/20W_0_5%_0201,R0201_11P811
GND,R0908,1,T,5660,3253,1/20W_0_5%_0201,R0201_11P811
GND,R0909,1,T,5588,3364,1/20W_0_5%_0201,R0201_11P811
GND,R0910,1,T,5870,3235,1/20W_0_5%_0201,R0201_11P811
GND,R0911,1,T,5769,3286,1/20W_0_5%_0201,R0201_11P811
GND,R0912,1,T,5637,3253,1/20W_0_5%_0201,R0201_11P811
GND,R0913,1,T,5859,3450,1/20W_0_5%_0201,R0201_11P811
GND,R0914,1,B,6096,3385,1/20W_0_5%_0201,R0201_11P811
GND,R0926,1,T,5808,3327,1/20W_0_5%_0201,R0201_11P811
GND,R0927,1,T,5679,3404,1/20W_0_5%_0201,R0201_11P811
GND,R0937,1,B,6515,3115,1/20W_100K_5%_0201,R0201_11P811
GND,R0942,1,T,5191,2435,1/20W_75K_5%_0201,R0201_11P811
GND,R1013,1,B,5479,2670,1/20W_200_1%_0201,R0201_11P811
GND,R1101,1,T,5458,3168,1/20W_10K_5%_0201,R0201_11P811-Y_CS20
GND,R1104,2,B,6090,2915,1/20W_200_1%_0201,R0201_11P811
GND,R1107,1,B,6198,3562,1/20W_10K_5%_0201,R0201_11P811
GND,R1111,1,T,5458,3260,0_0201_SP,R0201_SHORT
GND,R1112,1,B,6091,2813,1/20W_100K_5%_0201,R0201_11P811
GND,R1113,1,T,5736,3009,1/20W_100K_5%_0201,R0201_11P811
GND,R1114,1,T,5841,2966,1/20W_100K_5%_0201,R0201_11P811
GND,R1201,2,T,5938,3534,1/20W_113_1%_0201,R0201_11P811
GND,R1202,2,T,5652,3561,0_0201_SP,R0201_SHORT
GND,R1203,2,T,5686,3538,0_0201_SP,R0201_SHORT
GND,R1302,2,T,5773,3325,1/20W_75K_5%_0201,R0201_11P811
GND,R1303,1,B,6102,3210,1/20W_150_1%_0201,R0201_11P811
GND,R1304,2,B,3759,2928,1/20W_150_1%_0201,R0201_11P811
GND,R1402,1,B,5312,3920,1/20W_60.4_1%_0201,R0201_11P811
GND,R1505,1,T,5725,2969,1/20W_100K_5%_0201,R0201_11P811
GND,R1513,2,T,5731,3031,1/20W_4.7K_5%_0201,R0201_11P811
GND,R1515,1,B,6224,3302,1/20W_1M_5%_0201,R0201_11P811
GND,R1524,2,B,6104,3538,1/20W_100K_5%_0201,R0201_11P811
GND,R1530,2,T,5325,2223,1/20W_100K_5%_0201,R0201_11P811
GND,R1531,2,T,5324,2201,1/20W_100K_5%_0201,R0201_11P811
GND,R1532,2,T,6557,2222,1/20W_100K_5%_0201,R0201_11P811
GND,R1533,2,B,6069,2470,1/20W_100K_5%_0201,R0201_11P811
GND,R1535,2,T,5678,2969,1/20W_100K_5%_0201,R0201_11P811
GND,R1537,2,T,5771,2969,1/20W_100K_5%_0201,R0201_11P811
GND,R1538,1,B,5742,2492,1/20W_100K_5%_0201,R0201_11P811
GND,R1539,1,T,5888,3079,1/20W_100K_5%_0201,R0201_11P811
GND,R1540,2,B,6064,2446,1/20W_100K_5%_0201,R0201_11P811
GND,R1604,2,B,5119,3897,1/20W_100_1%_0201,R0201_11P811
GND,R1804,1,T,5641,3522,1/20W_100K_5%_0201,R0201_11P811
GND,R1805,1,T,5582,3589,1/20W_100K_5%_0201,R0201_11P811
GND,R1901,2,B,6088,2835,0_0201_SP,R0201_SHORT
GND,R1902,2,T,5954,3836,0_0201_SP,R0201_SHORT
GND,R1903,2,T,3919,2892,1/20W_0_5%_0201,R0201_11P811
GND,R1904,2,B,3818,3835,1/20W_0_5%_0201,R0201_11P811
GND,R2001,2,T,4249,3615,1/20W_1K_5%_0201,R0201_11P811
GND,R2002,2,T,4422,3495,1/20W_1K_5%_0201,R0201_11P811
GND,R2003,2,T,4375,3732,1/20W_1K_5%_0201,R0201_11P811
GND,R2004,2,T,4087,3710,1/20W_49.9_1%_0201,R0201_11P811
GND,R2005,2,T,4403,3298,1/20W_1K_5%_0201,R0201_11P811
GND,R2006,1,T,4616,3817,0_0201_SP,R0201_SHORT
GND,R2108,2,B,9431,4971,1/20W_10K_5%_0201,R0201_11P811
GND,R2501,1,T,6637,1307,1/20W_0_5%_0201,R0201_11P811
GND,R2502,1,T,5971,1507,1/20W_243_1%_0201,R0201_11P811
GND,R2503,1,T,5971,1535,1/20W_0_5%_0201,R0201_11P811
GND,R2504,1,T,5266,1327,1/20W_0_5%_0201,R0201_11P811
GND,R2505,1,T,6636,1536,1/20W_243_1%_0201,R0201_11P811
GND,R2506,1,T,6635,1559,1/20W_0_5%_0201,R0201_11P811
GND,R2507,1,T,4583,1335,1/20W_0_5%_0201,R0201_11P811
GND,R2508,1,T,5264,1540,1/20W_243_1%_0201,R0201_11P811
GND,R2509,1,T,5244,1601,1/20W_0_5%_0201,R0201_11P811
GND,R2510,1,T,5950,1353,1/20W_0_5%_0201,R0201_11P811
GND,R2511,1,T,4584,1510,1/20W_243_1%_0201,R0201_11P811
GND,R2512,1,T,4584,1532,1/20W_0_5%_0201,R0201_11P811
GND,R3104,2,T,9881,4884,1/20W_10K_1%_0201,R0201_11P811
GND,R3109,2,T,9821,4775,1/20W_681K_1%_0201,R0201_11P811
GND,R3121,2,T,9488,4997,1/20W_442_1%_0201,R0201_11P811
GND,R3125,1,T,9488,4684,1/20W_634_1%_0201,R0201_11P811
GND,R3126,1,T,9578,4694,1/20W_0_5%_0201,R0201_11P811
GND,R3128,2,T,9653,4992,1/20W_10K_1%_0201,R0201_11P811
GND,R3130,1,T,9720,4706,1/20W_0_5%_0201,R0201_11P811
GND,R3206,2,B,6736,3992,1/20W_2.49K_1%_0201,R0201_11P811
GND,R3302,2,B,6736,4015,1/20W_49.9_1%_0201,R0201_11P811
GND,R3307,2,T,7300,4900,1/20W_10K_1%_0201,R0201_11P811
GND,R3308,2,T,8456,4605,1/20W_10K_1%_0201,R0201_11P811
GND,R3403,2,B,7916,3400,1/20W_10K_1%_0201,R0201_11P811
GND,R3404,2,B,7982,3326,1/20W_100K_1%_0201,R0201_11P811
GND,R3405,1,T,7469,3587,1/20W_10K_5%_0201,R0201_11P811
GND,R3406,1,T,7523,3588,1/20W_10K_5%_0201,R0201_11P811
GND,R3407,1,T,7496,3587,1/20W_10K_5%_0201,R0201_11P811
GND,R3523,2,B,8166,3617,1/20W_100K_5%_0201,R0201_11P811
GND,R35248,1,T,7952,3616,1/20W_10K_5%_0201,R0201_11P811
GND,R35249,1,T,8000,3488,1/20W_10K_5%_0201,R0201_11P811
GND,R35253,2,B,8215,3934,1/20W_100K_5%_0201,R0201_11P811
GND,R35254,2,B,8320,3942,1/20W_100K_5%_0201,R0201_11P811
GND,R3532,2,T,7004,3415,1/20W_10K_5%_0201,R0201_11P811
GND,R3533,2,T,7024,3466,1/20W_10K_5%_0201,R0201_11P811
GND,R3535,2,T,6885,4945,1/20W_10K_5%_0201,R0201_11P811
GND,R3610,2,B,7886,3976,1/20W_100K_1%_0201,R0201_11P811
GND,R3611,2,B,7949,3596,1/20W_10K_1%_0201,R0201_11P811
GND,R3612,2,B,7971,3976,1/20W_100K_1%_0201,R0201_11P811
GND,R3613,2,B,7916,3426,1/20W_100K_1%_0201,R0201_11P811
GND,R3614,2,B,7982,3349,1/20W_100K_1%_0201,R0201_11P811
GND,R3615,2,T,7555,3238,1/20W_100K_1%_0201,R0201_11P811
GND,R3616,2,T,7609,3238,1/20W_100K_1%_0201,R0201_11P811
GND,R3617,2,B,7451,3268,1/20W_100K_1%_0201,R0201_11P811
GND,R3618,2,T,7585,3238,1/20W_100K_1%_0201,R0201_11P811
GND,R3625,2,B,7903,3586,1/20W_10K_1%_0201,R0201_11P811
GND,R3803,2,B,6735,4093,1/20W_40.2_1%_0201,R0201_11P811
GND,R3804,2,B,6734,4117,1/20W_40.2_1%_0201,R0201_11P811
GND,R3901,2,T,8444,4579,1/20W_1K_1%_0201,R0201_11P811
GND,R3902,2,T,8377,4114,1/20W_121_1%_0201,R0201_11P811
GND,R3903,2,T,8404,4114,1/20W_121_1%_0201,R0201_11P811
GND,R4001,2,T,7289,4938,1/20W_1K_1%_0201,R0201_11P811
GND,R4002,2,T,7808,4911,1/20W_121_1%_0201,R0201_11P811
GND,R4003,2,T,7808,4934,1/20W_121_1%_0201,R0201_11P811
GND,R4616,2,T,10068,4947,1/20W_51.1K_1%_0201,R0201_11P811
GND,R4802,1,T,1267,2035,1/20W_10K_5%_0201,R0201_11P811
GND,R4902,1,T,6446,2903,1/20W_10K_5%_0201,R0201_11P811
GND,R5004,1,T,2889,1800,1/20W_100K_5%_0201,R0201_11P811
GND,R5007,1,T,2945,1953,1/20W_100K_5%_0201,R0201_11P811
GND,R5008,1,T,2944,2050,1/20W_100K_5%_0201,R0201_11P811
GND,R5012,1,T,2942,1808,1/20W_100K_5%_0201,R0201_11P811
GND,R5018,1,T,2944,1928,1/20W_10K_5%_0201,R0201_11P811-Y_CS20
GND,R5104,1,T,3433,2142,1/16W_1.82M_1%_0402,R0402_15P748-Y_CS20
GND,R5118,1,T,2877,1900,1/20W_1M_5%_0201,R0201_11P811-Y_CS20
GND,R5123,1,T,2602,1755,1/20W_49.9K_1%_0201,R0201_11P811
GND,R5307,1,T,903,2036,1/20W_4.99K_1%_0201,R_0201
GND,R5310,1,T,1270,2557,1/16W_4.7K_5%_0402,R0402_15P748
GND,R5311,2,T,984,2133,1/20W_4.7K_1%_0201,R0201_11P811
GND,R5315,2,T,1346,2279,1/20W_100K_5%_0201,R0201_11P811
GND,R5316,2,T,1304,2116,1/16W_4.99K_1%_0402,R0402_15P748
GND,R5317,2,B,804,2661,1/20W_100K_5%_0201,R0201_11P811
GND,R5319,2,T,1104,2133,1/20W_4.7K_1%_0201,R0201_11P811
GND,R5321,1,T,973,2551,1/20W_61.9K_1%_0201,R0201_11P811
GND,R5325,2,T,1233,2541,1/20W_4.7K_1%_0201,R0201_11P811
GND,R5413,1,B,871,3323,1/20W_10K_5%_0201,R0201_11P811
GND,R5414,1,B,932,3324,1/20W_10K_5%_0201,R0201_11P811
GND,R5415,2,B,793,3322,1/20W_100K_5%_0201,R0201_11P811
GND,R5420,1,B,1037,3324,1/20W_100_5%_0201,R0201_11P811
GND,R5427,1,B,889,2934,1/20W_1M_5%_0201,R0201_11P811
GND,R5428,1,B,889,2911,1/20W_1M_5%_0201,R0201_11P811
GND,R5607,1,B,1037,3997,1/20W_100_5%_0201,R0201_11P811
GND,R5608,1,B,871,3996,1/20W_10K_5%_0201,R0201_11P811
GND,R5609,1,B,932,3997,1/20W_10K_5%_0201,R0201_11P811
GND,R5610,2,B,795,3997,1/20W_100K_5%_0201,R0201_11P811
GND,R5627,1,B,889,3577,1/20W_1M_5%_0201,R0201_11P811
GND,R5628,1,B,889,3599,1/20W_1M_5%_0201,R0201_11P811
GND,R5904,2,T,1367,3987,1/20W_200K_1%_0201,R0201_11P811
GND,R5906,2,T,1498,3987,1/20W_200K_1%_0201,R0201_11P811
GND,R5910,1,T,1599,3564,1/20W_100K_5%_0201,R0201_11P811
GND,R5911,1,T,1621,3989,1/20W_100K_5%_0201,R0201_11P811
GND,R5912,1,T,1554,4031,1/20W_100K_5%_0201,R0201_11P811
GND,R5913,1,T,1351,3738,1/20W_100K_5%_0201,R0201_11P811
GND,R5916,2,T,1351,3761,1/20W_100K_5%_0201,R0201_11P811
GND,R5917,2,T,1311,3904,1/20W_100K_5%_0201,R0201_11P811
GND,R5918,2,T,1665,4017,1/20W_100K_5%_0201,R0201_11P811
GND,R6104,1,T,751,4319,1/20W_49.9K_1%_0201,R0201_11P811
GND,R6109,2,B,534,3756,1/20W_220K_5%_0201,R0201_11P811
GND,R6110,2,B,534,3824,1/20W_220K_5%_0201,R0201_11P811
GND,R6111,2,T,546,4015,1/20W_220K_5%_0201,R0201_11P811
GND,R6116,2,T,543,3745,1/20W_220K_5%_0201,R0201_11P811
GND,R6117,2,T,543,3813,1/20W_220K_5%_0201,R0201_11P811
GND,R6118,2,B,546,4015,1/20W_220K_5%_0201,R0201_11P811
GND,R6119,2,B,546,4083,1/20W_220K_5%_0201,R0201_11P811
GND,R6120,2,T,546,4083,1/20W_220K_5%_0201,R0201_11P811
GND,R6202,1,T,544,3560,1/20W_49.9K_1%_0201,R0201_11P811
GND,R6211,2,B,547,3084,1/20W_220K_5%_0201,R0201_11P811
GND,R6212,2,B,547,3152,1/20W_220K_5%_0201,R0201_11P811
GND,R6213,2,T,552,3348,1/20W_220K_5%_0201,R0201_11P811
GND,R6214,2,T,552,3416,1/20W_220K_5%_0201,R0201_11P811
GND,R6219,2,T,555,3084,1/20W_220K_5%_0201,R0201_11P811
GND,R6220,2,T,555,3152,1/20W_220K_5%_0201,R0201_11P811
GND,R6221,2,B,552,3348,1/20W_220K_5%_0201,R0201_11P811
GND,R6222,2,B,552,3416,1/20W_220K_5%_0201,R0201_11P811
GND,R6705,2,B,1037,1918,1/16W_22.1K_1%_0402,R0402_15P748
GND,R6706,2,B,1002,1918,1/16W_2.7M_5%_0402,R0402_15P748
GND,R7205,1,B,6253,4319,1/20W_100K_5%_0201,R0201_11P811
GND,R7218,1,T,6024,4740,1/20W_75K_5%_0201,R0201_11P811
GND,R7219,1,T,5615,3253,1/20W_20K_5%_0201,R0201_11P811
GND,R7220,1,T,5581,3325,1/20W_4.7K_1%_0201,R0201_11P811
GND,R7413,2,T,2774,3553,1/20W_100K_1%_0201,R0201_11P811
GND,R7416,1,T,3195,3493,1/20W_33K_5%_0201,R0201_11P811
GND,R7418,2,T,2624,3493,1/20W_10K_5%_0201,R0201_11P811
GND,R7444,2,T,2672,3740,1/20W_6.8K_1%_0201,R0201_11P811
GND,R7607,1,T,2096,3995,1/20W_1K_5%_0201,R0201_11P811
GND,R7608,1,T,2001,4428,1/20W_3.01K_1%_0201,R0201_11P811
GND,R7610,2,T,2159,4371,1/20W_0_5%_0201,R0201_11P811
GND,R7613,1,T,2248,4381,1/20W_10K_5%_0201,R0201_11P811
GND,R7805,1,T,1232,4597,1/8W_1M_5%_0805,R0805_23P622
GND,R7901,1,T,2288,2185,1/16W_4.7K_5%_0402,R0402_15P748
GND,R7903,1,T,2155,1862,1/16W_4.7K_5%_0402,R0402_15P748
GND,R7905,1,T,2190,1862,1/16W_4.7K_5%_0402,R0402_15P748
GND,R7906,2,T,2492,1970,1/20W_10K_5%_0201,R0201_11P811
GND,R7913,1,T,2335,1817,1/20W_10K_5%_0201,R0201_11P811
GND,R7914,1,T,2385,2281,1/20W_100K_5%_0201,R0201_11P811
GND,R7915,1,T,2529,2027,1/20W_100K_5%_0201,R0201_11P811
GND,R8003,2,T,1706,2278,1/16W_1K_5%_0402,R0402_15P748
GND,R8004,2,T,1492,1950,1/20W_100K_5%_0201,R0201_11P811
GND,R8006,2,T,2210,1737,1/20W_10K_5%_0201,R0201_11P811
GND,R8019,2,T,2212,2150,1/20W_100K_5%_0201,R0201_11P811
GND,R8039,1,T,2135,2392,1/20W_100K_5%_0201,R0201_11P811
GND,R8050,2,T,1584,1830,1/20W_100K_5%_0201,R0201_11P811
GND,R8104,1,T,1613,1743,1/20W_100K_5%_0201,R0201_11P811
GND,R8105,1,T,1710,1779,1/20W_100K_5%_0201,R0201_11P811
GND,R8106,1,T,2087,1910,1/20W_100K_5%_0201,R0201_11P811
GND,R8107,1,T,1490,1911,1/20W_100K_5%_0201,R0201_11P811
GND,R8108,1,T,1685,1779,1/20W_100K_5%_0201,R0201_11P811
GND,R8109,1,T,1925,1779,1/20W_100K_5%_0201,R0201_11P811
GND,R8205,2,T,1584,2182,1/20W_100K_5%_0201,R0201_11P811
GND,R8206,1,T,1800,1544,1/20W_10K_5%_0201,R0201_11P811
GND,R8219,1,T,1687,1750,1/20W_10K_5%_0201,R0201_11P811
GND,R8234,1,T,1883,1662,1/20W_100K_5%_0201,R0201_11P811
GND,R8244,1,T,2210,1779,1/20W_100K_5%_0201,R0201_11P811
GND,R8404,1,T,900,1335,1/20W_100K_5%_0201,R0201_11P811
GND,R8502,2,B,976,1275,0_0201_SP,R0201_SHORT
GND,R8515,1,B,990,1251,0_0201_SP,R0201_SHORT
GND,R8702,2,T,1517,1669,1/20W_10K_5%_0201,R0201_11P811
GND,R9315,1,T,1373,975,1/16W_100K_5%_0402,R0402_15P748
GND,R9317,2,T,1321,975,1/16W_100K_5%_0402,R0402_15P748
GND,R9319,1,T,1411,976,1/16W_100K_5%_0402,R0402_15P748
GND,R9401,1,T,3204,5270,1/20W_100K_5%_0201,R0201_11P811
GND,R9403,1,T,1688,3100,1/20W_47K_5%_0201,R0201_11P811
GND,R9845,1,B,6090,2961,1/20W_10K_5%_0201,R0201_11P811-Y_CS20
GND,R99237,2,T,5831,3327,1/20W_100K_5%_0201,R0201_11P811
GND,R99238,1,T,5518,3024,1/20W_10K_5%_0201,R0201_11P811
GND,R99254,1,T,5560,3034,1/20W_10K_5%_0201,R0201_11P811
GND,RT4301,1,B,1116,4559,PANAS_ERTJ0EG103FA,R0402_15P748
GND,RT4302,1,B,1045,2228,PANAS_ERTJ0EG103FA,R0402_15P748
GND,RT4303,1,B,4958,4861,PANAS_ERTJ0EG103FA,R0402_15P748
GND,RT4304,1,T,5329,1836,PANAS_ERTJ0EG103FA,R0402_15P748
GND,RT4305,1,B,7918,4880,PANAS_ERTJ0EG103FA,R0402_15P748
GND,RT4306,1,B,9054,4870,PANAS_ERTJ0EG103FA,R0402_15P748
GND,RT5116,2,T,1838,3533,540_0402NEW_30%_PRF15BB541NB6RC,R0402_15P748-Y_CS20
GND,S1,2,B,9642,4359,SKTKABE010_4P,SW_SKTKABE010_4P
GND,S1,3,B,9642,4588,SKTKABE010_4P,SW_SKTKABE010_4P
GND,S1501,2,B,7813,1567,SPVR310200_4P,SW_SPVR310200_4P
GND,S9501,3,B,928,2095,SKRPABE010_4P,SW_SKRPABE010_4P-Y_CS20
GND,S9501,4,B,765,2095,SKRPABE010_4P,SW_SKRPABE010_4P-Y_CS20
GND,ST3,1,B,3937,4188,HOLEA,PAD_C6P8
GND,ST4,1,B,3937,2613,HOLEA,PAD_C6P8
GND,ST5,1,B,5906,4188,HOLEA,PAD_C6P8
GND,ST6,1,B,5907,2614,HOLEA,PAD_C6P8
GND,ST7,1,B,6980,4663,HOLEA,PAD_C6P8
GND,ST8,1,B,7807,2968,HOLEA,PAD_C6P8
GND,TB_TP1323,1,B,2614,1434,,
GND,TB_TP1324,1,B,8029,3378,,
GND,TB_TP1325,1,B,1680,4858,,
GND,TB_TP1326,1,B,7930,1912,,
GND,TB_TP1327,1,B,7148,2062,,
GND,TB_TP1328,1,B,2558,1389,,
GND,TB_TP1329,1,B,6725,4293,,
GND,TB_TP1330,1,T,7134,4863,,
GND,TB_TP1331,1,T,7392,2385,,
GND,TB_TP1332,1,B,6966,3090,,
GND,TB_TP1333,1,B,2834,990,,
GND,TB_TP1334,1,T,8790,4596,,
GND,TB_TP1335,1,T,4009,967,,
GND,TB_TP1336,1,T,9204,4273,,
GND,TB_TP1337,1,B,9937,4806,,
GND,TB_TP1338,1,B,2688,5885,,
GND,TB_TP1339,1,B,794,4173,,
GND,TB_TP1340,1,T,817,4128,,
GND,TB_TP1341,1,T,2897,4303,,
GND,TB_TP1342,1,T,2678,4556,,
GND,TB_TP1343,1,T,995,2795,,
GND,TB_TP1344,1,T,4687,4956,,
GND,TB_TP1345,1,T,5063,4982,,
GND,TB_TP1346,1,T,4233,4977,,
GND,TB_TP1347,1,T,3774,4978,,
GND,TB_TP1348,1,T,5481,4733,,
GND,TB_TP1349,1,B,3633,4789,,
GND,TB_TP1350,1,B,4957,5077,,
GND,TB_TP1351,1,B,5449,4929,,
GND,TB_TP1352,1,B,4609,5191,,
GND,TB_TP1353,1,B,4165,5203,,
GND,TP1003,1,T,5139,3569,Test_Point_16MIL,TPC16
GND,TP5403,1,T,2238,3993,Test_Point_16MIL,TPC16
GND,TP8002,1,T,1712,2354,Test_Point_16MIL,TPC16
GND,U1501,3,B,6096,2466,SN74LVC1G17DRLR_SOT-5,SN74LVC1G17DRLR_SOT-5
GND,U2203,4,B,2719,3990,W25R256JVEIN_WSON8_8X6,W25R256JVEIN_WSON8_8X6
GND,U2501,A2,T,5573,1615,K4A8G165WB-BCPB_FBGA96,K4ABG165WA-MCTD_FBGA_96P-T_3SILK
GND,U2501,A8,T,5762,1615,K4A8G165WB-BCPB_FBGA96,K4ABG165WA-MCTD_FBGA_96P-T_3SILK
GND,U2501,B2,T,5573,1584,K4A8G165WB-BCPB_FBGA96,K4ABG165WA-MCTD_FBGA_96P-T_3SILK
GND,U2501,C9,T,5794,1552,K4A8G165WB-BCPB_FBGA96,K4ABG165WA-MCTD_FBGA_96P-T_3SILK
GND,U2501,D2,T,5573,1521,K4A8G165WB-BCPB_FBGA96,K4ABG165WA-MCTD_FBGA_96P-T_3SILK
GND,U2501,D8,T,5762,1521,K4A8G165WB-BCPB_FBGA96,K4ABG165WA-MCTD_FBGA_96P-T_3SILK
GND,U2501,E1,T,5542,1489,K4A8G165WB-BCPB_FBGA96,K4ABG165WA-MCTD_FBGA_96P-T_3SILK
GND,U2501,E3,T,5605,1489,K4A8G165WB-BCPB_FBGA96,K4ABG165WA-MCTD_FBGA_96P-T_3SILK
GND,U2501,E8,T,5762,1489,K4A8G165WB-BCPB_FBGA96,K4ABG165WA-MCTD_FBGA_96P-T_3SILK
GND,U2501,F1,T,5542,1458,K4A8G165WB-BCPB_FBGA96,K4ABG165WA-MCTD_FBGA_96P-T_3SILK
GND,U2501,G8,T,5762,1426,K4A8G165WB-BCPB_FBGA96,K4ABG165WA-MCTD_FBGA_96P-T_3SILK
GND,U2501,H1,T,5542,1395,K4A8G165WB-BCPB_FBGA96,K4ABG165WA-MCTD_FBGA_96P-T_3SILK
GND,U2501,H9,T,5794,1395,K4A8G165WB-BCPB_FBGA96,K4ABG165WA-MCTD_FBGA_96P-T_3SILK
GND,U2501,K1,T,5542,1332,K4A8G165WB-BCPB_FBGA96,K4ABG165WA-MCTD_FBGA_96P-T_3SILK
GND,U2501,K9,T,5794,1332,K4A8G165WB-BCPB_FBGA96,K4ABG165WA-MCTD_FBGA_96P-T_3SILK
GND,U2501,N1,T,5542,1237,K4A8G165WB-BCPB_FBGA96,K4ABG165WA-MCTD_FBGA_96P-T_3SILK
GND,U2501,T1,T,5542,1143,K4A8G165WB-BCPB_FBGA96,K4ABG165WA-MCTD_FBGA_96P-T_3SILK
GND,U2501,T7,T,5731,1143,K4A8G165WB-BCPB_FBGA96,K4ABG165WA-MCTD_FBGA_96P-T_3SILK
GND,U2601,A2,T,6258,1615,K4A8G165WB-BCPB_FBGA96,K4ABG165WA-MCTD_FBGA_96P-T_3SILK
GND,U2601,A8,T,6447,1615,K4A8G165WB-BCPB_FBGA96,K4ABG165WA-MCTD_FBGA_96P-T_3SILK
GND,U2601,B2,T,6258,1584,K4A8G165WB-BCPB_FBGA96,K4ABG165WA-MCTD_FBGA_96P-T_3SILK
GND,U2601,C9,T,6479,1552,K4A8G165WB-BCPB_FBGA96,K4ABG165WA-MCTD_FBGA_96P-T_3SILK
GND,U2601,D2,T,6258,1521,K4A8G165WB-BCPB_FBGA96,K4ABG165WA-MCTD_FBGA_96P-T_3SILK
GND,U2601,D8,T,6447,1521,K4A8G165WB-BCPB_FBGA96,K4ABG165WA-MCTD_FBGA_96P-T_3SILK
GND,U2601,E1,T,6227,1489,K4A8G165WB-BCPB_FBGA96,K4ABG165WA-MCTD_FBGA_96P-T_3SILK
GND,U2601,E3,T,6290,1489,K4A8G165WB-BCPB_FBGA96,K4ABG165WA-MCTD_FBGA_96P-T_3SILK
GND,U2601,E8,T,6447,1489,K4A8G165WB-BCPB_FBGA96,K4ABG165WA-MCTD_FBGA_96P-T_3SILK
GND,U2601,F1,T,6227,1458,K4A8G165WB-BCPB_FBGA96,K4ABG165WA-MCTD_FBGA_96P-T_3SILK
GND,U2601,G8,T,6447,1426,K4A8G165WB-BCPB_FBGA96,K4ABG165WA-MCTD_FBGA_96P-T_3SILK
GND,U2601,H1,T,6227,1395,K4A8G165WB-BCPB_FBGA96,K4ABG165WA-MCTD_FBGA_96P-T_3SILK
GND,U2601,H9,T,6479,1395,K4A8G165WB-BCPB_FBGA96,K4ABG165WA-MCTD_FBGA_96P-T_3SILK
GND,U2601,K1,T,6227,1332,K4A8G165WB-BCPB_FBGA96,K4ABG165WA-MCTD_FBGA_96P-T_3SILK
GND,U2601,K9,T,6479,1332,K4A8G165WB-BCPB_FBGA96,K4ABG165WA-MCTD_FBGA_96P-T_3SILK
GND,U2601,N1,T,6227,1237,K4A8G165WB-BCPB_FBGA96,K4ABG165WA-MCTD_FBGA_96P-T_3SILK
GND,U2601,T1,T,6227,1143,K4A8G165WB-BCPB_FBGA96,K4ABG165WA-MCTD_FBGA_96P-T_3SILK
GND,U2601,T7,T,6416,1143,K4A8G165WB-BCPB_FBGA96,K4ABG165WA-MCTD_FBGA_96P-T_3SILK
GND,U2701,A2,T,4888,1615,K4A8G165WB-BCPB_FBGA96,K4ABG165WA-MCTD_FBGA_96P-T_3SILK
GND,U2701,A8,T,5077,1615,K4A8G165WB-BCPB_FBGA96,K4ABG165WA-MCTD_FBGA_96P-T_3SILK
GND,U2701,B2,T,4888,1584,K4A8G165WB-BCPB_FBGA96,K4ABG165WA-MCTD_FBGA_96P-T_3SILK
GND,U2701,C9,T,5109,1552,K4A8G165WB-BCPB_FBGA96,K4ABG165WA-MCTD_FBGA_96P-T_3SILK
GND,U2701,D2,T,4888,1521,K4A8G165WB-BCPB_FBGA96,K4ABG165WA-MCTD_FBGA_96P-T_3SILK
GND,U2701,D8,T,5077,1521,K4A8G165WB-BCPB_FBGA96,K4ABG165WA-MCTD_FBGA_96P-T_3SILK
GND,U2701,E1,T,4857,1489,K4A8G165WB-BCPB_FBGA96,K4ABG165WA-MCTD_FBGA_96P-T_3SILK
GND,U2701,E3,T,4920,1489,K4A8G165WB-BCPB_FBGA96,K4ABG165WA-MCTD_FBGA_96P-T_3SILK
GND,U2701,E8,T,5077,1489,K4A8G165WB-BCPB_FBGA96,K4ABG165WA-MCTD_FBGA_96P-T_3SILK
GND,U2701,F1,T,4857,1458,K4A8G165WB-BCPB_FBGA96,K4ABG165WA-MCTD_FBGA_96P-T_3SILK
GND,U2701,G8,T,5077,1426,K4A8G165WB-BCPB_FBGA96,K4ABG165WA-MCTD_FBGA_96P-T_3SILK
GND,U2701,H1,T,4857,1395,K4A8G165WB-BCPB_FBGA96,K4ABG165WA-MCTD_FBGA_96P-T_3SILK
GND,U2701,H9,T,5109,1395,K4A8G165WB-BCPB_FBGA96,K4ABG165WA-MCTD_FBGA_96P-T_3SILK
GND,U2701,K1,T,4857,1332,K4A8G165WB-BCPB_FBGA96,K4ABG165WA-MCTD_FBGA_96P-T_3SILK
GND,U2701,K9,T,5109,1332,K4A8G165WB-BCPB_FBGA96,K4ABG165WA-MCTD_FBGA_96P-T_3SILK
GND,U2701,N1,T,4857,1237,K4A8G165WB-BCPB_FBGA96,K4ABG165WA-MCTD_FBGA_96P-T_3SILK
GND,U2701,T1,T,4857,1143,K4A8G165WB-BCPB_FBGA96,K4ABG165WA-MCTD_FBGA_96P-T_3SILK
GND,U2701,T7,T,5046,1143,K4A8G165WB-BCPB_FBGA96,K4ABG165WA-MCTD_FBGA_96P-T_3SILK
GND,U2801,A2,T,4203,1615,K4A8G165WB-BCPB_FBGA96,K4ABG165WA-MCTD_FBGA_96P-T_3SILK
GND,U2801,A8,T,4392,1615,K4A8G165WB-BCPB_FBGA96,K4ABG165WA-MCTD_FBGA_96P-T_3SILK
GND,U2801,B2,T,4203,1584,K4A8G165WB-BCPB_FBGA96,K4ABG165WA-MCTD_FBGA_96P-T_3SILK
GND,U2801,C9,T,4424,1552,K4A8G165WB-BCPB_FBGA96,K4ABG165WA-MCTD_FBGA_96P-T_3SILK
GND,U2801,D2,T,4203,1521,K4A8G165WB-BCPB_FBGA96,K4ABG165WA-MCTD_FBGA_96P-T_3SILK
GND,U2801,D8,T,4392,1521,K4A8G165WB-BCPB_FBGA96,K4ABG165WA-MCTD_FBGA_96P-T_3SILK
GND,U2801,E1,T,4172,1489,K4A8G165WB-BCPB_FBGA96,K4ABG165WA-MCTD_FBGA_96P-T_3SILK
GND,U2801,E3,T,4235,1489,K4A8G165WB-BCPB_FBGA96,K4ABG165WA-MCTD_FBGA_96P-T_3SILK
GND,U2801,E8,T,4392,1489,K4A8G165WB-BCPB_FBGA96,K4ABG165WA-MCTD_FBGA_96P-T_3SILK
GND,U2801,F1,T,4172,1458,K4A8G165WB-BCPB_FBGA96,K4ABG165WA-MCTD_FBGA_96P-T_3SILK
GND,U2801,G8,T,4392,1426,K4A8G165WB-BCPB_FBGA96,K4ABG165WA-MCTD_FBGA_96P-T_3SILK
GND,U2801,H1,T,4172,1395,K4A8G165WB-BCPB_FBGA96,K4ABG165WA-MCTD_FBGA_96P-T_3SILK
GND,U2801,H9,T,4424,1395,K4A8G165WB-BCPB_FBGA96,K4ABG165WA-MCTD_FBGA_96P-T_3SILK
GND,U2801,K1,T,4172,1332,K4A8G165WB-BCPB_FBGA96,K4ABG165WA-MCTD_FBGA_96P-T_3SILK
GND,U2801,K9,T,4424,1332,K4A8G165WB-BCPB_FBGA96,K4ABG165WA-MCTD_FBGA_96P-T_3SILK
GND,U2801,N1,T,4172,1237,K4A8G165WB-BCPB_FBGA96,K4ABG165WA-MCTD_FBGA_96P-T_3SILK
GND,U2801,T1,T,4172,1143,K4A8G165WB-BCPB_FBGA96,K4ABG165WA-MCTD_FBGA_96P-T_3SILK
GND,U2801,T7,T,4361,1143,K4A8G165WB-BCPB_FBGA96,K4ABG165WA-MCTD_FBGA_96P-T_3SILK
GND,U3101,33,T,9648,4845,NCP45491XMNTWG_QFN32_4X4,NCP45491XMNTWG_QFN32_4X4
GND,U3201,3,B,6593,3356,MC74VHC1G09DFT2G_SC70-5,MC74VHC1G09DFT2G_SC70-5
GND,U3503,3,B,8311,3798,NL17SZ08DFT2G_SC70-5,NL17SZ08DFT2G_SC70-5
GND,U3504,3,B,8197,3735,NL17SZ08DFT2G_SC70-5,NL17SZ08DFT2G_SC70-5
GND,U3505,B1,T,7984,3563,TPS22902BYFPR_WCSP4,TPS22902BYFPR_WCSP_4P
GND,U3601,4,B,7940,3659,W25Q16JWSNIQ_SOIC8,W25Q16JWSNIQ_SOIC8
GND,U4601,3,T,10179,4924,TPS70933DRVR_WSON6_2X2,TPS70933DRVR_WSON6_2X2
GND,U4601,7,T,10140,4898,TPS70933DRVR_WSON6_2X2,TPS70933DRVR_WSON6_2X2
GND,U4801,4,T,1299,1931,LIS2DWLTR_LGA12_2X2,LIS2DWLTR_LGA12_2X2
GND,U4801,8,T,1359,1951,LIS2DWLTR_LGA12_2X2,LIS2DWLTR_LGA12_2X2
GND,U4801,9,T,1359,1971,LIS2DWLTR_LGA12_2X2,LIS2DWLTR_LGA12_2X2
GND,U4901,4,T,6451,2785,LIS2DWLTR_LGA12_2X2,LIS2DWLTR_LGA12_2X2
GND,U4901,8,T,6511,2805,LIS2DWLTR_LGA12_2X2,LIS2DWLTR_LGA12_2X2
GND,U4901,9,T,6511,2825,LIS2DWLTR_LGA12_2X2,LIS2DWLTR_LGA12_2X2
GND,U5101,A1,T,2651,1885,KTS1668EAY-TR_WLCSP12,KTS1668EAY-TR_WLCSP_12P
GND,U5101,A4,T,2698,1885,KTS1668EAY-TR_WLCSP12,KTS1668EAY-TR_WLCSP_12P
GND,U5101,B4,T,2698,1870,KTS1668EAY-TR_WLCSP12,KTS1668EAY-TR_WLCSP_12P
GND,U5101,C4,T,2698,1854,KTS1668EAY-TR_WLCSP12,KTS1668EAY-TR_WLCSP_12P
GND,U5301,6,T,977,2063,TPS74801DRCR_SON-10_3X3,TPS74801DRCR_SON-10_3X3
GND,U5301,11,T,1035,2023,TPS74801DRCR_SON-10_3X3,TPS74801DRCR_SON-10_3X3
GND,U5302,5,T,1116,2609,TPS2553DRVR_SON6_2X2,TPS2553DRVR_SON6_2X2
GND,U5302,7,T,1075,2609,TPS2553DRVR_SON6_2X2,TPS2553DRVR_SON6_2X2
GND,U5303,49,T,1137,2345,PS8409AQFN48GTR2-A2_QFN48_6X6,PS8409AQFN48GTR2-A2_QFN48_6X6
GND,U5402,4,T,1073,4344,W25Q80DVUXIE_USON8_2X3,W25Q80DVUXIE_USON8_2X3
GND,U5501,D1,T,833,2789,TPS22971YZPT_DSBGA8,TPS22971YZPT_DSBGA8P
GND,U5701,D1,T,806,3474,TPS22971YZPT_DSBGA8,TPS22971YZPT_DSBGA8P
GND,U5901,36,T,1464,3887,SN2011061RSLR_VQFN48_6X6,SN2011061RSLR_VQFN48_6X6
GND,U5901,49,T,1551,3773,SN2011061RSLR_VQFN48_6X6,SN2011061RSLR_VQFN48_6X6
GND,U6101,A4,T,756,4216,KTS1668EAY-TR_WLCSP12,KTS1668EAY-TR_WLCSP_12P
GND,U6101,B4,T,740,4216,KTS1668EAY-TR_WLCSP12,KTS1668EAY-TR_WLCSP_12P
GND,U6101,C4,T,724,4216,KTS1668EAY-TR_WLCSP12,KTS1668EAY-TR_WLCSP_12P
GND,U6102,C1,T,1125,4085,SN1904020YBFR_DSBGA16,SN1904020YBFR_DSBGA_16P
GND,U6102,C2,T,1109,4085,SN1904020YBFR_DSBGA16,SN1904020YBFR_DSBGA_16P
GND,U6102,C3,T,1094,4085,SN1904020YBFR_DSBGA16,SN1904020YBFR_DSBGA_16P
GND,U6103,3,T,718,3874,PI3USB102ZMEX_UQFN10_1P4X1P8,PI3USB102ZMEX_UQFN10_1P4X1P8
GND,U6201,A4,T,652,3580,KTS1668EAY-TR_WLCSP12,KTS1668EAY-TR_WLCSP_12P
GND,U6201,B4,T,652,3564,KTS1668EAY-TR_WLCSP12,KTS1668EAY-TR_WLCSP_12P
GND,U6201,C4,T,652,3549,KTS1668EAY-TR_WLCSP12,KTS1668EAY-TR_WLCSP_12P
GND,U6202,C1,T,1383,3479,SN1904020YBFR_DSBGA16,SN1904020YBFR_DSBGA_16P
GND,U6202,C2,T,1367,3479,SN1904020YBFR_DSBGA16,SN1904020YBFR_DSBGA_16P
GND,U6202,C3,T,1352,3479,SN1904020YBFR_DSBGA16,SN1904020YBFR_DSBGA_16P
GND,U6203,3,T,718,3202,PI3USB102ZMEX_UQFN10_1P4X1P8,PI3USB102ZMEX_UQFN10_1P4X1P8
GND,U6701,14,B,963,1816,SN1702001RTER_WQFN16_3X3,SN1702001RTER_WQFN16_3X3
GND,U6701,17,B,972,1758,SN1702001RTER_WQFN16_3X3,SN1702001RTER_WQFN16_3X3
GND,U7601,49,T,2096,4196,WGI219LM-QREF-A0_QFN48_6X6,WGI219LM-QREF-A0_QFN48_6X6
GND,U7901,9,T,2398,2004,NCT5635Y-W_QFN24_4X4,NCT5635Y-W_QFN24_4X4
GND,U7901,25,T,2307,2014,NCT5635Y-W_QFN24_4X4,NCT5635Y-W_QFN24_4X4
GND,U8001,4,B,3208,3897,W25Q256JVEIN_WSON8_8X6,W25Q256JVEIN_WSON8_8X6
GND,U8001,9,B,3045,3972,W25Q256JVEIN_WSON8_8X6,W25Q256JVEIN_WSON8_8X6
GND,U8301,49,T,1063,981,ALC3287-CG_MQFN48_6X6,ALC3287-CG_MQFN48_6X6
GND,U9502,3,T,8883,4807,2N7001TDCKR_SC70-5,2N7001TDCKR_SC70-5
GND,U9503,3,T,8992,4808,2N7001TDCKR_SC70-5,2N7001TDCKR_SC70-5
GND,U9801,2,T,7048,2924,NPCT760LAAYX_QFN32_5X5,NPCT750LABYX_QFN32_5X5
GND,U9801,9,T,7024,3066,NPCT760LAAYX_QFN32_5X5,NPCT750LABYX_QFN32_5X5
GND,U9801,16,T,6886,3066,NPCT760LAAYX_QFN32_5X5,NPCT750LABYX_QFN32_5X5
GND,U9801,23,T,6863,2924,NPCT760LAAYX_QFN32_5X5,NPCT750LABYX_QFN32_5X5
GND,U9801,32,T,7024,2881,NPCT760LAAYX_QFN32_5X5,NPCT750LABYX_QFN32_5X5
GND,U9801,33,T,6955,2973,NPCT760LAAYX_QFN32_5X5,NPCT750LABYX_QFN32_5X5
GND,UBB1,A11,B,783,3232,JHL8040RSLMN7A1_BGA105,JHL8040RSLMN7A1_BGA_105P
GND,UBB1,B1,B,964,3214,JHL8040RSLMN7A1_BGA105,JHL8040RSLMN7A1_BGA_105P
GND,UBB1,B2,B,946,3214,JHL8040RSLMN7A1_BGA105,JHL8040RSLMN7A1_BGA_105P
GND,UBB1,B11,B,783,3214,JHL8040RSLMN7A1_BGA105,JHL8040RSLMN7A1_BGA_105P
GND,UBB1,B12,B,764,3214,JHL8040RSLMN7A1_BGA105,JHL8040RSLMN7A1_BGA_105P
GND,UBB1,D1,B,964,3177,JHL8040RSLMN7A1_BGA105,JHL8040RSLMN7A1_BGA_105P
GND,UBB1,D2,B,946,3177,JHL8040RSLMN7A1_BGA105,JHL8040RSLMN7A1_BGA_105P
GND,UBB1,D11,B,783,3177,JHL8040RSLMN7A1_BGA105,JHL8040RSLMN7A1_BGA_105P
GND,UBB1,D12,B,764,3177,JHL8040RSLMN7A1_BGA105,JHL8040RSLMN7A1_BGA_105P
GND,UBB1,F1,B,964,3141,JHL8040RSLMN7A1_BGA105,JHL8040RSLMN7A1_BGA_105P
GND,UBB1,F2,B,946,3141,JHL8040RSLMN7A1_BGA105,JHL8040RSLMN7A1_BGA_105P
GND,UBB1,F3,B,915,3132,JHL8040RSLMN7A1_BGA105,JHL8040RSLMN7A1_BGA_105P
GND,UBB1,F5,B,890,3132,JHL8040RSLMN7A1_BGA105,JHL8040RSLMN7A1_BGA_105P
GND,UBB1,F7,B,839,3132,JHL8040RSLMN7A1_BGA105,JHL8040RSLMN7A1_BGA_105P
GND,UBB1,F9,B,813,3132,JHL8040RSLMN7A1_BGA105,JHL8040RSLMN7A1_BGA_105P
GND,UBB1,F11,B,783,3141,JHL8040RSLMN7A1_BGA105,JHL8040RSLMN7A1_BGA_105P
GND,UBB1,F12,B,764,3141,JHL8040RSLMN7A1_BGA105,JHL8040RSLMN7A1_BGA_105P
GND,UBB1,G5,B,890,3107,JHL8040RSLMN7A1_BGA105,JHL8040RSLMN7A1_BGA_105P
GND,UBB1,G7,B,839,3107,JHL8040RSLMN7A1_BGA105,JHL8040RSLMN7A1_BGA_105P
GND,UBB1,H1,B,964,3105,JHL8040RSLMN7A1_BGA105,JHL8040RSLMN7A1_BGA_105P
GND,UBB1,H2,B,946,3105,JHL8040RSLMN7A1_BGA105,JHL8040RSLMN7A1_BGA_105P
GND,UBB1,H11,B,783,3105,JHL8040RSLMN7A1_BGA105,JHL8040RSLMN7A1_BGA_105P
GND,UBB1,H12,B,764,3105,JHL8040RSLMN7A1_BGA105,JHL8040RSLMN7A1_BGA_105P
GND,UBB1,J9,B,813,3081,JHL8040RSLMN7A1_BGA105,JHL8040RSLMN7A1_BGA_105P
GND,UBB1,K1,B,964,3069,JHL8040RSLMN7A1_BGA105,JHL8040RSLMN7A1_BGA_105P
GND,UBB1,K2,B,946,3069,JHL8040RSLMN7A1_BGA105,JHL8040RSLMN7A1_BGA_105P
GND,UBB1,K11,B,783,3069,JHL8040RSLMN7A1_BGA105,JHL8040RSLMN7A1_BGA_105P
GND,UBB1,K12,B,764,3069,JHL8040RSLMN7A1_BGA105,JHL8040RSLMN7A1_BGA_105P
GND,UBB1,L12,B,764,3051,JHL8040RSLMN7A1_BGA105,JHL8040RSLMN7A1_BGA_105P
GND,UBB1,M2,B,946,3033,JHL8040RSLMN7A1_BGA105,JHL8040RSLMN7A1_BGA_105P
GND,UBB1,M3,B,927,3033,JHL8040RSLMN7A1_BGA105,JHL8040RSLMN7A1_BGA_105P
GND,UBB1,M12,B,764,3033,JHL8040RSLMN7A1_BGA105,JHL8040RSLMN7A1_BGA_105P
GND,UBB2,A11,B,783,3905,JHL8040RSLMN7A1_BGA105,JHL8040RSLMN7A1_BGA_105P
GND,UBB2,B1,B,964,3886,JHL8040RSLMN7A1_BGA105,JHL8040RSLMN7A1_BGA_105P
GND,UBB2,B2,B,946,3886,JHL8040RSLMN7A1_BGA105,JHL8040RSLMN7A1_BGA_105P
GND,UBB2,B11,B,783,3886,JHL8040RSLMN7A1_BGA105,JHL8040RSLMN7A1_BGA_105P
GND,UBB2,B12,B,764,3886,JHL8040RSLMN7A1_BGA105,JHL8040RSLMN7A1_BGA_105P
GND,UBB2,D1,B,964,3850,JHL8040RSLMN7A1_BGA105,JHL8040RSLMN7A1_BGA_105P
GND,UBB2,D2,B,946,3850,JHL8040RSLMN7A1_BGA105,JHL8040RSLMN7A1_BGA_105P
GND,UBB2,D11,B,783,3850,JHL8040RSLMN7A1_BGA105,JHL8040RSLMN7A1_BGA_105P
GND,UBB2,D12,B,764,3850,JHL8040RSLMN7A1_BGA105,JHL8040RSLMN7A1_BGA_105P
GND,UBB2,F1,B,964,3814,JHL8040RSLMN7A1_BGA105,JHL8040RSLMN7A1_BGA_105P
GND,UBB2,F2,B,946,3814,JHL8040RSLMN7A1_BGA105,JHL8040RSLMN7A1_BGA_105P
GND,UBB2,F3,B,915,3805,JHL8040RSLMN7A1_BGA105,JHL8040RSLMN7A1_BGA_105P
GND,UBB2,F5,B,890,3805,JHL8040RSLMN7A1_BGA105,JHL8040RSLMN7A1_BGA_105P
GND,UBB2,F7,B,839,3805,JHL8040RSLMN7A1_BGA105,JHL8040RSLMN7A1_BGA_105P
GND,UBB2,F9,B,813,3805,JHL8040RSLMN7A1_BGA105,JHL8040RSLMN7A1_BGA_105P
GND,UBB2,F11,B,783,3814,JHL8040RSLMN7A1_BGA105,JHL8040RSLMN7A1_BGA_105P
GND,UBB2,F12,B,764,3814,JHL8040RSLMN7A1_BGA105,JHL8040RSLMN7A1_BGA_105P
GND,UBB2,G5,B,890,3779,JHL8040RSLMN7A1_BGA105,JHL8040RSLMN7A1_BGA_105P
GND,UBB2,G7,B,839,3779,JHL8040RSLMN7A1_BGA105,JHL8040RSLMN7A1_BGA_105P
GND,UBB2,H1,B,964,3778,JHL8040RSLMN7A1_BGA105,JHL8040RSLMN7A1_BGA_105P
GND,UBB2,H2,B,946,3778,JHL8040RSLMN7A1_BGA105,JHL8040RSLMN7A1_BGA_105P
GND,UBB2,H11,B,783,3778,JHL8040RSLMN7A1_BGA105,JHL8040RSLMN7A1_BGA_105P
GND,UBB2,H12,B,764,3778,JHL8040RSLMN7A1_BGA105,JHL8040RSLMN7A1_BGA_105P
GND,UBB2,J9,B,813,3754,JHL8040RSLMN7A1_BGA105,JHL8040RSLMN7A1_BGA_105P
GND,UBB2,K1,B,964,3742,JHL8040RSLMN7A1_BGA105,JHL8040RSLMN7A1_BGA_105P
GND,UBB2,K2,B,946,3742,JHL8040RSLMN7A1_BGA105,JHL8040RSLMN7A1_BGA_105P
GND,UBB2,K11,B,783,3742,JHL8040RSLMN7A1_BGA105,JHL8040RSLMN7A1_BGA_105P
GND,UBB2,K12,B,764,3742,JHL8040RSLMN7A1_BGA105,JHL8040RSLMN7A1_BGA_105P
GND,UBB2,L12,B,764,3723,JHL8040RSLMN7A1_BGA105,JHL8040RSLMN7A1_BGA_105P
GND,UBB2,M2,B,946,3705,JHL8040RSLMN7A1_BGA105,JHL8040RSLMN7A1_BGA_105P
GND,UBB2,M3,B,927,3705,JHL8040RSLMN7A1_BGA105,JHL8040RSLMN7A1_BGA_105P
GND,UBB2,M12,B,764,3705,JHL8040RSLMN7A1_BGA105,JHL8040RSLMN7A1_BGA_105P
GND,UCPU1,A60,B,3959,2906,ALDERLAKE-P-CPU_BGA1744,ALDERLAKE-P-CPU_BGA_1744P-T
GND,UCPU1,B58,B,3984,2939,ALDERLAKE-P-CPU_BGA1744,ALDERLAKE-P-CPU_BGA_1744P-T
GND,UCPU1,D53,B,4005,3004,ALDERLAKE-P-CPU_BGA1744,ALDERLAKE-P-CPU_BGA_1744P-T
GND,UCPU1,D56,B,4009,2964,ALDERLAKE-P-CPU_BGA1744,ALDERLAKE-P-CPU_BGA_1744P-T
GND,UCPU1,D58,B,4009,2939,ALDERLAKE-P-CPU_BGA1744,ALDERLAKE-P-CPU_BGA_1744P-T
GND,UCPU1,D59,B,4009,2913,ALDERLAKE-P-CPU_BGA1744,ALDERLAKE-P-CPU_BGA_1744P-T
GND,UCPU1,E61,B,4028,2888,ALDERLAKE-P-CPU_BGA1744,ALDERLAKE-P-CPU_BGA_1744P-T
GND,UCPU1,F56,B,4040,2967,ALDERLAKE-P-CPU_BGA1744,ALDERLAKE-P-CPU_BGA_1744P-T
GND,UCPU1,F59,B,4035,2913,ALDERLAKE-P-CPU_BGA1744,ALDERLAKE-P-CPU_BGA_1744P-T
GND,UCPU1,G61,B,4054,2888,ALDERLAKE-P-CPU_BGA1744,ALDERLAKE-P-CPU_BGA_1744P-T
GND,UCPU1,H58,B,4074,2935,ALDERLAKE-P-CPU_BGA1744,ALDERLAKE-P-CPU_BGA_1744P-T
GND,UCPU1,H59,B,4067,2910,ALDERLAKE-P-CPU_BGA1744,ALDERLAKE-P-CPU_BGA_1744P-T
GND,UCPU1,J55,B,4092,2974,ALDERLAKE-P-CPU_BGA1744,ALDERLAKE-P-CPU_BGA_1744P-T
GND,UCPU1,L54,B,4118,2995,ALDERLAKE-P-CPU_BGA1744,ALDERLAKE-P-CPU_BGA_1744P-T
GND,UCPU1,M59,B,4131,2910,ALDERLAKE-P-CPU_BGA1744,ALDERLAKE-P-CPU_BGA_1744P-T
GND,UCPU1,M57,B,4131,2947,ALDERLAKE-P-CPU_BGA1744,ALDERLAKE-P-CPU_BGA_1744P-T
GND,UCPU1,N54,B,4143,2995,ALDERLAKE-P-CPU_BGA1744,ALDERLAKE-P-CPU_BGA_1744P-T
GND,UCPU1,P55,B,4169,2974,ALDERLAKE-P-CPU_BGA1744,ALDERLAKE-P-CPU_BGA_1744P-T
GND,UCPU1,R58,B,4182,2928,ALDERLAKE-P-CPU_BGA1744,ALDERLAKE-P-CPU_BGA_1744P-T
GND,UCPU1,V55,B,4234,2974,ALDERLAKE-P-CPU_BGA1744,ALDERLAKE-P-CPU_BGA_1744P-T
GND,UCPU1,V58,B,4221,2928,ALDERLAKE-P-CPU_BGA1744,ALDERLAKE-P-CPU_BGA_1744P-T
GND,UCPU1,Y54,B,4259,2995,ALDERLAKE-P-CPU_BGA1744,ALDERLAKE-P-CPU_BGA_1744P-T
GND,UCPU1,AA57,B,4272,2947,ALDERLAKE-P-CPU_BGA1744,ALDERLAKE-P-CPU_BGA_1744P-T
GND,UCPU1,AB54,B,4285,2995,ALDERLAKE-P-CPU_BGA1744,ALDERLAKE-P-CPU_BGA_1744P-T
GND,UCPU1,AC55,B,4310,2974,ALDERLAKE-P-CPU_BGA1744,ALDERLAKE-P-CPU_BGA_1744P-T
GND,UCPU1,AD58,B,4323,2928,ALDERLAKE-P-CPU_BGA1744,ALDERLAKE-P-CPU_BGA_1744P-T
GND,UCPU1,AG55,B,4375,2974,ALDERLAKE-P-CPU_BGA1744,ALDERLAKE-P-CPU_BGA_1744P-T
GND,UCPU1,AG58,B,4362,2928,ALDERLAKE-P-CPU_BGA1744,ALDERLAKE-P-CPU_BGA_1744P-T
GND,UCPU1,AA59,B,4272,2910,ALDERLAKE-P-CPU_BGA1744,ALDERLAKE-P-CPU_BGA_1744P-T
GND,UCPU1,AJ54,B,4401,2995,ALDERLAKE-P-CPU_BGA1744,ALDERLAKE-P-CPU_BGA_1744P-T
GND,UCPU1,AK57,B,4414,2947,ALDERLAKE-P-CPU_BGA1744,ALDERLAKE-P-CPU_BGA_1744P-T
GND,UCPU1,AL54,B,4426,2995,ALDERLAKE-P-CPU_BGA1744,ALDERLAKE-P-CPU_BGA_1744P-T
GND,UCPU1,AM55,B,4452,2974,ALDERLAKE-P-CPU_BGA1744,ALDERLAKE-P-CPU_BGA_1744P-T
GND,UCPU1,AN58,B,4465,2928,ALDERLAKE-P-CPU_BGA1744,ALDERLAKE-P-CPU_BGA_1744P-T
GND,UCPU1,AP55,B,4477,2974,ALDERLAKE-P-CPU_BGA1744,ALDERLAKE-P-CPU_BGA_1744P-T
GND,UCPU1,AR54,B,4503,2995,ALDERLAKE-P-CPU_BGA1744,ALDERLAKE-P-CPU_BGA_1744P-T
GND,UCPU1,AK59,B,4414,2910,ALDERLAKE-P-CPU_BGA1744,ALDERLAKE-P-CPU_BGA_1744P-T
GND,UCPU1,AT57,B,4516,2947,ALDERLAKE-P-CPU_BGA1744,ALDERLAKE-P-CPU_BGA_1744P-T
GND,UCPU1,AU54,B,4529,2995,ALDERLAKE-P-CPU_BGA1744,ALDERLAKE-P-CPU_BGA_1744P-T
GND,UCPU1,AW55,B,4554,2974,ALDERLAKE-P-CPU_BGA1744,ALDERLAKE-P-CPU_BGA_1744P-T
GND,UCPU1,AY55,B,4580,2974,ALDERLAKE-P-CPU_BGA1744,ALDERLAKE-P-CPU_BGA_1744P-T
GND,UCPU1,AY58,B,4567,2928,ALDERLAKE-P-CPU_BGA1744,ALDERLAKE-P-CPU_BGA_1744P-T
GND,UCPU1,BB54,B,4605,2995,ALDERLAKE-P-CPU_BGA1744,ALDERLAKE-P-CPU_BGA_1744P-T
GND,UCPU1,BC57,B,4618,2947,ALDERLAKE-P-CPU_BGA1744,ALDERLAKE-P-CPU_BGA_1744P-T
GND,UCPU1,BD54,B,4631,2995,ALDERLAKE-P-CPU_BGA1744,ALDERLAKE-P-CPU_BGA_1744P-T
GND,UCPU1,AT59,B,4516,2910,ALDERLAKE-P-CPU_BGA1744,ALDERLAKE-P-CPU_BGA_1744P-T
GND,UCPU1,BC59,B,4618,2910,ALDERLAKE-P-CPU_BGA1744,ALDERLAKE-P-CPU_BGA_1744P-T
GND,UCPU1,BE55,B,4656,2974,ALDERLAKE-P-CPU_BGA1744,ALDERLAKE-P-CPU_BGA_1744P-T
GND,UCPU1,BF58,B,4669,2928,ALDERLAKE-P-CPU_BGA1744,ALDERLAKE-P-CPU_BGA_1744P-T
GND,UCPU1,BH58,B,4708,2928,ALDERLAKE-P-CPU_BGA1744,ALDERLAKE-P-CPU_BGA_1744P-T
GND,UCPU1,BJ55,B,4721,2974,ALDERLAKE-P-CPU_BGA1744,ALDERLAKE-P-CPU_BGA_1744P-T
GND,UCPU1,BL54,B,4747,2995,ALDERLAKE-P-CPU_BGA1744,ALDERLAKE-P-CPU_BGA_1744P-T
GND,UCPU1,BM57,B,4760,2947,ALDERLAKE-P-CPU_BGA1744,ALDERLAKE-P-CPU_BGA_1744P-T
GND,UCPU1,BM59,B,4760,2910,ALDERLAKE-P-CPU_BGA1744,ALDERLAKE-P-CPU_BGA_1744P-T
GND,UCPU1,BN54,B,4772,2995,ALDERLAKE-P-CPU_BGA1744,ALDERLAKE-P-CPU_BGA_1744P-T
GND,UCPU1,BP55,B,4798,2974,ALDERLAKE-P-CPU_BGA1744,ALDERLAKE-P-CPU_BGA_1744P-T
GND,UCPU1,BR58,B,4811,2928,ALDERLAKE-P-CPU_BGA1744,ALDERLAKE-P-CPU_BGA_1744P-T
GND,UCPU1,BT55,B,4823,2974,ALDERLAKE-P-CPU_BGA1744,ALDERLAKE-P-CPU_BGA_1744P-T
GND,UCPU1,BU54,B,4849,2995,ALDERLAKE-P-CPU_BGA1744,ALDERLAKE-P-CPU_BGA_1744P-T
GND,UCPU1,BV57,B,4862,2947,ALDERLAKE-P-CPU_BGA1744,ALDERLAKE-P-CPU_BGA_1744P-T
GND,UCPU1,BW54,B,4875,2995,ALDERLAKE-P-CPU_BGA1744,ALDERLAKE-P-CPU_BGA_1744P-T
GND,UCPU1,BV59,B,4862,2910,ALDERLAKE-P-CPU_BGA1744,ALDERLAKE-P-CPU_BGA_1744P-T
GND,UCPU1,CA55,B,4900,2974,ALDERLAKE-P-CPU_BGA1744,ALDERLAKE-P-CPU_BGA_1744P-T
GND,UCPU1,CA58,B,4913,2928,ALDERLAKE-P-CPU_BGA1744,ALDERLAKE-P-CPU_BGA_1744P-T
GND,UCPU1,CD58,B,4952,2928,ALDERLAKE-P-CPU_BGA1744,ALDERLAKE-P-CPU_BGA_1744P-T
GND,UCPU1,CE55,B,4965,2974,ALDERLAKE-P-CPU_BGA1744,ALDERLAKE-P-CPU_BGA_1744P-T
GND,UCPU1,CF54,B,4990,2995,ALDERLAKE-P-CPU_BGA1744,ALDERLAKE-P-CPU_BGA_1744P-T
GND,UCPU1,CG57,B,5003,2947,ALDERLAKE-P-CPU_BGA1744,ALDERLAKE-P-CPU_BGA_1744P-T
GND,UCPU1,CH54,B,5016,2995,ALDERLAKE-P-CPU_BGA1744,ALDERLAKE-P-CPU_BGA_1744P-T
GND,UCPU1,CG59,B,5003,2910,ALDERLAKE-P-CPU_BGA1744,ALDERLAKE-P-CPU_BGA_1744P-T
GND,UCPU1,CK55,B,5042,2974,ALDERLAKE-P-CPU_BGA1744,ALDERLAKE-P-CPU_BGA_1744P-T
GND,UCPU1,CK58,B,5054,2928,ALDERLAKE-P-CPU_BGA1744,ALDERLAKE-P-CPU_BGA_1744P-T
GND,UCPU1,CN58,B,5093,2928,ALDERLAKE-P-CPU_BGA1744,ALDERLAKE-P-CPU_BGA_1744P-T
GND,UCPU1,CP55,B,5106,2974,ALDERLAKE-P-CPU_BGA1744,ALDERLAKE-P-CPU_BGA_1744P-T
GND,UCPU1,CR54,B,5132,2995,ALDERLAKE-P-CPU_BGA1744,ALDERLAKE-P-CPU_BGA_1744P-T
GND,UCPU1,CT57,B,5145,2947,ALDERLAKE-P-CPU_BGA1744,ALDERLAKE-P-CPU_BGA_1744P-T
GND,UCPU1,CT59,B,5145,2910,ALDERLAKE-P-CPU_BGA1744,ALDERLAKE-P-CPU_BGA_1744P-T
GND,UCPU1,CU54,B,5157,2995,ALDERLAKE-P-CPU_BGA1744,ALDERLAKE-P-CPU_BGA_1744P-T
GND,UCPU1,CW55,B,5183,2974,ALDERLAKE-P-CPU_BGA1744,ALDERLAKE-P-CPU_BGA_1744P-T
GND,UCPU1,CW58,B,5196,2928,ALDERLAKE-P-CPU_BGA1744,ALDERLAKE-P-CPU_BGA_1744P-T
GND,UCPU1,CY55,B,5209,2974,ALDERLAKE-P-CPU_BGA1744,ALDERLAKE-P-CPU_BGA_1744P-T
GND,UCPU1,DB54,B,5234,2995,ALDERLAKE-P-CPU_BGA1744,ALDERLAKE-P-CPU_BGA_1744P-T
GND,UCPU1,DC54,B,5260,2995,ALDERLAKE-P-CPU_BGA1744,ALDERLAKE-P-CPU_BGA_1744P-T
GND,UCPU1,DC57,B,5247,2947,ALDERLAKE-P-CPU_BGA1744,ALDERLAKE-P-CPU_BGA_1744P-T
GND,UCPU1,DC59,B,5247,2910,ALDERLAKE-P-CPU_BGA1744,ALDERLAKE-P-CPU_BGA_1744P-T
GND,UCPU1,DE55,B,5285,2974,ALDERLAKE-P-CPU_BGA1744,ALDERLAKE-P-CPU_BGA_1744P-T
GND,UCPU1,DF58,B,5298,2928,ALDERLAKE-P-CPU_BGA1744,ALDERLAKE-P-CPU_BGA_1744P-T
GND,UCPU1,DG55,B,5311,2974,ALDERLAKE-P-CPU_BGA1744,ALDERLAKE-P-CPU_BGA_1744P-T
GND,UCPU1,DH54,B,5336,2995,ALDERLAKE-P-CPU_BGA1744,ALDERLAKE-P-CPU_BGA_1744P-T
GND,UCPU1,DJ57,B,5349,2947,ALDERLAKE-P-CPU_BGA1744,ALDERLAKE-P-CPU_BGA_1744P-T
GND,UCPU1,DK54,B,5362,2995,ALDERLAKE-P-CPU_BGA1744,ALDERLAKE-P-CPU_BGA_1744P-T
GND,UCPU1,DM55,B,5388,2974,ALDERLAKE-P-CPU_BGA1744,ALDERLAKE-P-CPU_BGA_1744P-T
GND,UCPU1,DM58,B,5400,2928,ALDERLAKE-P-CPU_BGA1744,ALDERLAKE-P-CPU_BGA_1744P-T
GND,UCPU1,DJ59,B,5349,2910,ALDERLAKE-P-CPU_BGA1744,ALDERLAKE-P-CPU_BGA_1744P-T
GND,UCPU1,DM61,B,5400,2888,ALDERLAKE-P-CPU_BGA1744,ALDERLAKE-P-CPU_BGA_1744P-T
GND,UCPU1,DV56,B,5485,2967,ALDERLAKE-P-CPU_BGA1744,ALDERLAKE-P-CPU_BGA_1744P-T
GND,UCPU1,DV58,B,5485,2930,ALDERLAKE-P-CPU_BGA1744,ALDERLAKE-P-CPU_BGA_1744P-T
GND,UCPU1,ED56,B,5583,2967,ALDERLAKE-P-CPU_BGA1744,ALDERLAKE-P-CPU_BGA_1744P-T
GND,UCPU1,ED58,B,5583,2930,ALDERLAKE-P-CPU_BGA1744,ALDERLAKE-P-CPU_BGA_1744P-T
GND,UCPU1,ED60,B,5583,2903,ALDERLAKE-P-CPU_BGA1744,ALDERLAKE-P-CPU_BGA_1744P-T
GND,UCPU1,EK56,B,5681,2967,ALDERLAKE-P-CPU_BGA1744,ALDERLAKE-P-CPU_BGA_1744P-T
GND,UCPU1,EU56,B,5780,2962,ALDERLAKE-P-CPU_BGA1744,ALDERLAKE-P-CPU_BGA_1744P-T
GND,UCPU1,EU58,B,5785,2926,ALDERLAKE-P-CPU_BGA1744,ALDERLAKE-P-CPU_BGA_1744P-T
GND,UCPU1,EK58,B,5681,2930,ALDERLAKE-P-CPU_BGA1744,ALDERLAKE-P-CPU_BGA_1744P-T
GND,UCPU1,ER61,B,5763,2888,ALDERLAKE-P-CPU_BGA1744,ALDERLAKE-P-CPU_BGA_1744P-T
GND,UCPU1,FB61,B,5865,2888,ALDERLAKE-P-CPU_BGA1744,ALDERLAKE-P-CPU_BGA_1744P-T
GND,UCPU1,FB59,B,5859,2913,ALDERLAKE-P-CPU_BGA1744,ALDERLAKE-P-CPU_BGA_1744P-T
GND,UCPU1,FC58,B,5883,2932,ALDERLAKE-P-CPU_BGA1744,ALDERLAKE-P-CPU_BGA_1744P-T
GND,UCPU1,EV59,B,5808,2913,ALDERLAKE-P-CPU_BGA1744,ALDERLAKE-P-CPU_BGA_1744P-T
GND,UCPU1,EW61,B,5814,2888,ALDERLAKE-P-CPU_BGA1744,ALDERLAKE-P-CPU_BGA_1744P-T
GND,UCPU1,EY56,B,5833,2964,ALDERLAKE-P-CPU_BGA1744,ALDERLAKE-P-CPU_BGA_1744P-T
GND,UCPU1,EY58,B,5833,2939,ALDERLAKE-P-CPU_BGA1744,ALDERLAKE-P-CPU_BGA_1744P-T
GND,UCPU1,EY59,B,5833,2913,ALDERLAKE-P-CPU_BGA1744,ALDERLAKE-P-CPU_BGA_1744P-T
GND,UCPU1,FC55,B,5883,2983,ALDERLAKE-P-CPU_BGA1744,ALDERLAKE-P-CPU_BGA_1744P-T
GND,UCPU1,FC56,B,5883,2957,ALDERLAKE-P-CPU_BGA1744,ALDERLAKE-P-CPU_BGA_1744P-T
GND,UCPU1,A53,B,3959,3009,ALDERLAKE-P-CPU_BGA1744,ALDERLAKE-P-CPU_BGA_1744P-T
GND,UCPU1,C47,B,3999,3112,ALDERLAKE-P-CPU_BGA1744,ALDERLAKE-P-CPU_BGA_1744P-T
GND,UCPU1,A47,B,3959,3112,ALDERLAKE-P-CPU_BGA1744,ALDERLAKE-P-CPU_BGA_1744P-T
GND,UCPU1,B50,B,3981,3060,ALDERLAKE-P-CPU_BGA1744,ALDERLAKE-P-CPU_BGA_1744P-T
GND,UCPU1,E50,B,4018,3060,ALDERLAKE-P-CPU_BGA1744,ALDERLAKE-P-CPU_BGA_1744P-T
GND,UCPU1,F46,B,4045,3124,ALDERLAKE-P-CPU_BGA1744,ALDERLAKE-P-CPU_BGA_1744P-T
GND,UCPU1,F47,B,4045,3099,ALDERLAKE-P-CPU_BGA1744,ALDERLAKE-P-CPU_BGA_1744P-T
GND,UCPU1,F52,B,4045,3022,ALDERLAKE-P-CPU_BGA1744,ALDERLAKE-P-CPU_BGA_1744P-T
GND,UCPU1,G50,B,4062,3060,ALDERLAKE-P-CPU_BGA1744,ALDERLAKE-P-CPU_BGA_1744P-T
GND,UCPU1,H52,B,4067,3035,ALDERLAKE-P-CPU_BGA1744,ALDERLAKE-P-CPU_BGA_1744P-T
GND,UCPU1,J47,B,4093,3105,ALDERLAKE-P-CPU_BGA1744,ALDERLAKE-P-CPU_BGA_1744P-T
GND,UCPU1,J48,B,4080,3083,ALDERLAKE-P-CPU_BGA1744,ALDERLAKE-P-CPU_BGA_1744P-T
GND,UCPU1,J51,B,4093,3037,ALDERLAKE-P-CPU_BGA1744,ALDERLAKE-P-CPU_BGA_1744P-T
GND,UCPU1,M47,B,4131,3105,ALDERLAKE-P-CPU_BGA1744,ALDERLAKE-P-CPU_BGA_1744P-T
GND,UCPU1,N48,B,4143,3083,ALDERLAKE-P-CPU_BGA1744,ALDERLAKE-P-CPU_BGA_1744P-T
GND,UCPU1,P47,B,4168,3105,ALDERLAKE-P-CPU_BGA1744,ALDERLAKE-P-CPU_BGA_1744P-T
GND,UCPU1,P51,B,4168,3037,ALDERLAKE-P-CPU_BGA1744,ALDERLAKE-P-CPU_BGA_1744P-T
GND,UCPU1,R48,B,4182,3083,ALDERLAKE-P-CPU_BGA1744,ALDERLAKE-P-CPU_BGA_1744P-T
GND,UCPU1,T52,B,4201,3035,ALDERLAKE-P-CPU_BGA1744,ALDERLAKE-P-CPU_BGA_1744P-T
GND,UCPU1,U46,B,4220,3126,ALDERLAKE-P-CPU_BGA1744,ALDERLAKE-P-CPU_BGA_1744P-T
GND,UCPU1,V51,B,4234,3037,ALDERLAKE-P-CPU_BGA1744,ALDERLAKE-P-CPU_BGA_1744P-T
GND,UCPU1,Y47,B,4257,3099,ALDERLAKE-P-CPU_BGA1744,ALDERLAKE-P-CPU_BGA_1744P-T
GND,UCPU1,Y49,B,4260,3070,ALDERLAKE-P-CPU_BGA1744,ALDERLAKE-P-CPU_BGA_1744P-T
GND,UCPU1,AC51,B,4310,3037,ALDERLAKE-P-CPU_BGA1744,ALDERLAKE-P-CPU_BGA_1744P-T
GND,UCPU1,AD46,B,4323,3127,ALDERLAKE-P-CPU_BGA1744,ALDERLAKE-P-CPU_BGA_1744P-T
GND,UCPU1,AD48,B,4323,3083,ALDERLAKE-P-CPU_BGA1744,ALDERLAKE-P-CPU_BGA_1744P-T
GND,UCPU1,AE52,B,4343,3035,ALDERLAKE-P-CPU_BGA1744,ALDERLAKE-P-CPU_BGA_1744P-T
GND,UCPU1,AF46,B,4362,3126,ALDERLAKE-P-CPU_BGA1744,ALDERLAKE-P-CPU_BGA_1744P-T
GND,UCPU1,AG51,B,4376,3037,ALDERLAKE-P-CPU_BGA1744,ALDERLAKE-P-CPU_BGA_1744P-T
GND,UCPU1,AJ47,B,4398,3099,ALDERLAKE-P-CPU_BGA1744,ALDERLAKE-P-CPU_BGA_1744P-T
GND,UCPU1,AJ49,B,4402,3070,ALDERLAKE-P-CPU_BGA1744,ALDERLAKE-P-CPU_BGA_1744P-T
GND,UCPU1,AM51,B,4451,3037,ALDERLAKE-P-CPU_BGA1744,ALDERLAKE-P-CPU_BGA_1744P-T
GND,UCPU1,AN46,B,4465,3127,ALDERLAKE-P-CPU_BGA1744,ALDERLAKE-P-CPU_BGA_1744P-T
GND,UCPU1,AN48,B,4465,3083,ALDERLAKE-P-CPU_BGA1744,ALDERLAKE-P-CPU_BGA_1744P-T
GND,UCPU1,AP51,B,4478,3037,ALDERLAKE-P-CPU_BGA1744,ALDERLAKE-P-CPU_BGA_1744P-T
GND,UCPU1,AT47,B,4516,3105,ALDERLAKE-P-CPU_BGA1744,ALDERLAKE-P-CPU_BGA_1744P-T
GND,UCPU1,AW51,B,4554,3037,ALDERLAKE-P-CPU_BGA1744,ALDERLAKE-P-CPU_BGA_1744P-T
GND,UCPU1,AY46,B,4567,3127,ALDERLAKE-P-CPU_BGA1744,ALDERLAKE-P-CPU_BGA_1744P-T
GND,UCPU1,AY48,B,4567,3083,ALDERLAKE-P-CPU_BGA1744,ALDERLAKE-P-CPU_BGA_1744P-T
GND,UCPU1,AY51,B,4580,3037,ALDERLAKE-P-CPU_BGA1744,ALDERLAKE-P-CPU_BGA_1744P-T
GND,UCPU1,BC47,B,4618,3105,ALDERLAKE-P-CPU_BGA1744,ALDERLAKE-P-CPU_BGA_1744P-T
GND,UCPU1,BE51,B,4656,3037,ALDERLAKE-P-CPU_BGA1744,ALDERLAKE-P-CPU_BGA_1744P-T
GND,UCPU1,BF46,B,4669,3127,ALDERLAKE-P-CPU_BGA1744,ALDERLAKE-P-CPU_BGA_1744P-T
GND,UCPU1,BF48,B,4669,3083,ALDERLAKE-P-CPU_BGA1744,ALDERLAKE-P-CPU_BGA_1744P-T
GND,UCPU1,BG52,B,4689,3035,ALDERLAKE-P-CPU_BGA1744,ALDERLAKE-P-CPU_BGA_1744P-T
GND,UCPU1,BH46,B,4708,3127,ALDERLAKE-P-CPU_BGA1744,ALDERLAKE-P-CPU_BGA_1744P-T
GND,UCPU1,BH48,B,4708,3083,ALDERLAKE-P-CPU_BGA1744,ALDERLAKE-P-CPU_BGA_1744P-T
GND,UCPU1,BJ51,B,4722,3037,ALDERLAKE-P-CPU_BGA1744,ALDERLAKE-P-CPU_BGA_1744P-T
GND,UCPU1,BM47,B,4760,3105,ALDERLAKE-P-CPU_BGA1744,ALDERLAKE-P-CPU_BGA_1744P-T
GND,UCPU1,BP51,B,4797,3037,ALDERLAKE-P-CPU_BGA1744,ALDERLAKE-P-CPU_BGA_1744P-T
GND,UCPU1,BR46,B,4811,3127,ALDERLAKE-P-CPU_BGA1744,ALDERLAKE-P-CPU_BGA_1744P-T
GND,UCPU1,BR48,B,4811,3083,ALDERLAKE-P-CPU_BGA1744,ALDERLAKE-P-CPU_BGA_1744P-T
GND,UCPU1,BT51,B,4824,3037,ALDERLAKE-P-CPU_BGA1744,ALDERLAKE-P-CPU_BGA_1744P-T
GND,UCPU1,BV47,B,4862,3105,ALDERLAKE-P-CPU_BGA1744,ALDERLAKE-P-CPU_BGA_1744P-T
GND,UCPU1,CA46,B,4913,3127,ALDERLAKE-P-CPU_BGA1744,ALDERLAKE-P-CPU_BGA_1744P-T
GND,UCPU1,CA48,B,4913,3083,ALDERLAKE-P-CPU_BGA1744,ALDERLAKE-P-CPU_BGA_1744P-T
GND,UCPU1,CA51,B,4900,3037,ALDERLAKE-P-CPU_BGA1744,ALDERLAKE-P-CPU_BGA_1744P-T
GND,UCPU1,CC52,B,4932,3035,ALDERLAKE-P-CPU_BGA1744,ALDERLAKE-P-CPU_BGA_1744P-T
GND,UCPU1,CD46,B,4951,3126,ALDERLAKE-P-CPU_BGA1744,ALDERLAKE-P-CPU_BGA_1744P-T
GND,UCPU1,CE51,B,4965,3037,ALDERLAKE-P-CPU_BGA1744,ALDERLAKE-P-CPU_BGA_1744P-T
GND,UCPU1,CF47,B,4988,3099,ALDERLAKE-P-CPU_BGA1744,ALDERLAKE-P-CPU_BGA_1744P-T
GND,UCPU1,CF49,B,4992,3070,ALDERLAKE-P-CPU_BGA1744,ALDERLAKE-P-CPU_BGA_1744P-T
GND,UCPU1,CK46,B,5054,3127,ALDERLAKE-P-CPU_BGA1744,ALDERLAKE-P-CPU_BGA_1744P-T
GND,UCPU1,CK48,B,5054,3083,ALDERLAKE-P-CPU_BGA1744,ALDERLAKE-P-CPU_BGA_1744P-T
GND,UCPU1,CK51,B,5041,3037,ALDERLAKE-P-CPU_BGA1744,ALDERLAKE-P-CPU_BGA_1744P-T
GND,UCPU1,CM52,B,5074,3035,ALDERLAKE-P-CPU_BGA1744,ALDERLAKE-P-CPU_BGA_1744P-T
GND,UCPU1,CN46,B,5093,3126,ALDERLAKE-P-CPU_BGA1744,ALDERLAKE-P-CPU_BGA_1744P-T
GND,UCPU1,CP51,B,5107,3037,ALDERLAKE-P-CPU_BGA1744,ALDERLAKE-P-CPU_BGA_1744P-T
GND,UCPU1,CR47,B,5129,3099,ALDERLAKE-P-CPU_BGA1744,ALDERLAKE-P-CPU_BGA_1744P-T
GND,UCPU1,CR49,B,5133,3070,ALDERLAKE-P-CPU_BGA1744,ALDERLAKE-P-CPU_BGA_1744P-T
GND,UCPU1,CW46,B,5196,3127,ALDERLAKE-P-CPU_BGA1744,ALDERLAKE-P-CPU_BGA_1744P-T
GND,UCPU1,CW48,B,5196,3083,ALDERLAKE-P-CPU_BGA1744,ALDERLAKE-P-CPU_BGA_1744P-T
GND,UCPU1,CW51,B,5182,3037,ALDERLAKE-P-CPU_BGA1744,ALDERLAKE-P-CPU_BGA_1744P-T
GND,UCPU1,CY51,B,5209,3037,ALDERLAKE-P-CPU_BGA1744,ALDERLAKE-P-CPU_BGA_1744P-T
GND,UCPU1,DC47,B,5247,3105,ALDERLAKE-P-CPU_BGA1744,ALDERLAKE-P-CPU_BGA_1744P-T
GND,UCPU1,DE51,B,5285,3037,ALDERLAKE-P-CPU_BGA1744,ALDERLAKE-P-CPU_BGA_1744P-T
GND,UCPU1,DF46,B,5298,3127,ALDERLAKE-P-CPU_BGA1744,ALDERLAKE-P-CPU_BGA_1744P-T
GND,UCPU1,DF48,B,5298,3083,ALDERLAKE-P-CPU_BGA1744,ALDERLAKE-P-CPU_BGA_1744P-T
GND,UCPU1,DG51,B,5311,3037,ALDERLAKE-P-CPU_BGA1744,ALDERLAKE-P-CPU_BGA_1744P-T
GND,UCPU1,DJ47,B,5349,3105,ALDERLAKE-P-CPU_BGA1744,ALDERLAKE-P-CPU_BGA_1744P-T
GND,UCPU1,DM46,B,5400,3127,ALDERLAKE-P-CPU_BGA1744,ALDERLAKE-P-CPU_BGA_1744P-T
GND,UCPU1,DM48,B,5400,3083,ALDERLAKE-P-CPU_BGA1744,ALDERLAKE-P-CPU_BGA_1744P-T
GND,UCPU1,DM51,B,5387,3037,ALDERLAKE-P-CPU_BGA1744,ALDERLAKE-P-CPU_BGA_1744P-T
GND,UCPU1,DP46,B,5426,3127,ALDERLAKE-P-CPU_BGA1744,ALDERLAKE-P-CPU_BGA_1744P-T
GND,UCPU1,DP49,B,5426,3076,ALDERLAKE-P-CPU_BGA1744,ALDERLAKE-P-CPU_BGA_1744P-T
GND,UCPU1,DT52,B,5453,3025,ALDERLAKE-P-CPU_BGA1744,ALDERLAKE-P-CPU_BGA_1744P-T
GND,UCPU1,DV46,B,5486,3127,ALDERLAKE-P-CPU_BGA1744,ALDERLAKE-P-CPU_BGA_1744P-T
GND,UCPU1,DV49,B,5486,3076,ALDERLAKE-P-CPU_BGA1744,ALDERLAKE-P-CPU_BGA_1744P-T
GND,UCPU1,DY52,B,5520,3025,ALDERLAKE-P-CPU_BGA1744,ALDERLAKE-P-CPU_BGA_1744P-T
GND,UCPU1,EE51,B,5596,3047,ALDERLAKE-P-CPU_BGA1744,ALDERLAKE-P-CPU_BGA_1744P-T
GND,UCPU1,EK51,B,5672,3047,ALDERLAKE-P-CPU_BGA1744,ALDERLAKE-P-CPU_BGA_1744P-T
GND,UCPU1,ER51,B,5749,3047,ALDERLAKE-P-CPU_BGA1744,ALDERLAKE-P-CPU_BGA_1744P-T
GND,UCPU1,EV52,B,5804,3033,ALDERLAKE-P-CPU_BGA1744,ALDERLAKE-P-CPU_BGA_1744P-T
GND,UCPU1,EY52,B,5842,3034,ALDERLAKE-P-CPU_BGA1744,ALDERLAKE-P-CPU_BGA_1744P-T
GND,UCPU1,FB48,B,5865,3088,ALDERLAKE-P-CPU_BGA1744,ALDERLAKE-P-CPU_BGA_1744P-T
GND,UCPU1,C40,B,3999,3214,ALDERLAKE-P-CPU_BGA1744,ALDERLAKE-P-CPU_BGA_1744P-T
GND,UCPU1,A40,B,3959,3214,ALDERLAKE-P-CPU_BGA1744,ALDERLAKE-P-CPU_BGA_1744P-T
GND,UCPU1,B43,B,3981,3163,ALDERLAKE-P-CPU_BGA1744,ALDERLAKE-P-CPU_BGA_1744P-T
GND,UCPU1,E43,B,4018,3163,ALDERLAKE-P-CPU_BGA1744,ALDERLAKE-P-CPU_BGA_1744P-T
GND,UCPU1,F40,B,4042,3210,ALDERLAKE-P-CPU_BGA1744,ALDERLAKE-P-CPU_BGA_1744P-T
GND,UCPU1,G42,B,4062,3189,ALDERLAKE-P-CPU_BGA1744,ALDERLAKE-P-CPU_BGA_1744P-T
GND,UCPU1,G43,B,4062,3163,ALDERLAKE-P-CPU_BGA1744,ALDERLAKE-P-CPU_BGA_1744P-T
GND,UCPU1,J39,B,4094,3236,ALDERLAKE-P-CPU_BGA1744,ALDERLAKE-P-CPU_BGA_1744P-T
GND,UCPU1,L38,B,4117,3249,ALDERLAKE-P-CPU_BGA1744,ALDERLAKE-P-CPU_BGA_1744P-T
GND,UCPU1,L40,B,4117,3223,ALDERLAKE-P-CPU_BGA1744,ALDERLAKE-P-CPU_BGA_1744P-T
GND,UCPU1,H37,B,4074,3257,ALDERLAKE-P-CPU_BGA1744,ALDERLAKE-P-CPU_BGA_1744P-T
GND,UCPU1,Y45,B,4257,3138,ALDERLAKE-P-CPU_BGA1744,ALDERLAKE-P-CPU_BGA_1744P-T
GND,UCPU1,N40,B,4157,3218,ALDERLAKE-P-CPU_BGA1744,ALDERLAKE-P-CPU_BGA_1744P-T
GND,UCPU1,N41,B,4144,3196,ALDERLAKE-P-CPU_BGA1744,ALDERLAKE-P-CPU_BGA_1744P-T
GND,UCPU1,R44,B,4186,3150,ALDERLAKE-P-CPU_BGA1744,ALDERLAKE-P-CPU_BGA_1744P-T
GND,UCPU1,T40,B,4198,3222,ALDERLAKE-P-CPU_BGA1744,ALDERLAKE-P-CPU_BGA_1744P-T
GND,UCPU1,U44,B,4212,3154,ALDERLAKE-P-CPU_BGA1744,ALDERLAKE-P-CPU_BGA_1744P-T
GND,UCPU1,V40,B,4232,3222,ALDERLAKE-P-CPU_BGA1744,ALDERLAKE-P-CPU_BGA_1744P-T
GND,UCPU1,V41,B,4221,3196,ALDERLAKE-P-CPU_BGA1744,ALDERLAKE-P-CPU_BGA_1744P-T
GND,UCPU1,W44,B,4237,3154,ALDERLAKE-P-CPU_BGA1744,ALDERLAKE-P-CPU_BGA_1744P-T
GND,UCPU1,AA40,B,4275,3222,ALDERLAKE-P-CPU_BGA1744,ALDERLAKE-P-CPU_BGA_1744P-T
GND,UCPU1,AA44,B,4272,3159,ALDERLAKE-P-CPU_BGA1744,ALDERLAKE-P-CPU_BGA_1744P-T
GND,UCPU1,AC40,B,4308,3219,ALDERLAKE-P-CPU_BGA1744,ALDERLAKE-P-CPU_BGA_1744P-T
GND,UCPU1,AC44,B,4307,3154,ALDERLAKE-P-CPU_BGA1744,ALDERLAKE-P-CPU_BGA_1744P-T
GND,UCPU1,AE40,B,4334,3219,ALDERLAKE-P-CPU_BGA1744,ALDERLAKE-P-CPU_BGA_1744P-T
GND,UCPU1,AE44,B,4343,3157,ALDERLAKE-P-CPU_BGA1744,ALDERLAKE-P-CPU_BGA_1744P-T
GND,UCPU1,AH44,B,4379,3154,ALDERLAKE-P-CPU_BGA1744,ALDERLAKE-P-CPU_BGA_1744P-T
GND,UCPU1,AL45,B,4429,3138,ALDERLAKE-P-CPU_BGA1744,ALDERLAKE-P-CPU_BGA_1744P-T
GND,UCPU1,AJ45,B,4398,3138,ALDERLAKE-P-CPU_BGA1744,ALDERLAKE-P-CPU_BGA_1744P-T
GND,UCPU1,AJ41,B,4400,3196,ALDERLAKE-P-CPU_BGA1744,ALDERLAKE-P-CPU_BGA_1744P-T
GND,UCPU1,AK44,B,4414,3159,ALDERLAKE-P-CPU_BGA1744,ALDERLAKE-P-CPU_BGA_1744P-T
GND,UCPU1,AL41,B,4426,3196,ALDERLAKE-P-CPU_BGA1744,ALDERLAKE-P-CPU_BGA_1744P-T
GND,UCPU1,AM41,B,4451,3196,ALDERLAKE-P-CPU_BGA1744,ALDERLAKE-P-CPU_BGA_1744P-T
GND,UCPU1,AM44,B,4448,3154,ALDERLAKE-P-CPU_BGA1744,ALDERLAKE-P-CPU_BGA_1744P-T
GND,UCPU1,AN40,B,4463,3220,ALDERLAKE-P-CPU_BGA1744,ALDERLAKE-P-CPU_BGA_1744P-T
GND,UCPU1,AN43,B,4465,3174,ALDERLAKE-P-CPU_BGA1744,ALDERLAKE-P-CPU_BGA_1744P-T
GND,UCPU1,AY43,B,4567,3174,ALDERLAKE-P-CPU_BGA1744,ALDERLAKE-P-CPU_BGA_1744P-T
GND,UCPU1,BG44,B,4689,3157,ALDERLAKE-P-CPU_BGA1744,ALDERLAKE-P-CPU_BGA_1744P-T
GND,UCPU1,BR43,B,4811,3174,ALDERLAKE-P-CPU_BGA1744,ALDERLAKE-P-CPU_BGA_1744P-T
GND,UCPU1,CA43,B,4913,3174,ALDERLAKE-P-CPU_BGA1744,ALDERLAKE-P-CPU_BGA_1744P-T
GND,UCPU1,CJ44,B,5038,3154,ALDERLAKE-P-CPU_BGA1744,ALDERLAKE-P-CPU_BGA_1744P-T
GND,UCPU1,CK43,B,5054,3174,ALDERLAKE-P-CPU_BGA1744,ALDERLAKE-P-CPU_BGA_1744P-T
GND,UCPU1,CR43,B,5125,3175,ALDERLAKE-P-CPU_BGA1744,ALDERLAKE-P-CPU_BGA_1744P-T
GND,UCPU1,CW43,B,5196,3174,ALDERLAKE-P-CPU_BGA1744,ALDERLAKE-P-CPU_BGA_1744P-T
GND,UCPU1,DE44,B,5282,3154,ALDERLAKE-P-CPU_BGA1744,ALDERLAKE-P-CPU_BGA_1744P-T
GND,UCPU1,DF43,B,5298,3174,ALDERLAKE-P-CPU_BGA1744,ALDERLAKE-P-CPU_BGA_1744P-T
GND,UCPU1,DM41,B,5386,3204,ALDERLAKE-P-CPU_BGA1744,ALDERLAKE-P-CPU_BGA_1744P-T
GND,UCPU1,DN40,B,5403,3223,ALDERLAKE-P-CPU_BGA1744,ALDERLAKE-P-CPU_BGA_1744P-T
GND,UCPU1,DV44,B,5486,3153,ALDERLAKE-P-CPU_BGA1744,ALDERLAKE-P-CPU_BGA_1744P-T
GND,UCPU1,DY38,B,5519,3244,ALDERLAKE-P-CPU_BGA1744,ALDERLAKE-P-CPU_BGA_1744P-T
GND,UCPU1,EE43,B,5596,3165,ALDERLAKE-P-CPU_BGA1744,ALDERLAKE-P-CPU_BGA_1744P-T
GND,UCPU1,EK43,B,5672,3165,ALDERLAKE-P-CPU_BGA1744,ALDERLAKE-P-CPU_BGA_1744P-T
GND,UCPU1,ER43,B,5749,3165,ALDERLAKE-P-CPU_BGA1744,ALDERLAKE-P-CPU_BGA_1744P-T
GND,UCPU1,EY45,B,5842,3138,ALDERLAKE-P-CPU_BGA1744,ALDERLAKE-P-CPU_BGA_1744P-T
GND,UCPU1,EV45,B,5804,3137,ALDERLAKE-P-CPU_BGA1744,ALDERLAKE-P-CPU_BGA_1744P-T
GND,UCPU1,EV39,B,5804,3234,ALDERLAKE-P-CPU_BGA1744,ALDERLAKE-P-CPU_BGA_1744P-T
GND,UCPU1,EY39,B,5842,3235,ALDERLAKE-P-CPU_BGA1744,ALDERLAKE-P-CPU_BGA_1744P-T
GND,UCPU1,FA40,B,5853,3212,ALDERLAKE-P-CPU_BGA1744,ALDERLAKE-P-CPU_BGA_1744P-T
GND,UCPU1,FB42,B,5865,3188,ALDERLAKE-P-CPU_BGA1744,ALDERLAKE-P-CPU_BGA_1744P-T
GND,UCPU1,A30,B,3959,3380,ALDERLAKE-P-CPU_BGA1744,ALDERLAKE-P-CPU_BGA_1744P-T
GND,UCPU1,A31,B,3959,3354,ALDERLAKE-P-CPU_BGA1744,ALDERLAKE-P-CPU_BGA_1744P-T
GND,UCPU1,A33,B,3959,3329,ALDERLAKE-P-CPU_BGA1744,ALDERLAKE-P-CPU_BGA_1744P-T
GND,UCPU1,B34,B,3972,3303,ALDERLAKE-P-CPU_BGA1744,ALDERLAKE-P-CPU_BGA_1744P-T
GND,UCPU1,C31,B,3985,3354,ALDERLAKE-P-CPU_BGA1744,ALDERLAKE-P-CPU_BGA_1744P-T
GND,UCPU1,C34,B,3997,3303,ALDERLAKE-P-CPU_BGA1744,ALDERLAKE-P-CPU_BGA_1744P-T
GND,UCPU1,J36,B,4094,3287,ALDERLAKE-P-CPU_BGA1744,ALDERLAKE-P-CPU_BGA_1744P-T
GND,UCPU1,L30,B,4117,3377,ALDERLAKE-P-CPU_BGA1744,ALDERLAKE-P-CPU_BGA_1744P-T
GND,UCPU1,L33,B,4117,3326,ALDERLAKE-P-CPU_BGA1744,ALDERLAKE-P-CPU_BGA_1744P-T
GND,UCPU1,L35,B,4117,3300,ALDERLAKE-P-CPU_BGA1744,ALDERLAKE-P-CPU_BGA_1744P-T
GND,UCPU1,L36,B,4117,3274,ALDERLAKE-P-CPU_BGA1744,ALDERLAKE-P-CPU_BGA_1744P-T
GND,UCPU1,D31,B,4010,3354,ALDERLAKE-P-CPU_BGA1744,ALDERLAKE-P-CPU_BGA_1744P-T
GND,UCPU1,F30,B,4036,3380,ALDERLAKE-P-CPU_BGA1744,ALDERLAKE-P-CPU_BGA_1744P-T
GND,UCPU1,F33,B,4036,3329,ALDERLAKE-P-CPU_BGA1744,ALDERLAKE-P-CPU_BGA_1744P-T
GND,UCPU1,G31,B,4061,3354,ALDERLAKE-P-CPU_BGA1744,ALDERLAKE-P-CPU_BGA_1744P-T
GND,UCPU1,G34,B,4049,3303,ALDERLAKE-P-CPU_BGA1744,ALDERLAKE-P-CPU_BGA_1744P-T
GND,UCPU1,H34,B,4074,3303,ALDERLAKE-P-CPU_BGA1744,ALDERLAKE-P-CPU_BGA_1744P-T
GND,UCPU1,J31,B,4087,3354,ALDERLAKE-P-CPU_BGA1744,ALDERLAKE-P-CPU_BGA_1744P-T
GND,UCPU1,Y37,B,4258,3267,ALDERLAKE-P-CPU_BGA1744,ALDERLAKE-P-CPU_BGA_1744P-T
GND,UCPU1,R37,B,4181,3267,ALDERLAKE-P-CPU_BGA1744,ALDERLAKE-P-CPU_BGA_1744P-T
GND,UCPU1,M31,B,4139,3364,ALDERLAKE-P-CPU_BGA1744,ALDERLAKE-P-CPU_BGA_1744P-T
GND,UCPU1,M32,B,4139,3339,ALDERLAKE-P-CPU_BGA1744,ALDERLAKE-P-CPU_BGA_1744P-T
GND,UCPU1,M34,B,4139,3313,ALDERLAKE-P-CPU_BGA1744,ALDERLAKE-P-CPU_BGA_1744P-T
GND,UCPU1,M36,B,4139,3287,ALDERLAKE-P-CPU_BGA1744,ALDERLAKE-P-CPU_BGA_1744P-T
GND,UCPU1,P31,B,4168,3366,ALDERLAKE-P-CPU_BGA1744,ALDERLAKE-P-CPU_BGA_1744P-T
GND,UCPU1,P35,B,4168,3289,ALDERLAKE-P-CPU_BGA1744,ALDERLAKE-P-CPU_BGA_1744P-T
GND,UCPU1,R32,B,4181,3344,ALDERLAKE-P-CPU_BGA1744,ALDERLAKE-P-CPU_BGA_1744P-T
GND,UCPU1,T31,B,4194,3366,ALDERLAKE-P-CPU_BGA1744,ALDERLAKE-P-CPU_BGA_1744P-T
GND,UCPU1,T35,B,4194,3289,ALDERLAKE-P-CPU_BGA1744,ALDERLAKE-P-CPU_BGA_1744P-T
GND,UCPU1,U31,B,4219,3366,ALDERLAKE-P-CPU_BGA1744,ALDERLAKE-P-CPU_BGA_1744P-T
GND,UCPU1,U35,B,4219,3289,ALDERLAKE-P-CPU_BGA1744,ALDERLAKE-P-CPU_BGA_1744P-T
GND,UCPU1,W31,B,4245,3366,ALDERLAKE-P-CPU_BGA1744,ALDERLAKE-P-CPU_BGA_1744P-T
GND,UCPU1,W35,B,4245,3289,ALDERLAKE-P-CPU_BGA1744,ALDERLAKE-P-CPU_BGA_1744P-T
GND,UCPU1,AE37,B,4335,3267,ALDERLAKE-P-CPU_BGA1744,ALDERLAKE-P-CPU_BGA_1744P-T
GND,UCPU1,Y32,B,4258,3344,ALDERLAKE-P-CPU_BGA1744,ALDERLAKE-P-CPU_BGA_1744P-T
GND,UCPU1,AA31,B,4271,3366,ALDERLAKE-P-CPU_BGA1744,ALDERLAKE-P-CPU_BGA_1744P-T
GND,UCPU1,AA35,B,4271,3289,ALDERLAKE-P-CPU_BGA1744,ALDERLAKE-P-CPU_BGA_1744P-T
GND,UCPU1,AB31,B,4296,3366,ALDERLAKE-P-CPU_BGA1744,ALDERLAKE-P-CPU_BGA_1744P-T
GND,UCPU1,AB35,B,4296,3289,ALDERLAKE-P-CPU_BGA1744,ALDERLAKE-P-CPU_BGA_1744P-T
GND,UCPU1,AD31,B,4322,3366,ALDERLAKE-P-CPU_BGA1744,ALDERLAKE-P-CPU_BGA_1744P-T
GND,UCPU1,AD35,B,4322,3289,ALDERLAKE-P-CPU_BGA1744,ALDERLAKE-P-CPU_BGA_1744P-T
GND,UCPU1,AE32,B,4335,3344,ALDERLAKE-P-CPU_BGA1744,ALDERLAKE-P-CPU_BGA_1744P-T
GND,UCPU1,AK37,B,4411,3259,ALDERLAKE-P-CPU_BGA1744,ALDERLAKE-P-CPU_BGA_1744P-T
GND,UCPU1,AK30,B,4411,3378,ALDERLAKE-P-CPU_BGA1744,ALDERLAKE-P-CPU_BGA_1744P-T
GND,UCPU1,AP35,B,4488,3299,ALDERLAKE-P-CPU_BGA1744,ALDERLAKE-P-CPU_BGA_1744P-T
GND,UCPU1,DW35,B,5503,3303,ALDERLAKE-P-CPU_BGA1744,ALDERLAKE-P-CPU_BGA_1744P-T
GND,UCPU1,DY33,B,5519,3322,ALDERLAKE-P-CPU_BGA1744,ALDERLAKE-P-CPU_BGA_1744P-T
GND,UCPU1,DY36,B,5519,3283,ALDERLAKE-P-CPU_BGA1744,ALDERLAKE-P-CPU_BGA_1744P-T
GND,UCPU1,EB31,B,5545,3362,ALDERLAKE-P-CPU_BGA1744,ALDERLAKE-P-CPU_BGA_1744P-T
GND,UCPU1,EK36,B,5672,3283,ALDERLAKE-P-CPU_BGA1744,ALDERLAKE-P-CPU_BGA_1744P-T
GND,UCPU1,ER36,B,5749,3283,ALDERLAKE-P-CPU_BGA1744,ALDERLAKE-P-CPU_BGA_1744P-T
GND,UCPU1,EV33,B,5804,3332,ALDERLAKE-P-CPU_BGA1744,ALDERLAKE-P-CPU_BGA_1744P-T
GND,UCPU1,EY33,B,5842,3333,ALDERLAKE-P-CPU_BGA1744,ALDERLAKE-P-CPU_BGA_1744P-T
GND,UCPU1,A21,B,3959,3510,ALDERLAKE-P-CPU_BGA1744,ALDERLAKE-P-CPU_BGA_1744P-T
GND,UCPU1,A23,B,3959,3482,ALDERLAKE-P-CPU_BGA1744,ALDERLAKE-P-CPU_BGA_1744P-T
GND,UCPU1,A25,B,3959,3456,ALDERLAKE-P-CPU_BGA1744,ALDERLAKE-P-CPU_BGA_1744P-T
GND,UCPU1,A26,B,3959,3431,ALDERLAKE-P-CPU_BGA1744,ALDERLAKE-P-CPU_BGA_1744P-T
GND,UCPU1,A28,B,3959,3405,ALDERLAKE-P-CPU_BGA1744,ALDERLAKE-P-CPU_BGA_1744P-T
GND,UCPU1,C21,B,3985,3510,ALDERLAKE-P-CPU_BGA1744,ALDERLAKE-P-CPU_BGA_1744P-T
GND,UCPU1,C25,B,3985,3456,ALDERLAKE-P-CPU_BGA1744,ALDERLAKE-P-CPU_BGA_1744P-T
GND,UCPU1,C28,B,3985,3405,ALDERLAKE-P-CPU_BGA1744,ALDERLAKE-P-CPU_BGA_1744P-T
GND,UCPU1,L22,B,4117,3506,ALDERLAKE-P-CPU_BGA1744,ALDERLAKE-P-CPU_BGA_1744P-T
GND,UCPU1,L23,B,4117,3480,ALDERLAKE-P-CPU_BGA1744,ALDERLAKE-P-CPU_BGA_1744P-T
GND,UCPU1,L27,B,4117,3429,ALDERLAKE-P-CPU_BGA1744,ALDERLAKE-P-CPU_BGA_1744P-T
GND,UCPU1,D21,B,4010,3510,ALDERLAKE-P-CPU_BGA1744,ALDERLAKE-P-CPU_BGA_1744P-T
GND,UCPU1,D25,B,4010,3456,ALDERLAKE-P-CPU_BGA1744,ALDERLAKE-P-CPU_BGA_1744P-T
GND,UCPU1,D28,B,4010,3405,ALDERLAKE-P-CPU_BGA1744,ALDERLAKE-P-CPU_BGA_1744P-T
GND,UCPU1,F21,B,4036,3510,ALDERLAKE-P-CPU_BGA1744,ALDERLAKE-P-CPU_BGA_1744P-T
GND,UCPU1,F23,B,4036,3482,ALDERLAKE-P-CPU_BGA1744,ALDERLAKE-P-CPU_BGA_1744P-T
GND,UCPU1,F26,B,4036,3431,ALDERLAKE-P-CPU_BGA1744,ALDERLAKE-P-CPU_BGA_1744P-T
GND,UCPU1,F28,B,4036,3405,ALDERLAKE-P-CPU_BGA1744,ALDERLAKE-P-CPU_BGA_1744P-T
GND,UCPU1,G21,B,4061,3510,ALDERLAKE-P-CPU_BGA1744,ALDERLAKE-P-CPU_BGA_1744P-T
GND,UCPU1,G25,B,4061,3456,ALDERLAKE-P-CPU_BGA1744,ALDERLAKE-P-CPU_BGA_1744P-T
GND,UCPU1,G28,B,4061,3405,ALDERLAKE-P-CPU_BGA1744,ALDERLAKE-P-CPU_BGA_1744P-T
GND,UCPU1,J21,B,4087,3510,ALDERLAKE-P-CPU_BGA1744,ALDERLAKE-P-CPU_BGA_1744P-T
GND,UCPU1,J25,B,4087,3456,ALDERLAKE-P-CPU_BGA1744,ALDERLAKE-P-CPU_BGA_1744P-T
GND,UCPU1,J28,B,4087,3405,ALDERLAKE-P-CPU_BGA1744,ALDERLAKE-P-CPU_BGA_1744P-T
GND,UCPU1,M26,B,4139,3442,ALDERLAKE-P-CPU_BGA1744,ALDERLAKE-P-CPU_BGA_1744P-T
GND,UCPU1,P26,B,4168,3443,ALDERLAKE-P-CPU_BGA1744,ALDERLAKE-P-CPU_BGA_1744P-T
GND,UCPU1,R22,B,4181,3498,ALDERLAKE-P-CPU_BGA1744,ALDERLAKE-P-CPU_BGA_1744P-T
GND,UCPU1,R27,B,4181,3421,ALDERLAKE-P-CPU_BGA1744,ALDERLAKE-P-CPU_BGA_1744P-T
GND,UCPU1,T26,B,4194,3443,ALDERLAKE-P-CPU_BGA1744,ALDERLAKE-P-CPU_BGA_1744P-T
GND,UCPU1,U26,B,4219,3443,ALDERLAKE-P-CPU_BGA1744,ALDERLAKE-P-CPU_BGA_1744P-T
GND,UCPU1,W26,B,4245,3443,ALDERLAKE-P-CPU_BGA1744,ALDERLAKE-P-CPU_BGA_1744P-T
GND,UCPU1,Y22,B,4258,3498,ALDERLAKE-P-CPU_BGA1744,ALDERLAKE-P-CPU_BGA_1744P-T
GND,UCPU1,Y27,B,4258,3421,ALDERLAKE-P-CPU_BGA1744,ALDERLAKE-P-CPU_BGA_1744P-T
GND,UCPU1,AA26,B,4271,3443,ALDERLAKE-P-CPU_BGA1744,ALDERLAKE-P-CPU_BGA_1744P-T
GND,UCPU1,AB26,B,4296,3443,ALDERLAKE-P-CPU_BGA1744,ALDERLAKE-P-CPU_BGA_1744P-T
GND,UCPU1,AD26,B,4322,3443,ALDERLAKE-P-CPU_BGA1744,ALDERLAKE-P-CPU_BGA_1744P-T
GND,UCPU1,AE22,B,4335,3498,ALDERLAKE-P-CPU_BGA1744,ALDERLAKE-P-CPU_BGA_1744P-T
GND,UCPU1,AE27,B,4335,3421,ALDERLAKE-P-CPU_BGA1744,ALDERLAKE-P-CPU_BGA_1744P-T
GND,UCPU1,AK25,B,4411,3456,ALDERLAKE-P-CPU_BGA1744,ALDERLAKE-P-CPU_BGA_1744P-T
GND,UCPU1,AL22,B,4437,3496,ALDERLAKE-P-CPU_BGA1744,ALDERLAKE-P-CPU_BGA_1744P-T
GND,UCPU1,AP22,B,4488,3496,ALDERLAKE-P-CPU_BGA1744,ALDERLAKE-P-CPU_BGA_1744P-T
GND,UCPU1,AP25,B,4488,3456,ALDERLAKE-P-CPU_BGA1744,ALDERLAKE-P-CPU_BGA_1744P-T
GND,UCPU1,DW25,B,5503,3460,ALDERLAKE-P-CPU_BGA1744,ALDERLAKE-P-CPU_BGA_1744P-T
GND,UCPU1,EB26,B,5545,3441,ALDERLAKE-P-CPU_BGA1744,ALDERLAKE-P-CPU_BGA_1744P-T
GND,UCPU1,EC28,B,5570,3401,ALDERLAKE-P-CPU_BGA1744,ALDERLAKE-P-CPU_BGA_1744P-T
GND,UCPU1,EK28,B,5672,3401,ALDERLAKE-P-CPU_BGA1744,ALDERLAKE-P-CPU_BGA_1744P-T
GND,UCPU1,ER28,B,5749,3401,ALDERLAKE-P-CPU_BGA1744,ALDERLAKE-P-CPU_BGA_1744P-T
GND,UCPU1,EV26,B,5804,3429,ALDERLAKE-P-CPU_BGA1744,ALDERLAKE-P-CPU_BGA_1744P-T
GND,UCPU1,EY26,B,5842,3430,ALDERLAKE-P-CPU_BGA1744,ALDERLAKE-P-CPU_BGA_1744P-T
GND,UCPU1,FB26,B,5868,3430,ALDERLAKE-P-CPU_BGA1744,ALDERLAKE-P-CPU_BGA_1744P-T
GND,UCPU1,L13,B,4117,3634,ALDERLAKE-P-CPU_BGA1744,ALDERLAKE-P-CPU_BGA_1744P-T
GND,UCPU1,L15,B,4117,3609,ALDERLAKE-P-CPU_BGA1744,ALDERLAKE-P-CPU_BGA_1744P-T
GND,UCPU1,L17,B,4117,3583,ALDERLAKE-P-CPU_BGA1744,ALDERLAKE-P-CPU_BGA_1744P-T
GND,UCPU1,L18,B,4117,3557,ALDERLAKE-P-CPU_BGA1744,ALDERLAKE-P-CPU_BGA_1744P-T
GND,UCPU1,L20,B,4117,3532,ALDERLAKE-P-CPU_BGA1744,ALDERLAKE-P-CPU_BGA_1744P-T
GND,UCPU1,D14,B,4010,3625,ALDERLAKE-P-CPU_BGA1744,ALDERLAKE-P-CPU_BGA_1744P-T
GND,UCPU1,D17,B,4010,3580,ALDERLAKE-P-CPU_BGA1744,ALDERLAKE-P-CPU_BGA_1744P-T
GND,UCPU1,D20,B,4010,3535,ALDERLAKE-P-CPU_BGA1744,ALDERLAKE-P-CPU_BGA_1744P-T
GND,UCPU1,H16,B,4074,3602,ALDERLAKE-P-CPU_BGA1744,ALDERLAKE-P-CPU_BGA_1744P-T
GND,UCPU1,H18,B,4074,3558,ALDERLAKE-P-CPU_BGA1744,ALDERLAKE-P-CPU_BGA_1744P-T
GND,UCPU1,J14,B,4087,3625,ALDERLAKE-P-CPU_BGA1744,ALDERLAKE-P-CPU_BGA_1744P-T
GND,UCPU1,J17,B,4087,3580,ALDERLAKE-P-CPU_BGA1744,ALDERLAKE-P-CPU_BGA_1744P-T
GND,UCPU1,J20,B,4087,3535,ALDERLAKE-P-CPU_BGA1744,ALDERLAKE-P-CPU_BGA_1744P-T
GND,UCPU1,W21,B,4245,3520,ALDERLAKE-P-CPU_BGA1744,ALDERLAKE-P-CPU_BGA_1744P-T
GND,UCPU1,U21,B,4219,3520,ALDERLAKE-P-CPU_BGA1744,ALDERLAKE-P-CPU_BGA_1744P-T
GND,UCPU1,T21,B,4194,3520,ALDERLAKE-P-CPU_BGA1744,ALDERLAKE-P-CPU_BGA_1744P-T
GND,UCPU1,P21,B,4168,3520,ALDERLAKE-P-CPU_BGA1744,ALDERLAKE-P-CPU_BGA_1744P-T
GND,UCPU1,M21,B,4139,3519,ALDERLAKE-P-CPU_BGA1744,ALDERLAKE-P-CPU_BGA_1744P-T
GND,UCPU1,M16,B,4139,3596,ALDERLAKE-P-CPU_BGA1744,ALDERLAKE-P-CPU_BGA_1744P-T
GND,UCPU1,P16,B,4168,3597,ALDERLAKE-P-CPU_BGA1744,ALDERLAKE-P-CPU_BGA_1744P-T
GND,UCPU1,R17,B,4181,3575,ALDERLAKE-P-CPU_BGA1744,ALDERLAKE-P-CPU_BGA_1744P-T
GND,UCPU1,T16,B,4194,3597,ALDERLAKE-P-CPU_BGA1744,ALDERLAKE-P-CPU_BGA_1744P-T
GND,UCPU1,U16,B,4219,3597,ALDERLAKE-P-CPU_BGA1744,ALDERLAKE-P-CPU_BGA_1744P-T
GND,UCPU1,W16,B,4245,3597,ALDERLAKE-P-CPU_BGA1744,ALDERLAKE-P-CPU_BGA_1744P-T
GND,UCPU1,AD21,B,4322,3520,ALDERLAKE-P-CPU_BGA1744,ALDERLAKE-P-CPU_BGA_1744P-T
GND,UCPU1,AB21,B,4296,3520,ALDERLAKE-P-CPU_BGA1744,ALDERLAKE-P-CPU_BGA_1744P-T
GND,UCPU1,AA21,B,4271,3520,ALDERLAKE-P-CPU_BGA1744,ALDERLAKE-P-CPU_BGA_1744P-T
GND,UCPU1,Y17,B,4258,3575,ALDERLAKE-P-CPU_BGA1744,ALDERLAKE-P-CPU_BGA_1744P-T
GND,UCPU1,AB16,B,4296,3597,ALDERLAKE-P-CPU_BGA1744,ALDERLAKE-P-CPU_BGA_1744P-T
GND,UCPU1,AE17,B,4335,3575,ALDERLAKE-P-CPU_BGA1744,ALDERLAKE-P-CPU_BGA_1744P-T
GND,UCPU1,AK20,B,4411,3535,ALDERLAKE-P-CPU_BGA1744,ALDERLAKE-P-CPU_BGA_1744P-T
GND,UCPU1,AL15,B,4428,3614,ALDERLAKE-P-CPU_BGA1744,ALDERLAKE-P-CPU_BGA_1744P-T
GND,UCPU1,AL17,B,4437,3575,ALDERLAKE-P-CPU_BGA1744,ALDERLAKE-P-CPU_BGA_1744P-T
GND,UCPU1,AN17,B,4463,3575,ALDERLAKE-P-CPU_BGA1744,ALDERLAKE-P-CPU_BGA_1744P-T
GND,UCPU1,AP15,B,4480,3612,ALDERLAKE-P-CPU_BGA1744,ALDERLAKE-P-CPU_BGA_1744P-T
GND,UCPU1,AP20,B,4488,3535,ALDERLAKE-P-CPU_BGA1744,ALDERLAKE-P-CPU_BGA_1744P-T
GND,UCPU1,AW14,B,4563,3632,ALDERLAKE-P-CPU_BGA1744,ALDERLAKE-P-CPU_BGA_1744P-T
GND,UCPU1,BC14,B,4630,3632,ALDERLAKE-P-CPU_BGA1744,ALDERLAKE-P-CPU_BGA_1744P-T
GND,UCPU1,BM14,B,4764,3632,ALDERLAKE-P-CPU_BGA1744,ALDERLAKE-P-CPU_BGA_1744P-T
GND,UCPU1,CA14,B,4898,3632,ALDERLAKE-P-CPU_BGA1744,ALDERLAKE-P-CPU_BGA_1744P-T
GND,UCPU1,CJ14,B,5032,3632,ALDERLAKE-P-CPU_BGA1744,ALDERLAKE-P-CPU_BGA_1744P-T
GND,UCPU1,CV14,B,5166,3632,ALDERLAKE-P-CPU_BGA1744,ALDERLAKE-P-CPU_BGA_1744P-T
GND,UCPU1,DB14,B,5233,3632,ALDERLAKE-P-CPU_BGA1744,ALDERLAKE-P-CPU_BGA_1744P-T
GND,UCPU1,DK14,B,5367,3624,ALDERLAKE-P-CPU_BGA1744,ALDERLAKE-P-CPU_BGA_1744P-T
GND,UCPU1,DW14,B,5501,3624,ALDERLAKE-P-CPU_BGA1744,ALDERLAKE-P-CPU_BGA_1744P-T
GND,UCPU1,EC21,B,5570,3519,ALDERLAKE-P-CPU_BGA1744,ALDERLAKE-P-CPU_BGA_1744P-T
GND,UCPU1,EE16,B,5596,3598,ALDERLAKE-P-CPU_BGA1744,ALDERLAKE-P-CPU_BGA_1744P-T
GND,UCPU1,ER21,B,5749,3519,ALDERLAKE-P-CPU_BGA1744,ALDERLAKE-P-CPU_BGA_1744P-T
GND,UCPU1,EK21,B,5672,3519,ALDERLAKE-P-CPU_BGA1744,ALDERLAKE-P-CPU_BGA_1744P-T
GND,UCPU1,EP14,B,5736,3624,ALDERLAKE-P-CPU_BGA1744,ALDERLAKE-P-CPU_BGA_1744P-T
GND,UCPU1,EV14,B,5804,3626,ALDERLAKE-P-CPU_BGA1744,ALDERLAKE-P-CPU_BGA_1744P-T
GND,UCPU1,EV20,B,5804,3529,ALDERLAKE-P-CPU_BGA1744,ALDERLAKE-P-CPU_BGA_1744P-T
GND,UCPU1,EY14,B,5842,3626,ALDERLAKE-P-CPU_BGA1744,ALDERLAKE-P-CPU_BGA_1744P-T
GND,UCPU1,EY20,B,5842,3529,ALDERLAKE-P-CPU_BGA1744,ALDERLAKE-P-CPU_BGA_1744P-T
GND,UCPU1,FB14,B,5871,3626,ALDERLAKE-P-CPU_BGA1744,ALDERLAKE-P-CPU_BGA_1744P-T
GND,UCPU1,B4,B,3984,3778,ALDERLAKE-P-CPU_BGA1744,ALDERLAKE-P-CPU_BGA_1744P-T
GND,UCPU1,A10,B,3959,3695,ALDERLAKE-P-CPU_BGA1744,ALDERLAKE-P-CPU_BGA_1744P-T
GND,UCPU1,C9,B,3985,3697,ALDERLAKE-P-CPU_BGA1744,ALDERLAKE-P-CPU_BGA_1744P-T
GND,UCPU1,H13,B,4074,3647,ALDERLAKE-P-CPU_BGA1744,ALDERLAKE-P-CPU_BGA_1744P-T
GND,UCPU1,D4,B,4010,3778,ALDERLAKE-P-CPU_BGA1744,ALDERLAKE-P-CPU_BGA_1744P-T
GND,UCPU1,F4,B,4038,3778,ALDERLAKE-P-CPU_BGA1744,ALDERLAKE-P-CPU_BGA_1744P-T
GND,UCPU1,H6,B,4071,3751,ALDERLAKE-P-CPU_BGA1744,ALDERLAKE-P-CPU_BGA_1744P-T
GND,UCPU1,H8,B,4071,3725,ALDERLAKE-P-CPU_BGA1744,ALDERLAKE-P-CPU_BGA_1744P-T
GND,UCPU1,H9,B,4071,3699,ALDERLAKE-P-CPU_BGA1744,ALDERLAKE-P-CPU_BGA_1744P-T
GND,UCPU1,L9,B,4110,3702,ALDERLAKE-P-CPU_BGA1744,ALDERLAKE-P-CPU_BGA_1744P-T
GND,UCPU1,L12,B,4117,3660,ALDERLAKE-P-CPU_BGA1744,ALDERLAKE-P-CPU_BGA_1744P-T
GND,UCPU1,D9,B,4011,3697,ALDERLAKE-P-CPU_BGA1744,ALDERLAKE-P-CPU_BGA_1744P-T
GND,UCPU1,D11,B,4010,3669,ALDERLAKE-P-CPU_BGA1744,ALDERLAKE-P-CPU_BGA_1744P-T
GND,UCPU1,F9,B,4039,3697,ALDERLAKE-P-CPU_BGA1744,ALDERLAKE-P-CPU_BGA_1744P-T
GND,UCPU1,J11,B,4087,3669,ALDERLAKE-P-CPU_BGA1744,ALDERLAKE-P-CPU_BGA_1744P-T
GND,UCPU1,Y12,B,4258,3652,ALDERLAKE-P-CPU_BGA1744,ALDERLAKE-P-CPU_BGA_1744P-T
GND,UCPU1,R12,B,4181,3652,ALDERLAKE-P-CPU_BGA1744,ALDERLAKE-P-CPU_BGA_1744P-T
GND,UCPU1,N9,B,4144,3702,ALDERLAKE-P-CPU_BGA1744,ALDERLAKE-P-CPU_BGA_1744P-T
GND,UCPU1,P11,B,4168,3675,ALDERLAKE-P-CPU_BGA1744,ALDERLAKE-P-CPU_BGA_1744P-T
GND,UCPU1,T11,B,4194,3675,ALDERLAKE-P-CPU_BGA1744,ALDERLAKE-P-CPU_BGA_1744P-T
GND,UCPU1,W11,B,4245,3675,ALDERLAKE-P-CPU_BGA1744,ALDERLAKE-P-CPU_BGA_1744P-T
GND,UCPU1,AE12,B,4335,3652,ALDERLAKE-P-CPU_BGA1744,ALDERLAKE-P-CPU_BGA_1744P-T
GND,UCPU1,AA11,B,4271,3675,ALDERLAKE-P-CPU_BGA1744,ALDERLAKE-P-CPU_BGA_1744P-T
GND,UCPU1,AC6,B,4311,3753,ALDERLAKE-P-CPU_BGA1744,ALDERLAKE-P-CPU_BGA_1744P-T
GND,UCPU1,AC8,B,4311,3728,ALDERLAKE-P-CPU_BGA1744,ALDERLAKE-P-CPU_BGA_1744P-T
GND,UCPU1,AE9,B,4345,3702,ALDERLAKE-P-CPU_BGA1744,ALDERLAKE-P-CPU_BGA_1744P-T
GND,UCPU1,AH9,B,4378,3702,ALDERLAKE-P-CPU_BGA1744,ALDERLAKE-P-CPU_BGA_1744P-T
GND,UCPU1,AK9,B,4412,3702,ALDERLAKE-P-CPU_BGA1744,ALDERLAKE-P-CPU_BGA_1744P-T
GND,UCPU1,AM9,B,4445,3702,ALDERLAKE-P-CPU_BGA1744,ALDERLAKE-P-CPU_BGA_1744P-T
GND,UCPU1,AM11,B,4453,3678,ALDERLAKE-P-CPU_BGA1744,ALDERLAKE-P-CPU_BGA_1744P-T
GND,UCPU1,AP9,B,4479,3702,ALDERLAKE-P-CPU_BGA1744,ALDERLAKE-P-CPU_BGA_1744P-T
GND,UCPU1,AT6,B,4512,3753,ALDERLAKE-P-CPU_BGA1744,ALDERLAKE-P-CPU_BGA_1744P-T
GND,UCPU1,AT8,B,4512,3728,ALDERLAKE-P-CPU_BGA1744,ALDERLAKE-P-CPU_BGA_1744P-T
GND,UCPU1,BB12,B,4613,3651,ALDERLAKE-P-CPU_BGA1744,ALDERLAKE-P-CPU_BGA_1744P-T
GND,UCPU1,AV9,B,4546,3702,ALDERLAKE-P-CPU_BGA1744,ALDERLAKE-P-CPU_BGA_1744P-T
GND,UCPU1,AV11,B,4546,3677,ALDERLAKE-P-CPU_BGA1744,ALDERLAKE-P-CPU_BGA_1744P-T
GND,UCPU1,AY9,B,4580,3702,ALDERLAKE-P-CPU_BGA1744,ALDERLAKE-P-CPU_BGA_1744P-T
GND,UCPU1,BB6,B,4613,3753,ALDERLAKE-P-CPU_BGA1744,ALDERLAKE-P-CPU_BGA_1744P-T
GND,UCPU1,BB8,B,4613,3728,ALDERLAKE-P-CPU_BGA1744,ALDERLAKE-P-CPU_BGA_1744P-T
GND,UCPU1,BB9,B,4613,3702,ALDERLAKE-P-CPU_BGA1744,ALDERLAKE-P-CPU_BGA_1744P-T
GND,UCPU1,BB11,B,4613,3677,ALDERLAKE-P-CPU_BGA1744,ALDERLAKE-P-CPU_BGA_1744P-T
GND,UCPU1,BG12,B,4680,3651,ALDERLAKE-P-CPU_BGA1744,ALDERLAKE-P-CPU_BGA_1744P-T
GND,UCPU1,BE12,B,4647,3651,ALDERLAKE-P-CPU_BGA1744,ALDERLAKE-P-CPU_BGA_1744P-T
GND,UCPU1,BE9,B,4647,3702,ALDERLAKE-P-CPU_BGA1744,ALDERLAKE-P-CPU_BGA_1744P-T
GND,UCPU1,BE11,B,4647,3677,ALDERLAKE-P-CPU_BGA1744,ALDERLAKE-P-CPU_BGA_1744P-T
GND,UCPU1,BG9,B,4680,3702,ALDERLAKE-P-CPU_BGA1744,ALDERLAKE-P-CPU_BGA_1744P-T
GND,UCPU1,BJ6,B,4714,3753,ALDERLAKE-P-CPU_BGA1744,ALDERLAKE-P-CPU_BGA_1744P-T
GND,UCPU1,BJ8,B,4714,3728,ALDERLAKE-P-CPU_BGA1744,ALDERLAKE-P-CPU_BGA_1744P-T
GND,UCPU1,BJ9,B,4714,3702,ALDERLAKE-P-CPU_BGA1744,ALDERLAKE-P-CPU_BGA_1744P-T
GND,UCPU1,BL9,B,4747,3702,ALDERLAKE-P-CPU_BGA1744,ALDERLAKE-P-CPU_BGA_1744P-T
GND,UCPU1,BL11,B,4747,3677,ALDERLAKE-P-CPU_BGA1744,ALDERLAKE-P-CPU_BGA_1744P-T
GND,UCPU1,BN9,B,4781,3702,ALDERLAKE-P-CPU_BGA1744,ALDERLAKE-P-CPU_BGA_1744P-T
GND,UCPU1,BR6,B,4814,3753,ALDERLAKE-P-CPU_BGA1744,ALDERLAKE-P-CPU_BGA_1744P-T
GND,UCPU1,BR8,B,4814,3728,ALDERLAKE-P-CPU_BGA1744,ALDERLAKE-P-CPU_BGA_1744P-T
GND,UCPU1,BR9,B,4814,3702,ALDERLAKE-P-CPU_BGA1744,ALDERLAKE-P-CPU_BGA_1744P-T
GND,UCPU1,BU9,B,4848,3702,ALDERLAKE-P-CPU_BGA1744,ALDERLAKE-P-CPU_BGA_1744P-T
GND,UCPU1,BW9,B,4881,3702,ALDERLAKE-P-CPU_BGA1744,ALDERLAKE-P-CPU_BGA_1744P-T
GND,UCPU1,CH12,B,5015,3651,ALDERLAKE-P-CPU_BGA1744,ALDERLAKE-P-CPU_BGA_1744P-T
GND,UCPU1,CB6,B,4915,3753,ALDERLAKE-P-CPU_BGA1744,ALDERLAKE-P-CPU_BGA_1744P-T
GND,UCPU1,CB8,B,4915,3728,ALDERLAKE-P-CPU_BGA1744,ALDERLAKE-P-CPU_BGA_1744P-T
GND,UCPU1,CB9,B,4915,3702,ALDERLAKE-P-CPU_BGA1744,ALDERLAKE-P-CPU_BGA_1744P-T
GND,UCPU1,CH6,B,5015,3753,ALDERLAKE-P-CPU_BGA1744,ALDERLAKE-P-CPU_BGA_1744P-T
GND,UCPU1,CH8,B,5015,3728,ALDERLAKE-P-CPU_BGA1744,ALDERLAKE-P-CPU_BGA_1744P-T
GND,UCPU1,CH9,B,5015,3702,ALDERLAKE-P-CPU_BGA1744,ALDERLAKE-P-CPU_BGA_1744P-T
GND,UCPU1,CH11,B,5015,3677,ALDERLAKE-P-CPU_BGA1744,ALDERLAKE-P-CPU_BGA_1744P-T
GND,UCPU1,CT6,B,5149,3753,ALDERLAKE-P-CPU_BGA1744,ALDERLAKE-P-CPU_BGA_1744P-T
GND,UCPU1,CT8,B,5149,3728,ALDERLAKE-P-CPU_BGA1744,ALDERLAKE-P-CPU_BGA_1744P-T
GND,UCPU1,CT9,B,5149,3702,ALDERLAKE-P-CPU_BGA1744,ALDERLAKE-P-CPU_BGA_1744P-T
GND,UCPU1,CT11,B,5149,3677,ALDERLAKE-P-CPU_BGA1744,ALDERLAKE-P-CPU_BGA_1744P-T
GND,UCPU1,DA12,B,5216,3651,ALDERLAKE-P-CPU_BGA1744,ALDERLAKE-P-CPU_BGA_1744P-T
GND,UCPU1,DA6,B,5216,3753,ALDERLAKE-P-CPU_BGA1744,ALDERLAKE-P-CPU_BGA_1744P-T
GND,UCPU1,DA8,B,5216,3728,ALDERLAKE-P-CPU_BGA1744,ALDERLAKE-P-CPU_BGA_1744P-T
GND,UCPU1,DA9,B,5216,3702,ALDERLAKE-P-CPU_BGA1744,ALDERLAKE-P-CPU_BGA_1744P-T
GND,UCPU1,DA11,B,5216,3677,ALDERLAKE-P-CPU_BGA1744,ALDERLAKE-P-CPU_BGA_1744P-T
GND,UCPU1,DL13,B,5384,3643,ALDERLAKE-P-CPU_BGA1744,ALDERLAKE-P-CPU_BGA_1744P-T
GND,UCPU1,DG12,B,5317,3651,ALDERLAKE-P-CPU_BGA1744,ALDERLAKE-P-CPU_BGA_1744P-T
GND,UCPU1,DG6,B,5317,3753,ALDERLAKE-P-CPU_BGA1744,ALDERLAKE-P-CPU_BGA_1744P-T
GND,UCPU1,DG8,B,5317,3728,ALDERLAKE-P-CPU_BGA1744,ALDERLAKE-P-CPU_BGA_1744P-T
GND,UCPU1,DG9,B,5317,3702,ALDERLAKE-P-CPU_BGA1744,ALDERLAKE-P-CPU_BGA_1744P-T
GND,UCPU1,DG11,B,5317,3677,ALDERLAKE-P-CPU_BGA1744,ALDERLAKE-P-CPU_BGA_1744P-T
GND,UCPU1,DL10,B,5384,3694,ALDERLAKE-P-CPU_BGA1744,ALDERLAKE-P-CPU_BGA_1744P-T
GND,UCPU1,DL11,B,5384,3669,ALDERLAKE-P-CPU_BGA1744,ALDERLAKE-P-CPU_BGA_1744P-T
GND,UCPU1,DM6,B,5393,3749,ALDERLAKE-P-CPU_BGA1744,ALDERLAKE-P-CPU_BGA_1744P-T
GND,UCPU1,DY13,B,5518,3643,ALDERLAKE-P-CPU_BGA1744,ALDERLAKE-P-CPU_BGA_1744P-T
GND,UCPU1,DV13,B,5484,3643,ALDERLAKE-P-CPU_BGA1744,ALDERLAKE-P-CPU_BGA_1744P-T
GND,UCPU1,DT13,B,5451,3643,ALDERLAKE-P-CPU_BGA1744,ALDERLAKE-P-CPU_BGA_1744P-T
GND,UCPU1,DN13,B,5417,3643,ALDERLAKE-P-CPU_BGA1744,ALDERLAKE-P-CPU_BGA_1744P-T
GND,UCPU1,DN8,B,5417,3720,ALDERLAKE-P-CPU_BGA1744,ALDERLAKE-P-CPU_BGA_1744P-T
GND,UCPU1,DT8,B,5451,3720,ALDERLAKE-P-CPU_BGA1744,ALDERLAKE-P-CPU_BGA_1744P-T
GND,UCPU1,DV6,B,5490,3749,ALDERLAKE-P-CPU_BGA1744,ALDERLAKE-P-CPU_BGA_1744P-T
GND,UCPU1,DV8,B,5484,3720,ALDERLAKE-P-CPU_BGA1744,ALDERLAKE-P-CPU_BGA_1744P-T
GND,UCPU1,DY8,B,5518,3720,ALDERLAKE-P-CPU_BGA1744,ALDERLAKE-P-CPU_BGA_1744P-T
GND,UCPU1,EH13,B,5652,3643,ALDERLAKE-P-CPU_BGA1744,ALDERLAKE-P-CPU_BGA_1744P-T
GND,UCPU1,EF13,B,5618,3643,ALDERLAKE-P-CPU_BGA1744,ALDERLAKE-P-CPU_BGA_1744P-T
GND,UCPU1,ED13,B,5585,3643,ALDERLAKE-P-CPU_BGA1744,ALDERLAKE-P-CPU_BGA_1744P-T
GND,UCPU1,EB13,B,5551,3643,ALDERLAKE-P-CPU_BGA1744,ALDERLAKE-P-CPU_BGA_1744P-T
GND,UCPU1,EB8,B,5551,3720,ALDERLAKE-P-CPU_BGA1744,ALDERLAKE-P-CPU_BGA_1744P-T
GND,UCPU1,ED6,B,5588,3749,ALDERLAKE-P-CPU_BGA1744,ALDERLAKE-P-CPU_BGA_1744P-T
GND,UCPU1,ED8,B,5585,3720,ALDERLAKE-P-CPU_BGA1744,ALDERLAKE-P-CPU_BGA_1744P-T
GND,UCPU1,EF8,B,5618,3720,ALDERLAKE-P-CPU_BGA1744,ALDERLAKE-P-CPU_BGA_1744P-T
GND,UCPU1,EH8,B,5652,3720,ALDERLAKE-P-CPU_BGA1744,ALDERLAKE-P-CPU_BGA_1744P-T
GND,UCPU1,ER13,B,5752,3643,ALDERLAKE-P-CPU_BGA1744,ALDERLAKE-P-CPU_BGA_1744P-T
GND,UCPU1,EN13,B,5719,3643,ALDERLAKE-P-CPU_BGA1744,ALDERLAKE-P-CPU_BGA_1744P-T
GND,UCPU1,EL13,B,5685,3643,ALDERLAKE-P-CPU_BGA1744,ALDERLAKE-P-CPU_BGA_1744P-T
GND,UCPU1,EL6,B,5686,3749,ALDERLAKE-P-CPU_BGA1744,ALDERLAKE-P-CPU_BGA_1744P-T
GND,UCPU1,EL8,B,5685,3720,ALDERLAKE-P-CPU_BGA1744,ALDERLAKE-P-CPU_BGA_1744P-T
GND,UCPU1,EN8,B,5719,3720,ALDERLAKE-P-CPU_BGA1744,ALDERLAKE-P-CPU_BGA_1744P-T
GND,UCPU1,ER8,B,5752,3720,ALDERLAKE-P-CPU_BGA1744,ALDERLAKE-P-CPU_BGA_1744P-T
GND,UCPU1,EU8,B,5785,3718,ALDERLAKE-P-CPU_BGA1744,ALDERLAKE-P-CPU_BGA_1744P-T
GND,UCPU1,EU11,B,5789,3677,ALDERLAKE-P-CPU_BGA1744,ALDERLAKE-P-CPU_BGA_1744P-T
GND,UCPU1,EY6,B,5833,3752,ALDERLAKE-P-CPU_BGA1744,ALDERLAKE-P-CPU_BGA_1744P-T
GND,UCPU1,FA7,B,5846,3730,ALDERLAKE-P-CPU_BGA1744,ALDERLAKE-P-CPU_BGA_1744P-T
GND,UCPU1,EY9,B,5828,3699,ALDERLAKE-P-CPU_BGA1744,ALDERLAKE-P-CPU_BGA_1744P-T
GND,UCPU1,A3,B,3959,3797,ALDERLAKE-P-CPU_BGA1744,ALDERLAKE-P-CPU_BGA_1744P-T
GND,UCPU1,K4,B,4106,3781,ALDERLAKE-P-CPU_BGA1744,ALDERLAKE-P-CPU_BGA_1744P-T
GND,UCPU1,H1,B,4067,3828,ALDERLAKE-P-CPU_BGA1744,ALDERLAKE-P-CPU_BGA_1744P-T
GND,UCPU1,Y4,B,4259,3781,ALDERLAKE-P-CPU_BGA1744,ALDERLAKE-P-CPU_BGA_1744P-T
GND,UCPU1,N4,B,4157,3781,ALDERLAKE-P-CPU_BGA1744,ALDERLAKE-P-CPU_BGA_1744P-T
GND,UCPU1,N1,B,4144,3828,ALDERLAKE-P-CPU_BGA1744,ALDERLAKE-P-CPU_BGA_1744P-T
GND,UCPU1,P3,B,4170,3803,ALDERLAKE-P-CPU_BGA1744,ALDERLAKE-P-CPU_BGA_1744P-T
GND,UCPU1,T1,B,4195,3828,ALDERLAKE-P-CPU_BGA1744,ALDERLAKE-P-CPU_BGA_1744P-T
GND,UCPU1,T3,B,4195,3803,ALDERLAKE-P-CPU_BGA1744,ALDERLAKE-P-CPU_BGA_1744P-T
GND,UCPU1,V3,B,4221,3803,ALDERLAKE-P-CPU_BGA1744,ALDERLAKE-P-CPU_BGA_1744P-T
GND,UCPU1,W1,B,4246,3828,ALDERLAKE-P-CPU_BGA1744,ALDERLAKE-P-CPU_BGA_1744P-T
GND,UCPU1,AF4,B,4361,3781,ALDERLAKE-P-CPU_BGA1744,ALDERLAKE-P-CPU_BGA_1744P-T
GND,UCPU1,AC4,B,4310,3781,ALDERLAKE-P-CPU_BGA1744,ALDERLAKE-P-CPU_BGA_1744P-T
GND,UCPU1,AG1,B,4374,3828,ALDERLAKE-P-CPU_BGA1744,ALDERLAKE-P-CPU_BGA_1744P-T
GND,UCPU1,AR4,B,4489,3781,ALDERLAKE-P-CPU_BGA1744,ALDERLAKE-P-CPU_BGA_1744P-T
GND,UCPU1,AL4,B,4438,3781,ALDERLAKE-P-CPU_BGA1744,ALDERLAKE-P-CPU_BGA_1744P-T
GND,UCPU1,AK4,B,4413,3781,ALDERLAKE-P-CPU_BGA1744,ALDERLAKE-P-CPU_BGA_1744P-T
GND,UCPU1,AJ3,B,4400,3803,ALDERLAKE-P-CPU_BGA1744,ALDERLAKE-P-CPU_BGA_1744P-T
GND,UCPU1,AL3,B,4425,3803,ALDERLAKE-P-CPU_BGA1744,ALDERLAKE-P-CPU_BGA_1744P-T
GND,UCPU1,AM3,B,4451,3803,ALDERLAKE-P-CPU_BGA1744,ALDERLAKE-P-CPU_BGA_1744P-T
GND,UCPU1,AP1,B,4477,3828,ALDERLAKE-P-CPU_BGA1744,ALDERLAKE-P-CPU_BGA_1744P-T
GND,UCPU1,BD4,B,4643,3781,ALDERLAKE-P-CPU_BGA1744,ALDERLAKE-P-CPU_BGA_1744P-T
GND,UCPU1,BA4,B,4592,3781,ALDERLAKE-P-CPU_BGA1744,ALDERLAKE-P-CPU_BGA_1744P-T
GND,UCPU1,AV4,B,4541,3781,ALDERLAKE-P-CPU_BGA1744,ALDERLAKE-P-CPU_BGA_1744P-T
GND,UCPU1,AW1,B,4553,3828,ALDERLAKE-P-CPU_BGA1744,ALDERLAKE-P-CPU_BGA_1744P-T
GND,UCPU1,AY1,B,4579,3828,ALDERLAKE-P-CPU_BGA1744,ALDERLAKE-P-CPU_BGA_1744P-T
GND,UCPU1,BL4,B,4745,3781,ALDERLAKE-P-CPU_BGA1744,ALDERLAKE-P-CPU_BGA_1744P-T
GND,UCPU1,BH4,B,4694,3781,ALDERLAKE-P-CPU_BGA1744,ALDERLAKE-P-CPU_BGA_1744P-T
GND,UCPU1,BE1,B,4656,3828,ALDERLAKE-P-CPU_BGA1744,ALDERLAKE-P-CPU_BGA_1744P-T
GND,UCPU1,BG1,B,4681,3828,ALDERLAKE-P-CPU_BGA1744,ALDERLAKE-P-CPU_BGA_1744P-T
GND,UCPU1,BM1,B,4758,3828,ALDERLAKE-P-CPU_BGA1744,ALDERLAKE-P-CPU_BGA_1744P-T
GND,UCPU1,BW4,B,4873,3781,ALDERLAKE-P-CPU_BGA1744,ALDERLAKE-P-CPU_BGA_1744P-T
GND,UCPU1,BT4,B,4822,3781,ALDERLAKE-P-CPU_BGA1744,ALDERLAKE-P-CPU_BGA_1744P-T
GND,UCPU1,BP4,B,4797,3781,ALDERLAKE-P-CPU_BGA1744,ALDERLAKE-P-CPU_BGA_1744P-T
GND,UCPU1,BN1,B,4784,3828,ALDERLAKE-P-CPU_BGA1744,ALDERLAKE-P-CPU_BGA_1744P-T
GND,UCPU1,BV1,B,4860,3828,ALDERLAKE-P-CPU_BGA1744,ALDERLAKE-P-CPU_BGA_1744P-T
GND,UCPU1,BY3,B,4886,3803,ALDERLAKE-P-CPU_BGA1744,ALDERLAKE-P-CPU_BGA_1744P-T
GND,UCPU1,CJ4,B,5027,3781,ALDERLAKE-P-CPU_BGA1744,ALDERLAKE-P-CPU_BGA_1744P-T
GND,UCPU1,CB4,B,4924,3781,ALDERLAKE-P-CPU_BGA1744,ALDERLAKE-P-CPU_BGA_1744P-T
GND,UCPU1,CC1,B,4937,3828,ALDERLAKE-P-CPU_BGA1744,ALDERLAKE-P-CPU_BGA_1744P-T
GND,UCPU1,CU4,B,5155,3781,ALDERLAKE-P-CPU_BGA1744,ALDERLAKE-P-CPU_BGA_1744P-T
GND,UCPU1,CK1,B,5040,3828,ALDERLAKE-P-CPU_BGA1744,ALDERLAKE-P-CPU_BGA_1744P-T
GND,UCPU1,CK3,B,5040,3803,ALDERLAKE-P-CPU_BGA1744,ALDERLAKE-P-CPU_BGA_1744P-T
GND,UCPU1,DB4,B,5232,3781,ALDERLAKE-P-CPU_BGA1744,ALDERLAKE-P-CPU_BGA_1744P-T
GND,UCPU1,DH4,B,5334,3781,ALDERLAKE-P-CPU_BGA1744,ALDERLAKE-P-CPU_BGA_1744P-T
GND,UCPU1,DM4,B,5393,3787,ALDERLAKE-P-CPU_BGA1744,ALDERLAKE-P-CPU_BGA_1744P-T
GND,UCPU1,DV4,B,5490,3787,ALDERLAKE-P-CPU_BGA1744,ALDERLAKE-P-CPU_BGA_1744P-T
GND,UCPU1,ED4,B,5588,3787,ALDERLAKE-P-CPU_BGA1744,ALDERLAKE-P-CPU_BGA_1744P-T
GND,UCPU1,EL4,B,5686,3787,ALDERLAKE-P-CPU_BGA1744,ALDERLAKE-P-CPU_BGA_1744P-T
GND,UCPU1,ER1,B,5763,3828,ALDERLAKE-P-CPU_BGA1744,ALDERLAKE-P-CPU_BGA_1744P-T
GND,UCPU1,ER3,B,5763,3803,ALDERLAKE-P-CPU_BGA1744,ALDERLAKE-P-CPU_BGA_1744P-T
GND,UCPU1,EY4,B,5833,3778,ALDERLAKE-P-CPU_BGA1744,ALDERLAKE-P-CPU_BGA_1744P-T
GND,UCPU1,EV4,B,5808,3778,ALDERLAKE-P-CPU_BGA1744,ALDERLAKE-P-CPU_BGA_1744P-T
GND,UCPU1,FB1,B,5865,3828,ALDERLAKE-P-CPU_BGA1744,ALDERLAKE-P-CPU_BGA_1744P-T
GND,UCPU1,EY3,B,5833,3804,ALDERLAKE-P-CPU_BGA1744,ALDERLAKE-P-CPU_BGA_1744P-T
GND,UEC1,C3,T,1935,2117,NPCX997KAABX_VFBGA144,NPCX997KAABX_VFBGA_144P
GND,UEC1,F7,T,1859,2015,NPCX997KAABX_VFBGA144,NPCX997KAABX_VFBGA_144P
GND,UEC1,G7,T,1833,2015,NPCX997KAABX_VFBGA144,NPCX997KAABX_VFBGA_144P
GND,UEC1,H7,T,1807,2015,NPCX997KAABX_VFBGA144,NPCX997KAABX_VFBGA_144P
GND,UGPU1,A2,B,7719,4240,NVIDIA_GN20-S5-GB3-64_FCBGA771,NVIDIA_GN20-S5-GB3-64_FCBGA_771P-T
GND,UGPU1,A5,B,7636,4240,NVIDIA_GN20-S5-GB3-64_FCBGA771,NVIDIA_GN20-S5-GB3-64_FCBGA_771P-T
GND,UGPU1,A27,B,7030,4240,NVIDIA_GN20-S5-GB3-64_FCBGA771,NVIDIA_GN20-S5-GB3-64_FCBGA_771P-T
GND,UGPU1,A30,B,6947,4240,NVIDIA_GN20-S5-GB3-64_FCBGA771,NVIDIA_GN20-S5-GB3-64_FCBGA_771P-T
GND,UGPU1,AA10,B,7498,3679,NVIDIA_GN20-S5-GB3-64_FCBGA771,NVIDIA_GN20-S5-GB3-64_FCBGA_771P-T
GND,UGPU1,AA12,B,7443,3679,NVIDIA_GN20-S5-GB3-64_FCBGA771,NVIDIA_GN20-S5-GB3-64_FCBGA_771P-T
GND,UGPU1,AA14,B,7388,3679,NVIDIA_GN20-S5-GB3-64_FCBGA771,NVIDIA_GN20-S5-GB3-64_FCBGA_771P-T
GND,UGPU1,AA16,B,7333,3679,NVIDIA_GN20-S5-GB3-64_FCBGA771,NVIDIA_GN20-S5-GB3-64_FCBGA_771P-T
GND,UGPU1,AA18,B,7278,3679,NVIDIA_GN20-S5-GB3-64_FCBGA771,NVIDIA_GN20-S5-GB3-64_FCBGA_771P-T
GND,UGPU1,AA20,B,7222,3679,NVIDIA_GN20-S5-GB3-64_FCBGA771,NVIDIA_GN20-S5-GB3-64_FCBGA_771P-T
GND,UGPU1,AA22,B,7167,3679,NVIDIA_GN20-S5-GB3-64_FCBGA771,NVIDIA_GN20-S5-GB3-64_FCBGA_771P-T
GND,UGPU1,AA26,B,7047,3679,NVIDIA_GN20-S5-GB3-64_FCBGA771,NVIDIA_GN20-S5-GB3-64_FCBGA_771P-T
GND,UGPU1,AA29,B,6965,3679,NVIDIA_GN20-S5-GB3-64_FCBGA771,NVIDIA_GN20-S5-GB3-64_FCBGA_771P-T
GND,UGPU1,AB2,B,7728,3652,NVIDIA_GN20-S5-GB3-64_FCBGA771,NVIDIA_GN20-S5-GB3-64_FCBGA_771P-T
GND,UGPU1,AB4,B,7673,3652,NVIDIA_GN20-S5-GB3-64_FCBGA771,NVIDIA_GN20-S5-GB3-64_FCBGA_771P-T
GND,UGPU1,AB6,B,7618,3652,NVIDIA_GN20-S5-GB3-64_FCBGA771,NVIDIA_GN20-S5-GB3-64_FCBGA_771P-T
GND,UGPU1,AB9,B,7526,3652,NVIDIA_GN20-S5-GB3-64_FCBGA771,NVIDIA_GN20-S5-GB3-64_FCBGA_771P-T
GND,UGPU1,AB11,B,7470,3652,NVIDIA_GN20-S5-GB3-64_FCBGA771,NVIDIA_GN20-S5-GB3-64_FCBGA_771P-T
GND,UGPU1,AB13,B,7415,3652,NVIDIA_GN20-S5-GB3-64_FCBGA771,NVIDIA_GN20-S5-GB3-64_FCBGA_771P-T
GND,UGPU1,AB15,B,7360,3652,NVIDIA_GN20-S5-GB3-64_FCBGA771,NVIDIA_GN20-S5-GB3-64_FCBGA_771P-T
GND,UGPU1,AB17,B,7305,3652,NVIDIA_GN20-S5-GB3-64_FCBGA771,NVIDIA_GN20-S5-GB3-64_FCBGA_771P-T
GND,UGPU1,AB19,B,7250,3652,NVIDIA_GN20-S5-GB3-64_FCBGA771,NVIDIA_GN20-S5-GB3-64_FCBGA_771P-T
GND,UGPU1,AB21,B,7195,3652,NVIDIA_GN20-S5-GB3-64_FCBGA771,NVIDIA_GN20-S5-GB3-64_FCBGA_771P-T
GND,UGPU1,AB23,B,7140,3652,NVIDIA_GN20-S5-GB3-64_FCBGA771,NVIDIA_GN20-S5-GB3-64_FCBGA_771P-T
GND,UGPU1,AB27,B,7020,3652,NVIDIA_GN20-S5-GB3-64_FCBGA771,NVIDIA_GN20-S5-GB3-64_FCBGA_771P-T
GND,UGPU1,AB29,B,6965,3652,NVIDIA_GN20-S5-GB3-64_FCBGA771,NVIDIA_GN20-S5-GB3-64_FCBGA_771P-T
GND,UGPU1,AB30,B,6937,3652,NVIDIA_GN20-S5-GB3-64_FCBGA771,NVIDIA_GN20-S5-GB3-64_FCBGA_771P-T
GND,UGPU1,AC10,B,7498,3624,NVIDIA_GN20-S5-GB3-64_FCBGA771,NVIDIA_GN20-S5-GB3-64_FCBGA_771P-T
GND,UGPU1,AC12,B,7443,3624,NVIDIA_GN20-S5-GB3-64_FCBGA771,NVIDIA_GN20-S5-GB3-64_FCBGA_771P-T
GND,UGPU1,AC14,B,7388,3624,NVIDIA_GN20-S5-GB3-64_FCBGA771,NVIDIA_GN20-S5-GB3-64_FCBGA_771P-T
GND,UGPU1,AC16,B,7333,3624,NVIDIA_GN20-S5-GB3-64_FCBGA771,NVIDIA_GN20-S5-GB3-64_FCBGA_771P-T
GND,UGPU1,AC18,B,7278,3624,NVIDIA_GN20-S5-GB3-64_FCBGA771,NVIDIA_GN20-S5-GB3-64_FCBGA_771P-T
GND,UGPU1,AC20,B,7222,3624,NVIDIA_GN20-S5-GB3-64_FCBGA771,NVIDIA_GN20-S5-GB3-64_FCBGA_771P-T
GND,UGPU1,AC22,B,7167,3624,NVIDIA_GN20-S5-GB3-64_FCBGA771,NVIDIA_GN20-S5-GB3-64_FCBGA_771P-T
GND,UGPU1,AC26,B,7047,3624,NVIDIA_GN20-S5-GB3-64_FCBGA771,NVIDIA_GN20-S5-GB3-64_FCBGA_771P-T
GND,UGPU1,AC29,B,6965,3624,NVIDIA_GN20-S5-GB3-64_FCBGA771,NVIDIA_GN20-S5-GB3-64_FCBGA_771P-T
GND,UGPU1,AD27,B,7020,3596,NVIDIA_GN20-S5-GB3-64_FCBGA771,NVIDIA_GN20-S5-GB3-64_FCBGA_771P-T
GND,UGPU1,AD29,B,6965,3596,NVIDIA_GN20-S5-GB3-64_FCBGA771,NVIDIA_GN20-S5-GB3-64_FCBGA_771P-T
GND,UGPU1,AD30,B,6937,3596,NVIDIA_GN20-S5-GB3-64_FCBGA771,NVIDIA_GN20-S5-GB3-64_FCBGA_771P-T
GND,UGPU1,AE2,B,7728,3569,NVIDIA_GN20-S5-GB3-64_FCBGA771,NVIDIA_GN20-S5-GB3-64_FCBGA_771P-T
GND,UGPU1,AE4,B,7673,3569,NVIDIA_GN20-S5-GB3-64_FCBGA771,NVIDIA_GN20-S5-GB3-64_FCBGA_771P-T
GND,UGPU1,AE6,B,7618,3569,NVIDIA_GN20-S5-GB3-64_FCBGA771,NVIDIA_GN20-S5-GB3-64_FCBGA_771P-T
GND,UGPU1,AE14,B,7388,3559,NVIDIA_GN20-S5-GB3-64_FCBGA771,NVIDIA_GN20-S5-GB3-64_FCBGA_771P-T
GND,UGPU1,AE29,B,6965,3569,NVIDIA_GN20-S5-GB3-64_FCBGA771,NVIDIA_GN20-S5-GB3-64_FCBGA_771P-T
GND,UGPU1,AF7,B,7581,3532,NVIDIA_GN20-S5-GB3-64_FCBGA771,NVIDIA_GN20-S5-GB3-64_FCBGA_771P-T
GND,UGPU1,AF10,B,7498,3532,NVIDIA_GN20-S5-GB3-64_FCBGA771,NVIDIA_GN20-S5-GB3-64_FCBGA_771P-T
GND,UGPU1,AF13,B,7415,3532,NVIDIA_GN20-S5-GB3-64_FCBGA771,NVIDIA_GN20-S5-GB3-64_FCBGA_771P-T
GND,UGPU1,AF15,B,7360,3532,NVIDIA_GN20-S5-GB3-64_FCBGA771,NVIDIA_GN20-S5-GB3-64_FCBGA_771P-T
GND,UGPU1,AF16,B,7333,3532,NVIDIA_GN20-S5-GB3-64_FCBGA771,NVIDIA_GN20-S5-GB3-64_FCBGA_771P-T
GND,UGPU1,AF19,B,7250,3532,NVIDIA_GN20-S5-GB3-64_FCBGA771,NVIDIA_GN20-S5-GB3-64_FCBGA_771P-T
GND,UGPU1,AF22,B,7167,3532,NVIDIA_GN20-S5-GB3-64_FCBGA771,NVIDIA_GN20-S5-GB3-64_FCBGA_771P-T
GND,UGPU1,AF26,B,7047,3532,NVIDIA_GN20-S5-GB3-64_FCBGA771,NVIDIA_GN20-S5-GB3-64_FCBGA_771P-T
GND,UGPU1,AF27,B,7020,3541,NVIDIA_GN20-S5-GB3-64_FCBGA771,NVIDIA_GN20-S5-GB3-64_FCBGA_771P-T
GND,UGPU1,AF28,B,6992,3541,NVIDIA_GN20-S5-GB3-64_FCBGA771,NVIDIA_GN20-S5-GB3-64_FCBGA_771P-T
GND,UGPU1,AF29,B,6965,3541,NVIDIA_GN20-S5-GB3-64_FCBGA771,NVIDIA_GN20-S5-GB3-64_FCBGA_771P-T
GND,UGPU1,AF30,B,6937,3541,NVIDIA_GN20-S5-GB3-64_FCBGA771,NVIDIA_GN20-S5-GB3-64_FCBGA_771P-T
GND,UGPU1,AG28,B,6992,3514,NVIDIA_GN20-S5-GB3-64_FCBGA771,NVIDIA_GN20-S5-GB3-64_FCBGA_771P-T
GND,UGPU1,AH2,B,7728,3486,NVIDIA_GN20-S5-GB3-64_FCBGA771,NVIDIA_GN20-S5-GB3-64_FCBGA_771P-T
GND,UGPU1,AH4,B,7673,3476,NVIDIA_GN20-S5-GB3-64_FCBGA771,NVIDIA_GN20-S5-GB3-64_FCBGA_771P-T
GND,UGPU1,AH7,B,7581,3476,NVIDIA_GN20-S5-GB3-64_FCBGA771,NVIDIA_GN20-S5-GB3-64_FCBGA_771P-T
GND,UGPU1,AH10,B,7498,3476,NVIDIA_GN20-S5-GB3-64_FCBGA771,NVIDIA_GN20-S5-GB3-64_FCBGA_771P-T
GND,UGPU1,AH11,B,7470,3476,NVIDIA_GN20-S5-GB3-64_FCBGA771,NVIDIA_GN20-S5-GB3-64_FCBGA_771P-T
GND,UGPU1,AH12,B,7443,3476,NVIDIA_GN20-S5-GB3-64_FCBGA771,NVIDIA_GN20-S5-GB3-64_FCBGA_771P-T
GND,UGPU1,AH13,B,7415,3476,NVIDIA_GN20-S5-GB3-64_FCBGA771,NVIDIA_GN20-S5-GB3-64_FCBGA_771P-T
GND,UGPU1,AH14,B,7388,3476,NVIDIA_GN20-S5-GB3-64_FCBGA771,NVIDIA_GN20-S5-GB3-64_FCBGA_771P-T
GND,UGPU1,AH15,B,7360,3476,NVIDIA_GN20-S5-GB3-64_FCBGA771,NVIDIA_GN20-S5-GB3-64_FCBGA_771P-T
GND,UGPU1,AH16,B,7333,3476,NVIDIA_GN20-S5-GB3-64_FCBGA771,NVIDIA_GN20-S5-GB3-64_FCBGA_771P-T
GND,UGPU1,AH17,B,7305,3476,NVIDIA_GN20-S5-GB3-64_FCBGA771,NVIDIA_GN20-S5-GB3-64_FCBGA_771P-T
GND,UGPU1,AH18,B,7278,3476,NVIDIA_GN20-S5-GB3-64_FCBGA771,NVIDIA_GN20-S5-GB3-64_FCBGA_771P-T
GND,UGPU1,AH19,B,7250,3476,NVIDIA_GN20-S5-GB3-64_FCBGA771,NVIDIA_GN20-S5-GB3-64_FCBGA_771P-T
GND,UGPU1,AH20,B,7222,3476,NVIDIA_GN20-S5-GB3-64_FCBGA771,NVIDIA_GN20-S5-GB3-64_FCBGA_771P-T
GND,UGPU1,AH21,B,7195,3476,NVIDIA_GN20-S5-GB3-64_FCBGA771,NVIDIA_GN20-S5-GB3-64_FCBGA_771P-T
GND,UGPU1,AH22,B,7167,3476,NVIDIA_GN20-S5-GB3-64_FCBGA771,NVIDIA_GN20-S5-GB3-64_FCBGA_771P-T
GND,UGPU1,AH23,B,7140,3476,NVIDIA_GN20-S5-GB3-64_FCBGA771,NVIDIA_GN20-S5-GB3-64_FCBGA_771P-T
GND,UGPU1,AH24,B,7112,3476,NVIDIA_GN20-S5-GB3-64_FCBGA771,NVIDIA_GN20-S5-GB3-64_FCBGA_771P-T
GND,UGPU1,AH25,B,7085,3476,NVIDIA_GN20-S5-GB3-64_FCBGA771,NVIDIA_GN20-S5-GB3-64_FCBGA_771P-T
GND,UGPU1,AH26,B,7057,3476,NVIDIA_GN20-S5-GB3-64_FCBGA771,NVIDIA_GN20-S5-GB3-64_FCBGA_771P-T
GND,UGPU1,AH27,B,7030,3476,NVIDIA_GN20-S5-GB3-64_FCBGA771,NVIDIA_GN20-S5-GB3-64_FCBGA_771P-T
GND,UGPU1,AH28,B,6992,3476,NVIDIA_GN20-S5-GB3-64_FCBGA771,NVIDIA_GN20-S5-GB3-64_FCBGA_771P-T
GND,UGPU1,AH30,B,6937,3486,NVIDIA_GN20-S5-GB3-64_FCBGA771,NVIDIA_GN20-S5-GB3-64_FCBGA_771P-T
GND,UGPU1,AJ8,B,7553,3449,NVIDIA_GN20-S5-GB3-64_FCBGA771,NVIDIA_GN20-S5-GB3-64_FCBGA_771P-T
GND,UGPU1,AJ9,B,7526,3449,NVIDIA_GN20-S5-GB3-64_FCBGA771,NVIDIA_GN20-S5-GB3-64_FCBGA_771P-T
GND,UGPU1,AK1,B,7756,3431,NVIDIA_GN20-S5-GB3-64_FCBGA771,NVIDIA_GN20-S5-GB3-64_FCBGA_771P-T
GND,UGPU1,AK4,B,7663,3421,NVIDIA_GN20-S5-GB3-64_FCBGA771,NVIDIA_GN20-S5-GB3-64_FCBGA_771P-T
GND,UGPU1,AK7,B,7581,3421,NVIDIA_GN20-S5-GB3-64_FCBGA771,NVIDIA_GN20-S5-GB3-64_FCBGA_771P-T
GND,UGPU1,AK10,B,7498,3421,NVIDIA_GN20-S5-GB3-64_FCBGA771,NVIDIA_GN20-S5-GB3-64_FCBGA_771P-T
GND,UGPU1,AK13,B,7415,3421,NVIDIA_GN20-S5-GB3-64_FCBGA771,NVIDIA_GN20-S5-GB3-64_FCBGA_771P-T
GND,UGPU1,AK16,B,7333,3421,NVIDIA_GN20-S5-GB3-64_FCBGA771,NVIDIA_GN20-S5-GB3-64_FCBGA_771P-T
GND,UGPU1,AK19,B,7250,3421,NVIDIA_GN20-S5-GB3-64_FCBGA771,NVIDIA_GN20-S5-GB3-64_FCBGA_771P-T
GND,UGPU1,AK22,B,7167,3421,NVIDIA_GN20-S5-GB3-64_FCBGA771,NVIDIA_GN20-S5-GB3-64_FCBGA_771P-T
GND,UGPU1,AK25,B,7085,3421,NVIDIA_GN20-S5-GB3-64_FCBGA771,NVIDIA_GN20-S5-GB3-64_FCBGA_771P-T
GND,UGPU1,AK28,B,7002,3421,NVIDIA_GN20-S5-GB3-64_FCBGA771,NVIDIA_GN20-S5-GB3-64_FCBGA_771P-T
GND,UGPU1,AK31,B,6909,3431,NVIDIA_GN20-S5-GB3-64_FCBGA771,NVIDIA_GN20-S5-GB3-64_FCBGA_771P-T
GND,UGPU1,AL2,B,7719,3394,NVIDIA_GN20-S5-GB3-64_FCBGA771,NVIDIA_GN20-S5-GB3-64_FCBGA_771P-T
GND,UGPU1,AL30,B,6947,3394,NVIDIA_GN20-S5-GB3-64_FCBGA771,NVIDIA_GN20-S5-GB3-64_FCBGA_771P-T
GND,UGPU1,B1,B,7756,4203,NVIDIA_GN20-S5-GB3-64_FCBGA771,NVIDIA_GN20-S5-GB3-64_FCBGA_771P-T
GND,UGPU1,B4,B,7663,4213,NVIDIA_GN20-S5-GB3-64_FCBGA771,NVIDIA_GN20-S5-GB3-64_FCBGA_771P-T
GND,UGPU1,B7,B,7581,4213,NVIDIA_GN20-S5-GB3-64_FCBGA771,NVIDIA_GN20-S5-GB3-64_FCBGA_771P-T
GND,UGPU1,B10,B,7498,4213,NVIDIA_GN20-S5-GB3-64_FCBGA771,NVIDIA_GN20-S5-GB3-64_FCBGA_771P-T
GND,UGPU1,B13,B,7415,4213,NVIDIA_GN20-S5-GB3-64_FCBGA771,NVIDIA_GN20-S5-GB3-64_FCBGA_771P-T
GND,UGPU1,B16,B,7333,4213,NVIDIA_GN20-S5-GB3-64_FCBGA771,NVIDIA_GN20-S5-GB3-64_FCBGA_771P-T
GND,UGPU1,B19,B,7250,4213,NVIDIA_GN20-S5-GB3-64_FCBGA771,NVIDIA_GN20-S5-GB3-64_FCBGA_771P-T
GND,UGPU1,B22,B,7167,4213,NVIDIA_GN20-S5-GB3-64_FCBGA771,NVIDIA_GN20-S5-GB3-64_FCBGA_771P-T
GND,UGPU1,B25,B,7085,4213,NVIDIA_GN20-S5-GB3-64_FCBGA771,NVIDIA_GN20-S5-GB3-64_FCBGA_771P-T
GND,UGPU1,B28,B,7002,4213,NVIDIA_GN20-S5-GB3-64_FCBGA771,NVIDIA_GN20-S5-GB3-64_FCBGA_771P-T
GND,UGPU1,B31,B,6909,4203,NVIDIA_GN20-S5-GB3-64_FCBGA771,NVIDIA_GN20-S5-GB3-64_FCBGA_771P-T
GND,UGPU1,C6,B,7608,4185,NVIDIA_GN20-S5-GB3-64_FCBGA771,NVIDIA_GN20-S5-GB3-64_FCBGA_771P-T
GND,UGPU1,C26,B,7057,4185,NVIDIA_GN20-S5-GB3-64_FCBGA771,NVIDIA_GN20-S5-GB3-64_FCBGA_771P-T
GND,UGPU1,D2,B,7728,4148,NVIDIA_GN20-S5-GB3-64_FCBGA771,NVIDIA_GN20-S5-GB3-64_FCBGA_771P-T
GND,UGPU1,D4,B,7673,4157,NVIDIA_GN20-S5-GB3-64_FCBGA771,NVIDIA_GN20-S5-GB3-64_FCBGA_771P-T
GND,UGPU1,D7,B,7581,4157,NVIDIA_GN20-S5-GB3-64_FCBGA771,NVIDIA_GN20-S5-GB3-64_FCBGA_771P-T
GND,UGPU1,D8,B,7553,4157,NVIDIA_GN20-S5-GB3-64_FCBGA771,NVIDIA_GN20-S5-GB3-64_FCBGA_771P-T
GND,UGPU1,D9,B,7526,4157,NVIDIA_GN20-S5-GB3-64_FCBGA771,NVIDIA_GN20-S5-GB3-64_FCBGA_771P-T
GND,UGPU1,D10,B,7498,4157,NVIDIA_GN20-S5-GB3-64_FCBGA771,NVIDIA_GN20-S5-GB3-64_FCBGA_771P-T
GND,UGPU1,D13,B,7415,4157,NVIDIA_GN20-S5-GB3-64_FCBGA771,NVIDIA_GN20-S5-GB3-64_FCBGA_771P-T
GND,UGPU1,D16,B,7333,4157,NVIDIA_GN20-S5-GB3-64_FCBGA771,NVIDIA_GN20-S5-GB3-64_FCBGA_771P-T
GND,UGPU1,D19,B,7250,4157,NVIDIA_GN20-S5-GB3-64_FCBGA771,NVIDIA_GN20-S5-GB3-64_FCBGA_771P-T
GND,UGPU1,D22,B,7167,4157,NVIDIA_GN20-S5-GB3-64_FCBGA771,NVIDIA_GN20-S5-GB3-64_FCBGA_771P-T
GND,UGPU1,D23,B,7140,4157,NVIDIA_GN20-S5-GB3-64_FCBGA771,NVIDIA_GN20-S5-GB3-64_FCBGA_771P-T
GND,UGPU1,D24,B,7112,4157,NVIDIA_GN20-S5-GB3-64_FCBGA771,NVIDIA_GN20-S5-GB3-64_FCBGA_771P-T
GND,UGPU1,D25,B,7085,4157,NVIDIA_GN20-S5-GB3-64_FCBGA771,NVIDIA_GN20-S5-GB3-64_FCBGA_771P-T
GND,UGPU1,D28,B,6992,4157,NVIDIA_GN20-S5-GB3-64_FCBGA771,NVIDIA_GN20-S5-GB3-64_FCBGA_771P-T
GND,UGPU1,D30,B,6937,4148,NVIDIA_GN20-S5-GB3-64_FCBGA771,NVIDIA_GN20-S5-GB3-64_FCBGA_771P-T
GND,UGPU1,E1,B,7756,4120,NVIDIA_GN20-S5-GB3-64_FCBGA771,NVIDIA_GN20-S5-GB3-64_FCBGA_771P-T
GND,UGPU1,E5,B,7646,4130,NVIDIA_GN20-S5-GB3-64_FCBGA771,NVIDIA_GN20-S5-GB3-64_FCBGA_771P-T
GND,UGPU1,E27,B,7020,4130,NVIDIA_GN20-S5-GB3-64_FCBGA771,NVIDIA_GN20-S5-GB3-64_FCBGA_771P-T
GND,UGPU1,E31,B,6909,4120,NVIDIA_GN20-S5-GB3-64_FCBGA771,NVIDIA_GN20-S5-GB3-64_FCBGA_771P-T
GND,UGPU1,F3,B,7701,4093,NVIDIA_GN20-S5-GB3-64_FCBGA771,NVIDIA_GN20-S5-GB3-64_FCBGA_771P-T
GND,UGPU1,F7,B,7581,4102,NVIDIA_GN20-S5-GB3-64_FCBGA771,NVIDIA_GN20-S5-GB3-64_FCBGA_771P-T
GND,UGPU1,F10,B,7498,4102,NVIDIA_GN20-S5-GB3-64_FCBGA771,NVIDIA_GN20-S5-GB3-64_FCBGA_771P-T
GND,UGPU1,F13,B,7415,4102,NVIDIA_GN20-S5-GB3-64_FCBGA771,NVIDIA_GN20-S5-GB3-64_FCBGA_771P-T
GND,UGPU1,F14,B,7388,4102,NVIDIA_GN20-S5-GB3-64_FCBGA771,NVIDIA_GN20-S5-GB3-64_FCBGA_771P-T
GND,UGPU1,F15,B,7360,4102,NVIDIA_GN20-S5-GB3-64_FCBGA771,NVIDIA_GN20-S5-GB3-64_FCBGA_771P-T
GND,UGPU1,F16,B,7333,4102,NVIDIA_GN20-S5-GB3-64_FCBGA771,NVIDIA_GN20-S5-GB3-64_FCBGA_771P-T
GND,UGPU1,F19,B,7250,4102,NVIDIA_GN20-S5-GB3-64_FCBGA771,NVIDIA_GN20-S5-GB3-64_FCBGA_771P-T
GND,UGPU1,F22,B,7167,4102,NVIDIA_GN20-S5-GB3-64_FCBGA771,NVIDIA_GN20-S5-GB3-64_FCBGA_771P-T
GND,UGPU1,F25,B,7085,4102,NVIDIA_GN20-S5-GB3-64_FCBGA771,NVIDIA_GN20-S5-GB3-64_FCBGA_771P-T
GND,UGPU1,F29,B,6965,4093,NVIDIA_GN20-S5-GB3-64_FCBGA771,NVIDIA_GN20-S5-GB3-64_FCBGA_771P-T
GND,UGPU1,G2,B,7728,4065,NVIDIA_GN20-S5-GB3-64_FCBGA771,NVIDIA_GN20-S5-GB3-64_FCBGA_771P-T
GND,UGPU1,G4,B,7673,4065,NVIDIA_GN20-S5-GB3-64_FCBGA771,NVIDIA_GN20-S5-GB3-64_FCBGA_771P-T
GND,UGPU1,G6,B,7618,4065,NVIDIA_GN20-S5-GB3-64_FCBGA771,NVIDIA_GN20-S5-GB3-64_FCBGA_771P-T
GND,UGPU1,G26,B,7047,4065,NVIDIA_GN20-S5-GB3-64_FCBGA771,NVIDIA_GN20-S5-GB3-64_FCBGA_771P-T
GND,UGPU1,G28,B,6992,4065,NVIDIA_GN20-S5-GB3-64_FCBGA771,NVIDIA_GN20-S5-GB3-64_FCBGA_771P-T
GND,UGPU1,G30,B,6937,4065,NVIDIA_GN20-S5-GB3-64_FCBGA771,NVIDIA_GN20-S5-GB3-64_FCBGA_771P-T
GND,UGPU1,J1,B,7756,4010,NVIDIA_GN20-S5-GB3-64_FCBGA771,NVIDIA_GN20-S5-GB3-64_FCBGA_771P-T
GND,UGPU1,J5,B,7646,4010,NVIDIA_GN20-S5-GB3-64_FCBGA771,NVIDIA_GN20-S5-GB3-64_FCBGA_771P-T
GND,UGPU1,J10,B,7498,4010,NVIDIA_GN20-S5-GB3-64_FCBGA771,NVIDIA_GN20-S5-GB3-64_FCBGA_771P-T
GND,UGPU1,J12,B,7443,4010,NVIDIA_GN20-S5-GB3-64_FCBGA771,NVIDIA_GN20-S5-GB3-64_FCBGA_771P-T
GND,UGPU1,J14,B,7388,4010,NVIDIA_GN20-S5-GB3-64_FCBGA771,NVIDIA_GN20-S5-GB3-64_FCBGA_771P-T
GND,UGPU1,J16,B,7333,4010,NVIDIA_GN20-S5-GB3-64_FCBGA771,NVIDIA_GN20-S5-GB3-64_FCBGA_771P-T
GND,UGPU1,J18,B,7278,4010,NVIDIA_GN20-S5-GB3-64_FCBGA771,NVIDIA_GN20-S5-GB3-64_FCBGA_771P-T
GND,UGPU1,J20,B,7222,4010,NVIDIA_GN20-S5-GB3-64_FCBGA771,NVIDIA_GN20-S5-GB3-64_FCBGA_771P-T
GND,UGPU1,J22,B,7167,4010,NVIDIA_GN20-S5-GB3-64_FCBGA771,NVIDIA_GN20-S5-GB3-64_FCBGA_771P-T
GND,UGPU1,J27,B,7020,4010,NVIDIA_GN20-S5-GB3-64_FCBGA771,NVIDIA_GN20-S5-GB3-64_FCBGA_771P-T
GND,UGPU1,K2,B,7728,3982,NVIDIA_GN20-S5-GB3-64_FCBGA771,NVIDIA_GN20-S5-GB3-64_FCBGA_771P-T
GND,UGPU1,K4,B,7673,3982,NVIDIA_GN20-S5-GB3-64_FCBGA771,NVIDIA_GN20-S5-GB3-64_FCBGA_771P-T
GND,UGPU1,K6,B,7618,3982,NVIDIA_GN20-S5-GB3-64_FCBGA771,NVIDIA_GN20-S5-GB3-64_FCBGA_771P-T
GND,UGPU1,K9,B,7526,3982,NVIDIA_GN20-S5-GB3-64_FCBGA771,NVIDIA_GN20-S5-GB3-64_FCBGA_771P-T
GND,UGPU1,K11,B,7470,3982,NVIDIA_GN20-S5-GB3-64_FCBGA771,NVIDIA_GN20-S5-GB3-64_FCBGA_771P-T
GND,UGPU1,K13,B,7415,3982,NVIDIA_GN20-S5-GB3-64_FCBGA771,NVIDIA_GN20-S5-GB3-64_FCBGA_771P-T
GND,UGPU1,K15,B,7360,3982,NVIDIA_GN20-S5-GB3-64_FCBGA771,NVIDIA_GN20-S5-GB3-64_FCBGA_771P-T
GND,UGPU1,K17,B,7305,3982,NVIDIA_GN20-S5-GB3-64_FCBGA771,NVIDIA_GN20-S5-GB3-64_FCBGA_771P-T
GND,UGPU1,K19,B,7250,3982,NVIDIA_GN20-S5-GB3-64_FCBGA771,NVIDIA_GN20-S5-GB3-64_FCBGA_771P-T
GND,UGPU1,K21,B,7195,3982,NVIDIA_GN20-S5-GB3-64_FCBGA771,NVIDIA_GN20-S5-GB3-64_FCBGA_771P-T
GND,UGPU1,K23,B,7140,3982,NVIDIA_GN20-S5-GB3-64_FCBGA771,NVIDIA_GN20-S5-GB3-64_FCBGA_771P-T
GND,UGPU1,K26,B,7047,3982,NVIDIA_GN20-S5-GB3-64_FCBGA771,NVIDIA_GN20-S5-GB3-64_FCBGA_771P-T
GND,UGPU1,K28,B,6992,3982,NVIDIA_GN20-S5-GB3-64_FCBGA771,NVIDIA_GN20-S5-GB3-64_FCBGA_771P-T
GND,UGPU1,K30,B,6937,3982,NVIDIA_GN20-S5-GB3-64_FCBGA771,NVIDIA_GN20-S5-GB3-64_FCBGA_771P-T
GND,UGPU1,L3,B,7701,3955,NVIDIA_GN20-S5-GB3-64_FCBGA771,NVIDIA_GN20-S5-GB3-64_FCBGA_771P-T
GND,UGPU1,L10,B,7498,3955,NVIDIA_GN20-S5-GB3-64_FCBGA771,NVIDIA_GN20-S5-GB3-64_FCBGA_771P-T
GND,UGPU1,L12,B,7443,3955,NVIDIA_GN20-S5-GB3-64_FCBGA771,NVIDIA_GN20-S5-GB3-64_FCBGA_771P-T
GND,UGPU1,L14,B,7388,3955,NVIDIA_GN20-S5-GB3-64_FCBGA771,NVIDIA_GN20-S5-GB3-64_FCBGA_771P-T
GND,UGPU1,L16,B,7333,3955,NVIDIA_GN20-S5-GB3-64_FCBGA771,NVIDIA_GN20-S5-GB3-64_FCBGA_771P-T
GND,UGPU1,L18,B,7278,3955,NVIDIA_GN20-S5-GB3-64_FCBGA771,NVIDIA_GN20-S5-GB3-64_FCBGA_771P-T
GND,UGPU1,L20,B,7222,3955,NVIDIA_GN20-S5-GB3-64_FCBGA771,NVIDIA_GN20-S5-GB3-64_FCBGA_771P-T
GND,UGPU1,L22,B,7167,3955,NVIDIA_GN20-S5-GB3-64_FCBGA771,NVIDIA_GN20-S5-GB3-64_FCBGA_771P-T
GND,UGPU1,L29,B,6965,3955,NVIDIA_GN20-S5-GB3-64_FCBGA771,NVIDIA_GN20-S5-GB3-64_FCBGA_771P-T
GND,UGPU1,M5,B,7646,3927,NVIDIA_GN20-S5-GB3-64_FCBGA771,NVIDIA_GN20-S5-GB3-64_FCBGA_771P-T
GND,UGPU1,M9,B,7526,3927,NVIDIA_GN20-S5-GB3-64_FCBGA771,NVIDIA_GN20-S5-GB3-64_FCBGA_771P-T
GND,UGPU1,M11,B,7470,3927,NVIDIA_GN20-S5-GB3-64_FCBGA771,NVIDIA_GN20-S5-GB3-64_FCBGA_771P-T
GND,UGPU1,M13,B,7415,3927,NVIDIA_GN20-S5-GB3-64_FCBGA771,NVIDIA_GN20-S5-GB3-64_FCBGA_771P-T
GND,UGPU1,M15,B,7360,3927,NVIDIA_GN20-S5-GB3-64_FCBGA771,NVIDIA_GN20-S5-GB3-64_FCBGA_771P-T
GND,UGPU1,M17,B,7305,3927,NVIDIA_GN20-S5-GB3-64_FCBGA771,NVIDIA_GN20-S5-GB3-64_FCBGA_771P-T
GND,UGPU1,M19,B,7250,3927,NVIDIA_GN20-S5-GB3-64_FCBGA771,NVIDIA_GN20-S5-GB3-64_FCBGA_771P-T
GND,UGPU1,M21,B,7195,3927,NVIDIA_GN20-S5-GB3-64_FCBGA771,NVIDIA_GN20-S5-GB3-64_FCBGA_771P-T
GND,UGPU1,M23,B,7140,3927,NVIDIA_GN20-S5-GB3-64_FCBGA771,NVIDIA_GN20-S5-GB3-64_FCBGA_771P-T
GND,UGPU1,M27,B,7020,3927,NVIDIA_GN20-S5-GB3-64_FCBGA771,NVIDIA_GN20-S5-GB3-64_FCBGA_771P-T
GND,UGPU1,N2,B,7728,3900,NVIDIA_GN20-S5-GB3-64_FCBGA771,NVIDIA_GN20-S5-GB3-64_FCBGA_771P-T
GND,UGPU1,N4,B,7673,3900,NVIDIA_GN20-S5-GB3-64_FCBGA771,NVIDIA_GN20-S5-GB3-64_FCBGA_771P-T
GND,UGPU1,N6,B,7618,3900,NVIDIA_GN20-S5-GB3-64_FCBGA771,NVIDIA_GN20-S5-GB3-64_FCBGA_771P-T
GND,UGPU1,N10,B,7498,3900,NVIDIA_GN20-S5-GB3-64_FCBGA771,NVIDIA_GN20-S5-GB3-64_FCBGA_771P-T
GND,UGPU1,N12,B,7443,3900,NVIDIA_GN20-S5-GB3-64_FCBGA771,NVIDIA_GN20-S5-GB3-64_FCBGA_771P-T
GND,UGPU1,N14,B,7388,3900,NVIDIA_GN20-S5-GB3-64_FCBGA771,NVIDIA_GN20-S5-GB3-64_FCBGA_771P-T
GND,UGPU1,N16,B,7333,3900,NVIDIA_GN20-S5-GB3-64_FCBGA771,NVIDIA_GN20-S5-GB3-64_FCBGA_771P-T
GND,UGPU1,N18,B,7278,3900,NVIDIA_GN20-S5-GB3-64_FCBGA771,NVIDIA_GN20-S5-GB3-64_FCBGA_771P-T
GND,UGPU1,N20,B,7222,3900,NVIDIA_GN20-S5-GB3-64_FCBGA771,NVIDIA_GN20-S5-GB3-64_FCBGA_771P-T
GND,UGPU1,N22,B,7167,3900,NVIDIA_GN20-S5-GB3-64_FCBGA771,NVIDIA_GN20-S5-GB3-64_FCBGA_771P-T
GND,UGPU1,N26,B,7047,3900,NVIDIA_GN20-S5-GB3-64_FCBGA771,NVIDIA_GN20-S5-GB3-64_FCBGA_771P-T
GND,UGPU1,N28,B,6992,3900,NVIDIA_GN20-S5-GB3-64_FCBGA771,NVIDIA_GN20-S5-GB3-64_FCBGA_771P-T
GND,UGPU1,N30,B,6937,3900,NVIDIA_GN20-S5-GB3-64_FCBGA771,NVIDIA_GN20-S5-GB3-64_FCBGA_771P-T
GND,UGPU1,P2,B,7728,3872,NVIDIA_GN20-S5-GB3-64_FCBGA771,NVIDIA_GN20-S5-GB3-64_FCBGA_771P-T
GND,UGPU1,P5,B,7646,3872,NVIDIA_GN20-S5-GB3-64_FCBGA771,NVIDIA_GN20-S5-GB3-64_FCBGA_771P-T
GND,UGPU1,P9,B,7526,3872,NVIDIA_GN20-S5-GB3-64_FCBGA771,NVIDIA_GN20-S5-GB3-64_FCBGA_771P-T
GND,UGPU1,P11,B,7470,3872,NVIDIA_GN20-S5-GB3-64_FCBGA771,NVIDIA_GN20-S5-GB3-64_FCBGA_771P-T
GND,UGPU1,P13,B,7415,3872,NVIDIA_GN20-S5-GB3-64_FCBGA771,NVIDIA_GN20-S5-GB3-64_FCBGA_771P-T
GND,UGPU1,P15,B,7360,3872,NVIDIA_GN20-S5-GB3-64_FCBGA771,NVIDIA_GN20-S5-GB3-64_FCBGA_771P-T
GND,UGPU1,P17,B,7305,3872,NVIDIA_GN20-S5-GB3-64_FCBGA771,NVIDIA_GN20-S5-GB3-64_FCBGA_771P-T
GND,UGPU1,P19,B,7250,3872,NVIDIA_GN20-S5-GB3-64_FCBGA771,NVIDIA_GN20-S5-GB3-64_FCBGA_771P-T
GND,UGPU1,P21,B,7195,3872,NVIDIA_GN20-S5-GB3-64_FCBGA771,NVIDIA_GN20-S5-GB3-64_FCBGA_771P-T
GND,UGPU1,P23,B,7140,3872,NVIDIA_GN20-S5-GB3-64_FCBGA771,NVIDIA_GN20-S5-GB3-64_FCBGA_771P-T
GND,UGPU1,P27,B,7020,3872,NVIDIA_GN20-S5-GB3-64_FCBGA771,NVIDIA_GN20-S5-GB3-64_FCBGA_771P-T
GND,UGPU1,R3,B,7701,3844,NVIDIA_GN20-S5-GB3-64_FCBGA771,NVIDIA_GN20-S5-GB3-64_FCBGA_771P-T
GND,UGPU1,R10,B,7498,3844,NVIDIA_GN20-S5-GB3-64_FCBGA771,NVIDIA_GN20-S5-GB3-64_FCBGA_771P-T
GND,UGPU1,R12,B,7443,3844,NVIDIA_GN20-S5-GB3-64_FCBGA771,NVIDIA_GN20-S5-GB3-64_FCBGA_771P-T
GND,UGPU1,R14,B,7388,3844,NVIDIA_GN20-S5-GB3-64_FCBGA771,NVIDIA_GN20-S5-GB3-64_FCBGA_771P-T
GND,UGPU1,R16,B,7333,3844,NVIDIA_GN20-S5-GB3-64_FCBGA771,NVIDIA_GN20-S5-GB3-64_FCBGA_771P-T
GND,UGPU1,R18,B,7278,3844,NVIDIA_GN20-S5-GB3-64_FCBGA771,NVIDIA_GN20-S5-GB3-64_FCBGA_771P-T
GND,UGPU1,R20,B,7222,3844,NVIDIA_GN20-S5-GB3-64_FCBGA771,NVIDIA_GN20-S5-GB3-64_FCBGA_771P-T
GND,UGPU1,R22,B,7167,3844,NVIDIA_GN20-S5-GB3-64_FCBGA771,NVIDIA_GN20-S5-GB3-64_FCBGA_771P-T
GND,UGPU1,R29,B,6965,3844,NVIDIA_GN20-S5-GB3-64_FCBGA771,NVIDIA_GN20-S5-GB3-64_FCBGA_771P-T
GND,UGPU1,T2,B,7728,3817,NVIDIA_GN20-S5-GB3-64_FCBGA771,NVIDIA_GN20-S5-GB3-64_FCBGA_771P-T
GND,UGPU1,T4,B,7673,3817,NVIDIA_GN20-S5-GB3-64_FCBGA771,NVIDIA_GN20-S5-GB3-64_FCBGA_771P-T
GND,UGPU1,T6,B,7618,3817,NVIDIA_GN20-S5-GB3-64_FCBGA771,NVIDIA_GN20-S5-GB3-64_FCBGA_771P-T
GND,UGPU1,T9,B,7526,3817,NVIDIA_GN20-S5-GB3-64_FCBGA771,NVIDIA_GN20-S5-GB3-64_FCBGA_771P-T
GND,UGPU1,T11,B,7470,3817,NVIDIA_GN20-S5-GB3-64_FCBGA771,NVIDIA_GN20-S5-GB3-64_FCBGA_771P-T
GND,UGPU1,T13,B,7415,3817,NVIDIA_GN20-S5-GB3-64_FCBGA771,NVIDIA_GN20-S5-GB3-64_FCBGA_771P-T
GND,UGPU1,T15,B,7360,3817,NVIDIA_GN20-S5-GB3-64_FCBGA771,NVIDIA_GN20-S5-GB3-64_FCBGA_771P-T
GND,UGPU1,T17,B,7305,3817,NVIDIA_GN20-S5-GB3-64_FCBGA771,NVIDIA_GN20-S5-GB3-64_FCBGA_771P-T
GND,UGPU1,T19,B,7250,3817,NVIDIA_GN20-S5-GB3-64_FCBGA771,NVIDIA_GN20-S5-GB3-64_FCBGA_771P-T
GND,UGPU1,T21,B,7195,3817,NVIDIA_GN20-S5-GB3-64_FCBGA771,NVIDIA_GN20-S5-GB3-64_FCBGA_771P-T
GND,UGPU1,T23,B,7140,3817,NVIDIA_GN20-S5-GB3-64_FCBGA771,NVIDIA_GN20-S5-GB3-64_FCBGA_771P-T
GND,UGPU1,T26,B,7047,3817,NVIDIA_GN20-S5-GB3-64_FCBGA771,NVIDIA_GN20-S5-GB3-64_FCBGA_771P-T
GND,UGPU1,T28,B,6992,3817,NVIDIA_GN20-S5-GB3-64_FCBGA771,NVIDIA_GN20-S5-GB3-64_FCBGA_771P-T
GND,UGPU1,T30,B,6937,3817,NVIDIA_GN20-S5-GB3-64_FCBGA771,NVIDIA_GN20-S5-GB3-64_FCBGA_771P-T
GND,UGPU1,U10,B,7498,3789,NVIDIA_GN20-S5-GB3-64_FCBGA771,NVIDIA_GN20-S5-GB3-64_FCBGA_771P-T
GND,UGPU1,U12,B,7443,3789,NVIDIA_GN20-S5-GB3-64_FCBGA771,NVIDIA_GN20-S5-GB3-64_FCBGA_771P-T
GND,UGPU1,U14,B,7388,3789,NVIDIA_GN20-S5-GB3-64_FCBGA771,NVIDIA_GN20-S5-GB3-64_FCBGA_771P-T
GND,UGPU1,U16,B,7333,3789,NVIDIA_GN20-S5-GB3-64_FCBGA771,NVIDIA_GN20-S5-GB3-64_FCBGA_771P-T
GND,UGPU1,U18,B,7278,3789,NVIDIA_GN20-S5-GB3-64_FCBGA771,NVIDIA_GN20-S5-GB3-64_FCBGA_771P-T
GND,UGPU1,U20,B,7222,3789,NVIDIA_GN20-S5-GB3-64_FCBGA771,NVIDIA_GN20-S5-GB3-64_FCBGA_771P-T
GND,UGPU1,U22,B,7167,3789,NVIDIA_GN20-S5-GB3-64_FCBGA771,NVIDIA_GN20-S5-GB3-64_FCBGA_771P-T
GND,UGPU1,U26,B,7047,3789,NVIDIA_GN20-S5-GB3-64_FCBGA771,NVIDIA_GN20-S5-GB3-64_FCBGA_771P-T
GND,UGPU1,U29,B,6965,3789,NVIDIA_GN20-S5-GB3-64_FCBGA771,NVIDIA_GN20-S5-GB3-64_FCBGA_771P-T
GND,UGPU1,V9,B,7526,3762,NVIDIA_GN20-S5-GB3-64_FCBGA771,NVIDIA_GN20-S5-GB3-64_FCBGA_771P-T
GND,UGPU1,V11,B,7470,3762,NVIDIA_GN20-S5-GB3-64_FCBGA771,NVIDIA_GN20-S5-GB3-64_FCBGA_771P-T
GND,UGPU1,V13,B,7415,3762,NVIDIA_GN20-S5-GB3-64_FCBGA771,NVIDIA_GN20-S5-GB3-64_FCBGA_771P-T
GND,UGPU1,V15,B,7360,3762,NVIDIA_GN20-S5-GB3-64_FCBGA771,NVIDIA_GN20-S5-GB3-64_FCBGA_771P-T
GND,UGPU1,V17,B,7305,3762,NVIDIA_GN20-S5-GB3-64_FCBGA771,NVIDIA_GN20-S5-GB3-64_FCBGA_771P-T
GND,UGPU1,V19,B,7250,3762,NVIDIA_GN20-S5-GB3-64_FCBGA771,NVIDIA_GN20-S5-GB3-64_FCBGA_771P-T
GND,UGPU1,V21,B,7195,3762,NVIDIA_GN20-S5-GB3-64_FCBGA771,NVIDIA_GN20-S5-GB3-64_FCBGA_771P-T
GND,UGPU1,V23,B,7140,3762,NVIDIA_GN20-S5-GB3-64_FCBGA771,NVIDIA_GN20-S5-GB3-64_FCBGA_771P-T
GND,UGPU1,V27,B,7020,3762,NVIDIA_GN20-S5-GB3-64_FCBGA771,NVIDIA_GN20-S5-GB3-64_FCBGA_771P-T
GND,UGPU1,V29,B,6965,3762,NVIDIA_GN20-S5-GB3-64_FCBGA771,NVIDIA_GN20-S5-GB3-64_FCBGA_771P-T
GND,UGPU1,V30,B,6937,3762,NVIDIA_GN20-S5-GB3-64_FCBGA771,NVIDIA_GN20-S5-GB3-64_FCBGA_771P-T
GND,UGPU1,W2,B,7728,3734,NVIDIA_GN20-S5-GB3-64_FCBGA771,NVIDIA_GN20-S5-GB3-64_FCBGA_771P-T
GND,UGPU1,W4,B,7673,3734,NVIDIA_GN20-S5-GB3-64_FCBGA771,NVIDIA_GN20-S5-GB3-64_FCBGA_771P-T
GND,UGPU1,W6,B,7618,3734,NVIDIA_GN20-S5-GB3-64_FCBGA771,NVIDIA_GN20-S5-GB3-64_FCBGA_771P-T
GND,UGPU1,W10,B,7498,3734,NVIDIA_GN20-S5-GB3-64_FCBGA771,NVIDIA_GN20-S5-GB3-64_FCBGA_771P-T
GND,UGPU1,W12,B,7443,3734,NVIDIA_GN20-S5-GB3-64_FCBGA771,NVIDIA_GN20-S5-GB3-64_FCBGA_771P-T
GND,UGPU1,W14,B,7388,3734,NVIDIA_GN20-S5-GB3-64_FCBGA771,NVIDIA_GN20-S5-GB3-64_FCBGA_771P-T
GND,UGPU1,W16,B,7333,3734,NVIDIA_GN20-S5-GB3-64_FCBGA771,NVIDIA_GN20-S5-GB3-64_FCBGA_771P-T
GND,UGPU1,W18,B,7278,3734,NVIDIA_GN20-S5-GB3-64_FCBGA771,NVIDIA_GN20-S5-GB3-64_FCBGA_771P-T
GND,UGPU1,W20,B,7222,3734,NVIDIA_GN20-S5-GB3-64_FCBGA771,NVIDIA_GN20-S5-GB3-64_FCBGA_771P-T
GND,UGPU1,W22,B,7167,3734,NVIDIA_GN20-S5-GB3-64_FCBGA771,NVIDIA_GN20-S5-GB3-64_FCBGA_771P-T
GND,UGPU1,W26,B,7047,3734,NVIDIA_GN20-S5-GB3-64_FCBGA771,NVIDIA_GN20-S5-GB3-64_FCBGA_771P-T
GND,UGPU1,W29,B,6965,3734,NVIDIA_GN20-S5-GB3-64_FCBGA771,NVIDIA_GN20-S5-GB3-64_FCBGA_771P-T
GND,UGPU1,Y9,B,7526,3707,NVIDIA_GN20-S5-GB3-64_FCBGA771,NVIDIA_GN20-S5-GB3-64_FCBGA_771P-T
GND,UGPU1,Y11,B,7470,3707,NVIDIA_GN20-S5-GB3-64_FCBGA771,NVIDIA_GN20-S5-GB3-64_FCBGA_771P-T
GND,UGPU1,Y13,B,7415,3707,NVIDIA_GN20-S5-GB3-64_FCBGA771,NVIDIA_GN20-S5-GB3-64_FCBGA_771P-T
GND,UGPU1,Y15,B,7360,3707,NVIDIA_GN20-S5-GB3-64_FCBGA771,NVIDIA_GN20-S5-GB3-64_FCBGA_771P-T
GND,UGPU1,Y17,B,7305,3707,NVIDIA_GN20-S5-GB3-64_FCBGA771,NVIDIA_GN20-S5-GB3-64_FCBGA_771P-T
GND,UGPU1,Y19,B,7250,3707,NVIDIA_GN20-S5-GB3-64_FCBGA771,NVIDIA_GN20-S5-GB3-64_FCBGA_771P-T
GND,UGPU1,Y21,B,7195,3707,NVIDIA_GN20-S5-GB3-64_FCBGA771,NVIDIA_GN20-S5-GB3-64_FCBGA_771P-T
GND,UGPU1,Y23,B,7140,3707,NVIDIA_GN20-S5-GB3-64_FCBGA771,NVIDIA_GN20-S5-GB3-64_FCBGA_771P-T
GND,UGPU1,Y27,B,7020,3707,NVIDIA_GN20-S5-GB3-64_FCBGA771,NVIDIA_GN20-S5-GB3-64_FCBGA_771P-T
GND,UGPU1,Y29,B,6965,3707,NVIDIA_GN20-S5-GB3-64_FCBGA771,NVIDIA_GN20-S5-GB3-64_FCBGA_771P-T
GND,UGPU1,Y30,B,6937,3707,NVIDIA_GN20-S5-GB3-64_FCBGA771,NVIDIA_GN20-S5-GB3-64_FCBGA_771P-T
GND,UTE1,2,T,3035,2051,TC62D518FTG_WQFN56_7X7,TC62D518FTG_WQFN56_7X7
GND,UTE1,24,T,3207,1831,TC62D518FTG_WQFN56_7X7,TC62D518FTG_WQFN56_7X7
GND,UTE1,37,T,3301,1988,TC62D518FTG_WQFN56_7X7,TC62D518FTG_WQFN56_7X7
GND,UTE1,46,T,3223,2097,TC62D518FTG_WQFN56_7X7,TC62D518FTG_WQFN56_7X7
GND,UV1,A2,B,8135,4538,K4Z80325BC-HC14_FBGA180,K4Z80325BC-HC14_FBGA_180P-T
GND,UV1,A4,B,8135,4479,K4Z80325BC-HC14_FBGA180,K4Z80325BC-HC14_FBGA_180P-T
GND,UV1,A11,B,8135,4272,K4Z80325BC-HC14_FBGA180,K4Z80325BC-HC14_FBGA_180P-T
GND,UV1,A13,B,8135,4213,K4Z80325BC-HC14_FBGA180,K4Z80325BC-HC14_FBGA_180P-T
GND,UV1,B1,B,8165,4567,K4Z80325BC-HC14_FBGA180,K4Z80325BC-HC14_FBGA_180P-T
GND,UV1,B14,B,8165,4183,K4Z80325BC-HC14_FBGA180,K4Z80325BC-HC14_FBGA_180P-T
GND,UV1,C3,B,8194,4508,K4Z80325BC-HC14_FBGA180,K4Z80325BC-HC14_FBGA_180P-T
GND,UV1,C5,B,8194,4449,K4Z80325BC-HC14_FBGA180,K4Z80325BC-HC14_FBGA_180P-T
GND,UV1,C10,B,8194,4302,K4Z80325BC-HC14_FBGA180,K4Z80325BC-HC14_FBGA_180P-T
GND,UV1,C12,B,8194,4242,K4Z80325BC-HC14_FBGA180,K4Z80325BC-HC14_FBGA_180P-T
GND,UV1,D1,B,8224,4567,K4Z80325BC-HC14_FBGA180,K4Z80325BC-HC14_FBGA_180P-T
GND,UV1,D3,B,8224,4508,K4Z80325BC-HC14_FBGA180,K4Z80325BC-HC14_FBGA_180P-T
GND,UV1,D12,B,8224,4242,K4Z80325BC-HC14_FBGA180,K4Z80325BC-HC14_FBGA_180P-T
GND,UV1,D14,B,8224,4183,K4Z80325BC-HC14_FBGA180,K4Z80325BC-HC14_FBGA_180P-T
GND,UV1,E4,B,8253,4479,K4Z80325BC-HC14_FBGA180,K4Z80325BC-HC14_FBGA_180P-T
GND,UV1,E11,B,8253,4272,K4Z80325BC-HC14_FBGA180,K4Z80325BC-HC14_FBGA_180P-T
GND,UV1,F1,B,8283,4567,K4Z80325BC-HC14_FBGA180,K4Z80325BC-HC14_FBGA_180P-T
GND,UV1,F3,B,8283,4508,K4Z80325BC-HC14_FBGA180,K4Z80325BC-HC14_FBGA_180P-T
GND,UV1,F12,B,8283,4242,K4Z80325BC-HC14_FBGA180,K4Z80325BC-HC14_FBGA_180P-T
GND,UV1,F14,B,8283,4183,K4Z80325BC-HC14_FBGA180,K4Z80325BC-HC14_FBGA_180P-T
GND,UV1,G1,B,8312,4567,K4Z80325BC-HC14_FBGA180,K4Z80325BC-HC14_FBGA_180P-T
GND,UV1,G3,B,8312,4508,K4Z80325BC-HC14_FBGA180,K4Z80325BC-HC14_FBGA_180P-T
GND,UV1,G12,B,8312,4242,K4Z80325BC-HC14_FBGA180,K4Z80325BC-HC14_FBGA_180P-T
GND,UV1,G14,B,8312,4183,K4Z80325BC-HC14_FBGA180,K4Z80325BC-HC14_FBGA_180P-T
GND,UV1,H4,B,8342,4479,K4Z80325BC-HC14_FBGA180,K4Z80325BC-HC14_FBGA_180P-T
GND,UV1,H11,B,8342,4272,K4Z80325BC-HC14_FBGA180,K4Z80325BC-HC14_FBGA_180P-T
GND,UV1,L4,B,8431,4479,K4Z80325BC-HC14_FBGA180,K4Z80325BC-HC14_FBGA_180P-T
GND,UV1,L11,B,8431,4272,K4Z80325BC-HC14_FBGA180,K4Z80325BC-HC14_FBGA_180P-T
GND,UV1,M1,B,8460,4567,K4Z80325BC-HC14_FBGA180,K4Z80325BC-HC14_FBGA_180P-T
GND,UV1,M3,B,8460,4508,K4Z80325BC-HC14_FBGA180,K4Z80325BC-HC14_FBGA_180P-T
GND,UV1,M12,B,8460,4242,K4Z80325BC-HC14_FBGA180,K4Z80325BC-HC14_FBGA_180P-T
GND,UV1,M14,B,8460,4183,K4Z80325BC-HC14_FBGA180,K4Z80325BC-HC14_FBGA_180P-T
GND,UV1,N1,B,8490,4567,K4Z80325BC-HC14_FBGA180,K4Z80325BC-HC14_FBGA_180P-T
GND,UV1,N3,B,8490,4508,K4Z80325BC-HC14_FBGA180,K4Z80325BC-HC14_FBGA_180P-T
GND,UV1,N12,B,8490,4242,K4Z80325BC-HC14_FBGA180,K4Z80325BC-HC14_FBGA_180P-T
GND,UV1,N14,B,8490,4183,K4Z80325BC-HC14_FBGA180,K4Z80325BC-HC14_FBGA_180P-T
GND,UV1,P4,B,8519,4479,K4Z80325BC-HC14_FBGA180,K4Z80325BC-HC14_FBGA_180P-T
GND,UV1,P11,B,8519,4272,K4Z80325BC-HC14_FBGA180,K4Z80325BC-HC14_FBGA_180P-T
GND,UV1,R1,B,8549,4567,K4Z80325BC-HC14_FBGA180,K4Z80325BC-HC14_FBGA_180P-T
GND,UV1,R3,B,8549,4508,K4Z80325BC-HC14_FBGA180,K4Z80325BC-HC14_FBGA_180P-T
GND,UV1,R12,B,8549,4242,K4Z80325BC-HC14_FBGA180,K4Z80325BC-HC14_FBGA_180P-T
GND,UV1,R14,B,8549,4183,K4Z80325BC-HC14_FBGA180,K4Z80325BC-HC14_FBGA_180P-T
GND,UV1,T3,B,8578,4508,K4Z80325BC-HC14_FBGA180,K4Z80325BC-HC14_FBGA_180P-T
GND,UV1,T5,B,8578,4449,K4Z80325BC-HC14_FBGA180,K4Z80325BC-HC14_FBGA_180P-T
GND,UV1,T10,B,8578,4302,K4Z80325BC-HC14_FBGA180,K4Z80325BC-HC14_FBGA_180P-T
GND,UV1,T12,B,8578,4242,K4Z80325BC-HC14_FBGA180,K4Z80325BC-HC14_FBGA_180P-T
GND,UV1,U1,B,8608,4567,K4Z80325BC-HC14_FBGA180,K4Z80325BC-HC14_FBGA_180P-T
GND,UV1,U14,B,8608,4183,K4Z80325BC-HC14_FBGA180,K4Z80325BC-HC14_FBGA_180P-T
GND,UV1,V2,B,8637,4538,K4Z80325BC-HC14_FBGA180,K4Z80325BC-HC14_FBGA_180P-T
GND,UV1,V4,B,8637,4479,K4Z80325BC-HC14_FBGA180,K4Z80325BC-HC14_FBGA_180P-T
GND,UV1,V11,B,8637,4272,K4Z80325BC-HC14_FBGA180,K4Z80325BC-HC14_FBGA_180P-T
GND,UV1,V13,B,8637,4213,K4Z80325BC-HC14_FBGA180,K4Z80325BC-HC14_FBGA_180P-T
GND,UV2,A2,B,7385,4670,K4Z80325BC-HC14_FBGA180,K4Z80325BC-HC14_FBGA_180P-T
GND,UV2,A4,B,7444,4670,K4Z80325BC-HC14_FBGA180,K4Z80325BC-HC14_FBGA_180P-T
GND,UV2,A11,B,7651,4670,K4Z80325BC-HC14_FBGA180,K4Z80325BC-HC14_FBGA_180P-T
GND,UV2,A13,B,7710,4670,K4Z80325BC-HC14_FBGA180,K4Z80325BC-HC14_FBGA_180P-T
GND,UV2,B1,B,7355,4700,K4Z80325BC-HC14_FBGA180,K4Z80325BC-HC14_FBGA_180P-T
GND,UV2,B14,B,7739,4700,K4Z80325BC-HC14_FBGA180,K4Z80325BC-HC14_FBGA_180P-T
GND,UV2,C3,B,7414,4729,K4Z80325BC-HC14_FBGA180,K4Z80325BC-HC14_FBGA_180P-T
GND,UV2,C5,B,7473,4729,K4Z80325BC-HC14_FBGA180,K4Z80325BC-HC14_FBGA_180P-T
GND,UV2,C10,B,7621,4729,K4Z80325BC-HC14_FBGA180,K4Z80325BC-HC14_FBGA_180P-T
GND,UV2,C12,B,7680,4729,K4Z80325BC-HC14_FBGA180,K4Z80325BC-HC14_FBGA_180P-T
GND,UV2,D1,B,7355,4759,K4Z80325BC-HC14_FBGA180,K4Z80325BC-HC14_FBGA_180P-T
GND,UV2,D3,B,7414,4759,K4Z80325BC-HC14_FBGA180,K4Z80325BC-HC14_FBGA_180P-T
GND,UV2,D12,B,7680,4759,K4Z80325BC-HC14_FBGA180,K4Z80325BC-HC14_FBGA_180P-T
GND,UV2,D14,B,7739,4759,K4Z80325BC-HC14_FBGA180,K4Z80325BC-HC14_FBGA_180P-T
GND,UV2,E4,B,7444,4788,K4Z80325BC-HC14_FBGA180,K4Z80325BC-HC14_FBGA_180P-T
GND,UV2,E11,B,7651,4788,K4Z80325BC-HC14_FBGA180,K4Z80325BC-HC14_FBGA_180P-T
GND,UV2,F1,B,7355,4818,K4Z80325BC-HC14_FBGA180,K4Z80325BC-HC14_FBGA_180P-T
GND,UV2,F3,B,7414,4818,K4Z80325BC-HC14_FBGA180,K4Z80325BC-HC14_FBGA_180P-T
GND,UV2,F12,B,7680,4818,K4Z80325BC-HC14_FBGA180,K4Z80325BC-HC14_FBGA_180P-T
GND,UV2,F14,B,7739,4818,K4Z80325BC-HC14_FBGA180,K4Z80325BC-HC14_FBGA_180P-T
GND,UV2,G1,B,7355,4847,K4Z80325BC-HC14_FBGA180,K4Z80325BC-HC14_FBGA_180P-T
GND,UV2,G3,B,7414,4847,K4Z80325BC-HC14_FBGA180,K4Z80325BC-HC14_FBGA_180P-T
GND,UV2,G12,B,7680,4847,K4Z80325BC-HC14_FBGA180,K4Z80325BC-HC14_FBGA_180P-T
GND,UV2,G14,B,7739,4847,K4Z80325BC-HC14_FBGA180,K4Z80325BC-HC14_FBGA_180P-T
GND,UV2,H4,B,7444,4877,K4Z80325BC-HC14_FBGA180,K4Z80325BC-HC14_FBGA_180P-T
GND,UV2,H11,B,7651,4877,K4Z80325BC-HC14_FBGA180,K4Z80325BC-HC14_FBGA_180P-T
GND,UV2,L4,B,7444,4966,K4Z80325BC-HC14_FBGA180,K4Z80325BC-HC14_FBGA_180P-T
GND,UV2,L11,B,7651,4966,K4Z80325BC-HC14_FBGA180,K4Z80325BC-HC14_FBGA_180P-T
GND,UV2,M1,B,7355,4995,K4Z80325BC-HC14_FBGA180,K4Z80325BC-HC14_FBGA_180P-T
GND,UV2,M3,B,7414,4995,K4Z80325BC-HC14_FBGA180,K4Z80325BC-HC14_FBGA_180P-T
GND,UV2,M12,B,7680,4995,K4Z80325BC-HC14_FBGA180,K4Z80325BC-HC14_FBGA_180P-T
GND,UV2,M14,B,7739,4995,K4Z80325BC-HC14_FBGA180,K4Z80325BC-HC14_FBGA_180P-T
GND,UV2,N1,B,7355,5025,K4Z80325BC-HC14_FBGA180,K4Z80325BC-HC14_FBGA_180P-T
GND,UV2,N3,B,7414,5025,K4Z80325BC-HC14_FBGA180,K4Z80325BC-HC14_FBGA_180P-T
GND,UV2,N12,B,7680,5025,K4Z80325BC-HC14_FBGA180,K4Z80325BC-HC14_FBGA_180P-T
GND,UV2,N14,B,7739,5025,K4Z80325BC-HC14_FBGA180,K4Z80325BC-HC14_FBGA_180P-T
GND,UV2,P4,B,7444,5054,K4Z80325BC-HC14_FBGA180,K4Z80325BC-HC14_FBGA_180P-T
GND,UV2,P11,B,7651,5054,K4Z80325BC-HC14_FBGA180,K4Z80325BC-HC14_FBGA_180P-T
GND,UV2,R1,B,7355,5084,K4Z80325BC-HC14_FBGA180,K4Z80325BC-HC14_FBGA_180P-T
GND,UV2,R3,B,7414,5084,K4Z80325BC-HC14_FBGA180,K4Z80325BC-HC14_FBGA_180P-T
GND,UV2,R12,B,7680,5084,K4Z80325BC-HC14_FBGA180,K4Z80325BC-HC14_FBGA_180P-T
GND,UV2,R14,B,7739,5084,K4Z80325BC-HC14_FBGA180,K4Z80325BC-HC14_FBGA_180P-T
GND,UV2,T3,B,7414,5113,K4Z80325BC-HC14_FBGA180,K4Z80325BC-HC14_FBGA_180P-T
GND,UV2,T5,B,7473,5113,K4Z80325BC-HC14_FBGA180,K4Z80325BC-HC14_FBGA_180P-T
GND,UV2,T10,B,7621,5113,K4Z80325BC-HC14_FBGA180,K4Z80325BC-HC14_FBGA_180P-T
GND,UV2,T12,B,7680,5113,K4Z80325BC-HC14_FBGA180,K4Z80325BC-HC14_FBGA_180P-T
GND,UV2,U1,B,7355,5143,K4Z80325BC-HC14_FBGA180,K4Z80325BC-HC14_FBGA_180P-T
GND,UV2,U14,B,7739,5143,K4Z80325BC-HC14_FBGA180,K4Z80325BC-HC14_FBGA_180P-T
GND,UV2,V2,B,7385,5172,K4Z80325BC-HC14_FBGA180,K4Z80325BC-HC14_FBGA_180P-T
GND,UV2,V4,B,7444,5172,K4Z80325BC-HC14_FBGA180,K4Z80325BC-HC14_FBGA_180P-T
GND,UV2,V11,B,7651,5172,K4Z80325BC-HC14_FBGA180,K4Z80325BC-HC14_FBGA_180P-T
GND,UV2,V13,B,7710,5172,K4Z80325BC-HC14_FBGA180,K4Z80325BC-HC14_FBGA_180P-T
GND,UWLAN1,17,B,6402,4705,INTEL_AX211D2W_LGA144,INTEL_AX211D2W_LGA_144P-T
GND,UWLAN1,20,B,6402,4646,INTEL_AX211D2W_LGA144,INTEL_AX211D2W_LGA_144P-T
GND,UWLAN1,23,B,6402,4587,INTEL_AX211D2W_LGA144,INTEL_AX211D2W_LGA_144P-T
GND,UWLAN1,26,B,6402,4528,INTEL_AX211D2W_LGA144,INTEL_AX211D2W_LGA_144P-T
GND,UWLAN1,32,B,6303,4449,INTEL_AX211D2W_LGA144,INTEL_AX211D2W_LGA_144P-T
GND,UWLAN1,35,B,6244,4449,INTEL_AX211D2W_LGA144,INTEL_AX211D2W_LGA_144P-T
GND,UWLAN1,38,B,6185,4449,INTEL_AX211D2W_LGA144,INTEL_AX211D2W_LGA_144P-T
GND,UWLAN1,41,B,6126,4449,INTEL_AX211D2W_LGA144,INTEL_AX211D2W_LGA_144P-T
GND,UWLAN1,6,B,6402,4921,INTEL_AX211D2W_LGA144,INTEL_AX211D2W_LGA_144P-T
GND,UWLAN1,62,B,5949,4744,INTEL_AX211D2W_LGA144,INTEL_AX211D2W_LGA_144P-T
GND,UWLAN1,68,B,5949,4862,INTEL_AX211D2W_LGA144,INTEL_AX211D2W_LGA_144P-T
GND,UWLAN1,71,B,5949,4921,INTEL_AX211D2W_LGA144,INTEL_AX211D2W_LGA_144P-T
GND,UWLAN1,74,B,5949,4980,INTEL_AX211D2W_LGA144,INTEL_AX211D2W_LGA_144P-T
GND,UWLAN1,75,B,5949,5000,INTEL_AX211D2W_LGA144,INTEL_AX211D2W_LGA_144P-T
GND,UWLAN1,76,B,5949,5020,INTEL_AX211D2W_LGA144,INTEL_AX211D2W_LGA_144P-T
GND,UWLAN1,77,B,5988,5059,INTEL_AX211D2W_LGA144,INTEL_AX211D2W_LGA_144P-T
GND,UWLAN1,78,B,6008,5059,INTEL_AX211D2W_LGA144,INTEL_AX211D2W_LGA_144P-T
GND,UWLAN1,79,B,6028,5059,INTEL_AX211D2W_LGA144,INTEL_AX211D2W_LGA_144P-T
GND,UWLAN1,80,B,6047,5059,INTEL_AX211D2W_LGA144,INTEL_AX211D2W_LGA_144P-T
GND,UWLAN1,81,B,6067,5059,INTEL_AX211D2W_LGA144,INTEL_AX211D2W_LGA_144P-T
GND,UWLAN1,82,B,6087,5059,INTEL_AX211D2W_LGA144,INTEL_AX211D2W_LGA_144P-T
GND,UWLAN1,83,B,6106,5059,INTEL_AX211D2W_LGA144,INTEL_AX211D2W_LGA_144P-T
GND,UWLAN1,84,B,6126,5059,INTEL_AX211D2W_LGA144,INTEL_AX211D2W_LGA_144P-T
GND,UWLAN1,85,B,6146,5059,INTEL_AX211D2W_LGA144,INTEL_AX211D2W_LGA_144P-T
GND,UWLAN1,86,B,6165,5059,INTEL_AX211D2W_LGA144,INTEL_AX211D2W_LGA_144P-T
GND,UWLAN1,87,B,6185,5059,INTEL_AX211D2W_LGA144,INTEL_AX211D2W_LGA_144P-T
GND,UWLAN1,88,B,6205,5059,INTEL_AX211D2W_LGA144,INTEL_AX211D2W_LGA_144P-T
GND,UWLAN1,89,B,6224,5059,INTEL_AX211D2W_LGA144,INTEL_AX211D2W_LGA_144P-T
GND,UWLAN1,90,B,6244,5059,INTEL_AX211D2W_LGA144,INTEL_AX211D2W_LGA_144P-T
GND,UWLAN1,91,B,6264,5059,INTEL_AX211D2W_LGA144,INTEL_AX211D2W_LGA_144P-T
GND,UWLAN1,92,B,6283,5059,INTEL_AX211D2W_LGA144,INTEL_AX211D2W_LGA_144P-T
GND,UWLAN1,93,B,6303,5059,INTEL_AX211D2W_LGA144,INTEL_AX211D2W_LGA_144P-T
GND,UWLAN1,94,B,6323,5059,INTEL_AX211D2W_LGA144,INTEL_AX211D2W_LGA_144P-T
GND,UWLAN1,95,B,6343,5059,INTEL_AX211D2W_LGA144,INTEL_AX211D2W_LGA_144P-T
GND,UWLAN1,96,B,6362,5059,INTEL_AX211D2W_LGA144,INTEL_AX211D2W_LGA_144P-T
GND,UWLAN1,G1,B,6398,5055,INTEL_AX211D2W_LGA144,INTEL_AX211D2W_LGA_144P-T
GND,UWLAN1,G2,B,6398,4453,INTEL_AX211D2W_LGA144,INTEL_AX211D2W_LGA_144P-T
GND,UWLAN1,G3,B,5953,4453,INTEL_AX211D2W_LGA144,INTEL_AX211D2W_LGA_144P-T
GND,UWLAN1,G4,B,5953,5055,INTEL_AX211D2W_LGA144,INTEL_AX211D2W_LGA_144P-T
GND,UWLAN1,A07,B,6333,4862,INTEL_AX211D2W_LGA144,INTEL_AX211D2W_LGA_144P-T
GND,UWLAN1,A26,B,6323,4482,INTEL_AX211D2W_LGA144,INTEL_AX211D2W_LGA_144P-T
GND,UWLAN1,A31,B,6028,4482,INTEL_AX211D2W_LGA144,INTEL_AX211D2W_LGA_144P-T
GND,UWLAN1,A50,B,6018,4862,INTEL_AX211D2W_LGA144,INTEL_AX211D2W_LGA_144P-T
GND,UWLAN1,A15,B,6333,4705,INTEL_AX211D2W_LGA144,INTEL_AX211D2W_LGA_144P-T
GND,UWLAN1,GG01,B,6280,4988,INTEL_AX211D2W_LGA144,INTEL_AX211D2W_LGA_144P-T
GND,UWLAN1,GG02,B,6240,4988,INTEL_AX211D2W_LGA144,INTEL_AX211D2W_LGA_144P-T
GND,UWLAN1,GG03,B,6201,4988,INTEL_AX211D2W_LGA144,INTEL_AX211D2W_LGA_144P-T
GND,UWLAN1,GG04,B,6280,4949,INTEL_AX211D2W_LGA144,INTEL_AX211D2W_LGA_144P-T
GND,UWLAN1,GG05,B,6240,4949,INTEL_AX211D2W_LGA144,INTEL_AX211D2W_LGA_144P-T
GND,UWLAN1,GG06,B,6201,4949,INTEL_AX211D2W_LGA144,INTEL_AX211D2W_LGA_144P-T
GND,UWLAN1,GG07,B,6280,4910,INTEL_AX211D2W_LGA144,INTEL_AX211D2W_LGA_144P-T
GND,UWLAN1,GG08,B,6240,4910,INTEL_AX211D2W_LGA144,INTEL_AX211D2W_LGA_144P-T
GND,UWLAN1,GG09,B,6201,4910,INTEL_AX211D2W_LGA144,INTEL_AX211D2W_LGA_144P-T
GND,UWLAN1,GG10,B,6150,4988,INTEL_AX211D2W_LGA144,INTEL_AX211D2W_LGA_144P-T
GND,UWLAN1,GG11,B,6110,4988,INTEL_AX211D2W_LGA144,INTEL_AX211D2W_LGA_144P-T
GND,UWLAN1,GG12,B,6071,4988,INTEL_AX211D2W_LGA144,INTEL_AX211D2W_LGA_144P-T
GND,UWLAN1,GG13,B,6150,4949,INTEL_AX211D2W_LGA144,INTEL_AX211D2W_LGA_144P-T
GND,UWLAN1,GG14,B,6110,4949,INTEL_AX211D2W_LGA144,INTEL_AX211D2W_LGA_144P-T
GND,UWLAN1,GG15,B,6071,4949,INTEL_AX211D2W_LGA144,INTEL_AX211D2W_LGA_144P-T
GND,UWLAN1,GG16,B,6150,4910,INTEL_AX211D2W_LGA144,INTEL_AX211D2W_LGA_144P-T
GND,UWLAN1,GG17,B,6110,4910,INTEL_AX211D2W_LGA144,INTEL_AX211D2W_LGA_144P-T
GND,UWLAN1,GG18,B,6071,4910,INTEL_AX211D2W_LGA144,INTEL_AX211D2W_LGA_144P-T
GND,UWLAN1,GG19,B,6280,4858,INTEL_AX211D2W_LGA144,INTEL_AX211D2W_LGA_144P-T
GND,UWLAN1,GG20,B,6240,4858,INTEL_AX211D2W_LGA144,INTEL_AX211D2W_LGA_144P-T
GND,UWLAN1,GG21,B,6201,4858,INTEL_AX211D2W_LGA144,INTEL_AX211D2W_LGA_144P-T
GND,UWLAN1,GG22,B,6280,4819,INTEL_AX211D2W_LGA144,INTEL_AX211D2W_LGA_144P-T
GND,UWLAN1,GG23,B,6240,4819,INTEL_AX211D2W_LGA144,INTEL_AX211D2W_LGA_144P-T
GND,UWLAN1,GG24,B,6201,4819,INTEL_AX211D2W_LGA144,INTEL_AX211D2W_LGA_144P-T
GND,UWLAN1,GG25,B,6280,4780,INTEL_AX211D2W_LGA144,INTEL_AX211D2W_LGA_144P-T
GND,UWLAN1,GG26,B,6240,4780,INTEL_AX211D2W_LGA144,INTEL_AX211D2W_LGA_144P-T
GND,UWLAN1,GG27,B,6201,4780,INTEL_AX211D2W_LGA144,INTEL_AX211D2W_LGA_144P-T
GND,UWLAN1,GG28,B,6150,4858,INTEL_AX211D2W_LGA144,INTEL_AX211D2W_LGA_144P-T
GND,UWLAN1,GG29,B,6110,4858,INTEL_AX211D2W_LGA144,INTEL_AX211D2W_LGA_144P-T
GND,UWLAN1,GG30,B,6071,4858,INTEL_AX211D2W_LGA144,INTEL_AX211D2W_LGA_144P-T
GND,UWLAN1,GG31,B,6150,4819,INTEL_AX211D2W_LGA144,INTEL_AX211D2W_LGA_144P-T
GND,UWLAN1,GG32,B,6110,4819,INTEL_AX211D2W_LGA144,INTEL_AX211D2W_LGA_144P-T
GND,UWLAN1,GG33,B,6071,4819,INTEL_AX211D2W_LGA144,INTEL_AX211D2W_LGA_144P-T
GND,UWLAN1,GG34,B,6150,4780,INTEL_AX211D2W_LGA144,INTEL_AX211D2W_LGA_144P-T
GND,UWLAN1,GG35,B,6110,4780,INTEL_AX211D2W_LGA144,INTEL_AX211D2W_LGA_144P-T
GND,UWLAN1,GG36,B,6071,4780,INTEL_AX211D2W_LGA144,INTEL_AX211D2W_LGA_144P-T
GND,UWLAN1,GG37,B,6280,4728,INTEL_AX211D2W_LGA144,INTEL_AX211D2W_LGA_144P-T
GND,UWLAN1,GG38,B,6240,4728,INTEL_AX211D2W_LGA144,INTEL_AX211D2W_LGA_144P-T
GND,UWLAN1,GG39,B,6201,4728,INTEL_AX211D2W_LGA144,INTEL_AX211D2W_LGA_144P-T
GND,UWLAN1,GG40,B,6280,4689,INTEL_AX211D2W_LGA144,INTEL_AX211D2W_LGA_144P-T
GND,UWLAN1,GG41,B,6240,4689,INTEL_AX211D2W_LGA144,INTEL_AX211D2W_LGA_144P-T
GND,UWLAN1,GG42,B,6201,4689,INTEL_AX211D2W_LGA144,INTEL_AX211D2W_LGA_144P-T
GND,UWLAN1,GG43,B,6280,4650,INTEL_AX211D2W_LGA144,INTEL_AX211D2W_LGA_144P-T
GND,UWLAN1,GG44,B,6240,4650,INTEL_AX211D2W_LGA144,INTEL_AX211D2W_LGA_144P-T
GND,UWLAN1,GG45,B,6201,4650,INTEL_AX211D2W_LGA144,INTEL_AX211D2W_LGA_144P-T
GND,UWLAN1,GG46,B,6150,4728,INTEL_AX211D2W_LGA144,INTEL_AX211D2W_LGA_144P-T
GND,UWLAN1,GG47,B,6110,4728,INTEL_AX211D2W_LGA144,INTEL_AX211D2W_LGA_144P-T
GND,UWLAN1,GG48,B,6071,4728,INTEL_AX211D2W_LGA144,INTEL_AX211D2W_LGA_144P-T
GND,UWLAN1,GG49,B,6150,4689,INTEL_AX211D2W_LGA144,INTEL_AX211D2W_LGA_144P-T
GND,UWLAN1,GG50,B,6110,4689,INTEL_AX211D2W_LGA144,INTEL_AX211D2W_LGA_144P-T
GND,UWLAN1,GG51,B,6071,4689,INTEL_AX211D2W_LGA144,INTEL_AX211D2W_LGA_144P-T
GND,UWLAN1,GG52,B,6150,4650,INTEL_AX211D2W_LGA144,INTEL_AX211D2W_LGA_144P-T
GND,UWLAN1,GG53,B,6110,4650,INTEL_AX211D2W_LGA144,INTEL_AX211D2W_LGA_144P-T
GND,UWLAN1,GG54,B,6071,4650,INTEL_AX211D2W_LGA144,INTEL_AX211D2W_LGA_144P-T
GND,UWLAN1,GG55,B,6280,4598,INTEL_AX211D2W_LGA144,INTEL_AX211D2W_LGA_144P-T
GND,UWLAN1,GG56,B,6240,4598,INTEL_AX211D2W_LGA144,INTEL_AX211D2W_LGA_144P-T
GND,UWLAN1,GG57,B,6201,4598,INTEL_AX211D2W_LGA144,INTEL_AX211D2W_LGA_144P-T
GND,UWLAN1,GG58,B,6280,4559,INTEL_AX211D2W_LGA144,INTEL_AX211D2W_LGA_144P-T
GND,UWLAN1,GG59,B,6240,4559,INTEL_AX211D2W_LGA144,INTEL_AX211D2W_LGA_144P-T
GND,UWLAN1,GG60,B,6201,4559,INTEL_AX211D2W_LGA144,INTEL_AX211D2W_LGA_144P-T
GND,UWLAN1,GG61,B,6280,4520,INTEL_AX211D2W_LGA144,INTEL_AX211D2W_LGA_144P-T
GND,UWLAN1,GG62,B,6240,4520,INTEL_AX211D2W_LGA144,INTEL_AX211D2W_LGA_144P-T
GND,UWLAN1,GG63,B,6201,4520,INTEL_AX211D2W_LGA144,INTEL_AX211D2W_LGA_144P-T
GND,UWLAN1,GG64,B,6150,4598,INTEL_AX211D2W_LGA144,INTEL_AX211D2W_LGA_144P-T
GND,UWLAN1,GG65,B,6110,4598,INTEL_AX211D2W_LGA144,INTEL_AX211D2W_LGA_144P-T
GND,UWLAN1,GG66,B,6071,4598,INTEL_AX211D2W_LGA144,INTEL_AX211D2W_LGA_144P-T
GND,UWLAN1,GG67,B,6150,4559,INTEL_AX211D2W_LGA144,INTEL_AX211D2W_LGA_144P-T
GND,UWLAN1,GG68,B,6110,4559,INTEL_AX211D2W_LGA144,INTEL_AX211D2W_LGA_144P-T
GND,UWLAN1,GG69,B,6071,4559,INTEL_AX211D2W_LGA144,INTEL_AX211D2W_LGA_144P-T
GND,UWLAN1,GG70,B,6150,4520,INTEL_AX211D2W_LGA144,INTEL_AX211D2W_LGA_144P-T
GND,UWLAN1,GG71,B,6110,4520,INTEL_AX211D2W_LGA144,INTEL_AX211D2W_LGA_144P-T
GND,UWLAN1,GG72,B,6071,4520,INTEL_AX211D2W_LGA144,INTEL_AX211D2W_LGA_144P-T
GND,UWLAN2A,6,B,6396,4921,8501-602200-01_LGA76,8501-602200-01_LGA_76P
GND,UWLAN2A,17,B,6396,4705,8501-602200-01_LGA76,8501-602200-01_LGA_76P
GND,UWLAN2A,20,B,6396,4646,8501-602200-01_LGA76,8501-602200-01_LGA_76P
GND,UWLAN2A,23,B,6396,4587,8501-602200-01_LGA76,8501-602200-01_LGA_76P
GND,UWLAN2A,26,B,6396,4528,8501-602200-01_LGA76,8501-602200-01_LGA_76P
GND,UWLAN2A,32,B,6303,4455,8501-602200-01_LGA76,8501-602200-01_LGA_76P
GND,UWLAN2A,35,B,6244,4455,8501-602200-01_LGA76,8501-602200-01_LGA_76P
GND,UWLAN2A,38,B,6185,4455,8501-602200-01_LGA76,8501-602200-01_LGA_76P
GND,UWLAN2A,41,B,6126,4455,8501-602200-01_LGA76,8501-602200-01_LGA_76P
GND,UWLAN2A,62,B,5955,4744,8501-602200-01_LGA76,8501-602200-01_LGA_76P
GND,UWLAN2A,68,B,5955,4862,8501-602200-01_LGA76,8501-602200-01_LGA_76P
GND,UWLAN2A,71,B,5955,4921,8501-602200-01_LGA76,8501-602200-01_LGA_76P
GND,UWLAN2A,74,B,5955,4980,8501-602200-01_LGA76,8501-602200-01_LGA_76P
GND,UWLAN2A,75,B,5955,5000,8501-602200-01_LGA76,8501-602200-01_LGA_76P
GND,UWLAN2A,76,B,5955,5020,8501-602200-01_LGA76,8501-602200-01_LGA_76P
GND,UWLAN2A,77,B,5988,5053,8501-602200-01_LGA76,8501-602200-01_LGA_76P
GND,UWLAN2A,78,B,6008,5053,8501-602200-01_LGA76,8501-602200-01_LGA_76P
GND,UWLAN2A,79,B,6028,5053,8501-602200-01_LGA76,8501-602200-01_LGA_76P
GND,UWLAN2A,80,B,6047,5053,8501-602200-01_LGA76,8501-602200-01_LGA_76P
GND,UWLAN2A,81,B,6067,5053,8501-602200-01_LGA76,8501-602200-01_LGA_76P
GND,UWLAN2A,82,B,6087,5053,8501-602200-01_LGA76,8501-602200-01_LGA_76P
GND,UWLAN2A,83,B,6106,5053,8501-602200-01_LGA76,8501-602200-01_LGA_76P
GND,UWLAN2A,84,B,6126,5053,8501-602200-01_LGA76,8501-602200-01_LGA_76P
GND,UWLAN2A,85,B,6146,5053,8501-602200-01_LGA76,8501-602200-01_LGA_76P
GND,UWLAN2A,86,B,6165,5053,8501-602200-01_LGA76,8501-602200-01_LGA_76P
GND,UWLAN2A,87,B,6185,5053,8501-602200-01_LGA76,8501-602200-01_LGA_76P
GND,UWLAN2A,88,B,6205,5053,8501-602200-01_LGA76,8501-602200-01_LGA_76P
GND,UWLAN2A,89,B,6224,5053,8501-602200-01_LGA76,8501-602200-01_LGA_76P
GND,UWLAN2A,90,B,6244,5053,8501-602200-01_LGA76,8501-602200-01_LGA_76P
GND,UWLAN2A,91,B,6264,5053,8501-602200-01_LGA76,8501-602200-01_LGA_76P
GND,UWLAN2A,92,B,6283,5053,8501-602200-01_LGA76,8501-602200-01_LGA_76P
GND,UWLAN2A,93,B,6303,5053,8501-602200-01_LGA76,8501-602200-01_LGA_76P
GND,UWLAN2A,94,B,6323,5053,8501-602200-01_LGA76,8501-602200-01_LGA_76P
GND,UWLAN2A,95,B,6343,5053,8501-602200-01_LGA76,8501-602200-01_LGA_76P
GND,UWLAN2A,96,B,6362,5053,8501-602200-01_LGA76,8501-602200-01_LGA_76P
GND,UWLAN2A,G1,B,6392,5049,8501-602200-01_LGA76,8501-602200-01_LGA_76P
GND,UWLAN2A,G2,B,6392,4459,8501-602200-01_LGA76,8501-602200-01_LGA_76P
GND,UWLAN2A,G3,B,5959,4459,8501-602200-01_LGA76,8501-602200-01_LGA_76P
GND,UWLAN2A,G4,B,5959,5049,8501-602200-01_LGA76,8501-602200-01_LGA_76P
GND,UWLAN2A,P1,B,6240,4949,8501-602200-01_LGA76,8501-602200-01_LGA_76P
GND,UWLAN2A,P2,B,6240,4819,8501-602200-01_LGA76,8501-602200-01_LGA_76P
GND,UWLAN2A,P3,B,6240,4689,8501-602200-01_LGA76,8501-602200-01_LGA_76P
GND,UWLAN2A,P4,B,6240,4559,8501-602200-01_LGA76,8501-602200-01_LGA_76P
GND,UWLAN2A,P5,B,6110,4559,8501-602200-01_LGA76,8501-602200-01_LGA_76P
GND,UWLAN2A,P6,B,6110,4689,8501-602200-01_LGA76,8501-602200-01_LGA_76P
GND,UWLAN2A,P7,B,6110,4819,8501-602200-01_LGA76,8501-602200-01_LGA_76P
GND,UWLAN2A,P8,B,6110,4949,8501-602200-01_LGA76,8501-602200-01_LGA_76P
GND,Y13,2,B,736,3517,25MHZ_20PF_8Y25080004,Y_8Y25080004_4P
GND,Y13,4,B,792,3561,25MHZ_20PF_8Y25080004,Y_8Y25080004_4P
GND,Y1401,2,B,6114,3877,38.4MHZ_10PF_8Y38480004,Y_8Y38480004_4P
GND,Y1401,4,B,6158,3821,38.4MHZ_10PF_8Y38480004,Y_8Y38480004_4P
GND,Y3401,2,B,7841,3207,27MHZ_7PF_8Y27000005,Y_8Y27000001_4P
GND,Y3401,4,B,7897,3251,27MHZ_7PF_8Y27000005,Y_8Y27000001_4P
GND,Y5401,2,B,736,2844,25MHZ_20PF_8Y25080004,Y_8Y25080004_4P
GND,Y5401,4,B,791,2888,25MHZ_20PF_8Y25080004,Y_8Y25080004_4P
GND,Y7601,2,T,2044,4523,25MHZ_10PF_7R25080002,Y_7R25080002_4P
GND,Y7601,4,T,2099,4480,25MHZ_10PF_7R25080002,Y_7R25080002_4P
GPIO05,TB_TP6,1,T,2438,1866,,
GPIO05,TP7901,1,T,2390,1830,Test_Point_20MIL,TPC20
GPIO05,U7901,6,T,2357,1924,NCT5635Y-W_QFN24_4X4,NCT5635Y-W_QFN24_4X4
GPIO26_FP_FUSE,R35248,2,T,7952,3593,1/20W_10K_5%_0201,R0201_11P811
GPIO26_FP_FUSE,R3525,2,T,7900,3570,1/20W_0_5%_0201,R0201_11P811
GPIO26_FP_FUSE,TB_TP89,1,T,7932,3564,,
GPIO26_FP_FUSE,U3505,B2,T,7968,3563,TPS22902BYFPR_WCSP4,TPS22902BYFPR_WCSP_4P
GPIO_EXPANDER_SCL,R7907,1,T,2155,2105,1/16W_4.7K_5%_0402,R0402_15P748
GPIO_EXPANDER_SCL,U7901,19,T,2217,2063,NCT5635Y-W_QFN24_4X4,NCT5635Y-W_QFN24_4X4
GPIO_EXPANDER_SCL,UEC1,E4,T,1884,2092,NPCX997KAABX_VFBGA144,NPCX997KAABX_VFBGA_144P
GPIO_EXPANDER_SDA,R7908,1,T,2155,2070,1/16W_4.7K_5%_0402,R0402_15P748
GPIO_EXPANDER_SDA,U7901,20,T,2217,2044,NCT5635Y-W_QFN24_4X4,NCT5635Y-W_QFN24_4X4
GPIO_EXPANDER_SDA,UEC1,F4,T,1859,2092,NPCX997KAABX_VFBGA144,NPCX997KAABX_VFBGA_144P
GPP_C2,R0904,1,T,5866,3165,1/20W_1K_5%_0201,R0201_11P811
GPP_C2,TB_TP934,1,T,5722,3247,,
GPP_C2,UCPU1,EN38,B,5724,3244,ALDERLAKE-P-CPU_BGA1744,ALDERLAKE-P-CPU_BGA_1744P-T
GPP_E6,R0921,1,T,5874,3483,1/20W_100K_5%_0201,R0201_11P811
GPP_E6,TB_TP614,1,T,5746,3483,,
GPP_E6,UCPU1,EH23,B,5647,3480,ALDERLAKE-P-CPU_BGA1744,ALDERLAKE-P-CPU_BGA_1744P-T
GPP_H0,R0816,1,T,5929,3010,1/20W_1K_5%_0201,R0201_11P811
GPP_H0,TB_TP108,1,T,5885,3028,,
GPP_H0,UCPU1,EK48,B,5672,3086,ALDERLAKE-P-CPU_BGA1744,ALDERLAKE-P-CPU_BGA_1744P-T
GPP_H1,R0817,1,T,5929,3033,1/20W_1K_5%_0201,R0201_11P811
GPP_H1,TB_TP106,1,T,5830,3062,,
GPP_H1,UCPU1,EL48,B,5698,3086,ALDERLAKE-P-CPU_BGA1744,ALDERLAKE-P-CPU_BGA_1744P-T
GPP_H2,R0818,1,T,5929,3085,1/20W_1K_5%_0201,R0201_11P811
GPP_H2,TB_TP105,1,T,5982,3107,,
GPP_H2,UCPU1,ET46,B,5775,3125,ALDERLAKE-P-CPU_BGA1744,ALDERLAKE-P-CPU_BGA_1744P-T
GPP_RCOMP,R1013,2,B,5456,2670,1/20W_200_1%_0201,R0201_11P811
GPP_RCOMP,TB_TP1041,1,B,5432,2705,,
GPP_RCOMP,UCPU1,DR61,B,5439,2888,ALDERLAKE-P-CPU_BGA1744,ALDERLAKE-P-CPU_BGA_1744P-T
GPU_FB_VREF,C3303,1,B,6774,4042,3.9P_50V_B_NPO_0402,C0402_21P654_CA
GPU_FB_VREF,R3302,1,B,6759,4015,1/20W_49.9_1%_0201,R0201_11P811
GPU_FB_VREF,TB_TP137,1,B,6791,3979,,
GPU_FB_VREF,UGPU1,J31,B,6909,4010,NVIDIA_GN20-S5-GB3-64_FCBGA771,NVIDIA_GN20-S5-GB3-64_FCBGA_771P-T
GPU_GND_SENSE,PR1517,1,B,7309,1587,0_0201_SP,R0201_SHORT
GPU_GND_SENSE,R3806,2,B,7922,4090,0_0201_SP,R0201_SHORT
GPU_GND_SENSE,TB_TP1168,1,T,7265,1664,,
GPU_I2CB_SCL,R3505,2,B,7535,3265,1/20W_2.2K_5%_0201,R0201_11P811
GPU_I2CB_SCL,TB_TP926,1,B,7522,3321,,
GPU_I2CB_SCL,UGPU1,AJ6,B,7608,3449,NVIDIA_GN20-S5-GB3-64_FCBGA771,NVIDIA_GN20-S5-GB3-64_FCBGA_771P-T
GPU_I2CB_SDA,R3506,2,B,7510,3265,1/20W_2.2K_5%_0201,R0201_11P811
GPU_I2CB_SDA,UGPU1,AK6,B,7608,3421,NVIDIA_GN20-S5-GB3-64_FCBGA771,NVIDIA_GN20-S5-GB3-64_FCBGA_771P-T
GPU_I2CC_SCL,R3503,2,B,7665,3278,1/20W_2.2K_5%_0201,R0201_11P811
GPU_I2CC_SCL,UGPU1,AJ5,B,7636,3449,NVIDIA_GN20-S5-GB3-64_FCBGA771,NVIDIA_GN20-S5-GB3-64_FCBGA_771P-T
GPU_I2CC_SDA,R3504,2,B,7643,3278,1/20W_2.2K_5%_0201,R0201_11P811
GPU_I2CC_SDA,UGPU1,AK5,B,7636,3421,NVIDIA_GN20-S5-GB3-64_FCBGA771,NVIDIA_GN20-S5-GB3-64_FCBGA_771P-T
GPU_I2CS_SCL,Q3509,1,B,7699,3150,RUM002N05MGT2L_VMT3,RUM002N05MGT2L_VMT3
GPU_I2CS_SCL,R3537,2,T,1694,2440,1/20W_2.2K_5%_0201,R0201_11P811
GPU_I2CS_SCL,R8207,2,T,1584,2030,0_0201_SP,R0201_SHORT
GPU_I2CS_SCL,TB_TP37,1,T,7658,3112,,
GPU_I2CS_SCL_EC,R8207,1,T,1607,2030,0_0201_SP,R0201_SHORT
GPU_I2CS_SCL_EC,UEC1,M5,T,1705,2066,NPCX997KAABX_VFBGA144,NPCX997KAABX_VFBGA_144P
GPU_I2CS_SCL_M,Q3509,3,B,7668,3165,RUM002N05MGT2L_VMT3,RUM002N05MGT2L_VMT3
GPU_I2CS_SCL_M,R3501,2,B,7579,3262,1/20W_2.2K_5%_0201,R0201_11P811
GPU_I2CS_SCL_M,TB_TP982,1,B,7600,3319,,
GPU_I2CS_SCL_M,UGPU1,AL6,B,7608,3394,NVIDIA_GN20-S5-GB3-64_FCBGA771,NVIDIA_GN20-S5-GB3-64_FCBGA_771P-T
GPU_I2CS_SDA,Q3508,1,B,7699,3213,RUM002N05MGT2L_VMT3,RUM002N05MGT2L_VMT3
GPU_I2CS_SDA,R3536,2,T,1720,2533,1/20W_2.2K_5%_0201,R0201_11P811
GPU_I2CS_SDA,R8235,2,T,1900,2322,0_0201_SP,R0201_SHORT
GPU_I2CS_SDA_EC,R8235,1,T,1900,2299,0_0201_SP,R0201_SHORT
GPU_I2CS_SDA_EC,UEC1,F6,T,1859,2041,NPCX997KAABX_VFBGA144,NPCX997KAABX_VFBGA_144P
GPU_I2CS_SDA_M,Q3508,3,B,7668,3229,RUM002N05MGT2L_VMT3,RUM002N05MGT2L_VMT3
GPU_I2CS_SDA_M,R3502,2,B,7619,3262,1/20W_2.2K_5%_0201,R0201_11P811
GPU_I2CS_SDA_M,TB_TP890,1,B,7614,3222,,
GPU_I2CS_SDA_M,UGPU1,AL5,B,7636,3394,NVIDIA_GN20-S5-GB3-64_FCBGA771,NVIDIA_GN20-S5-GB3-64_FCBGA_771P-T
GPU_VDD_SENSE,PR1519,1,B,7334,1524,0_0201_SP,R0201_SHORT
GPU_VDD_SENSE,R3805,2,B,7922,4065,0_0201_SP,R0201_SHORT
GPU_VDD_SENSE,TB_TP1048,1,B,8410,3946,,
GSENSE_INT,R7919,1,T,2320,2192,1/20W_0_5%_0201,R0201_11P811
GSENSE_INT,TB_TP584,1,T,1248,1871,,
GSENSE_INT,U4801,5,T,1319,1931,LIS2DWLTR_LGA12_2X2,LIS2DWLTR_LGA12_2X2
GSENSE_INT_R,R7919,2,T,2320,2169,1/20W_0_5%_0201,R0201_11P811
GSENSE_INT_R,U7901,16,T,2298,2105,NCT5635Y-W_QFN24_4X4,NCT5635Y-W_QFN24_4X4
HDA_BCLK,C1101,1,B,6134,2791,22P_25V_J_C0G_0201,C0201_12P992_BA
HDA_BCLK,R1108,2,B,6134,2768,1/20W_33_5%_0201,R0201_11P811
HDA_BCLK,R8309,2,T,1195,1129,1/20W_0_5%_0201,R0201_11P811
HDA_BCLK,TB_TP1098,1,T,1247,1098,,
HDA_BCLK_PCH,R1108,1,B,6111,2768,1/20W_33_5%_0201,R0201_11P811
HDA_BCLK_PCH,R1112,2,B,6068,2813,1/20W_100K_5%_0201,R0201_11P811
HDA_BCLK_PCH,TB_TP1091,1,B,6080,2772,,
HDA_BCLK_PCH,UCPU1,ER56,B,5756,2971,ALDERLAKE-P-CPU_BGA1744,ALDERLAKE-P-CPU_BGA_1744P-T
HDA_BCLK_R,C8328,1,T,1173,1153,47P_25V_J_NPO_0201,C0201_12P992_BA
HDA_BCLK_R,R8309,1,T,1172,1129,1/20W_0_5%_0201,R0201_11P811
HDA_BCLK_R,TB_TP441,1,T,1274,1163,,
HDA_BCLK_R,U8301,14,T,1134,1093,ALC3287-CG_MQFN48_6X6,ALC3287-CG_MQFN48_6X6
HDA_RST_PCH,R1113,2,T,5759,3009,1/20W_100K_5%_0201,R0201_11P811
HDA_RST_PCH,UCPU1,ER53,B,5749,3007,ALDERLAKE-P-CPU_BGA1744,ALDERLAKE-P-CPU_BGA_1744P-T
HDA_SDI,R1114,2,T,5841,2989,1/20W_100K_5%_0201,R0201_11P811
HDA_SDI,TB_TP42,1,T,5884,2964,,
HDA_SDI,UCPU1,ET53,B,5775,3007,ALDERLAKE-P-CPU_BGA1744,ALDERLAKE-P-CPU_BGA_1744P-T
HDA_SDIN0,R8311,2,T,1156,1240,1/20W_33_5%_0201,R0201_11P811
HDA_SDIN0,TB_TP1107,1,T,1164,1272,,
HDA_SDIN0,UCPU1,ER59,B,5761,2914,ALDERLAKE-P-CPU_BGA1744,ALDERLAKE-P-CPU_BGA_1744P-T
HDA_SDIN0_R,R8311,1,T,1156,1217,1/20W_33_5%_0201,R0201_11P811
HDA_SDIN0_R,TB_TP547,1,T,1102,1154,,
HDA_SDIN0_R,U8301,16,T,1102,1093,ALC3287-CG_MQFN48_6X6,ALC3287-CG_MQFN48_6X6
HDA_SDO,C8332,2,T,1133,1216,47P_25V_J_NPO_0201,C0201_12P992_BA
HDA_SDO,R1110,2,B,6283,2580,1/20W_33_5%_0201,R0201_11P811
HDA_SDO,TB_TP1094,1,B,6339,2590,,
HDA_SDO,U8301,17,T,1087,1093,ALC3287-CG_MQFN48_6X6,ALC3287-CG_MQFN48_6X6
HDA_SDO_PCH,R1103,2,B,6256,2552,1/16W_0_5%_0402,R0402_15P748
HDA_SDO_PCH,R1110,1,B,6260,2580,1/20W_33_5%_0201,R0201_11P811
HDA_SDO_PCH,TB_TP1089,1,B,6123,2851,,
HDA_SDO_PCH,TP1102,1,B,6271,2619,Test_Point_20MIL,TPC20
HDA_SDO_PCH,UCPU1,ER57,B,5756,2944,ALDERLAKE-P-CPU_BGA1744,ALDERLAKE-P-CPU_BGA_1744P-T
HDA_SYNC,R1109,2,B,6134,2721,1/20W_33_5%_0201,R0201_11P811
HDA_SYNC,TB_TP1115,1,T,1208,1196,,
HDA_SYNC,U8301,15,T,1118,1093,ALC3287-CG_MQFN48_6X6,ALC3287-CG_MQFN48_6X6
HDA_SYNC_PCH,R1109,1,B,6111,2721,1/20W_33_5%_0201,R0201_11P811
HDA_SYNC_PCH,TB_TP1064,1,B,6137,2685,,
HDA_SYNC_PCH,UCPU1,EP60,B,5736,2907,ALDERLAKE-P-CPU_BGA1744,ALDERLAKE-P-CPU_BGA_1744P-T
HDMI_CLKN,C5320,2,T,1338,2498,0.1U_6.3V_K_X5R_0201,C0201_12P992_BA
HDMI_CLKN,U5303,48,T,1254,2432,PS8409AQFN48GTR2-A2_QFN48_6X6,PS8409AQFN48GTR2-A2_QFN48_6X6
HDMI_CLKN_CONN,D5303,5,T,815,2457,SP3420-04UTG-1_UDFN-10,SP3420-04UTG-1_UDFN-10
HDMI_CLKN_CONN,D5303,6,T,787,2457,SP3420-04UTG-1_UDFN-10,SP3420-04UTG-1_UDFN-10
HDMI_CLKN_CONN,FL5303,3,T,869,2461,EXC24CH900U_4P,PANAS_EXC24CH900U_4P
HDMI_CLKN_CONN,JHDMI1,12,B,628,2386,ALLTOP_C12959-11935-L,ALLTOP_C12959-11935-L_19P
HDMI_CLKN_OUT,FL5303,4,T,919,2461,EXC24CH900U_4P,PANAS_EXC24CH900U_4P
HDMI_CLKN_OUT,TB_TP664,1,T,966,2456,,
HDMI_CLKN_OUT,U5303,13,T,1019,2432,PS8409AQFN48GTR2-A2_QFN48_6X6,PS8409AQFN48GTR2-A2_QFN48_6X6
HDMI_CLKP,C5319,2,T,1338,2477,0.1U_6.3V_K_X5R_0201,C0201_12P992_BA
HDMI_CLKP,U5303,47,T,1254,2416,PS8409AQFN48GTR2-A2_QFN48_6X6,PS8409AQFN48GTR2-A2_QFN48_6X6
HDMI_CLKP_CONN,D5303,4,T,815,2437,SP3420-04UTG-1_UDFN-10,SP3420-04UTG-1_UDFN-10
HDMI_CLKP_CONN,D5303,7,T,787,2437,SP3420-04UTG-1_UDFN-10,SP3420-04UTG-1_UDFN-10
HDMI_CLKP_CONN,FL5303,2,T,869,2437,EXC24CH900U_4P,PANAS_EXC24CH900U_4P
HDMI_CLKP_CONN,JHDMI1,10,B,628,2346,ALLTOP_C12959-11935-L,ALLTOP_C12959-11935-L_19P
HDMI_CLKP_OUT,FL5303,1,T,919,2437,EXC24CH900U_4P,PANAS_EXC24CH900U_4P
HDMI_CLKP_OUT,U5303,14,T,1019,2416,PS8409AQFN48GTR2-A2_QFN48_6X6,PS8409AQFN48GTR2-A2_QFN48_6X6
HDMI_DATA0N,C5318,2,T,1323,2400,0.1U_6.3V_K_X5R_0201,C0201_12P992_BA
HDMI_DATA0N,U5303,45,T,1254,2385,PS8409AQFN48GTR2-A2_QFN48_6X6,PS8409AQFN48GTR2-A2_QFN48_6X6
HDMI_DATA0N_CONN,D5303,2,T,815,2398,SP3420-04UTG-1_UDFN-10,SP3420-04UTG-1_UDFN-10
HDMI_DATA0N_CONN,D5303,9,T,787,2398,SP3420-04UTG-1_UDFN-10,SP3420-04UTG-1_UDFN-10
HDMI_DATA0N_CONN,FL5302,3,T,869,2401,EXC24CH900U_4P,PANAS_EXC24CH900U_4P
HDMI_DATA0N_CONN,JHDMI1,9,B,569,2327,ALLTOP_C12959-11935-L,ALLTOP_C12959-11935-L_19P
HDMI_DATA0N_OUT,FL5302,4,T,919,2401,EXC24CH900U_4P,PANAS_EXC24CH900U_4P
HDMI_DATA0N_OUT,U5303,16,T,1019,2385,PS8409AQFN48GTR2-A2_QFN48_6X6,PS8409AQFN48GTR2-A2_QFN48_6X6
HDMI_DATA0P,C5317,2,T,1323,2379,0.1U_6.3V_K_X5R_0201,C0201_12P992_BA
HDMI_DATA0P,U5303,44,T,1254,2369,PS8409AQFN48GTR2-A2_QFN48_6X6,PS8409AQFN48GTR2-A2_QFN48_6X6
HDMI_DATA0P_CONN,D5303,1,T,815,2378,SP3420-04UTG-1_UDFN-10,SP3420-04UTG-1_UDFN-10
HDMI_DATA0P_CONN,D5303,10,T,787,2378,SP3420-04UTG-1_UDFN-10,SP3420-04UTG-1_UDFN-10
HDMI_DATA0P_CONN,FL5302,2,T,869,2377,EXC24CH900U_4P,PANAS_EXC24CH900U_4P
HDMI_DATA0P_CONN,JHDMI1,7,B,569,2287,ALLTOP_C12959-11935-L,ALLTOP_C12959-11935-L_19P
HDMI_DATA0P_OUT,FL5302,1,T,919,2377,EXC24CH900U_4P,PANAS_EXC24CH900U_4P
HDMI_DATA0P_OUT,TB_TP775,1,T,963,2374,,
HDMI_DATA0P_OUT,U5303,17,T,1019,2369,PS8409AQFN48GTR2-A2_QFN48_6X6,PS8409AQFN48GTR2-A2_QFN48_6X6
HDMI_DATA1N,C5316,2,T,1323,2327,0.1U_6.3V_K_X5R_0201,C0201_12P992_BA
HDMI_DATA1N,U5303,42,T,1254,2337,PS8409AQFN48GTR2-A2_QFN48_6X6,PS8409AQFN48GTR2-A2_QFN48_6X6
HDMI_DATA1N_CONN,D5302,5,T,812,2332,SP3420-04UTG-1_UDFN-10,SP3420-04UTG-1_UDFN-10
HDMI_DATA1N_CONN,D5302,6,T,785,2332,SP3420-04UTG-1_UDFN-10,SP3420-04UTG-1_UDFN-10
HDMI_DATA1N_CONN,FL5301,3,T,869,2336,EXC24CH900U_4P,PANAS_EXC24CH900U_4P
HDMI_DATA1N_CONN,JHDMI1,6,B,628,2268,ALLTOP_C12959-11935-L,ALLTOP_C12959-11935-L_19P
HDMI_DATA1N_OUT,FL5301,4,T,918,2336,EXC24CH900U_4P,PANAS_EXC24CH900U_4P
HDMI_DATA1N_OUT,U5303,19,T,1019,2337,PS8409AQFN48GTR2-A2_QFN48_6X6,PS8409AQFN48GTR2-A2_QFN48_6X6
HDMI_DATA1P,C5315,2,T,1323,2306,0.1U_6.3V_K_X5R_0201,C0201_12P992_BA
HDMI_DATA1P,U5303,41,T,1254,2322,PS8409AQFN48GTR2-A2_QFN48_6X6,PS8409AQFN48GTR2-A2_QFN48_6X6
HDMI_DATA1P_CONN,D5302,4,T,812,2312,SP3420-04UTG-1_UDFN-10,SP3420-04UTG-1_UDFN-10
HDMI_DATA1P_CONN,D5302,7,T,785,2312,SP3420-04UTG-1_UDFN-10,SP3420-04UTG-1_UDFN-10
HDMI_DATA1P_CONN,FL5301,2,T,869,2312,EXC24CH900U_4P,PANAS_EXC24CH900U_4P
HDMI_DATA1P_CONN,JHDMI1,4,B,628,2228,ALLTOP_C12959-11935-L,ALLTOP_C12959-11935-L_19P
HDMI_DATA1P_OUT,FL5301,1,T,918,2312,EXC24CH900U_4P,PANAS_EXC24CH900U_4P
HDMI_DATA1P_OUT,U5303,20,T,1019,2322,PS8409AQFN48GTR2-A2_QFN48_6X6,PS8409AQFN48GTR2-A2_QFN48_6X6
HDMI_DATA2N,C5314,2,T,1323,2218,0.1U_6.3V_K_X5R_0201,C0201_12P992_BA
HDMI_DATA2N,U5303,39,T,1254,2290,PS8409AQFN48GTR2-A2_QFN48_6X6,PS8409AQFN48GTR2-A2_QFN48_6X6
HDMI_DATA2N_CONN,D5302,2,T,812,2272,SP3420-04UTG-1_UDFN-10,SP3420-04UTG-1_UDFN-10
HDMI_DATA2N_CONN,D5302,9,T,785,2272,SP3420-04UTG-1_UDFN-10,SP3420-04UTG-1_UDFN-10
HDMI_DATA2N_CONN,FL5304,3,T,869,2276,EXC24CH900U_4P,PANAS_EXC24CH900U_4P
HDMI_DATA2N_CONN,JHDMI1,3,B,569,2209,ALLTOP_C12959-11935-L,ALLTOP_C12959-11935-L_19P
HDMI_DATA2N_OUT,FL5304,4,T,918,2276,EXC24CH900U_4P,PANAS_EXC24CH900U_4P
HDMI_DATA2N_OUT,TB_TP657,1,T,967,2281,,
HDMI_DATA2N_OUT,U5303,22,T,1019,2290,PS8409AQFN48GTR2-A2_QFN48_6X6,PS8409AQFN48GTR2-A2_QFN48_6X6
HDMI_DATA2P,C5313,2,T,1323,2197,0.1U_6.3V_K_X5R_0201,C0201_12P992_BA
HDMI_DATA2P,U5303,38,T,1254,2274,PS8409AQFN48GTR2-A2_QFN48_6X6,PS8409AQFN48GTR2-A2_QFN48_6X6
HDMI_DATA2P_CONN,D5302,1,T,812,2253,SP3420-04UTG-1_UDFN-10,SP3420-04UTG-1_UDFN-10
HDMI_DATA2P_CONN,D5302,10,T,785,2253,SP3420-04UTG-1_UDFN-10,SP3420-04UTG-1_UDFN-10
HDMI_DATA2P_CONN,FL5304,2,T,869,2252,EXC24CH900U_4P,PANAS_EXC24CH900U_4P
HDMI_DATA2P_CONN,JHDMI1,1,B,569,2169,ALLTOP_C12959-11935-L,ALLTOP_C12959-11935-L_19P
HDMI_DATA2P_OUT,FL5304,1,T,918,2252,EXC24CH900U_4P,PANAS_EXC24CH900U_4P
HDMI_DATA2P_OUT,U5303,23,T,1019,2274,PS8409AQFN48GTR2-A2_QFN48_6X6,PS8409AQFN48GTR2-A2_QFN48_6X6
HDMI_DDC_CLK,C5321,2,B,806,2578,680P_25V_K_X7R_0201,C0201_12P992_BA
HDMI_DDC_CLK,D5305,1,B,780,2581,PESD5V0H1BSF_SOD962-2,PESD5V0H1BSF_SOD962-2
HDMI_DDC_CLK,JHDMI1,15,B,569,2445,ALLTOP_C12959-11935-L,ALLTOP_C12959-11935-L_19P
HDMI_DDC_CLK,R5322,1,B,829,2578,1/20W_2.2K_5%_0201,R0201_11P811
HDMI_DDC_CLK,R5328,2,B,923,2545,0_0201_SP,R0201_SHORT
HDMI_DDC_CLK,R5333,2,B,958,2552,0_0201_SP,R0201_SHORT
HDMI_DDC_CLK,TB_TP643,1,B,737,2581,,
HDMI_DDC_CLK_M,Q5301,1,B,952,2595,SSM3K15AMFV_2-1L1B,SSM3K15AMFV_2-1L1B
HDMI_DDC_CLK_M,R5328,1,B,923,2568,0_0201_SP,R0201_SHORT
HDMI_DDC_CLK_M,TB_TP793,1,B,897,2661,,
HDMI_DDC_CLK_R,R5333,1,B,981,2552,0_0201_SP,R0201_SHORT
HDMI_DDC_CLK_R,TB_TP633,1,B,1011,2519,,
HDMI_DDC_CLK_R,U5303,7,T,1129,2462,PS8409AQFN48GTR2-A2_QFN48_6X6,PS8409AQFN48GTR2-A2_QFN48_6X6
HDMI_DDC_DATA,C5323,2,B,802,2540,680P_25V_K_X7R_0201,C0201_12P992_BA
HDMI_DDC_DATA,D5301,1,B,778,2537,PESD5V0H1BSF_SOD962-2,PESD5V0H1BSF_SOD962-2
HDMI_DDC_DATA,JHDMI1,16,B,628,2465,ALLTOP_C12959-11935-L,ALLTOP_C12959-11935-L_19P
HDMI_DDC_DATA,R5309,1,B,824,2541,1/20W_2.2K_5%_0201,R0201_11P811
HDMI_DDC_DATA,R5329,2,B,923,2523,0_0201_SP,R0201_SHORT
HDMI_DDC_DATA,R5334,2,B,958,2529,0_0201_SP,R0201_SHORT
HDMI_DDC_DATA,TB_TP599,1,B,708,2518,,
HDMI_DDC_DATA_M,Q5302,1,B,912,2455,SSM3K15AMFV_2-1L1B,SSM3K15AMFV_2-1L1B
HDMI_DDC_DATA_M,R5329,1,B,923,2500,0_0201_SP,R0201_SHORT
HDMI_DDC_DATA_M,TB_TP746,1,B,866,2455,,
HDMI_DDC_DATA_R,R5334,1,B,981,2529,0_0201_SP,R0201_SHORT
HDMI_DDC_DATA_R,TB_TP766,1,B,1041,2456,,
HDMI_DDC_DATA_R,U5303,8,T,1113,2462,PS8409AQFN48GTR2-A2_QFN48_6X6,PS8409AQFN48GTR2-A2_QFN48_6X6
HDMI_HPD,R5314,1,T,1357,2249,1/16W_1K_5%_0402,R0402_15P748
HDMI_HPD,TB_TP624,1,T,6836,1746,,
HDMI_HPD,UCPU1,EB47,B,5553,3102,ALDERLAKE-P-CPU_BGA1744,ALDERLAKE-P-CPU_BGA_1744P-T
HDMI_HPD_CONN,D9512,1,B,780,2641,PESD5V0H1BSF_SOD962-2,PESD5V0H1BSF_SOD962-2
HDMI_HPD_CONN,JHDMI1,19,B,569,2524,ALLTOP_C12959-11935-L,ALLTOP_C12959-11935-L_19P
HDMI_HPD_CONN,R5317,1,B,804,2638,1/20W_100K_5%_0201,R0201_11P811
HDMI_HPD_CONN,TB_TP610,1,B,940,2295,,
HDMI_HPD_CONN,U5303,21,T,1019,2306,PS8409AQFN48GTR2-A2_QFN48_6X6,PS8409AQFN48GTR2-A2_QFN48_6X6
HDMI_HPD_R,R5314,2,T,1321,2249,1/16W_1K_5%_0402,R0402_15P748
HDMI_HPD_R,R5315,1,T,1323,2279,1/20W_100K_5%_0201,R0201_11P811
HDMI_HPD_R,U5303,40,T,1254,2306,PS8409AQFN48GTR2-A2_QFN48_6X6,PS8409AQFN48GTR2-A2_QFN48_6X6
HP_JACK_IN,D8405,1,T,864,1310,AOZ8231ADI-03_DFN1P0X0P6-2,AOZ8231ADI-03_DFN1P0X0P6-2
HP_JACK_IN,JHP1,6,B,528,1128,ALLTO_C18207-10735-L,ALLTO_C18207-10735-L_9P-T
HP_JACK_IN,R8404,2,T,900,1312,1/20W_100K_5%_0201,R0201_11P811
HP_JACK_IN,R8501,1,T,923,1312,1/20W_22K_5%_0201,R0201_11P811
HP_JACK_IN,TB_TP958,1,T,709,1188,,
HP_JACK_IN,UEC1,D9,T,1910,1964,NPCX997KAABX_VFBGA144,NPCX997KAABX_VFBGA_144P
HP_JACK_IN_R,C8501,1,T,950,1340,2.2U_6.3V_K_X5R_0402,C0402_21P654_CA
HP_JACK_IN_R,Q8501,1,T,979,1352,LSK3541G1ET2L_VMT3,LSK3541G1ET2L_VMT3
HP_JACK_IN_R,R8501,2,T,923,1335,1/20W_22K_5%_0201,R0201_11P811
HP_JACK_IN_R,TB_TP1135,1,T,950,1398,,
HP_L_JACK,FL8401,1,B,793,826,MMZ1005Y152CT_2P,TDK_MMZ1005Y152CT_2P
HP_L_JACK,R8301,1,T,793,1121,1/20W_47_5%_0201,R0201_11P811
HP_L_JACK,R8401,2,B,734,857,1/20W_220_5%_0201,R0201_11P811
HP_L_JACK,TB_TP573,1,B,763,1128,,
HP_L_JACK_CONN,C8401,2,B,750,799,1000P_25V_K_X7R_0201,C0201_12P992_BA
HP_L_JACK_CONN,D8404,1,B,747,760,PESD5V0X1BCAL_SOD882-2,PESD5V0X1BCAL_SOD882-2
HP_L_JACK_CONN,FL8401,2,B,757,826,MMZ1005Y152CT_2P,TDK_MMZ1005Y152CT_2P
HP_L_JACK_CONN,JHP1,1,B,636,752,ALLTO_C18207-10735-L,ALLTO_C18207-10735-L_9P-T
HP_L_JACK_CONN,TB_TP1267,1,B,719,826,,
HP_L_JACK_R,C8320,2,T,816,1094,33P_25V_J_NPO_0201,C0201_12P992_BA
HP_L_JACK_R,R8301,2,T,816,1121,1/20W_47_5%_0201,R0201_11P811
HP_L_JACK_R,U8301,27,T,951,1036,ALC3287-CG_MQFN48_6X6,ALC3287-CG_MQFN48_6X6
HP_R_JACK,FL8402,1,B,822,1196,MMZ1005Y152CT_2P,TDK_MMZ1005Y152CT_2P
HP_R_JACK,R8302,1,T,794,1171,1/20W_47_5%_0201,R0201_11P811
HP_R_JACK,R8402,2,B,828,1167,1/20W_220_5%_0201,R0201_11P811
HP_R_JACK,TB_TP593,1,B,783,1195,,
HP_R_JACK_CONN,C8402,2,B,883,1196,1000P_25V_K_X7R_0201,C0201_12P992_BA
HP_R_JACK_CONN,D8403,1,B,891,1308,PESD5V0X1BCAL_SOD882-2,PESD5V0X1BCAL_SOD882-2
HP_R_JACK_CONN,FL8402,2,B,857,1196,MMZ1005Y152CT_2P,TDK_MMZ1005Y152CT_2P
HP_R_JACK_CONN,JHP1,2,B,420,1128,ALLTO_C18207-10735-L,ALLTO_C18207-10735-L_9P-T
HP_R_JACK_CONN,TB_TP1259,1,B,911,1242,,
HP_R_JACK_R,C8321,2,T,817,1144,33P_25V_J_NPO_0201,C0201_12P992_BA
HP_R_JACK_R,R8302,2,T,817,1171,1/20W_47_5%_0201,R0201_11P811
HP_R_JACK_R,TB_TP567,1,T,846,1123,,
HP_R_JACK_R,U8301,26,T,951,1052,ALC3287-CG_MQFN48_6X6,ALC3287-CG_MQFN48_6X6
I2C3_CLK_PD,R5908,1,T,1374,3636,1/20W_2.2K_5%_0201,R0201_11P811
I2C3_CLK_PD,R5919,2,T,1300,3635,1/16W_0_5%_0402,R0402_15P748
I2C3_CLK_PD,TP5901,1,T,1244,3633,Test_Point_16MIL,TPC16
I2C3_CLK_PD,U5901,1,T,1464,3659,SN2011061RSLR_VQFN48_6X6,SN2011061RSLR_VQFN48_6X6
I2C3_CLK_PD,UBB1,C9,B,813,3183,JHL8040RSLMN7A1_BGA105,JHL8040RSLMN7A1_BGA_105P
I2C3_CLK_PD,UBB2,C9,B,813,3856,JHL8040RSLMN7A1_BGA105,JHL8040RSLMN7A1_BGA_105P
I2C3_DATA_PD,R5907,1,T,1375,3681,1/20W_2.2K_5%_0201,R0201_11P811
I2C3_DATA_PD,R5919,1,T,1300,3671,1/16W_0_5%_0402,R0402_15P748
I2C3_DATA_PD,TP5902,1,T,1262,3707,Test_Point_16MIL,TPC16
I2C3_DATA_PD,U5901,48,T,1437,3686,SN2011061RSLR_VQFN48_6X6,SN2011061RSLR_VQFN48_6X6
I2C3_DATA_PD,UBB1,E7,B,839,3158,JHL8040RSLMN7A1_BGA105,JHL8040RSLMN7A1_BGA_105P
I2C3_DATA_PD,UBB2,E7,B,839,3830,JHL8040RSLMN7A1_BGA105,JHL8040RSLMN7A1_BGA_105P
I2C_ADDR,R5318,1,T,1129,2156,1/20W_4.7K_1%_0201,R0201_11P811
I2C_ADDR,R5319,1,T,1104,2156,1/20W_4.7K_1%_0201,R0201_11P811
I2C_ADDR,TB_TP713,1,T,1128,2185,,
I2C_ADDR,U5303,31,T,1144,2228,PS8409AQFN48GTR2-A2_QFN48_6X6,PS8409AQFN48GTR2-A2_QFN48_6X6
I2C_CLK_BT,PR0105,2,T,3381,772,1/20W_100_5%_0201,R0201_11P811
I2C_CLK_BT,R8036,2,T,1607,1880,1/20W_4.7K_5%_0201,R0201_11P811
I2C_CLK_BT,TB_TP608,1,T,2022,1641,,
I2C_CLK_BT,UEC1,K9,T,1756,1964,NPCX997KAABX_VFBGA144,NPCX997KAABX_VFBGA_144P
I2C_CLK_BT_R,JBATT1,6,B,3384,865,ALLTOP_C13903-10835-L,ALLTOP_C13903-10835-L_8P
I2C_CLK_BT_R,PR0105,1,T,3381,795,1/20W_100_5%_0201,R0201_11P811
I2C_CLK_BT_R,TB_TP1013,1,T,3328,840,,
I2C_CLK_CHARGE,PR0220,2,B,3225,1224,1/16W_0_5%_0402,R0402_15P748
I2C_CLK_CHARGE,PR0839,2,B,3007,4941,0_0402_SP,R0402_SHORT
I2C_CLK_CHARGE,PR0850,2,B,2964,4933,1/20W_10K_1%_0201,R0201_11P811
I2C_CLK_CHARGE,R8015,1,T,1584,2080,1/20W_100_5%_0201,R0201_11P811
I2C_CLK_CHARGE,TB_TP630,1,B,3351,1235,,
I2C_CLK_DEBUG,R8216,2,T,2083,2379,0_0201_SP,R0201_SHORT
I2C_CLK_DEBUG,R8232,1,T,2083,2403,1/20W_2.2K_5%_0201,R0201_11P811
I2C_CLK_DEBUG,U6203,6,T,764,3231,PI3USB102ZMEX_UQFN10_1P4X1P8,PI3USB102ZMEX_UQFN10_1P4X1P8
I2C_CLK_DEBUG_R,R8216,1,T,2106,2379,0_0201_SP,R0201_SHORT
I2C_CLK_DEBUG_R,UEC1,K7,T,1756,2015,NPCX997KAABX_VFBGA144,NPCX997KAABX_VFBGA_144P
I2C_CLK_GSENSE,R8120,2,T,1489,2056,1/20W_47_5%_0201,R0201_11P811
I2C_CLK_GSENSE,TB_TP479,1,T,1344,2103,,
I2C_CLK_GSENSE,U4801,12,T,1319,1991,LIS2DWLTR_LGA12_2X2,LIS2DWLTR_LGA12_2X2
I2C_CLK_PD,R5313,1,T,1034,2133,1/20W_0_5%_0201,R0201_SHORT_ATE
I2C_CLK_PD,R5921,2,B,1031,2081,1/16W_0_5%_0402,R0402_15P748
I2C_CLK_PD,R8117,2,T,1514,1855,0_0201_SP,R0201_SHORT
I2C_CLK_PD,R8133,2,T,1472,1855,1/20W_4.7K_5%_0201,R0201_11P811
I2C_CLK_PD,TP4302,1,B,990,2038,Test_Point_16MIL,TPC16
I2C_CLK_PD,U5901,42,T,1437,3781,SN2011061RSLR_VQFN48_6X6,SN2011061RSLR_VQFN48_6X6
I2C_CLK_PD_R,R5313,2,T,1034,2156,1/20W_0_5%_0201,R0201_SHORT_ATE
I2C_CLK_PD_R,U5303,29,T,1113,2228,PS8409AQFN48GTR2-A2_QFN48_6X6,PS8409AQFN48GTR2-A2_QFN48_6X6
I2C_CLK_PSENSE,JPSEN1,4,B,8260,1055,HIGHS_WS83050-S0171-HF,HIGHS_WS83050-S0171-HF_5P-T
I2C_CLK_PSENSE,R8237,1,T,2064,1935,1/20W_2.2K_5%_0201,R0201_11P811
I2C_CLK_PSENSE,TB_TP381,1,B,8084,1135,,
I2C_CLK_PSENSE,UEC1,B7,T,1961,2015,NPCX997KAABX_VFBGA144,NPCX997KAABX_VFBGA_144P
I2C_DATA_BT,PR0106,2,T,3444,770,1/20W_100_5%_0201,R0201_11P811
I2C_DATA_BT,R8037,2,T,1607,1855,1/20W_4.7K_5%_0201,R0201_11P811
I2C_DATA_BT,UEC1,L9,T,1731,1964,NPCX997KAABX_VFBGA144,NPCX997KAABX_VFBGA_144P
I2C_DATA_BT_R,JBATT1,5,B,3443,865,ALLTOP_C13903-10835-L,ALLTOP_C13903-10835-L_8P
I2C_DATA_BT_R,PR0106,1,T,3444,793,1/20W_100_5%_0201,R0201_11P811
I2C_DATA_BT_R,TB_TP1018,1,T,3442,915,,
I2C_DATA_CHARGE,PR0221,2,B,3225,1256,1/16W_0_5%_0402,R0402_15P748
I2C_DATA_CHARGE,PR0838,2,B,3021,4909,0_0402_SP,R0402_SHORT
I2C_DATA_CHARGE,PR0849,2,B,2964,4911,1/20W_10K_1%_0201,R0201_11P811
I2C_DATA_CHARGE,R8014,1,T,1584,2105,1/20W_100_5%_0201,R0201_11P811
I2C_DATA_CHARGE,TB_TP489,1,B,3632,1487,,
I2C_DATA_DEBUG,R8215,2,T,2056,2379,0_0201_SP,R0201_SHORT
I2C_DATA_DEBUG,R8231,1,T,2056,2403,1/20W_2.2K_5%_0201,R0201_11P811
I2C_DATA_DEBUG,U6203,7,T,764,3247,PI3USB102ZMEX_UQFN10_1P4X1P8,PI3USB102ZMEX_UQFN10_1P4X1P8
I2C_DATA_DEBUG_R,R8215,1,T,2033,2379,0_0201_SP,R0201_SHORT
I2C_DATA_DEBUG_R,UEC1,D1,T,1910,2169,NPCX997KAABX_VFBGA144,NPCX997KAABX_VFBGA_144P
I2C_DATA_GSENSE,R8119,2,T,1488,2030,1/20W_47_5%_0201,R0201_11P811
I2C_DATA_GSENSE,U4801,2,T,1299,1971,LIS2DWLTR_LGA12_2X2,LIS2DWLTR_LGA12_2X2
I2C_DATA_PD,R5312,1,T,1009,2133,0_0201_SP,R0201_SHORT
I2C_DATA_PD,R5921,1,B,1031,2117,1/16W_0_5%_0402,R0402_15P748
I2C_DATA_PD,R8116,2,T,1514,1880,0_0201_SP,R0201_SHORT
I2C_DATA_PD,R8132,2,T,1472,1880,1/20W_4.7K_5%_0201,R0201_11P811
I2C_DATA_PD,TP4301,1,B,958,2038,Test_Point_16MIL,TPC16
I2C_DATA_PD,U5901,40,T,1437,3812,SN2011061RSLR_VQFN48_6X6,SN2011061RSLR_VQFN48_6X6
I2C_DATA_PD_R,R5312,2,T,1009,2156,0_0201_SP,R0201_SHORT
I2C_DATA_PD_R,U5303,28,T,1097,2228,PS8409AQFN48GTR2-A2_QFN48_6X6,PS8409AQFN48GTR2-A2_QFN48_6X6
I2C_DATA_PSENSE,JPSEN1,3,B,8291,1055,HIGHS_WS83050-S0171-HF,HIGHS_WS83050-S0171-HF_5P-T
I2C_DATA_PSENSE,R8236,1,T,2064,1960,1/20W_2.2K_5%_0201,R0201_11P811
I2C_DATA_PSENSE,TB_TP377,1,B,7999,1104,,
I2C_DATA_PSENSE,UEC1,B6,T,1961,2041,NPCX997KAABX_VFBGA144,NPCX997KAABX_VFBGA_144P
IMONA,PC0804,2,B,3281,4781,680P_50V_K_X7R_0402,C0402_21P654_CA
IMONA,PR0823,2,B,3308,4784,1/20W_29.4K_1%_0201,R0201_11P811
IMONA,PU0801,18,B,3249,4865,MP2964GQKT-0400-C669-Z_TQFN48_6X6,MP2964GQKT-0400-C669-Z_TQFN48_6X6
IMONB,PC0806,1,B,3254,4785,330P_25V_K_X7R_0201,C0201_12P992_BA
IMONB,PR0819,2,B,3232,4784,1/20W_56.2K_1%_0201,R0201_11P811
IMONB,PU0801,19,B,3233,4865,MP2964GQKT-0400-C669-Z_TQFN48_6X6,MP2964GQKT-0400-C669-Z_TQFN48_6X6
INT2,TP4801,1,T,1352,1890,Test_Point_20MIL,TPC20
INT2,U4801,6,T,1338,1931,LIS2DWLTR_LGA12_2X2,LIS2DWLTR_LGA12_2X2
INTEL_HAO_BANG_BANG,Q0501,3,B,6234,3463,LSK3541G1ET2L_VMT3,LSK3541G1ET2L_VMT3
INTEL_HAO_BANG_BANG,Q0502,1,B,6202,3455,LSK3541G1ET2L_VMT3,LSK3541G1ET2L_VMT3
INTEL_HAO_BANG_BANG,R0511,1,B,6212,3425,1/20W_1M_5%_0201,R0201_11P811
INTEL_HAO_BANG_BANG,TB_TP1362,1,B,6241,3409,,
ISH_HPD_EN,TP1011,1,T,6079,3382,Test_Point_16MIL,TPC16
ISH_HPD_EN,UCPU1,EY30,B,5839,3381,ALDERLAKE-P-CPU_BGA1744,ALDERLAKE-P-CPU_BGA_1744P-T
ISH_I2C0_SCL_HPD,TP8814,1,T,5172,2272,Test_Point_16MIL,TPC16
ISH_I2C0_SCL_HPD,UCPU1,DT57,B,5459,2944,ALDERLAKE-P-CPU_BGA1744,ALDERLAKE-P-CPU_BGA_1744P-T
ISH_I2C0_SDA_HPD,TP8813,1,T,5172,2306,Test_Point_16MIL,TPC16
ISH_I2C0_SDA_HPD,UCPU1,DT56,B,5460,2970,ALDERLAKE-P-CPU_BGA1744,ALDERLAKE-P-CPU_BGA_1744P-T
ISH_I2C2_SCL,R1001,1,T,6497,2926,1/20W_1K_5%_0201,R0201_11P811
ISH_I2C2_SCL,TB_TP114,1,B,5505,2529,,
ISH_I2C2_SCL,U4901,12,T,6471,2845,LIS2DWLTR_LGA12_2X2,LIS2DWLTR_LGA12_2X2
ISH_I2C2_SCL,UCPU1,DN60,B,5417,2908,ALDERLAKE-P-CPU_BGA1744,ALDERLAKE-P-CPU_BGA_1744P-T
ISH_I2C2_SDA,R1002,1,T,6419,2815,1/20W_1K_5%_0201,R0201_11P811
ISH_I2C2_SDA,TB_TP113,1,B,5427,2539,,
ISH_I2C2_SDA,U4901,2,T,6451,2825,LIS2DWLTR_LGA12_2X2,LIS2DWLTR_LGA12_2X2
ISH_I2C2_SDA,UCPU1,DN57,B,5417,2948,ALDERLAKE-P-CPU_BGA1744,ALDERLAKE-P-CPU_BGA_1744P-T
JDDR1_CB0,JDDR1,92,B,4878,1827,ARGOS_D4ASL-26010-1P40,ARGOS_D4ASL-26010-1P40_260P
JDDR1_CB0,R2706,2,T,4857,1796,1/20W_240_1%_0201,R0201_11P811
JDDR1_CB1,JDDR1,91,B,4868,2150,ARGOS_D4ASL-26010-1P40,ARGOS_D4ASL-26010-1P40_260P
JDDR1_CB1,R2705,2,B,4880,2254,1/20W_240_1%_0201,R0201_11P811
JDDR1_CB2,JDDR1,101,B,4966,2150,ARGOS_D4ASL-26010-1P40,ARGOS_D4ASL-26010-1P40_260P
JDDR1_CB2,R2704,2,B,4970,2254,1/20W_240_1%_0201,R0201_11P811
JDDR1_CB3,JDDR1,105,B,5006,2150,ARGOS_D4ASL-26010-1P40,ARGOS_D4ASL-26010-1P40_260P
JDDR1_CB3,R2703,2,B,5000,2254,1/20W_240_1%_0201,R0201_11P811
JDDR1_CB4,JDDR1,88,B,4838,1827,ARGOS_D4ASL-26010-1P40,ARGOS_D4ASL-26010-1P40_260P
JDDR1_CB4,R2717,2,T,4830,1902,1/20W_240_1%_0201,R0201_11P811
JDDR1_CB5,JDDR1,87,B,4829,2150,ARGOS_D4ASL-26010-1P40,ARGOS_D4ASL-26010-1P40_260P
JDDR1_CB5,R2714,2,B,4850,2254,1/20W_240_1%_0201,R0201_11P811
JDDR1_CB6,JDDR1,100,B,4957,1827,ARGOS_D4ASL-26010-1P40,ARGOS_D4ASL-26010-1P40_260P
JDDR1_CB6,R2716,2,T,4925,1795,1/20W_240_1%_0201,R0201_11P811
JDDR1_CB7,JDDR1,104,B,4996,1827,ARGOS_D4ASL-26010-1P40,ARGOS_D4ASL-26010-1P40_260P
JDDR1_CB7,R2715,2,T,5006,1791,1/20W_240_1%_0201,R0201_11P811
JDDR_EVENT_N,JDDR1,134,B,5291,1827,ARGOS_D4ASL-26010-1P40,ARGOS_D4ASL-26010-1P40_260P
JDDR_EVENT_N,R2720,2,T,5275,1789,1/20W_240_1%_0201,R0201_11P811
JDDR_SA0,JDDR1,256,B,6571,1827,ARGOS_D4ASL-26010-1P40,ARGOS_D4ASL-26010-1P40_260P
JDDR_SA0,R2702,2,T,6512,1985,0_0201_SP,R0201_SHORT
JDDR_SA0,TB_TP209,1,T,6505,1918,,
JTAG_TCK,R8041,1,T,1735,2289,1/20W_100K_5%_0201,R0201_11P811
JTAG_TCK,R8047,1,T,1735,2262,1/20W_0_5%_0201,R0201_11P811
JTAG_TCK,TP8005,1,T,1727,2405,Test_Point_16MIL,TPC16
JTAG_TDI,R8043,1,T,1805,2289,1/20W_100K_5%_0201,R0201_11P811
JTAG_TDI,R8049,1,T,1789,2262,1/20W_0_5%_0201,R0201_11P811
JTAG_TDI,TP8007,1,T,1777,2429,Test_Point_16MIL,TPC16
JTAG_TDO,R8042,1,T,1828,2288,1/20W_100K_5%_0201,R0201_11P811
JTAG_TDO,R8048,1,T,1814,2262,1/20W_0_5%_0201,R0201_11P811
JTAG_TDO,TP8006,1,T,1821,2367,Test_Point_16MIL,TPC16
JTAG_TMS,R8040,1,T,1760,2289,1/20W_100K_5%_0201,R0201_11P811
JTAG_TMS,R8046,1,T,1760,2262,1/20W_0_5%_0201,R0201_11P811
JTAG_TMS,TP8004,1,T,1770,2365,Test_Point_16MIL,TPC16
JTAG_TRST_N,R3532,1,T,6981,3415,1/20W_10K_5%_0201,R0201_11P811
JTAG_TRST_N,TB_TP63,1,T,6952,3389,,
JTAG_TRST_N,UGPU1,AK29,B,6974,3421,NVIDIA_GN20-S5-GB3-64_FCBGA771,NVIDIA_GN20-S5-GB3-64_FCBGA_771P-T
KBD_BL_PWM,JTP2,12,T,3463,2846,HIGHSTAR_FC1AF141-2133-1H,HIGHSTAR_FC1AF141-2133-1H_14P-T
KBD_BL_PWM,R8004,1,T,1515,1950,1/20W_100K_5%_0201,R0201_11P811
KBD_BL_PWM,TB_TP507,1,T,2674,2412,,
KBD_BL_PWM,UEC1,J9,T,1782,1964,NPCX997KAABX_VFBGA144,NPCX997KAABX_VFBGA_144P
LANPHYPC,R7614,1,T,2249,4431,1/20W_0_5%_0201,R0201_11P811
LANPHYPC,TB_TP639,1,T,2277,4431,,
LANPHYPC,UCPU1,EJ56,B,5656,2970,ALDERLAKE-P-CPU_BGA1744,ALDERLAKE-P-CPU_BGA_1744P-T
LANPHYPC_R,R7602,1,T,2225,4406,1/20W_10K_5%_0201,R0201_11P811
LANPHYPC_R,R7613,2,T,2225,4381,1/20W_10K_5%_0201,R0201_11P811
LANPHYPC_R,R7614,2,T,2226,4431,1/20W_0_5%_0201,R0201_11P811
LANPHYPC_R,TB_TP949,1,T,2195,4365,,
LANPHYPC_R,U7601,3,T,2151,4314,WGI219LM-QREF-A0_QFN48_6X6,WGI219LM-QREF-A0_QFN48_6X6
LCD_SELF_TEST_ON,C8201,2,T,1775,1567,100P_25V_J_NPO_0201,C0201_12P992_BA
LCD_SELF_TEST_ON,D0502,2,B,6363,4132,RB520CM-30T2R_VMN2M2,RB520CM-30T2R_VMN2M2
LCD_SELF_TEST_ON,D0504,2,B,6347,4170,RB520CM-30T2R_VMN2M2,RB520CM-30T2R_VMN2M2
LCD_SELF_TEST_ON,JLCD1,22,B,3008,5352,I-PEX_20654-040E-01,I-PEX_20654-040E-01_40P
LCD_SELF_TEST_ON,R8206,2,T,1800,1567,1/20W_10K_5%_0201,R0201_11P811
LCD_SELF_TEST_ON,TB_TP834,1,B,6384,4212,,
LCD_SELF_TEST_ON,TB_TP835,1,T,2994,5321,,
LCD_SELF_TEST_ON,UEC1,C9,T,1935,1964,NPCX997KAABX_VFBGA144,NPCX997KAABX_VFBGA_144P
LDO1_CAP,C8317,2,T,906,844,2.2U_6.3V_K_X5R_0402,C0402_21P654_CA
LDO1_CAP,TB_TP542,1,T,941,830,,
LDO1_CAP,U8301,39,T,1008,869,ALC3287-CG_MQFN48_6X6,ALC3287-CG_MQFN48_6X6
LDO2_CAP,C8316,2,T,993,1153,2.2U_6.3V_K_X5R_0402,C0402_21P654_CA
LDO2_CAP,TB_TP486,1,B,958,1193,,
LDO2_CAP,U8301,21,T,1024,1093,ALC3287-CG_MQFN48_6X6,ALC3287-CG_MQFN48_6X6
LDO3_CAP,C8315,2,T,1021,1220,2.2U_6.3V_K_X5R_0402,C0402_21P654_CA
LDO3_CAP,TB_TP531,1,T,1034,1178,,
LDO3_CAP,U8301,19,T,1055,1093,ALC3287-CG_MQFN48_6X6,ALC3287-CG_MQFN48_6X6
LED_AC_CHG,R8124,1,T,2034,3473,1/20W_0_1%_0201,R0201_11P811
LED_AC_CHG,TB_TP500,1,T,2063,3506,,
LED_AC_CHG,UEC1,E5,T,1884,2066,NPCX997KAABX_VFBGA144,NPCX997KAABX_VFBGA_144P
LED_AC_CON,R8125,1,T,2035,3439,1/20W_510_1%_0201,R0201_11P811
LED_AC_CON,TB_TP557,1,T,2081,3439,,
LED_AC_CON,TB_TP558,1,T,1650,2124,,
LED_AC_CON,UEC1,A7,T,1987,2015,NPCX997KAABX_VFBGA144,NPCX997KAABX_VFBGA_144P
LGATE1_VGA,PQ1501,8,B,7883,2416,AOE6930_DFN8-10,AOE6930_DFN8-10
LGATE1_VGA,PU1501,19,B,7408,1790,NCP81278TMNTXG_QFN20_3X3,NCP81272MNTXG_QFN20_3X3
LGATE1_VGA,TB_TP1055,1,B,7887,2485,,
LGATE2_VGA,PQ1502,8,B,7474,2482,AOE6930_DFN8-10,AOE6930_DFN8-10
LGATE2_VGA,PU1501,17,B,7376,1790,NCP81278TMNTXG_QFN20_3X3,NCP81272MNTXG_QFN20_3X3
LGATE2_VGA,TB_TP1113,1,B,7373,1842,,
LPSS_I2C0_SCL_PAD,D4602,1,T,6892,979,PESD5V0H1BSF_SOD962-2,PESD5V0H1BSF_SOD962-2
LPSS_I2C0_SCL_PAD,JCP1,13,B,6840,1043,HIGHSTAR_FC5AF141-2933-1H,HIGHSTAR_FC5AF141-2933-1H_14P
LPSS_I2C0_SCL_PAD,R1011,1,T,6275,3092,1/20W_1K_5%_0201,R0201_11P811
LPSS_I2C0_SCL_PAD,TB_TP343,1,T,6274,3054,,
LPSS_I2C0_SCL_PAD,TB_TP344,1,B,6282,3033,,
LPSS_I2C0_SCL_PAD,TP1008,1,T,5665,3087,Test_Point_16MIL,TPC16
LPSS_I2C0_SCL_PAD,UCPU1,EH46,B,5647,3125,ALDERLAKE-P-CPU_BGA1744,ALDERLAKE-P-CPU_BGA_1744P-T
LPSS_I2C0_SDA_PAD,D4603,1,T,6892,935,PESD5V0H1BSF_SOD962-2,PESD5V0H1BSF_SOD962-2
LPSS_I2C0_SDA_PAD,JCP1,9,B,6919,1043,HIGHSTAR_FC5AF141-2933-1H,HIGHSTAR_FC5AF141-2933-1H_14P
LPSS_I2C0_SDA_PAD,R1010,1,T,6265,3009,1/20W_1K_5%_0201,R0201_11P811
LPSS_I2C0_SDA_PAD,TB_TP342,1,T,6963,955,,
LPSS_I2C0_SDA_PAD,TP1010,1,T,5630,3085,Test_Point_16MIL,TPC16
LPSS_I2C0_SDA_PAD,UCPU1,EF46,B,5621,3125,ALDERLAKE-P-CPU_BGA1744,ALDERLAKE-P-CPU_BGA_1744P-T
LPSS_I2C1_SCL_PNL,JLCD1,35,B,3213,5352,I-PEX_20654-040E-01,I-PEX_20654-040E-01_40P
LPSS_I2C1_SCL_PNL,R9401,2,T,3204,5293,1/20W_100K_5%_0201,R0201_11P811
LPSS_I2C1_SCL_PNL,R9815,1,T,3203,5336,1/20W_10K_5%_0201,R0201_11P811
LPSS_I2C1_SCL_PNL,TB_TP765,1,T,3160,5293,,
LPSS_I2C1_SCL_PNL,TP1006,1,T,5660,3177,Test_Point_16MIL,TPC16
LPSS_I2C1_SCL_PNL,UCPU1,EH43,B,5647,3165,ALDERLAKE-P-CPU_BGA1744,ALDERLAKE-P-CPU_BGA_1744P-T
LPSS_I2C1_SDA_PNL,JLCD1,36,B,3228,5352,I-PEX_20654-040E-01,I-PEX_20654-040E-01_40P
LPSS_I2C1_SDA_PNL,R9814,1,T,3225,5336,1/20W_10K_5%_0201,R0201_11P811
LPSS_I2C1_SDA_PNL,TB_TP783,1,T,3598,5071,,
LPSS_I2C1_SDA_PNL,TP1007,1,T,5629,3171,Test_Point_16MIL,TPC16
LPSS_I2C1_SDA_PNL,UCPU1,EF43,B,5621,3165,ALDERLAKE-P-CPU_BGA1744,ALDERLAKE-P-CPU_BGA_1744P-T
LPSS_I2C4_SCL_NFC,JNFC1,4,B,1427,951,HIGHS_FC5AF121-2121H,HIGHS_FC5AF121-2121H_12P-T
LPSS_I2C4_SCL_NFC,R9314,1,T,1453,929,1/20W_2.2K_5%_0201,R0201_11P811
LPSS_I2C4_SCL_NFC,TB_TP346,1,T,3742,1141,,
LPSS_I2C4_SCL_NFC,TP1004,1,T,5645,3056,Test_Point_16MIL,TPC16
LPSS_I2C4_SCL_NFC,UCPU1,EN43,B,5724,3165,ALDERLAKE-P-CPU_BGA1744,ALDERLAKE-P-CPU_BGA_1744P-T
LPSS_I2C4_SDA_NFC,JNFC1,3,B,1447,951,HIGHS_FC5AF121-2121H,HIGHS_FC5AF121-2121H_12P-T
LPSS_I2C4_SDA_NFC,R9303,1,T,1482,929,1/20W_2.2K_5%_0201,R0201_11P811
LPSS_I2C4_SDA_NFC,TB_TP345,1,T,3792,1042,,
LPSS_I2C4_SDA_NFC,TP1005,1,T,5608,3053,Test_Point_16MIL,TPC16
LPSS_I2C4_SDA_NFC,UCPU1,EL43,B,5698,3165,ALDERLAKE-P-CPU_BGA1744,ALDERLAKE-P-CPU_BGA_1744P-T
LPSS_UART0_RXD,TB_TP116,1,B,849,4127,,
LPSS_UART0_RXD,TP1001,1,T,5744,3129,Test_Point_16MIL,TPC16
LPSS_UART0_RXD,U6103,7,T,764,3920,PI3USB102ZMEX_UQFN10_1P4X1P8,PI3USB102ZMEX_UQFN10_1P4X1P8
LPSS_UART0_RXD,UCPU1,EN46,B,5724,3125,ALDERLAKE-P-CPU_BGA1744,ALDERLAKE-P-CPU_BGA_1744P-T
LPSS_UART0_SEL,C7903,1,T,2303,1840,5P_50V_C_COG_0402,C0402_21P654_CA
LPSS_UART0_SEL,R7910,1,T,2334,1845,0_0201_SP,R0201_SHORT
LPSS_UART0_SEL,R7913,2,T,2358,1817,1/20W_10K_5%_0201,R0201_11P811
LPSS_UART0_SEL,TB_TP891,1,T,1814,3001,,
LPSS_UART0_SEL,U6103,10,T,718,3949,PI3USB102ZMEX_UQFN10_1P4X1P8,PI3USB102ZMEX_UQFN10_1P4X1P8
LPSS_UART0_SEL_R,R7910,2,T,2357,1845,0_0201_SP,R0201_SHORT
LPSS_UART0_SEL_R,U7901,5,T,2337,1924,NCT5635Y-W_QFN24_4X4,NCT5635Y-W_QFN24_4X4
LPSS_UART0_TXD,TB_TP115,1,B,941,4141,,
LPSS_UART0_TXD,TP1002,1,T,5718,3088,Test_Point_16MIL,TPC16
LPSS_UART0_TXD,U6103,6,T,764,3904,PI3USB102ZMEX_UQFN10_1P4X1P8,PI3USB102ZMEX_UQFN10_1P4X1P8
LPSS_UART0_TXD,UCPU1,EN48,B,5724,3086,ALDERLAKE-P-CPU_BGA1744,ALDERLAKE-P-CPU_BGA_1744P-T
LX1_CHG,PC0201,1,B,2852,1335,0.047U_25V_K_X7R_0402,C0402_21P654_CA
LX1_CHG,PC0241,2,T,2294,1196,330P_25V_K_X7R_0201,C0201_12P992_BA
LX1_CHG,PL0201,1,B,2195,813,2.2UH_CMLE063T-2R2MS-88_10A_20%,CYNTE_CMLE063T-2R2MS-88_2P
LX1_CHG,PQ0201,9,B,2274,1120,BSC0924NDI_PG-TISON-8-9,BSC0924NDI_PG-TISON-8-9
LX1_CHG,PU0201,32,B,2923,1293,BQ25710RSNR_QFN32_4X4,BQ25710RSNR_QFN32_4X4
LX1_CHG,TB_TP548,1,B,2217,983,,
LX2_CHG,PC0202,1,B,2869,1109,0.047U_25V_K_X7R_0402,C0402_21P654_CA
LX2_CHG,PC0242,1,T,2515,940,330P_25V_K_X7R_0201,C0201_12P992_BA
LX2_CHG,PL0201,2,B,2433,813,2.2UH_CMLE063T-2R2MS-88_10A_20%,CYNTE_CMLE063T-2R2MS-88_2P
LX2_CHG,PQ0202,9,B,2485,1029,SIZ340DTT1_POWERPAIR_3X3-9-10,SIZ340DTT1_POWERPAIR-3X3-9-10
LX2_CHG,PU0201,23,B,2962,1159,BQ25710RSNR_QFN32_4X4,BQ25710RSNR_QFN32_4X4
LX2_CHG,TB_TP700,1,T,2495,981,,
MBAT_PWR15,F5101,1,T,2798,2078,0.5A_32V_ERBRD0R50X,F_ERBRD0R50X-Y_CS20
MBAT_PWR15,PQ0101,1,B,3499,1072,SI7153DNT1GE3_POWERPAK-1212-8,SI7153DNT1GE3_POWERPAK-1212-8
MBAT_PWR15,PQ0101,2,B,3499,1098,SI7153DNT1GE3_POWERPAK-1212-8,SI7153DNT1GE3_POWERPAK-1212-8
MBAT_PWR15,PQ0101,3,B,3499,1124,SI7153DNT1GE3_POWERPAK-1212-8,SI7153DNT1GE3_POWERPAK-1212-8
MBAT_PWR15,PR0102,1,T,3437,1217,1/20W_510K_5%_0201,R0201_11P811
MBAT_PWR15,PR0107,2,B,3433,1065,0_0603_LE_SP,R0603_LE_19P685_SHORT
MBAT_PWR15,PR0108,2,B,3351,1065,0_0603_LE_SP,R0603_LE_19P685_SHORT
MBAT_PWR15,TB_TP941,1,T,3273,1358,,
MBAT_PWR15_F,D5102,2,T,2834,2044,RB521CM-30T2R_VMN2M-2,RB521CM-30T2R_VMN2M-2
MBAT_PWR15_F,F5101,2,T,2838,2078,0.5A_32V_ERBRD0R50X,F_ERBRD0R50X-Y_CS20
MBAT_PWR15_F,TB_TP1292,1,T,2809,2124,,
MBAT_PWR15_IN,JBATT1,7,B,3230,865,ALLTOP_C13903-10835-L,ALLTOP_C13903-10835-L_8P
MBAT_PWR15_IN,JBATT1,8,B,3151,865,ALLTOP_C13903-10835-L,ALLTOP_C13903-10835-L_8P
MBAT_PWR15_IN,PC0102,1,B,3486,990,2200P_25V_K_X7R_0201,C0201_12P992_BA
MBAT_PWR15_IN,PR0107,1,B,3433,1041,0_0603_LE_SP,R0603_LE_19P685_SHORT
MBAT_PWR15_IN,PR0108,1,B,3351,1041,0_0603_LE_SP,R0603_LE_19P685_SHORT
MBAT_PWR15_IN,TB_TP1000,1,T,3388,1037,,
MBAT_PWR15_IN,TB_TP1001,1,T,3300,1034,,
MBAT_PWR15_IN,TB_TP998,1,T,3467,1031,,
MBAT_PWR15_IN,TB_TP999,1,B,3425,979,,
MDI_0N,D7801,1,B,1542,4680,PESD5V0H1BSF_SOD962-2,PESD5V0H1BSF_SOD962-2
MDI_0N,T7801,12,B,1369,4666,BOTH_NA0069R-LF,BOTH_NA0069R-LF_24P
MDI_0N,TB_TP922,1,B,1579,4673,,
MDI_0N,U7601,14,T,1978,4267,WGI219LM-QREF-A0_QFN48_6X6,WGI219LM-QREF-A0_QFN48_6X6
MDI_0P,D7802,1,B,1542,4702,PESD5V0H1BSF_SOD962-2,PESD5V0H1BSF_SOD962-2
MDI_0P,T7801,11,B,1369,4716,BOTH_NA0069R-LF,BOTH_NA0069R-LF_24P
MDI_0P,TB_TP977,1,T,1656,4700,,
MDI_0P,U7601,13,T,1978,4283,WGI219LM-QREF-A0_QFN48_6X6,WGI219LM-QREF-A0_QFN48_6X6
MDI_1N,D7803,1,B,1495,4774,PESD5V0H1BSF_SOD962-2,PESD5V0H1BSF_SOD962-2
MDI_1N,T7801,8,B,1369,4866,BOTH_NA0069R-LF,BOTH_NA0069R-LF_24P
MDI_1N,TB_TP928,1,T,1527,4680,,
MDI_1N,U7601,18,T,1978,4204,WGI219LM-QREF-A0_QFN48_6X6,WGI219LM-QREF-A0_QFN48_6X6
MDI_1P,D7804,1,B,1495,4795,PESD5V0H1BSF_SOD962-2,PESD5V0H1BSF_SOD962-2
MDI_1P,T7801,7,B,1369,4916,BOTH_NA0069R-LF,BOTH_NA0069R-LF_24P
MDI_1P,TB_TP1017,1,B,1532,4801,,
MDI_1P,U7601,17,T,1978,4220,WGI219LM-QREF-A0_QFN48_6X6,WGI219LM-QREF-A0_QFN48_6X6
MDI_2N,D7805,1,B,1447,4944,PESD5V0H1BSF_SOD962-2,PESD5V0H1BSF_SOD962-2
MDI_2N,T7801,6,B,1369,4966,BOTH_NA0069R-LF,BOTH_NA0069R-LF_24P
MDI_2N,TB_TP991,1,B,1489,4919,,
MDI_2N,U7601,21,T,1978,4157,WGI219LM-QREF-A0_QFN48_6X6,WGI219LM-QREF-A0_QFN48_6X6
MDI_2P,D7806,1,B,1462,4959,PESD5V0H1BSF_SOD962-2,PESD5V0H1BSF_SOD962-2
MDI_2P,T7801,5,B,1369,5016,BOTH_NA0069R-LF,BOTH_NA0069R-LF_24P
MDI_2P,TB_TP953,1,T,1815,4222,,
MDI_2P,U7601,20,T,1978,4172,WGI219LM-QREF-A0_QFN48_6X6,WGI219LM-QREF-A0_QFN48_6X6
MDI_3N,D7807,1,B,1436,5181,PESD5V0H1BSF_SOD962-2,PESD5V0H1BSF_SOD962-2
MDI_3N,T7801,2,B,1369,5166,BOTH_NA0069R-LF,BOTH_NA0069R-LF_24P
MDI_3N,U7601,24,T,1978,4109,WGI219LM-QREF-A0_QFN48_6X6,WGI219LM-QREF-A0_QFN48_6X6
MDI_3P,D7808,1,B,1436,5203,PESD5V0H1BSF_SOD962-2,PESD5V0H1BSF_SOD962-2
MDI_3P,T7801,1,B,1369,5216,BOTH_NA0069R-LF,BOTH_NA0069R-LF_24P
MDI_3P,TB_TP892,1,T,1455,5055,,
MDI_3P,U7601,23,T,1978,4125,WGI219LM-QREF-A0_QFN48_6X6,WGI219LM-QREF-A0_QFN48_6X6
MEMORYID0,R0914,2,B,6073,3385,1/20W_0_5%_0201,R0201_11P811
MEMORYID0,TB_TP974,1,B,6044,3387,,
MEMORYID0,UCPU1,EV28,B,5802,3404,ALDERLAKE-P-CPU_BGA1744,ALDERLAKE-P-CPU_BGA_1744P-T
MEMORYID1,R0913,2,T,5882,3450,1/20W_0_5%_0201,R0201_11P811
MEMORYID1,TB_TP924,1,B,5951,3436,,
MEMORYID1,UCPU1,EY28,B,5827,3404,ALDERLAKE-P-CPU_BGA1744,ALDERLAKE-P-CPU_BGA_1744P-T
MEMORYID2,R0912,2,T,5637,3276,1/20W_0_5%_0201,R0201_11P811
MEMORYID2,TB_TP956,1,T,5718,3322,,
MEMORYID2,UCPU1,EL33,B,5698,3322,ALDERLAKE-P-CPU_BGA1744,ALDERLAKE-P-CPU_BGA_1744P-T
MEMORYID3,R0911,2,T,5746,3286,1/20W_0_5%_0201,R0201_11P811
MEMORYID3,UCPU1,ER33,B,5749,3322,ALDERLAKE-P-CPU_BGA1744,ALDERLAKE-P-CPU_BGA_1744P-T
MEMORYID4,R0910,2,T,5870,3258,1/20W_0_5%_0201,R0201_11P811
MEMORYID4,TB_TP929,1,T,5859,3292,,
MEMORYID4,UCPU1,ET36,B,5775,3283,ALDERLAKE-P-CPU_BGA1744,ALDERLAKE-P-CPU_BGA_1744P-T
MIC2_CAP,C8313,2,T,840,915,2.2U_6.3V_K_X5R_0402,C0402_21P654_CA
MIC2_CAP,U8301,32,T,951,957,ALC3287-CG_MQFN48_6X6,ALC3287-CG_MQFN48_6X6
MIC2_VREFO_L,R8512,1,T,836,1067,1/20W_2.2K_5%_0201,R0201_11P811
MIC2_VREFO_L,U8301,28,T,951,1020,ALC3287-CG_MQFN48_6X6,ALC3287-CG_MQFN48_6X6
MIC2_VREFO_L_R,R8507,1,T,789,1021,0_0201_SP,R0201_SHORT
MIC2_VREFO_L_R,R8512,2,T,813,1067,1/20W_2.2K_5%_0201,R0201_11P811
MIC2_VREFO_L_R,TB_TP1126,1,T,769,1053,,
MIC2_VREFO_R,R8514,1,T,836,1042,1/20W_2.2K_5%_0201,R0201_11P811
MIC2_VREFO_R,TB_TP524,1,T,873,1005,,
MIC2_VREFO_R,U8301,29,T,951,1005,ALC3287-CG_MQFN48_6X6,ALC3287-CG_MQFN48_6X6
MIC2_VREFO_R_R,R8508,1,T,789,953,0_0201_SP,R0201_SHORT
MIC2_VREFO_R_R,R8514,2,T,813,1042,1/20W_2.2K_5%_0201,R0201_11P811
MIC2_VREFO_R_R,TB_TP1139,1,B,735,955,,
MIC_RING2,D8401,1,B,747,712,PESD5V0X1BCAL_SOD882-2,PESD5V0X1BCAL_SOD882-2
MIC_RING2,JHP1,3,B,329,752,ALLTO_C18207-10735-L,ALLTO_C18207-10735-L_9P-T
MIC_RING2,R8510,1,T,727,1002,0_0402_SP,R0402_SHORT
MIC_RING2,TB_TP1263,1,T,721,728,,
MIC_RING2_CODEC,C8319,2,T,830,994,33P_25V_J_NPO_0201,C0201_12P992_BA
MIC_RING2_CODEC,R8507,2,T,789,998,0_0201_SP,R0201_SHORT
MIC_RING2_CODEC,R8510,2,T,763,1002,0_0402_SP,R0402_SHORT
MIC_RING2_CODEC,TB_TP469,1,T,742,1117,,
MIC_RING2_CODEC,U8301,30,T,951,989,ALC3287-CG_MQFN48_6X6,ALC3287-CG_MQFN48_6X6
MIC_SLEEVE,D8402,1,B,852,1308,PESD5V0X1BCAL_SOD882-2,PESD5V0X1BCAL_SOD882-2
MIC_SLEEVE,JHP1,4,B,306,1128,ALLTO_C18207-10735-L,ALLTO_C18207-10735-L_9P-T
MIC_SLEEVE,R8509,1,T,727,969,0_0402_SP,R0402_SHORT
MIC_SLEEVE,TB_TP1272,1,T,837,1250,,
MIC_SLEEVE_CODEC,C8318,2,T,834,972,33P_25V_J_NPO_0201,C0201_12P992_BA
MIC_SLEEVE_CODEC,R8508,2,T,789,976,0_0201_SP,R0201_SHORT
MIC_SLEEVE_CODEC,R8509,2,T,763,969,0_0402_SP,R0402_SHORT
MIC_SLEEVE_CODEC,TB_TP501,1,T,754,924,,
MIC_SLEEVE_CODEC,U8301,31,T,951,973,ALC3287-CG_MQFN48_6X6,ALC3287-CG_MQFN48_6X6
MIPI60_CFG0,JMIPI1,11,T,3978,4237,HIGHS_FC5AF201-2931H,HIGHS_FC5AF201-2931H_20P
MIPI60_CFG0,R2017,1,T,4291,3592,1/20W_1K_5%_0201,R0201_11P811
MIPI60_CFG0,TB_TP71,1,T,4397,3927,,
MIPI60_CFG0,UCPU1,AA16,B,4271,3597,ALDERLAKE-P-CPU_BGA1744,ALDERLAKE-P-CPU_BGA_1744P-T
MIPI60_CFG1,JMIPI1,12,T,3978,4256,HIGHS_FC5AF201-2931H,HIGHS_FC5AF201-2931H_20P
MIPI60_CFG1,R2014,1,T,4340,3602,1/20W_1K_5%_0201,R0201_11P811
MIPI60_CFG1,TB_TP70,1,T,4474,3966,,
MIPI60_CFG1,UCPU1,AD16,B,4322,3597,ALDERLAKE-P-CPU_BGA1744,ALDERLAKE-P-CPU_BGA_1744P-T
MIPI60_CFG16,JMIPI1,10,T,3978,4217,HIGHS_FC5AF201-2931H,HIGHS_FC5AF201-2931H_20P
MIPI60_CFG16,R2023,1,T,3938,4212,1/20W_1K_5%_0201,R0201_11P811
MIPI60_CFG16,TB_TP72,1,T,4321,3930,,
MIPI60_CFG16,UCPU1,AF17,B,4360,3575,ALDERLAKE-P-CPU_BGA1744,ALDERLAKE-P-CPU_BGA_1744P-T
MIPI60_CFG2,JMIPI1,13,T,3978,4276,HIGHS_FC5AF201-2931H,HIGHS_FC5AF201-2931H_20P
MIPI60_CFG2,R2001,1,T,4272,3615,1/20W_1K_5%_0201,R0201_11P811
MIPI60_CFG2,R2012,1,T,4274,3657,1/20W_1K_5%_0201,R0201_11P811
MIPI60_CFG2,TB_TP1312,1,T,4302,3713,,
MIPI60_CFG2,UCPU1,AA12,B,4283,3652,ALDERLAKE-P-CPU_BGA1744,ALDERLAKE-P-CPU_BGA_1744P-T
MIPI60_CFG3,JMIPI1,14,T,3978,4296,HIGHS_FC5AF201-2931H,HIGHS_FC5AF201-2931H_20P
MIPI60_CFG3,R2013,1,T,4273,3680,1/20W_1K_5%_0201,R0201_11P811
MIPI60_CFG3,TB_TP69,1,T,4418,4163,,
MIPI60_CFG3,UCPU1,AC12,B,4309,3652,ALDERLAKE-P-CPU_BGA1744,ALDERLAKE-P-CPU_BGA_1744P-T
MIPI60_CFG4,JMIPI1,15,T,3978,4315,HIGHS_FC5AF201-2931H,HIGHS_FC5AF201-2931H_20P
MIPI60_CFG4,R2003,1,T,4352,3732,1/20W_1K_5%_0201,R0201_11P811
MIPI60_CFG4,R2022,1,T,4352,3708,1/20W_1K_5%_0201,R0201_11P811
MIPI60_CFG4,TB_TP68,1,T,4363,3814,,
MIPI60_CFG4,UCPU1,AD11,B,4322,3675,ALDERLAKE-P-CPU_BGA1744,ALDERLAKE-P-CPU_BGA_1744P-T
MIPI60_CFG5,JMIPI1,16,T,3978,4335,HIGHS_FC5AF201-2931H,HIGHS_FC5AF201-2931H_20P
MIPI60_CFG5,R2016,1,T,4401,3613,1/20W_1K_5%_0201,R0201_11P811
MIPI60_CFG5,TB_TP67,1,T,4432,3868,,
MIPI60_CFG5,UCPU1,AG15,B,4377,3614,ALDERLAKE-P-CPU_BGA1744,ALDERLAKE-P-CPU_BGA_1744P-T
MIPI60_CFG6,JMIPI1,17,T,3978,4355,HIGHS_FC5AF201-2931H,HIGHS_FC5AF201-2931H_20P
MIPI60_CFG6,R2015,1,T,4375,3572,1/20W_1K_5%_0201,R0201_11P811
MIPI60_CFG6,TB_TP66,1,T,3910,4389,,
MIPI60_CFG6,UCPU1,AH17,B,4386,3575,ALDERLAKE-P-CPU_BGA1744,ALDERLAKE-P-CPU_BGA_1744P-T
MIPI60_CFG7,JMIPI1,18,T,3978,4374,HIGHS_FC5AF201-2931H,HIGHS_FC5AF201-2931H_20P
MIPI60_CFG7,R2011,1,T,4409,3655,1/20W_1K_5%_0201,R0201_11P811
MIPI60_CFG7,TB_TP65,1,T,4572,3873,,
MIPI60_CFG7,UCPU1,AJ15,B,4403,3614,ALDERLAKE-P-CPU_BGA1744,ALDERLAKE-P-CPU_BGA_1744P-T
MIPI60_TCK0,JMIPI1,7,T,3978,4158,HIGHS_FC5AF201-2931H,HIGHS_FC5AF201-2931H_20P
MIPI60_TCK0,R0819,2,T,4132,3828,0_0201_SP,R0201_SHORT
MIPI60_TCK0,TB_TP739,1,T,3866,3983,,
MIPI60_TCK1,JMIPI1,20,T,3978,4414,HIGHS_FC5AF201-2931H,HIGHS_FC5AF201-2931H_20P
MIPI60_TCK1,R0820,2,T,5934,3924,0_0201_SP,R0201_SHORT
MIPI60_TCK1,TB_TP691,1,T,5934,3978,,
MIPI60_TDI,JMIPI1,8,T,3978,4178,HIGHS_FC5AF201-2931H,HIGHS_FC5AF201-2931H_20P
MIPI60_TDI,R0809,1,T,4279,3800,1/20W_51_5%_0201,R0201_11P811
MIPI60_TDI,TB_TP662,1,T,4265,3851,,
MIPI60_TDI,UCPU1,W6,B,4244,3753,ALDERLAKE-P-CPU_BGA1744,ALDERLAKE-P-CPU_BGA_1744P-T
MIPI60_TDI,UCPU1,W8,B,4244,3728,ALDERLAKE-P-CPU_BGA1744,ALDERLAKE-P-CPU_BGA_1744P-T
MIPI60_TDO,JMIPI1,5,T,3978,4119,HIGHS_FC5AF201-2931H,HIGHS_FC5AF201-2931H_20P
MIPI60_TDO,R2106,2,T,4281,3759,1/20W_51_5%_0201,R0201_11P811
MIPI60_TDO,TB_TP719,1,T,3934,3991,,
MIPI60_TDO,UCPU1,AA6,B,4278,3753,ALDERLAKE-P-CPU_BGA1744,ALDERLAKE-P-CPU_BGA_1744P-T
MIPI60_TDO,UCPU1,AA8,B,4278,3728,ALDERLAKE-P-CPU_BGA1744,ALDERLAKE-P-CPU_BGA_1744P-T
MIPI60_TMS,JMIPI1,6,T,3978,4138,HIGHS_FC5AF201-2931H,HIGHS_FC5AF201-2931H_20P
MIPI60_TMS,R0808,1,T,4205,3692,1/20W_51_5%_0201,R0201_11P811
MIPI60_TMS,TB_TP649,1,T,4197,3816,,
MIPI60_TMS,UCPU1,U6,B,4211,3753,ALDERLAKE-P-CPU_BGA1744,ALDERLAKE-P-CPU_BGA_1744P-T
MIPI60_TMS,UCPU1,U8,B,4211,3728,ALDERLAKE-P-CPU_BGA1744,ALDERLAKE-P-CPU_BGA_1744P-T
MPHY_RCOMP_N,R1204,2,B,5498,3900,1/20W_100_1%_0201,R0201_11P811
MPHY_RCOMP_N,UCPU1,DY3,B,5521,3803,ALDERLAKE-P-CPU_BGA1744,ALDERLAKE-P-CPU_BGA_1744P-T
MPHY_RCOMP_P,R1204,1,B,5498,3923,1/20W_100_1%_0201,R0201_11P811
MPHY_RCOMP_P,TB_TP1296,1,B,5545,3906,,
MPHY_RCOMP_P,UCPU1,DY1,B,5521,3828,ALDERLAKE-P-CPU_BGA1744,ALDERLAKE-P-CPU_BGA_1744P-T
MPWRG,D1502,1,B,6527,2377,RB521CM-30T2R_VMN2M-2,RB521CM-30T2R_VMN2M-2
MPWRG,R5107,1,T,2967,2100,1/20W_10K_5%_0201,R0201_11P811-Y_CS20
MPWRG,TB_TP1081,1,T,2951,2151,,
MPWRG,UCPU1,EE48,B,5596,3086,ALDERLAKE-P-CPU_BGA1744,ALDERLAKE-P-CPU_BGA_1744P-T
MPWRG,UTE1,1,T,3035,2066,TC62D518FTG_WQFN56_7X7,TC62D518FTG_WQFN56_7X7
M_A_VREF_CA,C2642,2,T,5401,1110,0.047U_25V_K_X7R_0402,C0402_21P654_CA
M_A_VREF_CA,C2643,2,T,6091,1181,0.047U_25V_K_X7R_0402,C0402_21P654_CA
M_A_VREF_CA,C2644,2,T,4721,1198,0.047U_25V_K_X7R_0402,C0402_21P654_CA
M_A_VREF_CA,C2645,2,T,3927,1241,0.047U_25V_K_X7R_0402,C0402_21P654_CA
M_A_VREF_CA,R0606,1,T,5410,1231,1/20W_1.82K_1%_0201,R0201_11P811
M_A_VREF_CA,R0607,2,T,5387,1230,1/20W_1.82K_1%_0201,R0201_11P811
M_A_VREF_CA,R0608,2,T,5412,1208,1/20W_2.74_1%_0201,R0201_11P811
M_A_VREF_CA,TB_TP301,1,T,5755,968,,
M_A_VREF_CA,U2501,M1,T,5542,1269,K4A8G165WB-BCPB_FBGA96,K4ABG165WA-MCTD_FBGA_96P-T_3SILK
M_A_VREF_CA,U2601,M1,T,6227,1269,K4A8G165WB-BCPB_FBGA96,K4ABG165WA-MCTD_FBGA_96P-T_3SILK
M_A_VREF_CA,U2701,M1,T,4857,1269,K4A8G165WB-BCPB_FBGA96,K4ABG165WA-MCTD_FBGA_96P-T_3SILK
M_A_VREF_CA,U2801,M1,T,4172,1269,K4A8G165WB-BCPB_FBGA96,K4ABG165WA-MCTD_FBGA_96P-T_3SILK
M_B_DQS8,JDDR1,97,B,4927,2150,ARGOS_D4ASL-26010-1P40,ARGOS_D4ASL-26010-1P40_260P
M_B_DQS8,R2718,2,B,4940,2254,1/20W_240_1%_0201,R0201_11P811
M_B_VREF_CA,C2836,2,T,5693,1881,2.2U_10V_K_X5R_0402,C0402_21P654_CA
M_B_VREF_CA,C2837,2,T,5665,1916,0.1U_6.3V_K_X5R_0201,C0201_12P992_BA
M_B_VREF_CA,JDDR1,164,B,5665,1827,ARGOS_D4ASL-26010-1P40,ARGOS_D4ASL-26010-1P40_260P
M_B_VREF_CA,R0701,1,T,5615,1924,1/20W_1K_1%_0201,R0201_11P811
M_B_VREF_CA,R0702,2,T,5692,1854,1/20W_1K_1%_0201,R0201_11P811
M_B_VREF_CA,R0703,2,T,5640,1924,1/20W_2_1%_0201,R0201_11P811
M_B_VREF_CA,TB_TP235,1,T,5645,1865,,
M_ON,PR0304,1,B,1692,4907,0_0402_SP,R0402_SHORT
M_ON,PR0407,1,B,2708,4874,0_0402_SP,R0402_SHORT
M_ON,PR0502,1,B,7565,1423,1/16W_0_5%_0402,R0402_15P748
M_ON,PR0508,1,T,1723,4107,1/20W_0_5%_0201,R0201_11P811
M_ON,TB_TP1370,1,T,2050,1414,,
M_ON,UTE1,52,T,3129,2097,TC62D518FTG_WQFN56_7X7,TC62D518FTG_WQFN56_7X7
M_TEMP,JBATT1,4,B,3502,865,ALLTOP_C13903-10835-L,ALLTOP_C13903-10835-L_8P
M_TEMP,PC0101,1,T,3497,792,2200P_25V_K_X7R_0201,C0201_12P992_BA
M_TEMP,PR0101,1,T,3520,792,1/20W_6.19K_1%_0201,R0201_11P811
M_TEMP,R8013,1,T,2267,1778,1/20W_1K_5%_0201,R0201_11P811
M_TEMP,TB_TP550,1,T,2010,1471,,
M_TEMP_R,R8013,2,T,2267,1801,1/20W_1K_5%_0201,R0201_11P811
M_TEMP_R,UEC1,A8,T,1987,1989,NPCX997KAABX_VFBGA144,NPCX997KAABX_VFBGA_144P
N05983,R5316,1,T,1304,2152,1/16W_4.99K_1%_0402,R0402_15P748
N05983,TB_TP679,1,T,1293,2188,,
N05983,U5303,36,T,1223,2228,PS8409AQFN48GTR2-A2_QFN48_6X6,PS8409AQFN48GTR2-A2_QFN48_6X6
N06007,R5320,1,T,1154,2156,1/20W_4.7K_1%_0201,R0201_11P811
N06007,U5303,32,T,1160,2228,PS8409AQFN48GTR2-A2_QFN48_6X6,PS8409AQFN48GTR2-A2_QFN48_6X6
N06039,R5304,2,T,1136,2066,1/20W_100K_1%_0201,R0201_11P811
N06039,U5301,5,T,1093,2063,TPS74801DRCR_SON-10_3X3,TPS74801DRCR_SON-10_3X3
N06067,R5305,1,T,926,2008,1/20W_2.49K_1%_0201,R_0201
N06067,R5307,2,T,926,2036,1/20W_4.99K_1%_0201,R_0201
N06067,TB_TP729,1,T,853,2069,,
N06067,U5301,8,T,977,2023,TPS74801DRCR_SON-10_3X3,TPS74801DRCR_SON-10_3X3
N06095,C5310,1,T,926,1927,10U_6.3V_M_X5R_0402,C0402_27P559_CD
N06095,R5305,2,T,926,1985,1/20W_2.49K_1%_0201,R_0201
N06095,R5306,1,T,890,1962,0_0603_LE_SP,R0603_LE_19P685_SHORT
N06095,TB_TP554,1,T,879,1891,,
N06095,U5301,9,T,977,2004,TPS74801DRCR_SON-10_3X3,TPS74801DRCR_SON-10_3X3
N06095,U5301,10,T,977,1984,TPS74801DRCR_SON-10_3X3,TPS74801DRCR_SON-10_3X3
N06159,C5309,1,T,926,2064,22P_25V_J_NPO_0201,C0201_12P992_BA
N06159,TB_TP761,1,T,915,2116,,
N06159,U5301,7,T,977,2043,TPS74801DRCR_SON-10_3X3,TPS74801DRCR_SON-10_3X3
N06317,C5312,1,T,1234,2154,1U_25V_K_X5R_0402,C0402_21P654_CA
N06317,R5308,2,T,1269,2152,1/16W_10K_5%_0402,R0402_15P748
N06317,U5303,35,T,1207,2228,PS8409AQFN48GTR2-A2_QFN48_6X6,PS8409AQFN48GTR2-A2_QFN48_6X6
N06353,R5310,2,T,1270,2521,1/16W_4.7K_5%_0402,R0402_15P748
N06353,U5303,3,T,1192,2462,PS8409AQFN48GTR2-A2_QFN48_6X6,PS8409AQFN48GTR2-A2_QFN48_6X6
N06409,R5311,1,T,984,2156,1/20W_4.7K_1%_0201,R0201_11P811
N06409,U5303,27,T,1081,2228,PS8409AQFN48GTR2-A2_QFN48_6X6,PS8409AQFN48GTR2-A2_QFN48_6X6
N10270973,C5002,1,T,3093,1618,1000P_25V_K_X7R_0201,C0201_12P992_BA
N10270973,Q5001,1,T,3094,1647,LSK3541G1ET2L_VMT3,LSK3541G1ET2L_VMT3
N10270973,R5002,2,T,3094,1590,1/20W_10K_5%_0201,R0201_11P811
N10270973,TB_TP1251,1,T,3122,1554,,
N136606936,C5106,2,T,3404,2115,470P_25V_K_X7R_0201,C0201_12P992_BA-Y_CS20
N136606936,R5103,1,T,3403,2170,1/20W_1M_1%_0201,R0201_11P811-Y_CS20
N136606936,R5104,2,T,3397,2142,1/16W_1.82M_1%_0402,R0402_15P748-Y_CS20
N136606936,TB_TP1250,1,T,3413,2207,,
N136606936,UTE1,44,T,3255,2097,TC62D518FTG_WQFN56_7X7,TC62D518FTG_WQFN56_7X7
N136607052,C5105,2,T,3429,1857,1U_25V_K_X5R_0402,C0402_23P622_CB-Y_CS20
N136607052,D5101,2,T,3427,1935,RB521CM-30T2R_VMN2M-2,RB521CM-30T2R_VMN2M-2-Y_CS20
N136607052,D5103,1,T,3470,1855,RB521CM-30T2R_VMN2M-2,RB521CM-30T2R_VMN2M-2-Y_CS20
N136607052,TB_TP1284,1,T,3470,1905,,
N136718562,C5109,2,T,3025,2199,0.1U_6.3V_K_X5R_0201,C0201_12P992_BA-Y_CS20
N136718562,RT5101,1,B,2120,934,540_0402NEW_30%_PRF15BB541NB6RC,R0402_15P748-Y_CS20
N136718562,TB_TP1252,1,T,2099,968,,
N136718562,UTE1,54,T,3097,2097,TC62D518FTG_WQFN56_7X7,TC62D518FTG_WQFN56_7X7
N136718570,RT5101,2,B,2156,934,540_0402NEW_30%_PRF15BB541NB6RC,R0402_15P748-Y_CS20
N136718570,RT5102,1,B,2454,1162,540_0402NEW_30%_PRF15BB541NB6RC,R0402_15P748-Y_CS20
N136718570,TB_TP1271,1,T,2450,1160,,
N136718591,RT5104,2,B,3600,1020,540_0402NEW_30%_PRF15BB541NB6RC,R0402_15P748-Y_CS20
N136718591,RT5105,1,B,7563,2482,540_0402NEW_30%_PRF15BB541NB6RC,R0402_15P748-Y_CS20
N136718591,TB_TP1220,1,B,3659,999,,
N136718597,RT5106,2,B,7193,2508,540_0402NEW_30%_PRF15BB541NB6RC,R0402_15P748-Y_CS20
N136718597,RT5107,1,B,6998,2818,540_0402NEW_30%_PRF15BB541NB6RC,R0402_15P748-Y_CS20
N136718597,TB_TP1303,1,T,7128,2688,,
N136718603,RT5110,2,B,5768,4498,540_0402NEW_30%_PRF15BB541NB6RC,R0402_15P748-Y_CS20
N136718603,RT5111,1,B,5733,4547,540_0402NEW_30%_PRF15BB541NB6RC,R0402_15P748-Y_CS20
N136718603,TB_TP1253,1,B,5776,4455,,
N136718607,RT5108,2,B,6646,4109,540_0402NEW_30%_PRF15BB541NB6RC,R0402_15P748-Y_CS20
N136718607,RT5109,1,B,6496,4681,540_0402NEW_30%_PRF15BB541NB6RC,R0402_15P748-Y_CS20
N136718607,TB_TP1238,1,B,6579,4196,,
N136718636,RT5102,2,B,2490,1162,540_0402NEW_30%_PRF15BB541NB6RC,R0402_15P748-Y_CS20
N136718636,RT5103,1,B,3376,1361,540_0402NEW_30%_PRF15BB541NB6RC,R0402_15P748-Y_CS20
N136718636,TB_TP1258,1,B,2470,1216,,
N136718663,RT5103,2,B,3412,1361,540_0402NEW_30%_PRF15BB541NB6RC,R0402_15P748-Y_CS20
N136718663,RT5104,1,B,3564,1020,540_0402NEW_30%_PRF15BB541NB6RC,R0402_15P748-Y_CS20
N136718663,TB_TP1279,1,T,3449,1346,,
N136718669,RT5105,2,B,7563,2518,540_0402NEW_30%_PRF15BB541NB6RC,R0402_15P748-Y_CS20
N136718669,RT5106,1,B,7193,2472,540_0402NEW_30%_PRF15BB541NB6RC,R0402_15P748-Y_CS20
N136718669,TB_TP1226,1,B,7466,2600,,
N136718673,RT5107,2,B,6962,2818,540_0402NEW_30%_PRF15BB541NB6RC,R0402_15P748-Y_CS20
N136718673,RT5108,1,B,6682,4109,540_0402NEW_30%_PRF15BB541NB6RC,R0402_15P748-Y_CS20
N136718673,TB_TP1266,1,B,6673,4068,,
N136718677,RT5109,2,B,6496,4717,540_0402NEW_30%_PRF15BB541NB6RC,R0402_15P748-Y_CS20
N136718677,RT5110,1,B,5804,4498,540_0402NEW_30%_PRF15BB541NB6RC,R0402_15P748-Y_CS20
N136718677,TB_TP1242,1,B,6543,4266,,
N136718749,D2301,2,T,8460,920,RB520CM-30T2R_VMN2M2,RB520CM-30T2R_VMN2M2
N136718749,R2301,2,T,8491,908,1/20W_1K_5%_0201,R0201_11P811
N136718749,TB_TP760,1,T,8473,961,,
N136719939,R5110,1,T,3443,2035,1/4W_20_5%_0603,R0603_21P654-Y_CS20
N136719939,S9501,1,B,928,2180,SKRPABE010_4P,SW_SKRPABE010_4P-Y_CS20
N136719939,S9501,2,B,765,2180,SKRPABE010_4P,SW_SKRPABE010_4P-Y_CS20
N136719939,TB_TP1234,1,T,3503,2021,,
N136720235,C5105,1,T,3393,1857,1U_25V_K_X5R_0402,C0402_23P622_CB-Y_CS20
N136720235,TB_TP1241,1,T,3352,1839,,
N136720235,UTE1,30,T,3301,1877,TC62D518FTG_WQFN56_7X7,TC62D518FTG_WQFN56_7X7
N137788722,R5106,2,T,3309,1776,1/20W_100_5%_0201,R0201_11P811-Y_CS20
N137788722,TB_TP1245,1,T,3348,1768,,
N137788722,UTE1,28,T,3270,1831,TC62D518FTG_WQFN56_7X7,TC62D518FTG_WQFN56_7X7
N140404932,PQ2302,3,T,1097,1757,SSM6K513NU_UDFN6B-6-8,SSM6K513NU_UDFN6B-6-8
N140404932,PR2306,2,T,1105,1728,1/20W_100_5%_0201,R0201_11P811
N151163297,R5601,1,T,898,3721,1/20W_4.75K_0.5%_0201,R0201_11P811
N151163297,UBB2,L4,B,909,3723,JHL8040RSLMN7A1_BGA105,JHL8040RSLMN7A1_BGA_105P
N151163309,R5601,2,T,875,3721,1/20W_4.75K_0.5%_0201,R0201_11P811
N151163309,UBB2,L5,B,891,3723,JHL8040RSLMN7A1_BGA105,JHL8040RSLMN7A1_BGA_105P
N151396031,L5701,1,B,1022,3622,0.68UH_DFE201610E-R68M-P2_3.1A_20%,MURAT_DFE201610E-R68M-P2_2P
N151396031,TB_TP843,1,B,1021,3667,,
N151396031,UBB2,L1,B,964,3723,JHL8040RSLMN7A1_BGA105,JHL8040RSLMN7A1_BGA_105P
N151396031,UBB2,M1,B,964,3705,JHL8040RSLMN7A1_BGA105,JHL8040RSLMN7A1_BGA_105P
N151485197,R5603,2,B,1012,3974,1/20W_10K_5%_0201,R0201_11P811
N151485197,UBB2,A3,B,927,3905,JHL8040RSLMN7A1_BGA105,JHL8040RSLMN7A1_BGA_105P
N151485209,R5604,2,T,937,3889,1/20W_10K_5%_0201,R0201_11P811
N151485209,UBB2,C3,B,915,3856,JHL8040RSLMN7A1_BGA105,JHL8040RSLMN7A1_BGA_105P
N151485211,R5605,2,B,959,3974,1/20W_10K_5%_0201,R0201_11P811
N151485211,UBB2,B5,B,891,3886,JHL8040RSLMN7A1_BGA105,JHL8040RSLMN7A1_BGA_105P
N151485223,R5606,2,T,912,3889,1/20W_10K_5%_0201,R0201_11P811
N151485223,TB_TP1365,1,T,875,3896,,
N151485223,UBB2,C5,B,890,3856,JHL8040RSLMN7A1_BGA105,JHL8040RSLMN7A1_BGA_105P
N151485302,R5607,2,B,1037,3974,1/20W_100_5%_0201,R0201_11P811
N151485302,UBB2,B3,B,927,3886,JHL8040RSLMN7A1_BGA105,JHL8040RSLMN7A1_BGA_105P
N151485666,R5608,2,B,871,3973,1/20W_10K_5%_0201,R0201_11P811
N151485666,R5611,1,B,894,3973,1/20W_10K_5%_0201,R0201_11P811
N151485666,UBB2,A6,B,873,3905,JHL8040RSLMN7A1_BGA105,JHL8040RSLMN7A1_BGA_105P
N151485668,R5609,2,B,932,3974,1/20W_10K_5%_0201,R0201_11P811
N151485668,R5612,1,B,931,4044,1/20W_10K_5%_0201,R0201_11P811
N151485668,UBB2,A5,B,891,3905,JHL8040RSLMN7A1_BGA105,JHL8040RSLMN7A1_BGA_105P
N151485694,R5613,1,B,982,3974,1/20W_10K_5%_0201,R0201_11P811
N151485694,UBB2,A4,B,909,3905,JHL8040RSLMN7A1_BGA105,JHL8040RSLMN7A1_BGA_105P
N151485706,R5614,1,B,822,3972,1/20W_10K_5%_0201,R0201_11P811
N151485706,UBB2,A8,B,837,3905,JHL8040RSLMN7A1_BGA105,JHL8040RSLMN7A1_BGA_105P
N151485716,R5610,1,B,795,3974,1/20W_100K_5%_0201,R0201_11P811
N151485716,UBB2,B9,B,819,3886,JHL8040RSLMN7A1_BGA105,JHL8040RSLMN7A1_BGA_105P
N155945246,PD2201,2,B,2043,4556,RB521CM-30T2R_VMN2M-2,RB521CM-30T2R_VMN2M-2
N155945246,PR2201,2,B,2006,4558,1/16W_33_5%_0402,R0402_15P748
N155945248,PQ2201,3,B,1928,4623,SSM6K513NU_UDFN6B-6-8,SSM6K513NU_UDFN6B-6-8
N155945248,PR2202,1,B,1960,4623,1/20W_100_5%_0201,R0201_11P811
N155945248,TB_TP743,1,B,2016,4666,,
N162712013,Q9401,4,T,1638,2926,AON7408L_DFN8-5,AON7408L_DFN8-5
N162712013,R9402,2,T,1641,3164,1/20W_100_5%_0201,R0201_11P811
N162712013,TB_TP659,1,T,1595,2998,,
N168175247,Q1503,1,B,6490,2455,LSK3541G1ET2L_VMT3,LSK3541G1ET2L_VMT3
N168175247,Q1504,3,B,6493,2509,LSK3541G1ET2L_VMT3,LSK3541G1ET2L_VMT3
N168175247,R1511,1,B,6474,2551,1/20W_10K_5%_0201,R0201_11P811
N16990227,C6209,2,T,567,3583,3.3P_50V_B_NPO_0201,C0201_12P992_BA
N16990227,R6201,2,T,568,3537,1/20W_1M_1%_0201,R0201_11P811
N16990227,R6202,2,T,567,3560,1/20W_49.9K_1%_0201,R0201_11P811
N16990227,U6201,C1,T,605,3549,KTS1668EAY-TR_WLCSP12,KTS1668EAY-TR_WLCSP_12P
N170209802,PQ2101,3,B,6177,4256,RUM001L02,LSK3541G1ET2L_VMT3
N170209802,PQ2102,1,B,6228,4256,RUM001L02,LSK3541G1ET2L_VMT3
N170209802,PR2101,2,B,6232,4172,1/20W_10K_5%_0201,R0201_11P811
N170898100,C5502,1,T,831,2741,1200P_25V_K_X7R_0201_MURATA,C0201_12P992_BA
N170898100,TB_TP1120,1,T,776,2725,,
N170898100,U5501,C2,T,853,2770,TPS22971YZPT_DSBGA8,TPS22971YZPT_DSBGA8P
N170898132,C5707,1,T,818,3420,1200P_25V_K_X7R_0201_MURATA,C0201_12P992_BA
N170898132,U5701,C2,T,825,3455,TPS22971YZPT_DSBGA8,TPS22971YZPT_DSBGA8P
N17418287,PQ2401,3,T,1529,2882,SSM6K513NU_UDFN6B-6-8,SSM6K513NU_UDFN6B-6-8
N17418287,PR2403,2,T,1529,2909,1/20W_100_5%_0201,R0201_11P811
N17418287,TB_TP1124,1,T,1577,2923,,
N17418299,PD2405,2,T,1485,2923,RB521CM-30T2R_VMN2M-2,RB521CM-30T2R_VMN2M-2
N17418299,PR2402,1,T,1485,2883,1/20W_33_5%_0201,R0201_11P811
N17418299,TB_TP1090,1,T,1444,2965,,
N17418303,PQ2401,4,T,1529,2808,SSM6K513NU_UDFN6B-6-8,SSM6K513NU_UDFN6B-6-8
N17418303,PQ2401,7,T,1529,2845,SSM6K513NU_UDFN6B-6-8,SSM6K513NU_UDFN6B-6-8
N17418303,PR2401,2,T,1456,2853,0_0402_SP,R0402_SHORT
N17418303,PR2402,2,T,1485,2860,1/20W_33_5%_0201,R0201_11P811
N17418303,TB_TP1114,1,T,1474,2813,,
N17644507,R2109,1,T,4294,3505,1/20W_0_5%_0201,R0201_11P811
N17644507,TP2114,1,T,4255,3505,Test_Point_12MIL,TPC12
N18195303,C5111,2,T,3404,2094,0.1U_25V_K_X5R_0201,C0201_13P780_BB-Y_CS20
N18195303,R5110,2,T,3388,2035,1/4W_20_5%_0603,R0603_21P654-Y_CS20
N18195303,R5112,1,T,3403,2070,1/20W_33K_5%_0201,R0201_11P811-Y_CS20
N18195303,TB_TP1288,1,T,3355,2108,,
N18195303,UTE1,43,T,3270,2097,TC62D518FTG_WQFN56_7X7,TC62D518FTG_WQFN56_7X7
N18989402,RT5111,2,B,5733,4583,540_0402NEW_30%_PRF15BB541NB6RC,R0402_15P748-Y_CS20
N18989402,RT5112,1,B,4931,4719,540_0402NEW_30%_PRF15BB541NB6RC,R0402_15P748-Y_CS20
N18989402,TB_TP1217,1,T,4941,4719,,
N19110309,RT5112,2,B,4931,4755,540_0402NEW_30%_PRF15BB541NB6RC,R0402_15P748-Y_CS20
N19110309,RT5114,2,B,4512,4742,540_0402NEW_30%_PRF15BB541NB6RC,R0402_15P748-Y_CS20
N19110309,TB_TP350,1,T,4518,4742,,
N19453440,PQ2301,4,T,1521,2633,SSM6K513NU_UDFN6B-6-8,SSM6K513NU_UDFN6B-6-8
N19453440,PQ2301,7,T,1521,2670,SSM6K513NU_UDFN6B-6-8,SSM6K513NU_UDFN6B-6-8
N19453440,PR2301,1,T,1455,2581,0_0603_LE_SP,R0603_LE_19P685_SHORT
N19453440,PR2302,1,T,1481,2637,1/16W_270_5%_0402,R0402_15P748
N19453440,TB_TP451,1,T,1502,2591,,
N19453465,PQ2302,4,T,1097,1830,SSM6K513NU_UDFN6B-6-8,SSM6K513NU_UDFN6B-6-8
N19453465,PQ2302,7,T,1097,1793,SSM6K513NU_UDFN6B-6-8,SSM6K513NU_UDFN6B-6-8
N19453465,PR2304,1,T,1136,1813,0_0603_LE_SP,R0603_LE_19P685_SHORT
N19453465,PR2305,1,T,1136,1755,1/16W_100_5%_0402,R0402_15P748
N19541716,C5107,2,T,3216,2231,2.2U_25V_K_X5R_0402,C0402_27P559_CD-Y_CS20
N19541716,R5101,1,T,3479,2237,1/4W_20_5%_0603,R0603_21P654-Y_CS20
N19541716,R5102,1,T,3525,2237,1/4W_20_5%_0603,R0603_21P654-Y_CS20
N19541716,R5127,1,T,3302,2227,0_5%_1206,R_1206_LE_SHORT
N19541716,TB_TP1235,1,T,3260,2280,,
N19543334,C5116,2,T,2660,1951,0.1U_25V_M_X7R_0603,C0603_35P433_DA
N19543334,D5107,2,T,2671,2000,RB521CM-30T2R_VMN2M-2,RB521CM-30T2R_VMN2M-2
N19543334,TB_TP1297,1,T,2664,2045,,
N19543334,U5101,A2,T,2667,1885,KTS1668EAY-TR_WLCSP12,KTS1668EAY-TR_WLCSP_12P
N19543334,U5101,A3,T,2683,1885,KTS1668EAY-TR_WLCSP12,KTS1668EAY-TR_WLCSP_12P
N19543334,U5101,B2,T,2667,1870,KTS1668EAY-TR_WLCSP12,KTS1668EAY-TR_WLCSP_12P
N19662317,PQ2402,3,T,1305,1609,SSM6K513NU_UDFN6B-6-8,SSM6K513NU_UDFN6B-6-8
N19662317,PR2407,2,T,1276,1612,1/20W_100_5%_0201,R0201_11P811
N19662317,TB_TP1129,1,T,1261,1664,,
N19662340,PD2406,2,T,1416,1658,RB521CM-30T2R_VMN2M-2,RB521CM-30T2R_VMN2M-2
N19662340,PR2406,1,T,1416,1627,1/20W_33_5%_0201,R0201_11P811
N19662344,PQ2402,4,T,1379,1609,SSM6K513NU_UDFN6B-6-8,SSM6K513NU_UDFN6B-6-8
N19662344,PQ2402,7,T,1342,1609,SSM6K513NU_UDFN6B-6-8,SSM6K513NU_UDFN6B-6-8
N19662344,PR2405,1,T,1364,1563,0_0603_LE_SP,R0603_LE_19P685_SHORT
N19662344,PR2406,2,T,1416,1604,1/20W_33_5%_0201,R0201_11P811
N19754197,PD2101,1,B,6266,4109,RB521CM-30T2R_VMN2M-2,RB521CM-30T2R_VMN2M-2
N19754197,PD2102,1,B,6537,4074,RB521CM-30T2R_VMN2M-2,RB521CM-30T2R_VMN2M-2
N19754197,PD2105,1,B,6457,4075,RB521CM-30T2R_VMN2M-2,RB521CM-30T2R_VMN2M-2
N19754197,PD2107,1,B,6497,4075,RB521CM-30T2R_VMN2M-2,RB521CM-30T2R_VMN2M-2
N19754197,PR2104,1,B,6549,4045,1/20W_100K_5%_0201,R0201_11P811
N19754197,PU2101,D2,B,6525,4003,TPS22971YZPT_DSBGA8,TPS22971YZPT_DSBGA8P
N19754197,TB_TP859,1,B,6396,4077,,
N19927086,R2107,1,B,6268,2766,1/20W_1K_5%_0201,R0201_11P811
N19927086,TP2116,1,B,6294,2766,Test_Point_12MIL,TPC12
N19927094,R2108,1,B,9454,4971,1/20W_10K_5%_0201,R0201_11P811
N19927094,TP2110,1,B,9481,4972,Test_Point_12MIL,TPC12
N19991085,D5105,2,T,2710,1711,RB521CM-30T2R_VMN2M-2,RB521CM-30T2R_VMN2M-2
N19991085,F5103,2,T,2756,1734,0.5A_32V_ERBRD0R50X,F_ERBRD0R50X-Y_CS20
N19991085,TB_TP1218,1,T,2763,1774,,
N20124104,R4803,1,T,1386,2044,0_0201_SP,R0201_SHORT
N20124104,TB_TP692,1,T,1352,2034,,
N20124104,U4801,10,T,1359,1990,LIS2DWLTR_LGA12_2X2,LIS2DWLTR_LGA12_2X2
N20136639,R5905,1,T,1471,3964,1/20W_0_5%_0201,R0201_11P811
N20136639,R5906,1,T,1498,3964,1/20W_200K_1%_0201,R0201_11P811
N20136639,U5901,33,T,1512,3887,SN2011061RSLR_VQFN48_6X6,SN2011061RSLR_VQFN48_6X6
N20136651,R5903,2,T,1390,3964,1/20W_200K_1%_0201,R0201_11P811
N20136651,R5904,1,T,1367,3964,1/20W_200K_1%_0201,R0201_11P811
N20136651,TB_TP1156,1,T,1252,3978,,
N20136651,U5901,35,T,1480,3887,SN2011061RSLR_VQFN48_6X6,SN2011061RSLR_VQFN48_6X6
N20272820,R5402,1,T,898,3048,1/20W_4.75K_0.5%_0201,R0201_11P811
N20272820,UBB1,L4,B,909,3051,JHL8040RSLMN7A1_BGA105,JHL8040RSLMN7A1_BGA_105P
N20272821,R5402,2,T,875,3048,1/20W_4.75K_0.5%_0201,R0201_11P811
N20272821,UBB1,L5,B,891,3051,JHL8040RSLMN7A1_BGA105,JHL8040RSLMN7A1_BGA_105P
N20272889,R5408,1,B,894,3300,1/20W_10K_5%_0201,R0201_11P811
N20272889,R5413,2,B,871,3300,1/20W_10K_5%_0201,R0201_11P811
N20272889,UBB1,A6,B,873,3232,JHL8040RSLMN7A1_BGA105,JHL8040RSLMN7A1_BGA_105P
N20272890,R5409,1,B,931,3371,1/20W_10K_5%_0201,R0201_11P811
N20272890,R5414,2,B,932,3301,1/20W_10K_5%_0201,R0201_11P811
N20272890,UBB1,A5,B,891,3232,JHL8040RSLMN7A1_BGA105,JHL8040RSLMN7A1_BGA_105P
N20272898,R5410,1,B,982,3301,1/20W_10K_5%_0201,R0201_11P811
N20272898,UBB1,A4,B,909,3232,JHL8040RSLMN7A1_BGA105,JHL8040RSLMN7A1_BGA_105P
N20272903,R5411,1,B,820,3299,1/20W_10K_5%_0201,R0201_11P811
N20272903,UBB1,A8,B,837,3232,JHL8040RSLMN7A1_BGA105,JHL8040RSLMN7A1_BGA_105P
N20272905,R5415,1,B,793,3299,1/20W_100K_5%_0201,R0201_11P811
N20272905,UBB1,B9,B,819,3214,JHL8040RSLMN7A1_BGA105,JHL8040RSLMN7A1_BGA_105P
N20272917,R5416,2,B,1012,3301,1/20W_10K_5%_0201,R0201_11P811
N20272917,UBB1,A3,B,927,3232,JHL8040RSLMN7A1_BGA105,JHL8040RSLMN7A1_BGA_105P
N20272918,R5417,2,T,937,3216,1/20W_10K_5%_0201,R0201_11P811
N20272918,UBB1,C3,B,915,3183,JHL8040RSLMN7A1_BGA105,JHL8040RSLMN7A1_BGA_105P
N20272919,R5418,2,B,959,3301,1/20W_10K_5%_0201,R0201_11P811
N20272919,UBB1,B5,B,891,3214,JHL8040RSLMN7A1_BGA105,JHL8040RSLMN7A1_BGA_105P
N20272920,R5419,2,T,912,3216,1/20W_10K_5%_0201,R0201_11P811
N20272920,TB_TP592,1,T,864,3214,,
N20272920,UBB1,C5,B,890,3183,JHL8040RSLMN7A1_BGA105,JHL8040RSLMN7A1_BGA_105P
N20272931,R5420,2,B,1037,3301,1/20W_100_5%_0201,R0201_11P811
N20272931,TB_TP644,1,B,1032,3268,,
N20272931,UBB1,B3,B,927,3214,JHL8040RSLMN7A1_BGA105,JHL8040RSLMN7A1_BGA_105P
N20272942,R5405,1,T,1007,4294,1/20W_3.3K_5%_0201,R0201_11P811
N20272942,TB_TP772,1,T,1044,4294,,
N20272942,U5402,3,T,1073,4363,W25Q80DVUXIE_USON8_2X3,W25Q80DVUXIE_USON8_2X3
N20272952,R5406,1,T,1225,4390,1/20W_3.3K_5%_0201,R0201_11P811
N20272952,TB_TP803,1,T,1145,4444,,
N20272952,U5402,7,T,1179,4383,W25Q80DVUXIE_USON8_2X3,W25Q80DVUXIE_USON8_2X3
N20328601,Q5101,3,T,2869,1873,LSK3541G1ET2L_VMT3,LSK3541G1ET2L_VMT3-Y_CS20
N20328601,Q5102,1,T,2854,1942,LSK3541G1ET2L_VMT3,LSK3541G1ET2L_VMT3-Y_CS20
N20328601,R5118,2,T,2854,1900,1/20W_1M_5%_0201,R0201_11P811-Y_CS20
N20328601,R5120,1,T,2827,1900,1/20W_1M_5%_0201,R0201_11P811-Y_CS20
N20328601,TB_TP1256,1,T,2779,1856,,
N20328640,Q5102,3,T,2870,1988,LSK3541G1ET2L_VMT3,LSK3541G1ET2L_VMT3-Y_CS20
N20328640,R5121,1,T,2862,2015,1/20W_100K_5%_0201,R0201_11P811
N20328640,TB_TP1214,1,T,2876,2100,,
N20446523,R5928,2,T,1441,3591,0_0402_SP,R0402_SHORT
N20446523,TB_TP790,1,T,1404,3614,,
N20446523,U5901,3,T,1496,3659,SN2011061RSLR_VQFN48_6X6,SN2011061RSLR_VQFN48_6X6
N20486323,R2627,1,T,3965,1383,1/20W_0_5%_0201,R0201_11P811
N20486323,R2628,1,T,3965,1408,1/20W_0_5%_0201,R0201_11P811
N20486323,R2629,2,T,3992,1382,1/20W_36_1%_0201,R0201_11P811
N20486323,R2631,2,T,3992,1407,1/20W_36_1%_0201,R0201_11P811
N20514912,PR0102,2,T,3460,1217,1/20W_510K_5%_0201,R0201_11P811
N20514912,PR0103,1,T,3460,1194,1/20W_100_5%_0201,R0201_11P811
N20514912,PR0104,1,T,3438,1194,1/20W_150K_5%_0201,R0201_11P811
N20514912,TB_TP1010,1,T,3493,1227,,
N20514959,PQ0102,3,T,3386,1182,LSK3541G1ET2L_VMT3,LSK3541G1ET2L_VMT3
N20514959,PR0104,2,T,3415,1194,1/20W_150K_5%_0201,R0201_11P811
N20514959,TB_TP1005,1,T,3332,1190,,
N20514963,PQ0101,4,B,3499,1150,SI7153DNT1GE3_POWERPAK-1212-8,SI7153DNT1GE3_POWERPAK-1212-8
N20514963,PR0103,2,T,3460,1171,1/20W_100_5%_0201,R0201_11P811
N20514963,TB_TP992,1,B,3465,1189,,
N20517283,PR0211,2,T,3055,1365,1/20W_10K_5%_0201,R0201_11P811
N20517283,PR0217,1,T,3056,1340,1/20W_10K_5%_0201,R0201_11P811
N20517283,PU0201,5,B,3010,1316,BQ25710RSNR_QFN32_4X4,BQ25710RSNR_QFN32_4X4
N20517283,TB_TP562,1,B,3029,1375,,
N20517289,PR0210,1,T,3050,1389,1/20W_100K_1%_0201,R0201_11P811
N20517289,PR0212,2,T,3046,1422,1/20W_100K_1%_0201,R0201_11P811
N20517289,PU0201,6,B,3025,1316,BQ25710RSNR_QFN32_4X4,BQ25710RSNR_QFN32_4X4
N20517295,PC0231,2,T,3073,1419,1U_25V_K_X5R_0402,C0402_23P622_CB
N20517295,PR0208,1,B,2774,1293,1/10W_10_5%_0603,R0603_21P654
N20517295,PR0209,1,B,3092,1086,1/20W_33.2K_1%_0201,R0201_11P811
N20517295,PR0210,2,T,3073,1389,1/20W_100K_1%_0201,R0201_11P811
N20517295,PR0211,1,T,3078,1365,1/20W_10K_5%_0201,R0201_11P811
N20517295,PU0201,7,B,3041,1316,BQ25710RSNR_QFN32_4X4,BQ25710RSNR_QFN32_4X4
N20517295,TB_TP689,1,T,3042,1060,,
N20517325,PR0209,2,B,3092,1109,1/20W_33.2K_1%_0201,R0201_11P811
N20517325,PR0216,1,B,3114,1109,1/20W_100K_1%_0201,R0201_11P811
N20517325,PU0201,18,B,3041,1159,BQ25710RSNR_QFN32_4X4,BQ25710RSNR_QFN32_4X4
N20517411,PC0226,1,B,3136,1110,15P_25V_J_NPO_0201,C0201_12P992_BA
N20517411,PR0206,1,B,3158,1109,1/20W_10K_1%_0201,R0201_11P811
N20517411,PU0201,17,B,3057,1159,BQ25710RSNR_QFN32_4X4,BQ25710RSNR_QFN32_4X4
N20517435,PC0225,1,B,3180,1087,680P_25V_K_X7R_0201,C0201_12P992_BA
N20517435,PR0206,2,B,3181,1109,1/20W_10K_1%_0201,R0201_11P811
N20517435,TB_TP580,1,B,3217,1070,,
N20517634,PC0203,2,B,2333,1377,10U_25V_M_X5R_0603,C0603_37P402_DB
N20517634,PC0204,2,B,2426,1517,10U_25V_M_X5R_0603,C0603_37P402_DB
N20517634,PC0205,2,B,2398,1469,10U_25V_M_X5R_0603,C0603_37P402_DB
N20517634,PC0206,2,B,2430,1421,10U_25V_M_X5R_0603,C0603_37P402_DB
N20517634,PC0244,2,B,2381,1377,10U_25V_M_X5R_0603,C0603_37P402_DB
N20517634,PC0252,2,B,2429,1377,10U_25V_M_X5R_0603,C0603_37P402_DB
N20517634,PC0253,2,B,2477,1377,10U_25V_M_X5R_0603,C0603_37P402_DB
N20517634,PL0202,2,B,2336,1481,0.33UH_HMMQ25201B-R33MSR_6.4A_20%,HMLQ25201B-1R0MSR_2P
N20517634,PR0201,1,B,2211,1355,1W_0.01_1%_1206_LE,R1206_LE_23P622
N20517634,PR0202,2,T,2921,1456,1/20W_4.99_1%_0201,R0201_11P811
N20517634,TB_TP536,1,B,2281,1405,,
N20517651,PC0228,1,T,3134,1359,100P_25V_J_NPO_0201,C0201_12P992_BA
N20517651,PU0201,9,B,3080,1293,BQ25710RSNR_QFN32_4X4,BQ25710RSNR_QFN32_4X4
N20517651,TB_TP602,1,B,3142,1340,,
N20517657,PC0224,2,B,3135,1177,33P_25V_J_NPO_0201,C0201_12P992_BA
N20517657,PR0205,2,B,3135,1154,1/20W_40.2K_1%_0201,R0201_11P811
N20517657,PU0201,16,B,3080,1182,BQ25710RSNR_QFN32_4X4,BQ25710RSNR_QFN32_4X4
N20517663,PC0223,2,B,3179,1154,1800P_25V_K_X7R_0201,C0201_12P992_BA
N20517663,PR0205,1,B,3158,1154,1/20W_40.2K_1%_0201,R0201_11P811
N20517673,PC0229,1,T,3135,1414,100P_25V_J_NPO_0201,C0201_12P992_BA
N20517673,PR0213,2,T,3134,1380,1/20W_137K_1%_0201,R0201_11P811
N20517673,PU0201,8,B,3057,1316,BQ25710RSNR_QFN32_4X4,BQ25710RSNR_QFN32_4X4
N20517695,PC0232,2,B,3249,1196,47P_25V_J_NPO_0201,C0201_12P992_BA
N20517695,PQ0204,3,B,3257,1153,LSK3541G1ET2L_VMT3,LSK3541G1ET2L_VMT3
N20517695,PR0214,1,B,3278,1108,1/20W_100K_5%_0201,R0201_11P811
N20517695,PR0224,2,B,3288,1138,0_0402_SP,R0402_SHORT
N20517695,TB_TP555,1,B,3286,1068,,
N20520218,PC0512,2,B,7701,1275,1U_6.3V_K_X5R_0402,C0402_21P654_CA
N20520218,PU0501,17,B,7648,1275,TPS51393PRJER_VQFN20_3X3,TPS51393PRJER_VQFN20_3X3
N20520313,PC0507,1,B,7616,1406,470P_25V_K_X7R_0201,C0201_12P992_BA
N20520313,PR0501,2,B,7594,1406,1/20W_240K_5%_0201,R0201_11P811
N21049900,R6101,1,T,1004,4087,1/20W_10K_5%_0201,R0201_11P811
N21049900,TB_TP1143,1,T,986,4166,,
N21049900,U6102,B4,T,1078,4069,SN1904020YBFR_DSBGA16,SN1904020YBFR_DSBGA_16P
N21049961,C6104,2,T,1037,4043,0.1U_50V_K_X5R_0402,C0402_21P654_CA
N21049961,U6102,A4,T,1078,4053,SN1904020YBFR_DSBGA16,SN1904020YBFR_DSBGA_16P
N21050869,C6206,2,T,1295,3414,0.1U_50V_K_X5R_0402,C0402_21P654_CA
N21050869,U6202,A4,T,1336,3447,SN1904020YBFR_DSBGA16,SN1904020YBFR_DSBGA_16P
N21050936,R6203,1,T,1298,3453,1/20W_10K_5%_0201,R0201_11P811
N21050936,TB_TP735,1,T,1241,3452,,
N21050936,U6202,B4,T,1336,3463,SN1904020YBFR_DSBGA16,SN1904020YBFR_DSBGA_16P
N21062540,L5501,1,B,1022,2961,0.68UH_DFE201610E-R68M-P2_3.1A_20%,MURAT_DFE201610E-R68M-P2_2P
N21062540,TB_TP1134,1,B,1020,3008,,
N21062540,UBB1,L1,B,964,3051,JHL8040RSLMN7A1_BGA105,JHL8040RSLMN7A1_BGA_105P
N21062540,UBB1,M1,B,964,3033,JHL8040RSLMN7A1_BGA105,JHL8040RSLMN7A1_BGA_105P
N21101193,R8303,1,T,802,877,1/20W_10K_5%_0201,R0201_11P811
N21101193,TB_TP519,1,T,911,938,,
N21101193,U8301,33,T,951,942,ALC3287-CG_MQFN48_6X6,ALC3287-CG_MQFN48_6X6
N21227671,PC0242,2,T,2538,940,330P_25V_K_X7R_0201,C0201_12P992_BA
N21227671,PR0223,1,T,2565,940,1/16W_56_5%_0402,R0402_15P748
N21227671,TB_TP706,1,T,2528,902,,
N21227693,PC0241,1,T,2317,1196,330P_25V_K_X7R_0201,C0201_12P992_BA
N21227693,PR0222,2,T,2344,1222,1/16W_56_5%_0402,R0402_15P748
N21227693,TB_TP660,1,T,2346,1183,,
N21238267,PC0517,2,T,7731,1255,1000P_25V_K_X7R_0201,C0201_12P992_BA
N21238267,PR0505,1,T,7731,1285,1/4W_2.2_5%_0603,R0603_21P654
N21238267,TB_TP893,1,T,7778,1278,,
N21249132,JSSD1,54,B,1732,1450,ARGOSY_NASM0-S6710-TS20,ARGOSY_NASM0-S6710-TS20_67P-T
N21249132,R7009,1,T,1732,1367,1/20W_0_5%_0201,R0201_11P811
N21249132,TB_TP1402,1,T,1758,1397,,
N21249245,JSSD1,50,B,1693,1450,ARGOSY_NASM0-S6710-TS20,ARGOSY_NASM0-S6710-TS20_67P-T
N21249245,R7007,2,T,1664,1373,0_0201_SP,R0201_SHORT
N21249245,TB_TP88,1,T,1651,1333,,
N21317683,R2006,2,T,4593,3817,0_0201_SP,R0201_SHORT
N21317683,TB_TP1192,1,T,4617,3757,,
N21317683,UCPU1,AY12,B,4580,3651,ALDERLAKE-P-CPU_BGA1744,ALDERLAKE-P-CPU_BGA_1744P-T
N21584265,TP8805,1,T,1222,996,Test_Point_20MIL,TPC20
N21584265,U8301,4,T,1175,942,ALC3287-CG_MQFN48_6X6,ALC3287-CG_MQFN48_6X6
N21584268,TP8806,1,T,1222,1057,Test_Point_20MIL,TPC20
N21584268,U8301,5,T,1175,957,ALC3287-CG_MQFN48_6X6,ALC3287-CG_MQFN48_6X6
N21711307,D5104,2,T,2674,1711,RB521CM-30T2R_VMN2M-2,RB521CM-30T2R_VMN2M-2
N21711307,F5102,2,T,2755,1695,0.5A_32V_ERBRD0R50X,F_ERBRD0R50X-Y_CS20
N21711307,TB_TP1243,1,T,2727,1651,,
N21769732,C5904,2,T,1384,3907,10U_6.3V_M_X5R_0402,C0402_27P559_CD
N21769732,TB_TP1121,1,T,1310,3939,,
N21769732,U5901,37,T,1437,3859,SN2011061RSLR_VQFN48_6X6,SN2011061RSLR_VQFN48_6X6
N22047519,PC1508,1,B,7866,1958,0.1U_25V_K_X5R_0402,C0402_21P654_CA
N22047519,PL1503,2,B,7767,1904,MPZ1608S300AT_2P~D,TDK_MPZ1608S300AT_2P
N22047519,PL1504,2,B,7815,1904,MPZ1608S300AT_2P~D,TDK_MPZ1608S300AT_2P
N22047519,PR1531,1,B,7721,1938,0_0603_LE_SP,R0603_LE_19P685_SHORT
N22047519,TB_TP1050,1,B,7860,1917,,
N22047539,PC1533,1,B,7369,1994,0.1U_25V_K_X5R_0402,C0402_21P654_CA
N22047539,PL1505,2,B,7459,1984,MPZ1608S300AT_2P~D,TDK_MPZ1608S300AT_2P
N22047539,PL1506,2,B,7412,1984,MPZ1608S300AT_2P~D,TDK_MPZ1608S300AT_2P
N22047539,PR1532,1,B,7542,1951,0_0603_LE_SP,R0603_LE_19P685_SHORT
N22047539,TB_TP993,1,B,7395,1942,,
N22089123,F9302,1,T,1568,1003,0.5A_32V_ERBRD0R50X,F_ERBRD0R50X
N22089123,R9306,2,T,1552,967,0_0402_SP,R0402_SHORT
N22089123,TB_TP651,1,T,1651,1050,,
N22089132,F9301,1,T,1537,1002,0.5A_32V_ERBRD0R50X,F_ERBRD0R50X
N22089132,R9305,2,T,1515,966,0_0402_SP,R0402_SHORT
N22089132,TB_TP648,1,T,1578,1059,,
N22283353,JHP1,5,B,636,1128,ALLTO_C18207-10735-L,ALLTO_C18207-10735-L_9P-T
N22283353,R8403,1,B,983,1315,1/20W_10K_5%_0201,R0201_11P811
N22283353,TB_TP1280,1,B,901,1142,,
N22751047,PC0307,1,B,1889,5041,0.22U_25V_K_X7R_0402,C0402_21P654_CA
N22751047,PR0309,2,B,1920,5043,0_0402_SP,R0402_SHORT
N22751047,TB_TP1122,1,B,1958,5077,,
N22991730,C5115,2,T,2629,1776,3.3P_50V_B_NPO_0201,C0201_12P992_BA
N22991730,R5122,2,T,2631,1801,1/20W_1M_1%_0201,R0201_11P811-Y_CS20
N22991730,R5123,2,T,2602,1778,1/20W_49.9K_1%_0201,R0201_11P811
N22991730,TB_TP1316,1,T,2566,1778,,
N22991730,U5101,C1,T,2651,1854,KTS1668EAY-TR_WLCSP12,KTS1668EAY-TR_WLCSP_12P
N23403244,PC1901,1,B,6534,4486,0.1U_6.3V_K_X5R_0201,C0201_12P992_BA
N23403244,PC1902,1,B,6515,4464,2200P_25V_K_X7R_0201,C0201_12P992_BA
N23403244,PC1903,1,B,6544,4460,10U_6.3V_M_X5R_0402,C0402_27P559_CD
N23403244,PC1911,1,B,6579,4460,10U_6.3V_M_X5R_0402,C0402_27P559_CD
N23403244,PR1905,2,B,6533,4516,0_0603_LE_SP,R0603_LE_19P685_SHORT
N23403244,PU1901,1,B,6621,4468,BD9B304QWZE2_UMMP008AZ020-8-9,BD9B304QWZE2_UMMP008AZ020-8-9
N23490485,PC1602,2,B,6885,4849,2.2U_6.3V_M_X5R_0201,C0201_15P354_BC
N23490485,PR1602,2,B,7030,4852,1/16W_5.1_5%_0402,R0402_15P748
N23490485,PU1601,18,B,6831,4856,MP2941AGL-C669-Z_QFN19_3X4,MP2941AGL-Z_QFN19_3X4
N23490485,TB_TP1181,1,B,6991,4852,,
N23490580,PR1603,1,B,6615,4857,1/20W_150K_1%_0201,R0201_11P811
N23490580,PU1601,7,B,6682,4888,MP2941AGL-C669-Z_QFN19_3X4,MP2941AGL-Z_QFN19_3X4
N23490663,PR1604,1,B,6870,4984,0_0402_SP,R0402_SHORT
N23490663,PU1601,13,B,6796,4935,MP2941AGL-C669-Z_QFN19_3X4,MP2941AGL-Z_QFN19_3X4
N23490667,PC1610,1,B,6805,4985,0.22U_25V_K_X7R_0402,C0402_21P654_CA
N23490667,PR1604,2,B,6834,4984,0_0402_SP,R0402_SHORT
N23490870,PR1605,1,B,6623,4948,0_0402_SP,R0402_SHORT
N23490870,PU1601,10,B,6717,4935,MP2941AGL-C669-Z_QFN19_3X4,MP2941AGL-Z_QFN19_3X4
N23490872,PC1611,1,B,6668,4984,0.22U_25V_K_X7R_0402,C0402_21P654_CA
N23490872,PR1605,2,B,6623,4984,0_0402_SP,R0402_SHORT
N23490872,TB_TP1123,1,B,6622,5024,,
N23490966,PC1612,2,T,6795,4940,680P_50V_K_X7R_0402,C0402_21P654_CA
N23490966,PR1609,1,T,6796,4899,1/10W_4.7_5%_0603,R0603_21P654
N23490966,TB_TP1188,1,T,6757,4940,,
N23491019,PC1620,1,B,6632,4830,3300P_50V_K_X7R_0402,C0402_21P654_CA
N23491019,PU1601,6,B,6682,4872,MP2941AGL-C669-Z_QFN19_3X4,MP2941AGL-Z_QFN19_3X4
N23491071,PR1610,2,B,6618,4800,0_0402_SP,R0402_SHORT
N23491071,PU1601,5,B,6682,4856,MP2941AGL-C669-Z_QFN19_3X4,MP2941AGL-Z_QFN19_3X4
N23491071,TB_TP1193,1,B,6579,4769,,
N23491156,PR1614,2,B,6913,4989,1/20W_90.9K_1%_0201,R0201_11P811
N23491156,PU1601,14,B,6831,4921,MP2941AGL-C669-Z_QFN19_3X4,MP2941AGL-Z_QFN19_3X4
N23491158,PR1615,1,B,6913,4967,1/20W_0_5%_0201,R0201_11P811
N23491158,PU1601,15,B,6831,4904,MP2941AGL-C669-Z_QFN19_3X4,MP2941AGL-Z_QFN19_3X4
N23491158,TB_TP1148,1,B,6879,4930,,
N23491277,PR1613,2,B,6598,5062,1/20W_0_5%_0201,R0201_11P811
N23491277,PR1619,2,B,6571,5049,0_0402_SP,R0402_SHORT
N23491277,PU1602,1,B,6563,4991,74AUP1G32GS SOT1202-6_1X1,74AUP1G32GF_SOT891-6_1X1
N23491358,PQ1601,5,B,7144,4827,UM6K33N_UMT6,UM6K33N_UMT6
N23491358,PQ1601,6,B,7118,4827,UM6K33N_UMT6,UM6K33N_UMT6
N23491358,PR1620,2,B,7080,4833,1/16W_100K_5%_0402,R0402_15P748
N23491358,TB_TP1195,1,B,7187,4793,,
N23491360,PQ1601,3,B,7170,4889,UM6K33N_UMT6,UM6K33N_UMT6
N23491360,PR1621,2,B,7199,4928,1/10W_10_5%_0603,R0603_21P654
N23491360,TB_TP1167,1,B,7212,4886,,
N23494555,PC1502,1,B,7719,2176,0.1U_25V_K_X5R_0402,C0402_21P654_CA
N23494555,PC1503,1,T,7719,2176,1000P_25V_K_X7R_0402,C0402_21P654_CA
N23494555,PC1504,1,B,7867,2004,10U_25V_M_X5R_0603,C0603_39P370_DC
N23494555,PC1505,1,B,7719,2135,10U_25V_M_X5R_0603,C0603_39P370_DC
N23494555,PC1506,1,B,7867,2104,10U_25V_M_X5R_0603,C0603_39P370_DC
N23494555,PC1507,1,B,7866,2054,10U_25V_M_X5R_0603,C0603_39P370_DC
N23494555,PC1544,1,B,7757,2044,22U_B2_25VM_R100M,C_B2
N23494555,PL1503,1,B,7767,1959,MPZ1608S300AT_2P~D,TDK_MPZ1608S300AT_2P
N23494555,PL1504,1,B,7815,1959,MPZ1608S300AT_2P~D,TDK_MPZ1608S300AT_2P
N23494555,PQ1501,3,B,7783,2221,AOE6930_DFN8-10,AOE6930_DFN8-10
N23494555,PQ1501,4,B,7733,2221,AOE6930_DFN8-10,AOE6930_DFN8-10
N23494555,PQ1501,10,B,7808,2269,AOE6930_DFN8-10,AOE6930_DFN8-10
N23494555,TB_TP1118,1,B,7816,2072,,
N23495204,PC1528,1,B,7314,2239,0.1U_25V_K_X5R_0402,C0402_21P654_CA
N23495204,PC1529,1,T,7314,2239,1000P_25V_K_X7R_0402,C0402_21P654_CA
N23495204,PC1530,1,B,7319,2198,10U_25V_M_X5R_0603,C0603_39P370_DC
N23495204,PC1531,1,B,7319,2148,10U_25V_M_X5R_0603,C0603_39P370_DC
N23495204,PC1532,1,B,7319,2047,10U_25V_M_X5R_0603,C0603_39P370_DC
N23495204,PC1534,1,B,7320,2097,10U_25V_M_X5R_0603,C0603_39P370_DC
N23495204,PC1545,1,B,7458,2128,22U_B2_25VM_R100M,C_B2
N23495204,PL1505,1,B,7459,2039,MPZ1608S300AT_2P~D,TDK_MPZ1608S300AT_2P
N23495204,PL1506,1,B,7412,2039,MPZ1608S300AT_2P~D,TDK_MPZ1608S300AT_2P
N23495204,PQ1502,3,B,7374,2287,AOE6930_DFN8-10,AOE6930_DFN8-10
N23495204,PQ1502,4,B,7324,2287,AOE6930_DFN8-10,AOE6930_DFN8-10
N23495204,PQ1502,10,B,7399,2335,AOE6930_DFN8-10,AOE6930_DFN8-10
N23495204,TB_TP1097,1,B,7383,2136,,
N24922467,PC2002,2,T,1700,2595,1000P_25V_K_X7R_0201,C0201_12P992_BA
N24922467,PU2001,6,T,1706,2627,TPS22954DSQR_WSON10_2X2,TPS22954DSQR_WSON10_2X2
N24922467,TB_TP1201,1,T,1730,2587,,
N24922627,PR2001,1,T,1738,2657,1/20W_51.1K_1%_0201,R0201_11P811
N24922627,PR2002,1,T,1761,2655,1/20W_11.5K_1%_0201,R0201_11P811
N24922627,PU2001,8,T,1706,2658,TPS22954DSQR_WSON10_2X2,TPS22954DSQR_WSON10_2X2
N24922627,TB_TP1205,1,T,1812,2640,,
N24922638,PC2003,1,T,1713,2722,0.1U_25V_K_X5R_0201,C0201_13P780_BB
N24922638,PR2001,2,T,1738,2680,1/20W_51.1K_1%_0201,R0201_11P811
N24922638,PR2003,1,T,1756,2736,0_0603_LE_SP,R0603_LE_19P685_SHORT
N24922638,PU2001,9,T,1706,2674,TPS22954DSQR_WSON10_2X2,TPS22954DSQR_WSON10_2X2
N24922638,PU2001,10,T,1706,2690,TPS22954DSQR_WSON10_2X2,TPS22954DSQR_WSON10_2X2
N24922638,TB_TP1202,1,T,1715,2760,,
N24924435,PR1612,1,T,8564,4038,0_0402_SP,R0402_SHORT
N24924435,PR1622,2,T,8596,4038,0_0402_SP,R0402_SHORT
N24924435,TB_TP1137,1,T,8638,4048,,
N24925441,PR1625,1,T,8537,4052,1/20W_0_5%_0201,R0201_11P811
N24925441,PR1627,2,T,8512,4052,1/20W_0_5%_0201,R0201_11P811
N24925441,TB_TP1154,1,T,8475,4059,,
N24926952,PC0501,1,B,7699,1154,0.22U_25V_K_X5R_0402,C0402_21P654_CA
N24926952,PR0507,1,B,7668,1156,1/16W_0_1%_0402,R0402_SHORT_ATE
N24927015,PC0202,2,B,2833,1109,0.047U_25V_K_X7R_0402,C0402_21P654_CA
N24927015,PR0229,2,B,2834,1140,0_0402_SP,R0402_SHORT
N24927015,TB_TP652,1,B,2797,1092,,
N24927024,PC0201,2,B,2816,1335,0.047U_25V_K_X7R_0402,C0402_21P654_CA
N24927024,PR0228,2,B,2816,1304,0_0402_SP,R0402_SHORT
N24927024,TB_TP675,1,B,2778,1340,,
N25927534,PC0402,1,B,2559,4901,0.22U_25V_K_X7R_0402,C0402_21P654_CA
N25927534,PR0403,2,B,2557,4866,0_0603_SP,R0603_SHORT
N25927812,PC0412,1,B,2614,4881,220P_25V_K_X7R_0201,C0201_12P992_BA
N25927812,PR0404,2,B,2555,4928,1/20W_274K_1%_0201,R0201_11P811
N25927812,PR0408,2,B,2614,4860,1/20W_499_1%_0201,R0201_11P811
N25990784,PC0513,1,B,7650,1358,4.7U_6.3V_M_X5R_0402,C0402_25P591_CC
N25990784,PU0501,15,B,7629,1312,TPS51393PRJER_VQFN20_3X3,TPS51393PRJER_VQFN20_3X3
N26146092,PQ2403,4,T,8077,1216,SSM6K513NU_UDFN6B-6-8,SSM6K513NU_UDFN6B-6-8
N26146092,PQ2403,7,T,8114,1216,SSM6K513NU_UDFN6B-6-8,SSM6K513NU_UDFN6B-6-8
N26146092,PR2411,2,T,8042,1215,0_0402_SP,R0402_SHORT
N26146092,PR2412,2,T,8042,1244,1/20W_33_5%_0201,R0201_11P811
N26146092,TB_TP1093,1,T,7949,1235,,
N26146136,PQ2403,3,T,8151,1216,SSM6K513NU_UDFN6B-6-8,SSM6K513NU_UDFN6B-6-8
N26146136,PR2413,2,T,8183,1215,1/20W_100_5%_0201,R0201_11P811
N26146136,TB_TP1088,1,T,8219,1168,,
N26146146,PD2409,2,T,8020,1282,RB521CM-30T2R_VMN2M-2,RB521CM-30T2R_VMN2M-2
N26146146,PR2412,1,T,8019,1244,1/20W_33_5%_0201,R0201_11P811
N26146146,TB_TP1106,1,T,7944,1307,,
N26220119,PR1502,2,B,7543,1729,0_0402_SP,R0402_SHORT
N26220119,PU1501,3,B,7447,1735,NCP81278TMNTXG_QFN20_3X3,NCP81272MNTXG_QFN20_3X3
N26220119,TB_TP963,1,B,7559,1769,,
N26220366,PC1509,1,B,7496,1883,0.22U_25V_K_X5R_0402,C0402_21P654_CA
N26220366,PR1506,2,B,7534,1876,1/10W_2.2_1%_0603,R0603_21P654
N26220469,PQ1501,1,B,7883,2221,AOE6930_DFN8-10,AOE6930_DFN8-10
N26220469,PR1508,2,B,7931,2213,1/16W_1.5_1%_0402,R0402_15P748
N26220469,TB_TP1105,1,B,7935,2250,,
N26220495,PC1510,2,B,7431,1527,2700P_25V_K_X7R_0201,C0201_12P992_BA
N26220495,PR1509,2,B,7499,1572,1/20W_20.5K_1%_0201,R0201_11P811
N26220495,PR1510,1,B,7475,1571,1/20W_6.19K_1%_0201,R0201_11P811
N26220495,PR1511,1,B,7453,1571,1/20W_4.32K_1%_0201,R0201_11P811
N26220495,TB_TP988,1,B,7461,1512,,
N26220622,PC1511,1,B,7681,2461,470P_50V_K_X7R_0201,C0201_12P992_BA
N26220622,PR1512,2,B,7679,2429,1/4W_2.2_5%_0603,R0603_21P654
N26220622,TB_TP1068,1,B,7643,2473,,
N26220792,PR1514,2,B,7433,1549,1/20W_309_1%_0201,R0201_11P811
N26220792,PR1515,1,B,7431,1571,1/20W_16.5K_1%_0201,R0201_11P811
N26220973,PC1523,2,B,7333,1569,100P_25V_J_NPO_0201,C0201_12P992_BA
N26220973,PC1524,1,B,7217,1621,47P_50V_J_NPO_0402,C0402_21P654_CA
N26220973,PR1519,2,B,7334,1547,0_0201_SP,R0201_SHORT
N26220973,PR1520,1,B,7212,1648,1/20W_10K_1%_0201,R0201_11P811
N26220973,PR1523,1,B,7356,1548,1/20W_100_1%_0201,R0201_11P811
N26220973,TB_TP1085,1,B,7292,1539,,
N26221130,PC1527,1,B,7271,1884,0.22U_25V_K_X5R_0402,C0402_21P654_CA
N26221130,PR1522,2,B,7233,1874,1/10W_2.2_1%_0603,R0603_21P654
N26221130,TB_TP973,1,B,7186,1874,,
N26221421,PC1535,1,B,7267,2480,470P_50V_K_X7R_0201,C0201_12P992_BA
N26221421,PR1527,2,B,7262,2449,1/4W_2.2_5%_0603,R0603_21P654
N26221421,TB_TP1032,1,B,7231,2489,,
N26221596,PQ1503,3,B,7250,1529,UM6K33N_UMT6,UM6K33N_UMT6
N26221596,PR1530,2,T,7192,1517,1/10W_10_5%_0603,R0603_21P654
N26221598,PQ1503,5,B,7189,1555,UM6K33N_UMT6,UM6K33N_UMT6
N26221598,PQ1503,6,B,7189,1580,UM6K33N_UMT6,UM6K33N_UMT6
N26221598,PR1529,2,B,7181,1618,1/16W_100K_5%_0402,R0402_15P748
N26221598,TB_TP1070,1,B,7147,1565,,
N26224463,PC1701,1,T,9439,4487,2200P_25V_K_X7R_0201,C0201_12P992_BA
N26224463,PC1702,2,T,9448,4457,0.1U_6.3V_K_X5R_0201,C0201_12P992_BA
N26224463,PC1703,1,T,9419,4453,10U_6.3V_M_X5R_0402,C0402_27P559_CD
N26224463,PC1710,1,T,9384,4453,10U_6.3V_M_X5R_0402,C0402_27P559_CD
N26224463,PR1706,2,T,9389,4536,0_0603_LE_SP,R0603_LE_19P685_SHORT
N26224463,PU1701,1,T,9327,4488,BD9B304QWZE2_UMMP008AZ020-8-9,BD9B304QWZE2_UMMP008AZ020-8-9
N26224463,TB_TP777,1,T,9376,4491,,
N26224578,PC1704,1,T,9297,4528,0.1U_6.3V_K_X5R_0201,C0201_12P992_BA
N26224578,PU1701,3,T,9295,4488,BD9B304QWZE2_UMMP008AZ020-8-9,BD9B304QWZE2_UMMP008AZ020-8-9
N26224580,PC1704,2,T,9274,4528,0.1U_6.3V_K_X5R_0201,C0201_12P992_BA
N26224580,PL1701,1,T,9178,4508,0.47UH HMLQ25201B-R47MSR 4.7A_20%,TAI-T_HPC252012F-2R2M_2P
N26224580,PU1701,4,T,9280,4488,BD9B304QWZE2_UMMP008AZ020-8-9,BD9B304QWZE2_UMMP008AZ020-8-9
N26224580,TB_TP768,1,T,9245,4521,,
N26224679,PC1705,1,T,9306,4371,47P_25V_J_NPO_0201,C0201_12P992_BA
N26224679,PR1701,2,T,9306,4348,1/20W_150K_1%_0201,R0201_11P811
N26224679,PR1703,1,T,9329,4371,1/20W_120K_1%_0201,R0201_11P811
N26224679,PU1701,7,T,9311,4415,BD9B304QWZE2_UMMP008AZ020-8-9,BD9B304QWZE2_UMMP008AZ020-8-9
N26224679,TB_TP773,1,T,9306,4312,,
N26224825,PQ1701,5,T,9193,4586,UM6K33N_UMT6,UM6K33N_UMT6
N26224825,PQ1701,6,T,9193,4612,UM6K33N_UMT6,UM6K33N_UMT6
N26224825,PR1704,2,T,9243,4654,1/16W_100K_5%_0402,R0402_15P748
N26224825,TB_TP781,1,T,9194,4656,,
N26224827,PQ1701,3,T,9132,4561,UM6K33N_UMT6,UM6K33N_UMT6
N26224827,PR1705,2,T,9075,4579,1/10W_10_5%_0603,R0603_21P654
N26224827,TB_TP785,1,T,9024,4595,,
N26226507,PC1904,1,B,6651,4514,0.1U_6.3V_K_X5R_0201,C0201_12P992_BA
N26226507,PU1901,3,B,6653,4468,BD9B304QWZE2_UMMP008AZ020-8-9,BD9B304QWZE2_UMMP008AZ020-8-9
N26226509,PC1904,2,B,6674,4514,0.1U_6.3V_K_X5R_0201,C0201_12P992_BA
N26226509,PL1901,1,B,6718,4511,0.47UH HMLQ25201B-R47MSR 4.7A_20%,TAI-T_HPC252012F-2R2M_2P
N26226509,PU1901,4,B,6668,4468,BD9B304QWZE2_UMMP008AZ020-8-9,BD9B304QWZE2_UMMP008AZ020-8-9
N26226517,PC1905,1,B,6626,4515,0.1U_6.3V_K_X5R_0201,C0201_12P992_BA
N26226517,PR1906,2,B,6593,4514,0_0402_SP,R0402_SHORT
N26226517,PU1901,2,B,6637,4468,BD9B304QWZE2_UMMP008AZ020-8-9,BD9B304QWZE2_UMMP008AZ020-8-9
N26226543,PC1906,2,B,6680,4315,47P_25V_J_NPO_0201,C0201_12P992_BA
N26226543,PC1907,1,B,6776,4422,22U_6.3V_M_X5R_0603,C0603_39P370_DC
N26226543,PC1908,1,B,6726,4422,22U_6.3V_M_X5R_0603,C0603_39P370_DC
N26226543,PC1909,1,T,6820,4439,2200P_25V_K_X7R_0201,C0201_12P992_BA
N26226543,PC1910,1,B,6835,4368,0.1U_6.3V_K_X5R_0201,C0201_12P992_BA
N26226543,PJ1901,1,B,6836,4447,JUMP_43X79,JUMP_43X79
N26226543,PL1901,2,B,6787,4511,0.47UH HMLQ25201B-R47MSR 4.7A_20%,TAI-T_HPC252012F-2R2M_2P
N26226543,PR1902,1,B,6686,4343,1/16W_24.9K_1%_0402,R0402_15P748
N26226543,PR1908,1,B,6687,4287,1/16W_1.1K_1%_0402,R0402_15P748
N26226543,TB_TP1358,1,T,6766,4428,,
N26226601,PC1906,1,B,6657,4315,47P_25V_J_NPO_0201,C0201_12P992_BA
N26226601,PR1902,2,B,6650,4343,1/16W_24.9K_1%_0402,R0402_15P748
N26226601,PR1903,1,B,6621,4342,1/16W_100K_5%_0402,R0402_15P748
N26226601,PR1909,2,B,6619,4311,1/16W_17.8K_1%_0402,R0402_15P748
N26226601,PU1901,7,B,6637,4395,BD9B304QWZE2_UMMP008AZ020-8-9,BD9B304QWZE2_UMMP008AZ020-8-9
N26226601,TB_TP1371,1,B,6545,4331,,
N26226739,PQ1901,5,B,7039,4441,UM6K33N_UMT6,UM6K33N_UMT6
N26226739,PQ1901,6,B,7039,4415,UM6K33N_UMT6,UM6K33N_UMT6
N26226739,PR1901,2,B,7037,4376,1/16W_100K_5%_0402,R0402_15P748
N26226739,TB_TP1378,1,B,7099,4384,,
N26226741,PQ1901,3,B,6977,4467,UM6K33N_UMT6,UM6K33N_UMT6
N26226741,PR1904,2,B,6928,4473,1/10W_10_5%_0603,R0603_21P654
N26226741,TB_TP1375,1,B,7095,4461,,
N28067761,PC2102,2,B,6468,3997,1U_6.3V_M_X5R_0201,C0201_13P780_BB
N28067761,PC2105,2,B,6445,3997,1U_6.3V_M_X5R_0201,C0201_13P780_BB
N28067761,PR2108,1,B,6448,3966,0_0603_LE_SP,R0603_LE_19P685_SHORT
N28067761,PU2101,A1,B,6505,3944,TPS22971YZPT_DSBGA8,TPS22971YZPT_DSBGA8P
N28067761,PU2101,B1,B,6505,3964,TPS22971YZPT_DSBGA8,TPS22971YZPT_DSBGA8P
N28225340,PD0501,1,T,1698,4151,RB530CM-30T2R_SOD923-2,RB530CM-30T2R_SOD923-2
N28225340,PD0502,1,T,1660,4151,RB530CM-30T2R_SOD923-2,RB530CM-30T2R_SOD923-2
N28225340,PR0508,2,T,1723,4084,1/20W_0_5%_0201,R0201_11P811
N28225340,PU0502,B2,T,1683,4062,TCK107AG_WCSP4D4,TCK107AG_WCSP4D_4P
N28225340,TB_TP455,1,T,1761,4084,,
N29869855,PC1218,2,B,2961,4287,0.1U_6.3V_K_X7R_0402,C0402_21P654_CA
N29869855,PR1212,1,B,2962,4252,1/16W_0_1%_0402,R0402_SHORT_ATE
N29869855,PR1214,1,B,2930,4252,1/16W_100_1%_0402,R0402_15P748
N29869855,PU1201,17,B,2972,4353,MP2961GL-C669-Z_QFN19_3X4,MP2961GL-C669-Z_QFN19_3X4
N29870386,PR1217,2,B,3048,4300,1/20W_150K_1%_0201,R0201_11P811
N29870386,PU1201,14,B,3022,4353,MP2961GL-C669-Z_QFN19_3X4,MP2961GL-C669-Z_QFN19_3X4
N29871234,PR1219,1,B,3026,4300,1/20W_0_5%_0201,R0201_11P811
N29871234,PU1201,15,B,3004,4353,MP2961GL-C669-Z_QFN19_3X4,MP2961GL-C669-Z_QFN19_3X4
N29872216,PL1202,1,B,2648,4320,MPZ1608S300AT_2P~D,TDK_MPZ1608S300AT_2P
N29872216,PL1203,1,B,2598,4320,MPZ1608S300AT_2P~D,TDK_MPZ1608S300AT_2P
N29872216,PR1202,2,B,2554,4301,0_0603_LE_SP,R0603_LE_19P685_SHORT
N29872216,TB_TP1015,1,B,2648,4280,,
N29873887,PC1213,1,B,3112,4377,0.22U_25V_K_X7R_0402,C0402_21P654_CA
N29873887,PR1204,2,B,3121,4341,0_0402_SP,R0402_SHORT
N29873887,TB_TP1039,1,B,3173,4320,,
N29873924,PC1214,1,B,3102,4521,0.22U_25V_K_X7R_0402,C0402_21P654_CA
N29873924,PR1205,2,B,3106,4552,1/16W_0_1%_0402,R0402_SHORT_ATE
N29874185,PC1215,2,B,3149,4619,1000P_25V_K_X7R_0201,C0201_12P992_BA
N29874185,PR1208,1,B,3198,4648,1/4W_1_5%_0603,R0603_21P654
N29874185,TB_TP1062,1,B,3157,4647,,
N30004276,R5127,2,T,3302,2162,0_5%_1206,R_1206_LE_SHORT
N30004276,TB_TP962,1,T,3205,2185,,
N30004276,UTE1,45,T,3239,2097,TC62D518FTG_WQFN56_7X7,TC62D518FTG_WQFN56_7X7
N30272349,TP7601,1,T,2120,3946,Test_Point_12MIL,TPC12
N30272349,U7601,32,T,2119,4078,WGI219LM-QREF-A0_QFN48_6X6,WGI219LM-QREF-A0_QFN48_6X6
N30272352,TP7602,1,T,2172,3946,Test_Point_12MIL,TPC12
N30272352,U7601,34,T,2151,4078,WGI219LM-QREF-A0_QFN48_6X6,WGI219LM-QREF-A0_QFN48_6X6
N30350790,F9502,1,B,8235,4790,0.5A_32V_ERBRD0R50X,F_ERBRD0R50X
N30350790,R9530,2,B,8238,4839,0_0402_SP,R0402_SHORT
N30350790,TB_TP979,1,B,8061,4766,,
N30528209,JWWAN1,68,B,2598,3471,ARGOSY_NASB0-S6710-TS20,ARGOSY_NASB0-S6710-TS20_75P-T
N30528209,R7417,1,T,2601,3470,0_0201_SP,R0201_SHORT
N30528209,R7418,1,T,2624,3470,1/20W_10K_5%_0201,R0201_11P811
N30528209,TB_TP401,1,T,2619,3411,,
N30530884,R0520,2,T,4337,3351,1/20W_100K_5%_0201,R0201_11P811
N30530884,UCPU1,AF32,B,4360,3338,ALDERLAKE-P-CPU_BGA1744,ALDERLAKE-P-CPU_BGA_1744P-T
N30693162,JRTC1,1,B,8487,819,HIGHSTAR_WS23021-S029C-1H,HIGHSTAR_WS23021-S029C-1H_2P-T
N30693162,R2301,1,T,8491,885,1/20W_1K_5%_0201,R0201_11P811
N30693162,TB_TP752,1,B,8498,924,,
N30726662,PD2501,1,T,3710,3406,RB521CM-30T2R_VMN2M-2,RB521CM-30T2R_VMN2M-2
N30726662,PD2502,1,T,3750,3406,RB521CM-30T2R_VMN2M-2,RB521CM-30T2R_VMN2M-2
N30726662,PU2502,2,T,3710,3343,SN74AUP1G08DSF2_SON-6,SN74AUP1G08DSF2_SON-6
N30726662,TB_TP370,1,T,3796,3406,,
N30726692,PR2501,1,T,3670,3224,1/20W_100K_5%_0201,R0201_11P811
N30726692,PU2501,3,T,3697,3222,BU18TD2WNVX_SSON004X1010-4_1X1,BU18TD2WNVX_SSON004X1010-4_1X1
N30726692,PU2502,4,T,3696,3317,SN74AUP1G08DSF2_SON-6,SN74AUP1G08DSF2_SON-6
N30726692,TB_TP371,1,T,3656,3299,,
N30998447,R4603,2,T,10068,4900,1/20W_200K_1%_0201,R0201_11P811
N30998447,R4616,1,T,10068,4924,1/20W_51.1K_1%_0201,R0201_11P811
N30998447,TB_TP333,1,T,10102,4971,,
N30998447,U4601,4,T,10102,4924,TPS70933DRVR_WSON6_2X2,TPS70933DRVR_WSON6_2X2
N31041655,PC0803,1,B,3342,5162,0.01U_25V_K_X7R_0201,C0201_12P992_BA
N31041655,PR0820,2,B,3340,5211,1/20W_2M_1%_0201,R_0201
N31041655,PR0824,2,B,3341,5186,1/20W_133K_1%_0201,R0201_11P811
N31041655,PU0801,46,B,3296,5097,MP2964GQKT-0400-C669-Z_TQFN48_6X6,MP2964GQKT-0400-C669-Z_TQFN48_6X6
N31041701,PR0825,2,B,3274,5204,1/20W_10K_1%_0201,R0201_11P811
N31041701,PR0826,2,B,3277,5231,0_0402_SP,R0402_SHORT
N31041745,PC0807,1,T,3289,5125,1U_25V_K_X5R_0402,C0402_23P622_CB
N31041745,PR0827,2,T,3325,5129,0_0402_SP,R0402_SHORT
N31041745,PR0828,1,T,3260,5122,1/20W_49.9K_1%_0201,R0201_11P811
N31041745,PU0801,44,B,3265,5097,MP2964GQKT-0400-C669-Z_TQFN48_6X6,MP2964GQKT-0400-C669-Z_TQFN48_6X6
N31041745,TB_TP628,1,T,3243,5160,,
N31041768,PC0810,2,B,3230,5201,4.7U_6.3V_M_X5R_0201,C0201_15P354_BC
N31041768,PC0811,2,B,3230,5178,4.7U_6.3V_M_X5R_0201,C0201_15P354_BC
N31041768,PR0831,1,B,3231,5224,1/20W_4.7_5%_0201,R0201_11P811
N31041768,PU0801,43,B,3249,5097,MP2964GQKT-0400-C669-Z_TQFN48_6X6,MP2964GQKT-0400-C669-Z_TQFN48_6X6
N31041768,TB_TP622,1,B,3215,5259,,
N31041867,PR0832,2,B,3118,5186,1/16W_0_5%_0402,R0402_15P748
N31041867,PR0833,2,B,3150,5186,0_0402_SP,R0402_SHORT
N31041867,PU0801,38,B,3170,5097,MP2964GQKT-0400-C669-Z_TQFN48_6X6,MP2964GQKT-0400-C669-Z_TQFN48_6X6
N31041867,TB_TP862,1,B,3084,5259,,
N31043164,PR0834,1,B,3057,4845,0_0402_SP,R0402_SHORT
N31043164,PU0801,25,B,3125,4895,MP2964GQKT-0400-C669-Z_TQFN48_6X6,MP2964GQKT-0400-C669-Z_TQFN48_6X6
N31043166,PR0835,1,B,3057,4877,1/16W_0_5%_0402,R0402_15P748
N31043166,PU0801,26,B,3125,4910,MP2964GQKT-0400-C669-Z_TQFN48_6X6,MP2964GQKT-0400-C669-Z_TQFN48_6X6
N31043168,PR0838,1,B,3057,4909,0_0402_SP,R0402_SHORT
N31043168,PU0801,27,B,3125,4926,MP2964GQKT-0400-C669-Z_TQFN48_6X6,MP2964GQKT-0400-C669-Z_TQFN48_6X6
N31043170,PR0839,1,B,3043,4941,0_0402_SP,R0402_SHORT
N31043170,PU0801,28,B,3125,4942,MP2964GQKT-0400-C669-Z_TQFN48_6X6,MP2964GQKT-0400-C669-Z_TQFN48_6X6
N31043172,PR0851,2,B,3046,5000,1/20W_10K_1%_0201,R0201_11P811
N31043172,PR0864,2,B,3040,4973,1/16W_0_5%_0402,R0402_15P748
N31043172,PU0801,29,B,3125,4958,MP2964GQKT-0400-C669-Z_TQFN48_6X6,MP2964GQKT-0400-C669-Z_TQFN48_6X6
N31043183,PR0842,1,B,3050,5073,0_0402_SP,R0402_SHORT
N31043183,PU0801,33,B,3125,5021,MP2964GQKT-0400-C669-Z_TQFN48_6X6,MP2964GQKT-0400-C669-Z_TQFN48_6X6
N31043185,PR0837,2,B,3049,5105,0_0402_SP,R0402_SHORT
N31043185,PU0801,34,B,3125,5036,MP2964GQKT-0400-C669-Z_TQFN48_6X6,MP2964GQKT-0400-C669-Z_TQFN48_6X6
N31043187,PR0836,2,B,3049,5137,0_0402_SP,R0402_SHORT
N31043187,PU0801,35,B,3125,5052,MP2964GQKT-0400-C669-Z_TQFN48_6X6,MP2964GQKT-0400-C669-Z_TQFN48_6X6
N31044640,PR0822,2,B,3308,4713,1/20W_392 _1%_0201,R0201_11P811
N31044640,PR0823,1,B,3308,4761,1/20W_29.4K_1%_0201,R0201_11P811
N31044640,TB_TP776,1,B,3252,4698,,
N31044688,PR0818,2,B,3232,4740,1/20W_221 _1%_0201,R0201_11P811
N31044688,PR0819,1,B,3232,4761,1/20W_56.2K_1%_0201,R0201_11P811
N31044733,PR0829,2,B,3178,4739,1/20W_124 _1%_0201,R0201_11P811
N31044733,PR0830,1,B,3178,4761,1/20W_7.15K_1%_0201,R_0201
N31046327,PC0801,1,B,3499,4820,1U_25V_K_X5R_0402,C0402_23P622_CB
N31046327,PR0815,2,B,3467,4819,1/16W_0_5%_0402,R0402_15P748
N31046336,PR0816,2,B,3403,4876,1/20W_1.27K_1%_0201,R0201_11P811
N31046336,PU0801,12,B,3357,4895,MP2964GQKT-0400-C669-Z_TQFN48_6X6,MP2964GQKT-0400-C669-Z_TQFN48_6X6
N31046698,PC0802,1,B,3497,4981,1U_25V_K_X5R_0402,C0402_23P622_CB
N31046698,PR0810,2,B,3452,4982,1/16W_0_5%_0402,R0402_15P748
N31235227,RT5113,2,B,3351,4645,540_0402NEW_30%_PRF15BB541NB6RC,R0402_15P748-Y_CS20
N31235227,RT5114,1,B,4512,4778,540_0402NEW_30%_PRF15BB541NB6RC,R0402_15P748-Y_CS20
N31235227,TB_TP352,1,B,3400,4661,,
N31235331,RT5115,2,T,1902,3782,540_0402NEW_30%_PRF15BB541NB6RC,R0402_15P748-Y_CS20
N31235331,RT5116,1,T,1802,3533,540_0402NEW_30%_PRF15BB541NB6RC,R0402_15P748-Y_CS20
N31235331,TB_TP351,1,T,1755,3514,,
N31235544,RT5113,1,B,3315,4645,540_0402NEW_30%_PRF15BB541NB6RC,R0402_15P748-Y_CS20
N31235544,RT5115,1,T,1938,3782,540_0402NEW_30%_PRF15BB541NB6RC,R0402_15P748-Y_CS20
N31235544,TB_TP349,1,B,2643,4461,,
N31246954,PR1225,1,B,2959,4576,1/20W_90.9K_1%_0201,R0201_11P811
N31246954,PU1201,7,B,2988,4502,MP2961GL-C669-Z_QFN19_3X4,MP2961GL-C669-Z_QFN19_3X4
N31838574,D5311,2,T,1240,2609,RB521CM-30T2R_VMN2M-2,RB521CM-30T2R_VMN2M-2-Y_CS20
N31838574,TB_TP340,1,T,1281,2643,,
N31838574,U5303,4,T,1176,2462,PS8409AQFN48GTR2-A2_QFN48_6X6,PS8409AQFN48GTR2-A2_QFN48_6X6
N31856093,R3805,1,B,7899,4065,0_0201_SP,R0201_SHORT
N31856093,TB_TP163,1,B,7844,4085,,
N31856093,UGPU1,H2,B,7728,4037,NVIDIA_GN20-S5-GB3-64_FCBGA771,NVIDIA_GN20-S5-GB3-64_FCBGA_771P-T
N31856109,R3806,1,B,7899,4090,0_0201_SP,R0201_SHORT
N31856109,TB_TP164,1,B,7899,4127,,
N31856109,UGPU1,H3,B,7701,4037,NVIDIA_GN20-S5-GB3-64_FCBGA771,NVIDIA_GN20-S5-GB3-64_FCBGA_771P-T
N32350499,PR0230,1,B,3015,1094,1/16W_10_1%_0402,R0402_15P748
N32350499,PU0201,20,B,3010,1159,BQ25710RSNR_QFN32_4X4,BQ25710RSNR_QFN32_4X4
N32350499,TB_TP192,1,B,2973,1075,,
N32350509,PR0231,1,B,3047,1094,1/16W_10_1%_0402,R0402_15P748
N32350509,PU0201,19,B,3025,1159,BQ25710RSNR_QFN32_4X4,BQ25710RSNR_QFN32_4X4
N32350591,PC0324,2,T,1803,5023,1000P_25V_K_X7R_0201,C0201_12P992_BA
N32350591,PR0312,1,T,1802,4991,1/4W_2.2_5%_0603,R0603_21P654
N32350591,TB_TP190,1,T,1843,5034,,
N32351110,PC0424,2,T,2587,4725,1000P_25V_K_X7R_0201,C0201_12P992_BA
N32351110,PR0418,1,T,2626,4713,1/4W_2.2_5%_0603,R0603_21P654
N32351110,TB_TP191,1,T,2623,4755,,
N32354000,PR1908,2,B,6651,4287,1/16W_1.1K_1%_0402,R0402_15P748
N32354000,PR1909,1,B,6619,4275,1/16W_17.8K_1%_0402,R0402_15P748
N32354000,TB_TP189,1,B,6795,4321,,
N32515971,C3105,1,T,9389,4927,680P_50V_K_X7R_0402,C0402_21P654_CA
N32515971,R3111,1,T,9398,4891,1/20W_100_1%_0201,R0201_11P811
N32515971,R3112,1,T,9493,4897,1/20W_0_5%_0201,R0201_11P811
N32515971,TB_TP98,1,T,9355,4885,,
N32516101,TP3101,1,T,9513,5061,Test_Point_12MIL,TPC12
N32516101,U3101,31,T,9609,4918,NCP45491XMNTWG_QFN32_4X4,NCP45491XMNTWG_QFN32_4X4
N32556189,PR0601,1,B,6789,2486,1/10W_0_5%_0603,R0603_SHORT_ATE
N32556189,PU0601,10,B,6830,2545,NB687BGQ-C669-Z_QFN16_3X3,NB687BGQ-C669-Z_QFN16_3X3
N32556193,PC0608,1,B,6735,2448,0.22U_25V_K_X5R_0402,C0402_21P654_CA
N32556193,PR0601,2,B,6734,2486,1/10W_0_5%_0603,R0603_SHORT_ATE
N32556835,PC0622,2,T,6836,2456,1000P_25V_K_X7R_0201,C0201_12P992_BA
N32556835,PR0612,1,T,6806,2428,1/4W_2.2_5%_0603,R0603_21P654
N32556835,TB_TP281,1,T,6877,2447,,
N32556946,PR0609,2,B,6714,2567,1/20W_499_1%_0201,R0201_11P811
N32556946,PR0611,2,B,6714,2589,1/20W_102K_1%_0201,R0201_11P811
N32556946,PR0613,1,B,6714,2611,1/20W_100K_1%_0201,R0201_11P811
N32556946,PU0601,13,B,6793,2589,NB687BGQ-C669-Z_QFN16_3X3,NB687BGQ-C669-Z_QFN16_3X3
N32558843,PR0608,2,B,6711,2684,0_0402_SP,R0402_SHORT
N32558843,PR0610,2,B,6715,2656,1/20W_0_5%_0201,R0201_11P811
N32558843,PR0620,2,T,6747,2636,1/20W_0_5%_0201,R0201_11P811
N32558843,PU0601,15,B,6793,2628,NB687BGQ-C669-Z_QFN16_3X3,NB687BGQ-C669-Z_QFN16_3X3
N32558843,TB_TP268,1,T,6748,2682,,
N32559158,PC0601,1,B,6834,2712,10U_25V_M_X5R_0603,C0603_37P402_DB
N32559158,PC0602,1,B,6834,2760,10U_25V_M_X5R_0603,C0603_37P402_DB
N32559158,PC0603,1,T,6834,2712,10U_25V_M_X5R_0603,C0603_37P402_DB
N32559158,PC0604,1,B,6849,2817,2200P_25V_K_X7R_0201,C0201_12P992_BA
N32559158,PC0605,2,B,6849,2795,0.1U_25V_K_X5R_0201,C0201_13P780_BB
N32559158,PC0606,1,T,6847,2817,100P_25V_J_NPO_0201,C0201_12P992_BA
N32559158,PC0607,1,T,6849,2795,47P_25V_J_NPO_0201,C0201_12P992_BA
N32559158,PC0630,1,B,6738,2866,22U_B2_25VM_R100M,C_B2
N32559158,PR0616,2,B,6697,3006,0_0603_LE_SP,R0603_LE_19P685_SHORT
N32559158,PU0601,1,B,6830,2628,NB687BGQ-C669-Z_QFN16_3X3,NB687BGQ-C669-Z_QFN16_3X3
N32559158,TB_TP265,1,T,6819,2761,,
N32559579,PC0609,2,B,6964,2529,22U_6.3V_M_X5R_0603,C0603_39P370_DC
N32559579,PR0602,2,B,7047,2480,1/4W_0.005_1%_0603,R_0603
N32559579,PU0601,8,B,6907,2549,NB687BGQ-C669-Z_QFN16_3X3,NB687BGQ-C669-Z_QFN16_3X3
N32559625,PC0620,1,B,6961,2679,1U_6.3V_K_X5R_0402,C0402_21P654_CA
N32559625,PR0604,2,B,6964,2709,1/16W_5.1_5%_0402,R0402_15P748
N32559625,PR0605,1,B,6991,2706,1/20W_100K_5%_0201,R0201_11P811
N32559625,PU0601,3,B,6907,2648,NB687BGQ-C669-Z_QFN16_3X3,NB687BGQ-C669-Z_QFN16_3X3
N32560272,PC0621,1,B,6669,2567,220P_25V_K_X7R_0201,C0201_12P992_BA
N32560272,PR0607,1,B,6647,2567,1/20W_1M_1%_0201,R0201_11P811
N32560272,PR0609,1,B,6691,2567,1/20W_499_1%_0201,R0201_11P811
N32560272,TB_TP280,1,B,6605,2578,,
N32560333,PR0614,2,B,6714,2634,1/20W_0_5%_0201,R0201_11P811
N32560333,PU0601,14,B,6793,2608,NB687BGQ-C669-Z_QFN16_3X3,NB687BGQ-C669-Z_QFN16_3X3
N32560333,TB_TP261,1,B,6743,2634,,
N32560334,PC0624,1,B,6976,2570,0.22U_25V_K_X5R_0402,C0402_21P654_CA
N32560334,PU0601,7,B,6907,2569,NB687BGQ-C669-Z_QFN16_3X3,NB687BGQ-C669-Z_QFN16_3X3
N32560397,PR0602,1,B,7102,2480,1/4W_0.005_1%_0603,R_0603
N32560397,PR0603,2,B,7146,2485,0_0603_SP,R0603_SHORT
N32967930,JCAM1,13,B,8390,4955,I-PEX_20654-030E-01,I-PEX_20654-030E-01_30P
N32967930,R9502,2,B,8387,4879,1/20W_0_5%_0201,R0201_11P811
N32967930,TB_TP126,1,T,8399,4904,,
N33067654,C4901,2,T,6498,2880,0.1U_6.3V_K_X5R_0201,C0201_12P992_BA
N33067654,C4902,2,T,6523,2880,0.1U_6.3V_K_X5R_0201,C0201_12P992_BA
N33067654,C4903,2,T,6552,2874,10U_6.3V_M_X5R_0402,C0402_27P559_CD
N33067654,R4901,2,T,6469,2903,1/20W_10K_5%_0201,R0201_11P811
N33067654,R4903,1,T,6587,2874,1/5W_0.01_1%_0402,R0402_15P748
N33067654,TB_TP111,1,T,6420,2717,,
N33067654,U4901,3,T,6451,2805,LIS2DWLTR_LGA12_2X2,LIS2DWLTR_LGA12_2X2
N33067654,U4901,7,T,6511,2785,LIS2DWLTR_LGA12_2X2,LIS2DWLTR_LGA12_2X2
N33067654,U4901,10,T,6511,2844,LIS2DWLTR_LGA12_2X2,LIS2DWLTR_LGA12_2X2
N33067654,U4901,11,T,6491,2845,LIS2DWLTR_LGA12_2X2,LIS2DWLTR_LGA12_2X2
N33467790,R4002,1,T,7785,4911,1/20W_121_1%_0201,R0201_11P811
N33467790,TB_TP156,1,T,7738,4896,,
N33467790,UV2,J14,B,7739,4907,K4Z80325BC-HC14_FBGA180,K4Z80325BC-HC14_FBGA_180P-T
N33467793,R4003,1,T,7785,4934,1/20W_121_1%_0201,R0201_11P811
N33467793,TB_TP157,1,T,7750,4967,,
N33467793,UV2,K14,B,7739,4936,K4Z80325BC-HC14_FBGA180,K4Z80325BC-HC14_FBGA_180P-T
N33632278,PL0902,1,T,4011,5164,MPZ1608S300AT_2P~D,TDK_MPZ1608S300AT_2P
N33632278,PL0903,1,T,4011,5213,MPZ1608S300AT_2P~D,TDK_MPZ1608S300AT_2P
N33632278,PR0901,2,T,4053,5231,0_0603_LE_SP,R0603_LE_19P685_SHORT
N33632278,TB_TP526,1,T,4046,5163,,
N33633573,PC0912,1,B,4024,4737,1000P_25V_K_X7R_0201,C0201_12P992_BA
N33633573,PR0903,2,B,4034,4767,1/4W_1_5%_0603,R0603_21P654
N33633573,TB_TP502,1,B,4083,4749,,
N33637000,PL0904,1,T,4467,5152,MPZ1608S300AT_2P~D,TDK_MPZ1608S300AT_2P
N33637000,PL0905,1,T,4468,5202,MPZ1608S300AT_2P~D,TDK_MPZ1608S300AT_2P
N33637000,PR0904,2,T,4518,5211,0_0603_LE_SP,R0603_LE_19P685_SHORT
N33637000,TB_TP629,1,T,4500,5146,,
N33638325,PC0924,1,B,4450,4726,1000P_25V_K_X7R_0201,C0201_12P992_BA
N33638325,PR0906,2,B,4461,4756,1/4W_1_5%_0603,R0603_21P654
N33638325,TB_TP537,1,B,4544,4825,,
N33642894,PC0936,1,B,4871,4719,1000P_25V_K_X7R_0201,C0201_12P992_BA
N33642894,PR0909,2,B,4884,4750,1/4W_1_5%_0603,R0603_21P654
N33642894,TB_TP581,1,B,4932,4796,,
N33644503,PL0907,1,T,4854,5148,MPZ1608S300AT_2P~D,TDK_MPZ1608S300AT_2P
N33644503,PL0908,1,T,4855,5199,MPZ1608S300AT_2P~D,TDK_MPZ1608S300AT_2P
N33644503,PR0907,2,T,4898,5155,0_0603_LE_SP,R0603_LE_19P685_SHORT
N33644503,TB_TP514,1,T,4858,5244,,
N33647936,PC1154,1,B,5695,4705,1U_25V_K_X5R_0402,C0402_23P622_CB
N33647936,PR1106,2,B,5727,4704,0_0402_SP,R0402_SHORT
N33647936,PU1102,20,B,5605,4736,MP86941-CGQVT-C669-Z_TQFN21_3X5,MP86941-CGQVT-C669-Z_TQFN21_3X5
N33647936,TB_TP30,1,B,5656,4719,,
N33648851,PC1166,1,B,5689,4525,1000P_25V_K_X7R_0201,C0201_12P992_BA
N33648851,PR1107,2,B,5686,4557,1/4W_1_5%_0603,R0603_21P654
N33648851,TB_TP696,1,B,5730,4507,,
N33649990,PL1103,1,T,5684,4927,MPZ1608S300AT_2P~D,TDK_MPZ1608S300AT_2P
N33649990,PR1105,2,T,5723,4878,0_0603_LE_SP,R0603_LE_19P685_SHORT
N33649990,TB_TP742,1,T,5723,4931,,
N33652450,PC1122,1,B,5295,4951,1U_25V_K_X5R_0402,C0402_23P622_CB
N33652450,PR1103,2,B,5328,4951,0_0402_SP,R0402_SHORT
N33652450,PU1101,20,B,5213,4960,MP86941-CGQVT-C669-Z_TQFN21_3X5,MP86941-CGQVT-C669-Z_TQFN21_3X5
N33652450,TB_TP670,1,B,5365,4950,,
N33653772,PC1124,1,B,5288,4718,1000P_25V_K_X7R_0201,C0201_12P992_BA
N33653772,PR1104,2,B,5297,4749,1/4W_1_5%_0603,R0603_21P654
N33653772,TB_TP708,1,B,5337,4663,,
N33655139,PL1102,1,T,5232,5207,MPZ1608S300AT_2P~D,TDK_MPZ1608S300AT_2P
N33655139,PR1101,2,T,5275,5208,0_0603_LE_SP,R0603_LE_19P685_SHORT
N33655139,TB_TP654,1,T,5230,5254,,
N33664350,C3401,1,T,7681,3504,22U_6.3V_M_X5R_0402,C0402_27P559_CD
N33664350,C3402,1,T,7438,3581,4.7U_6.3V_M_X5R_0402,C0402_25P591_CC
N33664350,C3403,1,T,7529,3496,1U_6.3V_M_X5R_0201,C0201_13P780_BB
N33664350,C3404,1,T,7574,3566,1U_6.3V_M_X5R_0201,C0201_13P780_BB
N33664350,C3405,1,T,7557,3496,1U_6.3V_M_X5R_0201,C0201_13P780_BB
N33664350,C3406,1,T,7501,3497,1U_6.3V_M_X5R_0201,C0201_13P780_BB
N33664350,L3401,2,T,7681,3554,MPZ1608S300AT_2P,TDK_MPZ1608S300AT_2P
N33664350,TB_TP179,1,T,7642,3545,,
N33664350,UGPU1,AE8,B,7553,3559,NVIDIA_GN20-S5-GB3-64_FCBGA771,NVIDIA_GN20-S5-GB3-64_FCBGA_771P-T
N33664350,UGPU1,AE12,B,7443,3559,NVIDIA_GN20-S5-GB3-64_FCBGA771,NVIDIA_GN20-S5-GB3-64_FCBGA_771P-T
N33664350,UGPU1,AE15,B,7360,3559,NVIDIA_GN20-S5-GB3-64_FCBGA771,NVIDIA_GN20-S5-GB3-64_FCBGA_771P-T
N33664350,UGPU1,AF8,B,7553,3532,NVIDIA_GN20-S5-GB3-64_FCBGA771,NVIDIA_GN20-S5-GB3-64_FCBGA_771P-T
N33665318,C3407,1,B,7941,3378,18P_50V_F_COG_0402,C0402_21P654_CA
N33665318,R3402,2,B,7916,3375,1/20W_10K_1%_0201,R0201_11P811
N33679031,PQ1602,3,T,6856,4873,LSK3541G1ET2L_VMT3,LSK3541G1ET2L_VMT3
N33679031,PR1631,2,T,6843,4837,1/16W_237K_1%_0402,R0402_15P748
N33679031,TB_TP75,1,T,6833,4957,,
N33679127,PC1633,1,T,6917,4916,0.1U_25V_K_X7R_0402,C0402_21P654_CA
N33679127,PQ1602,1,T,6872,4919,LSK3541G1ET2L_VMT3,LSK3541G1ET2L_VMT3
N33679127,PR1632,1,T,6914,4945,0_0402_SP,R0402_SHORT
N33679127,TB_TP73,1,T,6954,4904,,
N33692348,C3801,1,T,7630,3666,1U_6.3V_M_X5R_0201,C0201_13P780_BB
N33692348,C3802,1,T,7681,3614,1U_6.3V_M_X5R_0201,C0201_13P780_BB
N33692348,C3803,1,T,7708,3642,1U_6.3V_M_X5R_0201,C0201_13P780_BB
N33692348,C3804,1,T,7696,3668,4.7U_6.3V_M_X5R_0402,C0402_25P591_CC
N33692348,C3805,1,T,7767,3696,4.7U_6.3V_M_X5R_0402,C0402_25P591_CC
N33692348,C3806,1,T,7730,3667,4.7U_6.3V_M_X5R_0402,C0402_25P591_CC
N33692348,C3807,1,T,7654,3614,1U_6.3V_M_X5R_0201,C0201_13P780_BB
N33692348,C3808,1,T,7668,3667,1U_6.3V_M_X5R_0201,C0201_13P780_BB
N33692348,C3809,1,T,7708,3617,1U_6.3V_M_X5R_0201,C0201_13P780_BB
N33692348,C3810,1,T,7709,3592,1U_6.3V_M_X5R_0201,C0201_13P780_BB
N33692348,R3807,1,T,7763,3640,0_0201_SP,R0201_SHORT
N33692348,TB_TP165,1,T,7811,3723,,
N33692348,UGPU1,AC6,B,7618,3624,NVIDIA_GN20-S5-GB3-64_FCBGA771,NVIDIA_GN20-S5-GB3-64_FCBGA_771P-T
N33692348,UGPU1,AC7,B,7591,3624,NVIDIA_GN20-S5-GB3-64_FCBGA771,NVIDIA_GN20-S5-GB3-64_FCBGA_771P-T
N33692348,UGPU1,AD6,B,7618,3596,NVIDIA_GN20-S5-GB3-64_FCBGA771,NVIDIA_GN20-S5-GB3-64_FCBGA_771P-T
N33692348,UGPU1,AD7,B,7591,3596,NVIDIA_GN20-S5-GB3-64_FCBGA771,NVIDIA_GN20-S5-GB3-64_FCBGA_771P-T
N34057166,C3109,2,T,9507,4715,0.015U_25V_K_X7R_0402,C0402_21P654_CA
N34057166,R3125,2,T,9511,4684,1/20W_634_1%_0201,R0201_11P811
N34057166,TB_TP85,1,T,9458,4679,,
N34057166,U3101,7,T,9575,4806,NCP45491XMNTWG_QFN32_4X4,NCP45491XMNTWG_QFN32_4X4
N34057657,R3113,2,T,9397,4841,1/20W_665_1%_0201,R0201_11P811
N34057657,R3119,2,T,9553,4717,1/20W_665_1%_0201,R0201_11P811
N34057657,R3126,2,T,9578,4717,1/20W_0_5%_0201,R0201_11P811
N34057657,TB_TP82,1,B,9375,4841,,
N34057657,U3101,9,T,9593,4772,NCP45491XMNTWG_QFN32_4X4,NCP45491XMNTWG_QFN32_4X4
N34058817,R3107,1,T,9743,4974,1/20W_10K_1%_0201,R0201_11P811
N34058817,TB_TP81,1,T,9802,5011,,
N34058817,U3101,25,T,9703,4918,NCP45491XMNTWG_QFN32_4X4,NCP45491XMNTWG_QFN32_4X4
N34210721,TP2005,1,B,3809,2864,Test_Point_12MIL,TPC12
N34210721,UCPU1,A58,B,3959,2932,ALDERLAKE-P-CPU_BGA1744,ALDERLAKE-P-CPU_BGA_1744P-T
N34210750,TP2006,1,B,3848,2864,Test_Point_12MIL,TPC12
N34210750,UCPU1,B59,B,3984,2913,ALDERLAKE-P-CPU_BGA1744,ALDERLAKE-P-CPU_BGA_1744P-T
N34210753,TP2007,1,T,3954,2839,Test_Point_12MIL,TPC12
N34210753,UCPU1,D61,B,4003,2888,ALDERLAKE-P-CPU_BGA1744,ALDERLAKE-P-CPU_BGA_1744P-T
N34210799,TP2008,1,T,4295,3211,Test_Point_12MIL,TPC12
N34210799,UCPU1,AF40,B,4360,3220,ALDERLAKE-P-CPU_BGA1744,ALDERLAKE-P-CPU_BGA_1744P-T
N34210808,TP2009,1,T,4378,3195,Test_Point_12MIL,TPC12
N34210808,UCPU1,AH40,B,4386,3220,ALDERLAKE-P-CPU_BGA1744,ALDERLAKE-P-CPU_BGA_1744P-T
N34232399,TP3501,1,B,6765,3356,Test_Point_12MIL,TPC12
N34232399,UGPU1,AJ31,B,6909,3459,NVIDIA_GN20-S5-GB3-64_FCBGA771,NVIDIA_GN20-S5-GB3-64_FCBGA_771P-T
N34232407,TP3502,1,B,6832,3263,Test_Point_12MIL,TPC12
N34232407,UGPU1,AL29,B,6974,3394,NVIDIA_GN20-S5-GB3-64_FCBGA771,NVIDIA_GN20-S5-GB3-64_FCBGA_771P-T
N34232415,TP3503,1,B,6710,3293,Test_Point_12MIL,TPC12
N34232415,UGPU1,AK30,B,6937,3421,NVIDIA_GN20-S5-GB3-64_FCBGA771,NVIDIA_GN20-S5-GB3-64_FCBGA_771P-T
N34232423,TP3504,1,B,6785,3316,Test_Point_12MIL,TPC12
N34232423,UGPU1,AJ30,B,6937,3459,NVIDIA_GN20-S5-GB3-64_FCBGA771,NVIDIA_GN20-S5-GB3-64_FCBGA_771P-T
N34233176,C3502,1,T,7870,3787,0.01U_16V_K_X7R_0201,C0201_12P992_BA
N34233176,TB_TP177,1,T,7792,3819,,
N34233176,UGPU1,R1,B,7756,3844,NVIDIA_GN20-S5-GB3-64_FCBGA771,NVIDIA_GN20-S5-GB3-64_FCBGA_771P-T
N34273165,R0820,1,T,5957,3924,0_0201_SP,R0201_SHORT
N34273165,TB_TP26,1,T,5998,3942,,
N34273165,UCPU1,FB6,B,5859,3752,ALDERLAKE-P-CPU_BGA1744,ALDERLAKE-P-CPU_BGA_1744P-T
N34273171,R0807,2,T,4155,3806,1/20W_51_5%_0201,R0201_11P811
N34273171,R0819,1,T,4155,3828,0_0201_SP,R0201_SHORT
N34273171,TB_TP27,1,T,4176,3750,,
N34273171,UCPU1,N6,B,4144,3753,ALDERLAKE-P-CPU_BGA1744,ALDERLAKE-P-CPU_BGA_1744P-T
N34273171,UCPU1,N8,B,4144,3728,ALDERLAKE-P-CPU_BGA1744,ALDERLAKE-P-CPU_BGA_1744P-T
N34365816,PD2302,2,T,1173,1721,RB521CM-30T2R_VMN2M-2,RB521CM-30T2R_VMN2M-2
N34365816,PR2305,2,T,1172,1755,1/16W_100_5%_0402,R0402_15P748
N34365816,TB_TP463,1,T,1244,1732,,
N35118745,C7809,2,T,902,4713,0.1U_6.3V_K_X5R_0201,C0201_12P992_BA
N35118745,C7810,2,T,882,5176,0.1U_6.3V_K_X5R_0201,C0201_12P992_BA
N35118745,C7811,2,T,910,5184,1U_6.3V_K_X5R_0402,C0402_21P654_CA
N35118745,F7801,1,T,988,5215,1A_32V_ERBRD1R00X,F_ERBRD1R00X
N35118745,R7806,1,T,852,5158,1/16W_330_5%_0402,R0402_15P748
N35118745,R7807,1,T,905,4687,1/16W_330_5%_0402,R0402_15P748
N35118745,TB_TP406,1,T,948,5219,,
N35127354,R3405,2,T,7469,3564,1/20W_10K_5%_0201,R0201_11P811
N35127354,UGPU1,AE11,B,7470,3559,NVIDIA_GN20-S5-GB3-64_FCBGA771,NVIDIA_GN20-S5-GB3-64_FCBGA_771P-T
N35127466,R3406,2,T,7523,3565,1/20W_10K_5%_0201,R0201_11P811
N35127466,UGPU1,AE9,B,7526,3559,NVIDIA_GN20-S5-GB3-64_FCBGA771,NVIDIA_GN20-S5-GB3-64_FCBGA_771P-T
N35127526,R3407,2,T,7496,3564,1/20W_10K_5%_0201,R0201_11P811
N35127526,UGPU1,AF9,B,7526,3532,NVIDIA_GN20-S5-GB3-64_FCBGA771,NVIDIA_GN20-S5-GB3-64_FCBGA_771P-T
N35217679,F9505,1,T,3081,3029,1A_32V_ERBRD1R00X,F_ERBRD1R00X
N35217679,R4528,2,T,3115,3039,0_0402_SP,R0402_SHORT
N35217679,TB_TP1047,1,T,3153,3039,,
N35218438,F9504,2,T,3611,3043,1A_32V_ERBRD1R00X,F_ERBRD1R00X
N35218438,R4529,2,T,3576,3040,0_0402_SP,R0402_SHORT
N35218438,TB_TP1030,1,T,3653,3043,,
N35221559,F4603,1,T,6994,1212,0.5A_32V_ERBRD0R50X,F_ERBRD0R50X
N35221559,R4609,2,T,6985,1180,0_0402_SP,R0402_SHORT
N35221559,TB_TP940,1,T,7001,1264,,
N35224286,F4609,1,B,9142,4869,0.5A_32V_ERBRD0R50X,F_ERBRD0R50X
N35224286,R4615,2,B,9140,4903,0_0402_SP,R0402_SHORT
N35224286,TB_TP323,1,B,9141,4820,,
N35231857,R5012,2,T,2965,1808,1/20W_100K_5%_0201,R0201_11P811
N35231857,TB_TP1249,1,T,2996,1814,,
N35231857,UTE1,14,T,3035,1862,TC62D518FTG_WQFN56_7X7,TC62D518FTG_WQFN56_7X7
N3703,Q3201,2,B,6752,3466,SSM3K15AMFV_2-1L1B,SSM3K15AMFV_2-1L1B
N3703,R3203,2,B,6680,3472,0_0201_SP,R0201_SHORT
N3703,TB_TP100,1,B,6619,3500,,
N38836040,PC2103,1,B,6553,3998,0.01U_25V_K_X7R_0201,C0201_12P992_BA
N38836040,PU2101,C2,B,6525,3983,TPS22971YZPT_DSBGA8,TPS22971YZPT_DSBGA8P
N39969417,C1503,1,B,7622,1567,1000P_25V_K_X7R_0201,C0201_12P992_BA
N39969417,R1504,1,B,7598,1567,1/20W_1M_5%_0201,R0201_11P811
N39969417,R1514,1,B,6224,3278,0_0201_SP,R0201_SHORT
N39969417,S1501,3,B,7659,1567,SPVR310200_4P,SW_SPVR310200_4P
N39969417,S1501,4,B,7659,1653,SPVR310200_4P,SW_SPVR310200_4P
N39969417,TB_TP24,1,B,7415,1438,,
N39971262,PQ2301,3,T,1521,2707,SSM6K513NU_UDFN6B-6-8,SSM6K513NU_UDFN6B-6-8
N39971262,PR2303,2,T,1521,2735,1/20W_100_5%_0201,R0201_11P811
N39971277,PD2301,2,T,1481,2703,RB521CM-30T2R_VMN2M-2,RB521CM-30T2R_VMN2M-2
N39971277,PR2302,2,T,1481,2673,1/16W_270_5%_0402,R0402_15P748
N39971277,TB_TP446,1,T,1438,2712,,
N401441641,F9310,1,B,8284,1136,0.5A_32V_ERBRD0R50X,F_ERBRD0R50X
N401441641,L9301,1,T,8272,1132,100NH_LQW18ANR10J00D_5%,MURAT_LQW18ANR10J00D_2P
N401441641,TB_TP78,1,T,8281,1084,,
N40345729,F4701,1,B,6950,1560,2A_32V_ERBRD2R00X,F_ERBRD2R00X
N40345729,R4701,2,B,6918,1560,0_0402_SP,R0402_SHORT
N40345729,TB_TP762,1,B,7074,1590,,
N40346765,R5425,1,T,1223,4421,0_0402_SP,R0402_SHORT
N40346765,TB_TP885,1,T,1223,4458,,
N40346765,U5402,8,T,1179,4403,W25Q80DVUXIE_USON8_2X3,W25Q80DVUXIE_USON8_2X3
N40723693,R6132,2,T,1057,4148,1/20W_0_5%_0201,R0201_11P811
N40723693,U6102,D4,T,1078,4100,SN1904020YBFR_DSBGA16,SN1904020YBFR_DSBGA_16P
N40723696,R6131,2,T,1082,4148,1/20W_0_5%_0201,R0201_11P811
N40723696,U6102,D3,T,1094,4100,SN1904020YBFR_DSBGA16,SN1904020YBFR_DSBGA_16P
N40723699,R6130,2,T,1129,4148,1/20W_0_5%_0201,R0201_11P811
N40723699,U6102,D2,T,1109,4100,SN1904020YBFR_DSBGA16,SN1904020YBFR_DSBGA_16P
N40723702,R6129,2,T,1156,4147,1/20W_0_5%_0201,R0201_11P811
N40723702,U6102,D1,T,1125,4100,SN1904020YBFR_DSBGA16,SN1904020YBFR_DSBGA_16P
N40724953,R6125,1,T,1057,3966,1/20W_0_5%_0201,R0201_11P811
N40724953,R6133,2,T,1057,4194,1/20W_0_5%_0201,R0201_11P811
N40724956,R6126,1,T,1129,3966,1/20W_0_5%_0201,R0201_11P811
N40724956,R6134,2,T,1082,4194,1/20W_0_5%_0201,R0201_11P811
N40724956,TB_TP18,1,T,1120,4237,,
N40724959,R6127,1,T,1221,4047,1/20W_0_5%_0201,R0201_11P811
N40724959,R6135,2,T,1129,4194,1/20W_0_5%_0201,R0201_11P811
N40724959,TB_TP17,1,T,1266,4092,,
N40724962,R6128,1,T,1221,4088,1/20W_0_5%_0201,R0201_11P811
N40724962,R6136,2,T,1156,4193,1/20W_0_5%_0201,R0201_11P811
N40724962,TB_TP16,1,T,1221,4147,,
N40760103,R6227,2,T,1285,3584,1/20W_0_5%_0201,R0201_11P811
N40760103,R6228,1,T,1344,3368,1/20W_0_5%_0201,R0201_11P811
N40760122,R6229,2,T,1320,3585,1/20W_0_5%_0201,R0201_11P811
N40760122,R6230,1,T,1387,3369,1/20W_0_5%_0201,R0201_11P811
N40760122,TB_TP15,1,T,1206,3581,,
N40760159,R6231,2,T,1365,3587,1/20W_0_5%_0201,R0201_11P811
N40760159,R6232,1,T,1417,3369,1/20W_0_5%_0201,R0201_11P811
N40760178,R6233,2,T,1485,3488,1/20W_0_5%_0201,R0201_11P811
N40760178,R6234,1,T,1485,3440,1/20W_0_5%_0201,R0201_11P811
N40760178,TB_TP14,1,T,1528,3425,,
N40760582,R6235,2,T,1439,3488,1/20W_0_5%_0201,R0201_11P811
N40760582,U6202,D1,T,1383,3494,SN1904020YBFR_DSBGA16,SN1904020YBFR_DSBGA_16P
N40760589,R6236,2,T,1365,3541,1/20W_0_5%_0201,R0201_11P811
N40760589,U6202,D2,T,1367,3494,SN1904020YBFR_DSBGA16,SN1904020YBFR_DSBGA_16P
N40760596,R6237,2,T,1320,3539,1/20W_0_5%_0201,R0201_11P811
N40760596,U6202,D3,T,1352,3494,SN1904020YBFR_DSBGA16,SN1904020YBFR_DSBGA_16P
N40760603,R6238,2,T,1285,3538,1/20W_0_5%_0201,R0201_11P811
N40760603,U6202,D4,T,1336,3494,SN1904020YBFR_DSBGA16,SN1904020YBFR_DSBGA_16P
N421505176,PQ1502,1,B,7474,2287,AOE6930_DFN8-10,AOE6930_DFN8-10
N421505176,PR1526,2,B,7529,2283,1/16W_1.5_1%_0402,R0402_15P748
N421505176,TB_TP985,1,B,7477,2247,,
N42782541,C8110,2,T,1987,3473,0.1U_6.3V_K_X5R_0201,C0201_12P992_BA
N42782541,LED1,1,T,371,3550,19-223-S2T1D-C01-2T_ORG_WHI,LED_19-223-S2T1D-C01-2T_4P
N42782541,R8124,2,T,2011,3473,1/20W_0_1%_0201,R0201_11P811
N42782541,TB_TP10,1,T,1987,3522,,
N42782560,C8109,2,T,1987,3439,0.1U_6.3V_K_X5R_0201,C0201_12P992_BA
N42782560,LED1,2,T,339,3550,19-223-S2T1D-C01-2T_ORG_WHI,LED_19-223-S2T1D-C01-2T_4P
N42782560,R8125,2,T,2012,3439,1/20W_510_1%_0201,R0201_11P811
N42782560,TB_TP9,1,T,1914,3456,,
N5401,R5301,2,T,944,2630,0_0603_LE_SP,R0603_LE_19P685_SHORT
N5401,TB_TP802,1,T,993,2673,,
N5401,U5302,1,T,1033,2635,TPS2553DRVR_SON6_2X2,TPS2553DRVR_SON6_2X2
N5402,R5321,2,T,973,2574,1/20W_61.9K_1%_0201,R0201_11P811
N5402,TB_TP820,1,T,1010,2537,,
N5402,U5302,2,T,1033,2609,TPS2553DRVR_SON6_2X2,TPS2553DRVR_SON6_2X2
NCTF_B61,R1903,1,T,3919,2869,1/20W_0_5%_0201,R0201_11P811
NCTF_B61,TB_TP139,1,T,3881,2869,,
NCTF_B61,UCPU1,B61,B,3977,2888,ALDERLAKE-P-CPU_BGA1744,ALDERLAKE-P-CPU_BGA_1744P-T
NCTF_C1,R1904,1,B,3841,3835,1/20W_0_5%_0201,R0201_11P811
NCTF_C1,UCPU1,C1,B,3990,3828,ALDERLAKE-P-CPU_BGA1744,ALDERLAKE-P-CPU_BGA_1744P-T
NCTF_C_A1_1,TP2001,1,B,6046,3770,Test_Point_16MIL,TPC16
NCTF_C_A1_1,UCPU1,FB4,B,5859,3778,ALDERLAKE-P-CPU_BGA1744,ALDERLAKE-P-CPU_BGA_1744P-T
NCTF_C_A1_2,TP2002,1,B,6010,3805,Test_Point_16MIL,TPC16
NCTF_C_A1_2,UCPU1,FC4,B,5883,3785,ALDERLAKE-P-CPU_BGA1744,ALDERLAKE-P-CPU_BGA_1744P-T
NCTF_C_DW53_1,TP2003,1,T,5458,3208,Test_Point_16MIL,TPC16
NCTF_C_DW53_1,UCPU1,DV42,B,5486,3178,ALDERLAKE-P-CPU_BGA1744,ALDERLAKE-P-CPU_BGA_1744P-T
NCTF_C_DW53_2,TP2004,1,T,5445,3115,Test_Point_16MIL,TPC16
NCTF_C_DW53_2,UCPU1,DT47,B,5453,3102,ALDERLAKE-P-CPU_BGA1744,ALDERLAKE-P-CPU_BGA_1744P-T
NCTF_FC2,R1902,1,T,5931,3836,0_0201_SP,R0201_SHORT
NCTF_FC2,TB_TP138,1,T,5906,3795,,
NCTF_FC2,UCPU1,FC2,B,5883,3810,ALDERLAKE-P-CPU_BGA1744,ALDERLAKE-P-CPU_BGA_1744P-T
NCTF_FC60,R1901,1,B,6065,2835,0_0201_SP,R0201_SHORT
NCTF_FC60,UCPU1,FC60,B,5883,2906,ALDERLAKE-P-CPU_BGA1744,ALDERLAKE-P-CPU_BGA_1744P-T
NC_2138,JCAM1,11,B,8358,4955,I-PEX_20654-030E-01,I-PEX_20654-030E-01_30P
NC_2138,TB_TP34,1,T,8368,4994,,
NC_2139,U2203,9,B,2556,4065,W25R256JVEIN_WSON8_8X6,W25R256JVEIN_WSON8_8X6
NC_2140,U7901,14,T,2337,2105,NCT5635Y-W_QFN24_4X4,NCT5635Y-W_QFN24_4X4
NC_2141,UEC1,G9,T,1833,1964,NPCX997KAABX_VFBGA144,NPCX997KAABX_VFBGA_144P
NC_2142,PU1602,5,B,6576,4963,74AUP1G32GS SOT1202-6_1X1,74AUP1G32GF_SOT891-6_1X1
NC_2143,U5101,B1,T,2651,1870,KTS1668EAY-TR_WLCSP12,KTS1668EAY-TR_WLCSP_12P
NC_2144,U6101,B1,T,740,4264,KTS1668EAY-TR_WLCSP12,KTS1668EAY-TR_WLCSP_12P
NC_2145,U6201,B1,T,605,3564,KTS1668EAY-TR_WLCSP12,KTS1668EAY-TR_WLCSP_12P
NC_2146,JHDMI1,13,B,569,2406,ALLTOP_C12959-11935-L,ALLTOP_C12959-11935-L_19P
NC_2147,JHDMI1,14,B,628,2425,ALLTOP_C12959-11935-L,ALLTOP_C12959-11935-L_19P
NC_2152,UWLAN2A,1,B,6396,5020,8501-602200-01_LGA76,8501-602200-01_LGA_76P
NC_2153,UWLAN2A,2,B,6396,5000,8501-602200-01_LGA76,8501-602200-01_LGA_76P
NC_2154,UWLAN2A,3,B,6396,4980,8501-602200-01_LGA76,8501-602200-01_LGA_76P
NC_2155,UWLAN2A,7,B,6396,4902,8501-602200-01_LGA76,8501-602200-01_LGA_76P
NC_2156,UWLAN2A,8,B,6396,4882,8501-602200-01_LGA76,8501-602200-01_LGA_76P
NC_2157,UWLAN2A,9,B,6396,4862,8501-602200-01_LGA76,8501-602200-01_LGA_76P
NC_2158,UWLAN2A,10,B,6396,4843,8501-602200-01_LGA76,8501-602200-01_LGA_76P
NC_2159,UWLAN2A,11,B,6396,4823,8501-602200-01_LGA76,8501-602200-01_LGA_76P
NC_2160,UWLAN2A,12,B,6396,4803,8501-602200-01_LGA76,8501-602200-01_LGA_76P
NC_2161,UWLAN2A,13,B,6396,4783,8501-602200-01_LGA76,8501-602200-01_LGA_76P
NC_2162,UWLAN2A,14,B,6396,4764,8501-602200-01_LGA76,8501-602200-01_LGA_76P
NC_2163,UWLAN2A,15,B,6396,4744,8501-602200-01_LGA76,8501-602200-01_LGA_76P
NC_2164,UWLAN2A,16,B,6396,4724,8501-602200-01_LGA76,8501-602200-01_LGA_76P
NC_2165,UWLAN2A,18,B,6396,4685,8501-602200-01_LGA76,8501-602200-01_LGA_76P
NC_2166,UWLAN2A,19,B,6396,4665,8501-602200-01_LGA76,8501-602200-01_LGA_76P
NC_2167,UWLAN2A,21,B,6396,4626,8501-602200-01_LGA76,8501-602200-01_LGA_76P
NC_2168,UWLAN2A,22,B,6396,4606,8501-602200-01_LGA76,8501-602200-01_LGA_76P
NC_2169,UWLAN2A,45,B,6047,4455,8501-602200-01_LGA76,8501-602200-01_LGA_76P
NC_2170,UWLAN2A,46,B,6028,4455,8501-602200-01_LGA76,8501-602200-01_LGA_76P
NC_2171,UWLAN2A,47,B,6008,4455,8501-602200-01_LGA76,8501-602200-01_LGA_76P
NC_2172,UWLAN2A,48,B,5988,4455,8501-602200-01_LGA76,8501-602200-01_LGA_76P
NC_2173,UWLAN2A,49,B,5955,4488,8501-602200-01_LGA76,8501-602200-01_LGA_76P
NC_2174,UWLAN2A,50,B,5955,4508,8501-602200-01_LGA76,8501-602200-01_LGA_76P
NC_2175,UWLAN2A,51,B,5955,4528,8501-602200-01_LGA76,8501-602200-01_LGA_76P
NC_2176,UWLAN2A,52,B,5955,4547,8501-602200-01_LGA76,8501-602200-01_LGA_76P
NC_2177,UWLAN2A,53,B,5955,4567,8501-602200-01_LGA76,8501-602200-01_LGA_76P
NC_2178,UWLAN2A,54,B,5955,4587,8501-602200-01_LGA76,8501-602200-01_LGA_76P
NC_2179,UWLAN2A,55,B,5955,4606,8501-602200-01_LGA76,8501-602200-01_LGA_76P
NC_2180,UWLAN2A,56,B,5955,4626,8501-602200-01_LGA76,8501-602200-01_LGA_76P
NC_2181,UWLAN2A,57,B,5955,4646,8501-602200-01_LGA76,8501-602200-01_LGA_76P
NC_2182,UWLAN2A,58,B,5955,4665,8501-602200-01_LGA76,8501-602200-01_LGA_76P
NC_2183,UWLAN2A,59,B,5955,4685,8501-602200-01_LGA76,8501-602200-01_LGA_76P
NC_2184,UWLAN2A,60,B,5955,4705,8501-602200-01_LGA76,8501-602200-01_LGA_76P
NC_2185,UWLAN2A,61,B,5955,4724,8501-602200-01_LGA76,8501-602200-01_LGA_76P
NC_2186,UWLAN2A,65,B,5955,4803,8501-602200-01_LGA76,8501-602200-01_LGA_76P
NC_2187,UWLAN2A,66,B,5955,4823,8501-602200-01_LGA76,8501-602200-01_LGA_76P
NC_2188,UWLAN2A,67,B,5955,4843,8501-602200-01_LGA76,8501-602200-01_LGA_76P
NC_2189,JFPR1,1,B,10090,5039,HIGHSTAR_FC5AF101-2933-1H,HIGHSTAR_FC5AF101-2933-1H_10P
NC_2190,JUSB1,16,B,9728,5233,HIGHS_BT4S201-14000-1H,HIGHS_BT4S201-14000-1H_20P-T
NC_2191,H14,1,T,508,551,HOLEA,PAD_O2P1X3P0D2P1X3P0N
NC_2192,H21,1,T,8607,953,HOLEA,PAD_O2P1X3P0D2P1X3P0N
NC_2193,U5402,9,T,1126,4373,W25Q80DVUXIE_USON8_2X3,W25Q80DVUXIE_USON8_2X3
NC_2194,H17,1,T,524,4335,HOLEA,PAD_C2P3D2P3N
NC_2195,H20,1,T,508,2860,HOLEA,PAD_C2P3D2P3N
NC_2196,U9801,3,T,7048,2944,NPCT760LAAYX_QFN32_5X5,NPCT750LABYX_QFN32_5X5
NC_2197,U9801,4,T,7048,2963,NPCT760LAAYX_QFN32_5X5,NPCT750LABYX_QFN32_5X5
NC_2198,U9801,5,T,7048,2983,NPCT760LAAYX_QFN32_5X5,NPCT750LABYX_QFN32_5X5
NC_2199,U9801,6,T,7048,3003,NPCT760LAAYX_QFN32_5X5,NPCT750LABYX_QFN32_5X5
NC_2200,U9801,7,T,7048,3022,NPCT760LAAYX_QFN32_5X5,NPCT750LABYX_QFN32_5X5
NC_2201,U9801,10,T,7004,3066,NPCT760LAAYX_QFN32_5X5,NPCT750LABYX_QFN32_5X5
NC_2202,U9801,11,T,6985,3066,NPCT760LAAYX_QFN32_5X5,NPCT750LABYX_QFN32_5X5
NC_2203,U9801,12,T,6965,3066,NPCT760LAAYX_QFN32_5X5,NPCT750LABYX_QFN32_5X5
NC_2204,U9801,13,T,6945,3066,NPCT760LAAYX_QFN32_5X5,NPCT750LABYX_QFN32_5X5
NC_2205,U9801,15,T,6906,3066,NPCT760LAAYX_QFN32_5X5,NPCT750LABYX_QFN32_5X5
NC_2206,U9801,25,T,6886,2881,NPCT760LAAYX_QFN32_5X5,NPCT750LABYX_QFN32_5X5
NC_2207,U9801,26,T,6906,2881,NPCT760LAAYX_QFN32_5X5,NPCT750LABYX_QFN32_5X5
NC_2208,U9801,27,T,6925,2881,NPCT760LAAYX_QFN32_5X5,NPCT750LABYX_QFN32_5X5
NC_2209,U9801,28,T,6945,2881,NPCT760LAAYX_QFN32_5X5,NPCT750LABYX_QFN32_5X5
NC_2210,U9801,29,T,6965,2881,NPCT760LAAYX_QFN32_5X5,NPCT750LABYX_QFN32_5X5
NC_2211,U9801,30,T,6985,2881,NPCT760LAAYX_QFN32_5X5,NPCT750LABYX_QFN32_5X5
NC_2212,U9801,31,T,7004,2881,NPCT760LAAYX_QFN32_5X5,NPCT750LABYX_QFN32_5X5
NC_2215,JWWAN1,10,B,3169,3471,ARGOSY_NASB0-S6710-TS20,ARGOSY_NASB0-S6710-TS20_75P-T
NC_2216,JWWAN1,20,B,3071,3471,ARGOSY_NASB0-S6710-TS20,ARGOSY_NASB0-S6710-TS20_75P-T
NC_2217,JWWAN1,22,B,3051,3471,ARGOSY_NASB0-S6710-TS20,ARGOSY_NASB0-S6710-TS20_75P-T
NC_2218,JWWAN1,23,B,3041,3771,ARGOSY_NASB0-S6710-TS20,ARGOSY_NASB0-S6710-TS20_75P-T
NC_2219,JWWAN1,24,B,3031,3471,ARGOSY_NASB0-S6710-TS20,ARGOSY_NASB0-S6710-TS20_75P-T
NC_2220,JWWAN1,26,B,3012,3471,ARGOSY_NASB0-S6710-TS20,ARGOSY_NASB0-S6710-TS20_75P-T
NC_2221,JWWAN1,28,B,2992,3471,ARGOSY_NASB0-S6710-TS20,ARGOSY_NASB0-S6710-TS20_75P-T
NC_2222,JWWAN1,38,B,2894,3471,ARGOSY_NASB0-S6710-TS20,ARGOSY_NASB0-S6710-TS20_75P-T
NC_2223,JWWAN1,40,B,2874,3471,ARGOSY_NASB0-S6710-TS20,ARGOSY_NASB0-S6710-TS20_75P-T
NC_2224,JWWAN1,42,B,2854,3471,ARGOSY_NASB0-S6710-TS20,ARGOSY_NASB0-S6710-TS20_75P-T
NC_2225,JWWAN1,44,B,2835,3471,ARGOSY_NASB0-S6710-TS20,ARGOSY_NASB0-S6710-TS20_75P-T
NC_2226,JWWAN1,46,B,2815,3471,ARGOSY_NASB0-S6710-TS20,ARGOSY_NASB0-S6710-TS20_75P-T
NC_2227,JWWAN1,48,B,2795,3471,ARGOSY_NASB0-S6710-TS20,ARGOSY_NASB0-S6710-TS20_75P-T
NC_2228,JWWAN1,56,B,2717,3471,ARGOSY_NASB0-S6710-TS20,ARGOSY_NASB0-S6710-TS20_75P-T
NC_2229,JWWAN1,58,B,2697,3471,ARGOSY_NASB0-S6710-TS20,ARGOSY_NASB0-S6710-TS20_75P-T
NC_2230,JWWAN1,59,B,2687,3771,ARGOSY_NASB0-S6710-TS20,ARGOSY_NASB0-S6710-TS20_75P-T
NC_2231,JWWAN1,60,B,2677,3471,ARGOSY_NASB0-S6710-TS20,ARGOSY_NASB0-S6710-TS20_75P-T
NC_2232,JWWAN1,61,B,2667,3771,ARGOSY_NASB0-S6710-TS20,ARGOSY_NASB0-S6710-TS20_75P-T
NC_2233,JWWAN1,62,B,2657,3471,ARGOSY_NASB0-S6710-TS20,ARGOSY_NASB0-S6710-TS20_75P-T
NC_2234,JWWAN1,63,B,2648,3771,ARGOSY_NASB0-S6710-TS20,ARGOSY_NASB0-S6710-TS20_75P-T
NC_2235,JWWAN1,64,B,2638,3471,ARGOSY_NASB0-S6710-TS20,ARGOSY_NASB0-S6710-TS20_75P-T
NC_2236,JWWAN1,65,B,2628,3771,ARGOSY_NASB0-S6710-TS20,ARGOSY_NASB0-S6710-TS20_75P-T
NC_2237,UWLAN1,8,B,6402,4882,INTEL_AX211D2W_LGA144,INTEL_AX211D2W_LGA_144P-T
NC_2238,UWLAN1,13,B,6402,4784,INTEL_AX211D2W_LGA144,INTEL_AX211D2W_LGA_144P-T
NC_2239,UWLAN1,12,B,6402,4803,INTEL_AX211D2W_LGA144,INTEL_AX211D2W_LGA_144P-T
NC_2240,UWLAN1,11,B,6402,4823,INTEL_AX211D2W_LGA144,INTEL_AX211D2W_LGA_144P-T
NC_2241,UWLAN1,9,B,6402,4862,INTEL_AX211D2W_LGA144,INTEL_AX211D2W_LGA_144P-T
NC_2242,UWLAN1,10,B,6402,4843,INTEL_AX211D2W_LGA144,INTEL_AX211D2W_LGA_144P-T
NC_2243,UWLAN1,57,B,5949,4646,INTEL_AX211D2W_LGA144,INTEL_AX211D2W_LGA_144P-T
NC_2244,UWLAN1,54,B,5949,4587,INTEL_AX211D2W_LGA144,INTEL_AX211D2W_LGA_144P-T
NC_2245,UWLAN1,55,B,5949,4606,INTEL_AX211D2W_LGA144,INTEL_AX211D2W_LGA_144P-T
NC_2246,UWLAN1,56,B,5949,4626,INTEL_AX211D2W_LGA144,INTEL_AX211D2W_LGA_144P-T
NC_2247,UWLAN1,61,B,5949,4724,INTEL_AX211D2W_LGA144,INTEL_AX211D2W_LGA_144P-T
NC_2248,UWLAN1,60,B,5949,4705,INTEL_AX211D2W_LGA144,INTEL_AX211D2W_LGA_144P-T
NC_2249,UWLAN1,59,B,5949,4685,INTEL_AX211D2W_LGA144,INTEL_AX211D2W_LGA_144P-T
NC_2250,UWLAN1,58,B,5949,4665,INTEL_AX211D2W_LGA144,INTEL_AX211D2W_LGA_144P-T
NC_2251,UWLAN1,16,B,6402,4724,INTEL_AX211D2W_LGA144,INTEL_AX211D2W_LGA_144P-T
NC_2252,UWLAN1,18,B,6402,4685,INTEL_AX211D2W_LGA144,INTEL_AX211D2W_LGA_144P-T
NC_2253,UWLAN1,19,B,6402,4665,INTEL_AX211D2W_LGA144,INTEL_AX211D2W_LGA_144P-T
NC_2254,UWLAN1,21,B,6402,4626,INTEL_AX211D2W_LGA144,INTEL_AX211D2W_LGA_144P-T
NC_2255,UWLAN1,22,B,6402,4606,INTEL_AX211D2W_LGA144,INTEL_AX211D2W_LGA_144P-T
NC_2256,UWLAN1,66,B,5949,4823,INTEL_AX211D2W_LGA144,INTEL_AX211D2W_LGA_144P-T
NC_2257,UWLAN1,67,B,5949,4843,INTEL_AX211D2W_LGA144,INTEL_AX211D2W_LGA_144P-T
NC_2258,UWLAN1,7,B,6402,4902,INTEL_AX211D2W_LGA144,INTEL_AX211D2W_LGA_144P-T
NC_2259,UWLAN1,52,B,5949,4547,INTEL_AX211D2W_LGA144,INTEL_AX211D2W_LGA_144P-T
NC_2260,UWLAN1,51,B,5949,4528,INTEL_AX211D2W_LGA144,INTEL_AX211D2W_LGA_144P-T
NC_2261,UWLAN1,50,B,5949,4508,INTEL_AX211D2W_LGA144,INTEL_AX211D2W_LGA_144P-T
NC_2262,UWLAN1,49,B,5949,4488,INTEL_AX211D2W_LGA144,INTEL_AX211D2W_LGA_144P-T
NC_2263,UWLAN1,48,B,5988,4449,INTEL_AX211D2W_LGA144,INTEL_AX211D2W_LGA_144P-T
NC_2264,UWLAN1,47,B,6008,4449,INTEL_AX211D2W_LGA144,INTEL_AX211D2W_LGA_144P-T
NC_2265,UWLAN1,45,B,6047,4449,INTEL_AX211D2W_LGA144,INTEL_AX211D2W_LGA_144P-T
NC_2266,UWLAN1,46,B,6028,4449,INTEL_AX211D2W_LGA144,INTEL_AX211D2W_LGA_144P-T
NC_2267,UWLAN1,14,B,6402,4764,INTEL_AX211D2W_LGA144,INTEL_AX211D2W_LGA_144P-T
NC_2268,UWLAN1,15,B,6402,4744,INTEL_AX211D2W_LGA144,INTEL_AX211D2W_LGA_144P-T
NC_2269,UWLAN1,53,B,5949,4567,INTEL_AX211D2W_LGA144,INTEL_AX211D2W_LGA_144P-T
NC_2270,UWLAN1,1,B,6402,5020,INTEL_AX211D2W_LGA144,INTEL_AX211D2W_LGA_144P-T
NC_2271,UWLAN1,2,B,6402,5000,INTEL_AX211D2W_LGA144,INTEL_AX211D2W_LGA_144P-T
NC_2272,UWLAN1,3,B,6402,4980,INTEL_AX211D2W_LGA144,INTEL_AX211D2W_LGA_144P-T
NC_2273,UWLAN1,A09,B,6333,4823,INTEL_AX211D2W_LGA144,INTEL_AX211D2W_LGA_144P-T
NC_2274,UWLAN1,A10,B,6333,4803,INTEL_AX211D2W_LGA144,INTEL_AX211D2W_LGA_144P-T
NC_2275,UWLAN1,A08,B,6333,4843,INTEL_AX211D2W_LGA144,INTEL_AX211D2W_LGA_144P-T
NC_2276,UWLAN1,65,B,5949,4803,INTEL_AX211D2W_LGA144,INTEL_AX211D2W_LGA_144P-T
NC_2277,UWLAN1,A45,B,6018,4764,INTEL_AX211D2W_LGA144,INTEL_AX211D2W_LGA_144P-T
NC_2278,UWLAN1,A11,B,6333,4784,INTEL_AX211D2W_LGA144,INTEL_AX211D2W_LGA_144P-T
NC_2279,UWLAN1,A12,B,6333,4764,INTEL_AX211D2W_LGA144,INTEL_AX211D2W_LGA_144P-T
NC_2280,UWLAN1,A13,B,6333,4744,INTEL_AX211D2W_LGA144,INTEL_AX211D2W_LGA_144P-T
NC_2281,UWLAN1,A14,B,6333,4724,INTEL_AX211D2W_LGA144,INTEL_AX211D2W_LGA_144P-T
NC_2282,UWLAN1,A16,B,6333,4685,INTEL_AX211D2W_LGA144,INTEL_AX211D2W_LGA_144P-T
NC_2283,UWLAN1,A17,B,6333,4665,INTEL_AX211D2W_LGA144,INTEL_AX211D2W_LGA_144P-T
NC_2284,UWLAN1,A18,B,6333,4646,INTEL_AX211D2W_LGA144,INTEL_AX211D2W_LGA_144P-T
NC_2285,UWLAN1,A27,B,6280,4482,INTEL_AX211D2W_LGA144,INTEL_AX211D2W_LGA_144P-T
NC_2286,UWLAN1,A28,B,6197,4482,INTEL_AX211D2W_LGA144,INTEL_AX211D2W_LGA_144P-T
NC_2287,UWLAN1,A29,B,6154,4482,INTEL_AX211D2W_LGA144,INTEL_AX211D2W_LGA_144P-T
NC_2288,UWLAN1,A30,B,6071,4482,INTEL_AX211D2W_LGA144,INTEL_AX211D2W_LGA_144P-T
NC_2289,UWLAN1,A46,B,6018,4784,INTEL_AX211D2W_LGA144,INTEL_AX211D2W_LGA_144P-T
NC_2290,UWLAN1,A47,B,6018,4803,INTEL_AX211D2W_LGA144,INTEL_AX211D2W_LGA_144P-T
NC_2291,JKBL2,32,T,2604,2923,HIGHS_FC5AF361-1151H,HIGHS_FC5AF361-1151H_36P-T
NC_2292,JKBL2,36,T,2682,2923,HIGHS_FC5AF361-1151H,HIGHS_FC5AF361-1151H_36P-T
NC_2293,JNFC1,10,B,1309,951,HIGHS_FC5AF121-2121H,HIGHS_FC5AF121-2121H_12P-T
NC_2294,JNFC1,11,B,1289,951,HIGHS_FC5AF121-2121H,HIGHS_FC5AF121-2121H_12P-T
NC_2295,JBATT1,3,B,3561,865,ALLTOP_C13903-10835-L,ALLTOP_C13903-10835-L_8P
NC_2298,JCAM1,25,B,8579,4955,I-PEX_20654-030E-01,I-PEX_20654-030E-01_30P
NC_2299,JCAM1,26,B,8594,4955,I-PEX_20654-030E-01,I-PEX_20654-030E-01_30P
NC_2300,JCAM1,27,B,8610,4955,I-PEX_20654-030E-01,I-PEX_20654-030E-01_30P
NC_2301,JCAM1,28,B,8626,4955,I-PEX_20654-030E-01,I-PEX_20654-030E-01_30P
NC_2302,JCAM1,29,B,8642,4955,I-PEX_20654-030E-01,I-PEX_20654-030E-01_30P
NC_2303,U3101,8,T,9575,4790,NCP45491XMNTWG_QFN32_4X4,NCP45491XMNTWG_QFN32_4X4
NC_2304,U3101,10,T,9609,4772,NCP45491XMNTWG_QFN32_4X4,NCP45491XMNTWG_QFN32_4X4
NC_2305,U3101,17,T,9721,4790,NCP45491XMNTWG_QFN32_4X4,NCP45491XMNTWG_QFN32_4X4
NC_2306,U3101,18,T,9721,4806,NCP45491XMNTWG_QFN32_4X4,NCP45491XMNTWG_QFN32_4X4
NC_2307,U3101,21,T,9721,4853,NCP45491XMNTWG_QFN32_4X4,NCP45491XMNTWG_QFN32_4X4
NC_2308,U3101,26,T,9687,4918,NCP45491XMNTWG_QFN32_4X4,NCP45491XMNTWG_QFN32_4X4
NC_2309,UGPU1,AA1,B,7756,3679,NVIDIA_GN20-S5-GB3-64_FCBGA771,NVIDIA_GN20-S5-GB3-64_FCBGA_771P-T
NC_2310,UGPU1,AA2,B,7728,3679,NVIDIA_GN20-S5-GB3-64_FCBGA771,NVIDIA_GN20-S5-GB3-64_FCBGA_771P-T
NC_2311,UGPU1,AA3,B,7701,3679,NVIDIA_GN20-S5-GB3-64_FCBGA771,NVIDIA_GN20-S5-GB3-64_FCBGA_771P-T
NC_2312,UGPU1,AA4,B,7673,3679,NVIDIA_GN20-S5-GB3-64_FCBGA771,NVIDIA_GN20-S5-GB3-64_FCBGA_771P-T
NC_2313,UGPU1,AA5,B,7646,3679,NVIDIA_GN20-S5-GB3-64_FCBGA771,NVIDIA_GN20-S5-GB3-64_FCBGA_771P-T
NC_2314,UGPU1,AA6,B,7618,3679,NVIDIA_GN20-S5-GB3-64_FCBGA771,NVIDIA_GN20-S5-GB3-64_FCBGA_771P-T
NC_2315,UGPU1,AC1,B,7756,3624,NVIDIA_GN20-S5-GB3-64_FCBGA771,NVIDIA_GN20-S5-GB3-64_FCBGA_771P-T
NC_2316,UGPU1,AC4,B,7673,3624,NVIDIA_GN20-S5-GB3-64_FCBGA771,NVIDIA_GN20-S5-GB3-64_FCBGA_771P-T
NC_2317,UGPU1,AC5,B,7646,3624,NVIDIA_GN20-S5-GB3-64_FCBGA771,NVIDIA_GN20-S5-GB3-64_FCBGA_771P-T
NC_2318,UGPU1,AD1,B,7756,3596,NVIDIA_GN20-S5-GB3-64_FCBGA771,NVIDIA_GN20-S5-GB3-64_FCBGA_771P-T
NC_2319,UGPU1,AD2,B,7728,3596,NVIDIA_GN20-S5-GB3-64_FCBGA771,NVIDIA_GN20-S5-GB3-64_FCBGA_771P-T
NC_2320,UGPU1,AD3,B,7701,3596,NVIDIA_GN20-S5-GB3-64_FCBGA771,NVIDIA_GN20-S5-GB3-64_FCBGA_771P-T
NC_2321,UGPU1,AD4,B,7673,3596,NVIDIA_GN20-S5-GB3-64_FCBGA771,NVIDIA_GN20-S5-GB3-64_FCBGA_771P-T
NC_2322,UGPU1,AD5,B,7646,3596,NVIDIA_GN20-S5-GB3-64_FCBGA771,NVIDIA_GN20-S5-GB3-64_FCBGA_771P-T
NC_2323,UGPU1,AE17,B,7305,3559,NVIDIA_GN20-S5-GB3-64_FCBGA771,NVIDIA_GN20-S5-GB3-64_FCBGA_771P-T
NC_2324,UGPU1,AE18,B,7278,3559,NVIDIA_GN20-S5-GB3-64_FCBGA771,NVIDIA_GN20-S5-GB3-64_FCBGA_771P-T
NC_2325,UGPU1,AE20,B,7222,3559,NVIDIA_GN20-S5-GB3-64_FCBGA771,NVIDIA_GN20-S5-GB3-64_FCBGA_771P-T
NC_2326,UGPU1,AE21,B,7195,3559,NVIDIA_GN20-S5-GB3-64_FCBGA771,NVIDIA_GN20-S5-GB3-64_FCBGA_771P-T
NC_2327,UGPU1,AE23,B,7140,3559,NVIDIA_GN20-S5-GB3-64_FCBGA771,NVIDIA_GN20-S5-GB3-64_FCBGA_771P-T
NC_2328,UGPU1,AE24,B,7112,3559,NVIDIA_GN20-S5-GB3-64_FCBGA771,NVIDIA_GN20-S5-GB3-64_FCBGA_771P-T
NC_2329,UGPU1,AF1,B,7756,3541,NVIDIA_GN20-S5-GB3-64_FCBGA771,NVIDIA_GN20-S5-GB3-64_FCBGA_771P-T
NC_2330,UGPU1,AF3,B,7701,3541,NVIDIA_GN20-S5-GB3-64_FCBGA771,NVIDIA_GN20-S5-GB3-64_FCBGA_771P-T
NC_2331,UGPU1,AF4,B,7673,3541,NVIDIA_GN20-S5-GB3-64_FCBGA771,NVIDIA_GN20-S5-GB3-64_FCBGA_771P-T
NC_2332,UGPU1,AF11,B,7470,3532,NVIDIA_GN20-S5-GB3-64_FCBGA771,NVIDIA_GN20-S5-GB3-64_FCBGA_771P-T
NC_2333,UGPU1,AF12,B,7443,3532,NVIDIA_GN20-S5-GB3-64_FCBGA771,NVIDIA_GN20-S5-GB3-64_FCBGA_771P-T
NC_2334,UGPU1,AF17,B,7305,3532,NVIDIA_GN20-S5-GB3-64_FCBGA771,NVIDIA_GN20-S5-GB3-64_FCBGA_771P-T
NC_2335,UGPU1,AF18,B,7278,3532,NVIDIA_GN20-S5-GB3-64_FCBGA771,NVIDIA_GN20-S5-GB3-64_FCBGA_771P-T
NC_2336,UGPU1,AF20,B,7222,3532,NVIDIA_GN20-S5-GB3-64_FCBGA771,NVIDIA_GN20-S5-GB3-64_FCBGA_771P-T
NC_2337,UGPU1,AF21,B,7195,3532,NVIDIA_GN20-S5-GB3-64_FCBGA771,NVIDIA_GN20-S5-GB3-64_FCBGA_771P-T
NC_2338,UGPU1,AF23,B,7140,3532,NVIDIA_GN20-S5-GB3-64_FCBGA771,NVIDIA_GN20-S5-GB3-64_FCBGA_771P-T
NC_2339,UGPU1,AF24,B,7112,3532,NVIDIA_GN20-S5-GB3-64_FCBGA771,NVIDIA_GN20-S5-GB3-64_FCBGA_771P-T
NC_2340,UGPU1,AF25,B,7085,3532,NVIDIA_GN20-S5-GB3-64_FCBGA771,NVIDIA_GN20-S5-GB3-64_FCBGA_771P-T
NC_2341,UGPU1,AG1,B,7756,3514,NVIDIA_GN20-S5-GB3-64_FCBGA771,NVIDIA_GN20-S5-GB3-64_FCBGA_771P-T
NC_2342,UGPU1,AG8,B,7553,3504,NVIDIA_GN20-S5-GB3-64_FCBGA771,NVIDIA_GN20-S5-GB3-64_FCBGA_771P-T
NC_2343,UGPU1,AG9,B,7526,3504,NVIDIA_GN20-S5-GB3-64_FCBGA771,NVIDIA_GN20-S5-GB3-64_FCBGA_771P-T
NC_2344,UGPU1,AG11,B,7470,3504,NVIDIA_GN20-S5-GB3-64_FCBGA771,NVIDIA_GN20-S5-GB3-64_FCBGA_771P-T
NC_2345,UGPU1,AG12,B,7443,3504,NVIDIA_GN20-S5-GB3-64_FCBGA771,NVIDIA_GN20-S5-GB3-64_FCBGA_771P-T
NC_2346,UGPU1,AG14,B,7388,3504,NVIDIA_GN20-S5-GB3-64_FCBGA771,NVIDIA_GN20-S5-GB3-64_FCBGA_771P-T
NC_2347,UGPU1,AG15,B,7360,3504,NVIDIA_GN20-S5-GB3-64_FCBGA771,NVIDIA_GN20-S5-GB3-64_FCBGA_771P-T
NC_2348,UGPU1,AG17,B,7305,3504,NVIDIA_GN20-S5-GB3-64_FCBGA771,NVIDIA_GN20-S5-GB3-64_FCBGA_771P-T
NC_2349,UGPU1,AG18,B,7278,3504,NVIDIA_GN20-S5-GB3-64_FCBGA771,NVIDIA_GN20-S5-GB3-64_FCBGA_771P-T
NC_2350,UGPU1,AG20,B,7222,3504,NVIDIA_GN20-S5-GB3-64_FCBGA771,NVIDIA_GN20-S5-GB3-64_FCBGA_771P-T
NC_2351,UGPU1,AG21,B,7195,3504,NVIDIA_GN20-S5-GB3-64_FCBGA771,NVIDIA_GN20-S5-GB3-64_FCBGA_771P-T
NC_2352,UGPU1,AG23,B,7140,3504,NVIDIA_GN20-S5-GB3-64_FCBGA771,NVIDIA_GN20-S5-GB3-64_FCBGA_771P-T
NC_2353,UGPU1,AG24,B,7112,3504,NVIDIA_GN20-S5-GB3-64_FCBGA771,NVIDIA_GN20-S5-GB3-64_FCBGA_771P-T
NC_2354,UGPU1,AG26,B,7057,3504,NVIDIA_GN20-S5-GB3-64_FCBGA771,NVIDIA_GN20-S5-GB3-64_FCBGA_771P-T
NC_2355,UGPU1,AG27,B,7020,3504,NVIDIA_GN20-S5-GB3-64_FCBGA771,NVIDIA_GN20-S5-GB3-64_FCBGA_771P-T
NC_2356,UGPU1,AH8,B,7553,3476,NVIDIA_GN20-S5-GB3-64_FCBGA771,NVIDIA_GN20-S5-GB3-64_FCBGA_771P-T
NC_2357,UGPU1,AH9,B,7526,3476,NVIDIA_GN20-S5-GB3-64_FCBGA771,NVIDIA_GN20-S5-GB3-64_FCBGA_771P-T
NC_2358,UGPU1,AJ3,B,7701,3449,NVIDIA_GN20-S5-GB3-64_FCBGA771,NVIDIA_GN20-S5-GB3-64_FCBGA_771P-T
NC_2359,UGPU1,AJ11,B,7470,3449,NVIDIA_GN20-S5-GB3-64_FCBGA771,NVIDIA_GN20-S5-GB3-64_FCBGA_771P-T
NC_2360,UGPU1,AJ12,B,7443,3449,NVIDIA_GN20-S5-GB3-64_FCBGA771,NVIDIA_GN20-S5-GB3-64_FCBGA_771P-T
NC_2361,UGPU1,AJ14,B,7388,3449,NVIDIA_GN20-S5-GB3-64_FCBGA771,NVIDIA_GN20-S5-GB3-64_FCBGA_771P-T
NC_2362,UGPU1,AJ15,B,7360,3449,NVIDIA_GN20-S5-GB3-64_FCBGA771,NVIDIA_GN20-S5-GB3-64_FCBGA_771P-T
NC_2363,UGPU1,AJ17,B,7305,3449,NVIDIA_GN20-S5-GB3-64_FCBGA771,NVIDIA_GN20-S5-GB3-64_FCBGA_771P-T
NC_2364,UGPU1,AJ18,B,7278,3449,NVIDIA_GN20-S5-GB3-64_FCBGA771,NVIDIA_GN20-S5-GB3-64_FCBGA_771P-T
NC_2365,UGPU1,AJ20,B,7222,3449,NVIDIA_GN20-S5-GB3-64_FCBGA771,NVIDIA_GN20-S5-GB3-64_FCBGA_771P-T
NC_2366,UGPU1,AJ21,B,7195,3449,NVIDIA_GN20-S5-GB3-64_FCBGA771,NVIDIA_GN20-S5-GB3-64_FCBGA_771P-T
NC_2367,UGPU1,AJ23,B,7140,3449,NVIDIA_GN20-S5-GB3-64_FCBGA771,NVIDIA_GN20-S5-GB3-64_FCBGA_771P-T
NC_2368,UGPU1,AJ24,B,7112,3449,NVIDIA_GN20-S5-GB3-64_FCBGA771,NVIDIA_GN20-S5-GB3-64_FCBGA_771P-T
NC_2369,UGPU1,AJ26,B,7057,3449,NVIDIA_GN20-S5-GB3-64_FCBGA771,NVIDIA_GN20-S5-GB3-64_FCBGA_771P-T
NC_2370,UGPU1,AJ27,B,7030,3449,NVIDIA_GN20-S5-GB3-64_FCBGA771,NVIDIA_GN20-S5-GB3-64_FCBGA_771P-T
NC_2371,UGPU1,AK8,B,7553,3421,NVIDIA_GN20-S5-GB3-64_FCBGA771,NVIDIA_GN20-S5-GB3-64_FCBGA_771P-T
NC_2372,UGPU1,AK9,B,7526,3421,NVIDIA_GN20-S5-GB3-64_FCBGA771,NVIDIA_GN20-S5-GB3-64_FCBGA_771P-T
NC_2373,UGPU1,AK11,B,7470,3421,NVIDIA_GN20-S5-GB3-64_FCBGA771,NVIDIA_GN20-S5-GB3-64_FCBGA_771P-T
NC_2374,UGPU1,AK12,B,7443,3421,NVIDIA_GN20-S5-GB3-64_FCBGA771,NVIDIA_GN20-S5-GB3-64_FCBGA_771P-T
NC_2375,UGPU1,AK14,B,7388,3421,NVIDIA_GN20-S5-GB3-64_FCBGA771,NVIDIA_GN20-S5-GB3-64_FCBGA_771P-T
NC_2376,UGPU1,AK15,B,7360,3421,NVIDIA_GN20-S5-GB3-64_FCBGA771,NVIDIA_GN20-S5-GB3-64_FCBGA_771P-T
NC_2377,UGPU1,AK17,B,7305,3421,NVIDIA_GN20-S5-GB3-64_FCBGA771,NVIDIA_GN20-S5-GB3-64_FCBGA_771P-T
NC_2378,UGPU1,AK18,B,7278,3421,NVIDIA_GN20-S5-GB3-64_FCBGA771,NVIDIA_GN20-S5-GB3-64_FCBGA_771P-T
NC_2379,UGPU1,AK20,B,7222,3421,NVIDIA_GN20-S5-GB3-64_FCBGA771,NVIDIA_GN20-S5-GB3-64_FCBGA_771P-T
NC_2380,UGPU1,AK21,B,7195,3421,NVIDIA_GN20-S5-GB3-64_FCBGA771,NVIDIA_GN20-S5-GB3-64_FCBGA_771P-T
NC_2381,UGPU1,AK23,B,7140,3421,NVIDIA_GN20-S5-GB3-64_FCBGA771,NVIDIA_GN20-S5-GB3-64_FCBGA_771P-T
NC_2382,UGPU1,AK24,B,7112,3421,NVIDIA_GN20-S5-GB3-64_FCBGA771,NVIDIA_GN20-S5-GB3-64_FCBGA_771P-T
NC_2383,UGPU1,AK26,B,7057,3421,NVIDIA_GN20-S5-GB3-64_FCBGA771,NVIDIA_GN20-S5-GB3-64_FCBGA_771P-T
NC_2384,UGPU1,AK27,B,7030,3421,NVIDIA_GN20-S5-GB3-64_FCBGA771,NVIDIA_GN20-S5-GB3-64_FCBGA_771P-T
NC_2385,UGPU1,AL8,B,7553,3394,NVIDIA_GN20-S5-GB3-64_FCBGA771,NVIDIA_GN20-S5-GB3-64_FCBGA_771P-T
NC_2386,UGPU1,AL9,B,7526,3394,NVIDIA_GN20-S5-GB3-64_FCBGA771,NVIDIA_GN20-S5-GB3-64_FCBGA_771P-T
NC_2387,UGPU1,AL11,B,7470,3394,NVIDIA_GN20-S5-GB3-64_FCBGA771,NVIDIA_GN20-S5-GB3-64_FCBGA_771P-T
NC_2388,UGPU1,AL12,B,7443,3394,NVIDIA_GN20-S5-GB3-64_FCBGA771,NVIDIA_GN20-S5-GB3-64_FCBGA_771P-T
NC_2389,UGPU1,AL14,B,7388,3394,NVIDIA_GN20-S5-GB3-64_FCBGA771,NVIDIA_GN20-S5-GB3-64_FCBGA_771P-T
NC_2390,UGPU1,AL15,B,7360,3394,NVIDIA_GN20-S5-GB3-64_FCBGA771,NVIDIA_GN20-S5-GB3-64_FCBGA_771P-T
NC_2391,UGPU1,AL17,B,7305,3394,NVIDIA_GN20-S5-GB3-64_FCBGA771,NVIDIA_GN20-S5-GB3-64_FCBGA_771P-T
NC_2392,UGPU1,AL18,B,7278,3394,NVIDIA_GN20-S5-GB3-64_FCBGA771,NVIDIA_GN20-S5-GB3-64_FCBGA_771P-T
NC_2393,UGPU1,AL20,B,7222,3394,NVIDIA_GN20-S5-GB3-64_FCBGA771,NVIDIA_GN20-S5-GB3-64_FCBGA_771P-T
NC_2394,UGPU1,AL21,B,7195,3394,NVIDIA_GN20-S5-GB3-64_FCBGA771,NVIDIA_GN20-S5-GB3-64_FCBGA_771P-T
NC_2395,UGPU1,AL23,B,7140,3394,NVIDIA_GN20-S5-GB3-64_FCBGA771,NVIDIA_GN20-S5-GB3-64_FCBGA_771P-T
NC_2396,UGPU1,AL24,B,7112,3394,NVIDIA_GN20-S5-GB3-64_FCBGA771,NVIDIA_GN20-S5-GB3-64_FCBGA_771P-T
NC_2397,UGPU1,AL26,B,7057,3394,NVIDIA_GN20-S5-GB3-64_FCBGA771,NVIDIA_GN20-S5-GB3-64_FCBGA_771P-T
NC_2398,UGPU1,AL27,B,7030,3394,NVIDIA_GN20-S5-GB3-64_FCBGA771,NVIDIA_GN20-S5-GB3-64_FCBGA_771P-T
NC_2399,UGPU1,D15,B,7360,4157,NVIDIA_GN20-S5-GB3-64_FCBGA771,NVIDIA_GN20-S5-GB3-64_FCBGA_771P-T
NC_2400,UGPU1,D18,B,7278,4157,NVIDIA_GN20-S5-GB3-64_FCBGA771,NVIDIA_GN20-S5-GB3-64_FCBGA_771P-T
NC_2401,UGPU1,E14,B,7388,4130,NVIDIA_GN20-S5-GB3-64_FCBGA771,NVIDIA_GN20-S5-GB3-64_FCBGA_771P-T
NC_2402,UGPU1,E15,B,7360,4130,NVIDIA_GN20-S5-GB3-64_FCBGA771,NVIDIA_GN20-S5-GB3-64_FCBGA_771P-T
NC_2403,UGPU1,E17,B,7305,4130,NVIDIA_GN20-S5-GB3-64_FCBGA771,NVIDIA_GN20-S5-GB3-64_FCBGA_771P-T
NC_2404,UGPU1,E18,B,7278,4130,NVIDIA_GN20-S5-GB3-64_FCBGA771,NVIDIA_GN20-S5-GB3-64_FCBGA_771P-T
NC_2405,UGPU1,F17,B,7305,4102,NVIDIA_GN20-S5-GB3-64_FCBGA771,NVIDIA_GN20-S5-GB3-64_FCBGA_771P-T
NC_2406,UGPU1,F18,B,7278,4102,NVIDIA_GN20-S5-GB3-64_FCBGA771,NVIDIA_GN20-S5-GB3-64_FCBGA_771P-T
NC_2407,UGPU1,R30,B,6937,3844,NVIDIA_GN20-S5-GB3-64_FCBGA771,NVIDIA_GN20-S5-GB3-64_FCBGA_771P-T
NC_2408,UGPU1,U2,B,7728,3789,NVIDIA_GN20-S5-GB3-64_FCBGA771,NVIDIA_GN20-S5-GB3-64_FCBGA_771P-T
NC_2409,UGPU1,U3,B,7701,3789,NVIDIA_GN20-S5-GB3-64_FCBGA771,NVIDIA_GN20-S5-GB3-64_FCBGA_771P-T
NC_2410,UGPU1,U4,B,7673,3789,NVIDIA_GN20-S5-GB3-64_FCBGA771,NVIDIA_GN20-S5-GB3-64_FCBGA_771P-T
NC_2411,UGPU1,V1,B,7756,3762,NVIDIA_GN20-S5-GB3-64_FCBGA771,NVIDIA_GN20-S5-GB3-64_FCBGA_771P-T
NC_2412,UGPU1,V2,B,7728,3762,NVIDIA_GN20-S5-GB3-64_FCBGA771,NVIDIA_GN20-S5-GB3-64_FCBGA_771P-T
NC_2413,UGPU1,V3,B,7701,3762,NVIDIA_GN20-S5-GB3-64_FCBGA771,NVIDIA_GN20-S5-GB3-64_FCBGA_771P-T
NC_2414,UGPU1,V4,B,7673,3762,NVIDIA_GN20-S5-GB3-64_FCBGA771,NVIDIA_GN20-S5-GB3-64_FCBGA_771P-T
NC_2415,UGPU1,Y1,B,7756,3707,NVIDIA_GN20-S5-GB3-64_FCBGA771,NVIDIA_GN20-S5-GB3-64_FCBGA_771P-T
NC_2416,UGPU1,Y4,B,7673,3707,NVIDIA_GN20-S5-GB3-64_FCBGA771,NVIDIA_GN20-S5-GB3-64_FCBGA_771P-T
NC_2417,UGPU1,Y5,B,7646,3707,NVIDIA_GN20-S5-GB3-64_FCBGA771,NVIDIA_GN20-S5-GB3-64_FCBGA_771P-T
NC_2418,UGPU1,Y6,B,7618,3707,NVIDIA_GN20-S5-GB3-64_FCBGA771,NVIDIA_GN20-S5-GB3-64_FCBGA_771P-T
NC_2419,UGPU1,Y7,B,7591,3707,NVIDIA_GN20-S5-GB3-64_FCBGA771,NVIDIA_GN20-S5-GB3-64_FCBGA_771P-T
NC_2422,JDDR1,162,B,5645,1827,ARGOS_D4ASL-26010-1P40,ARGOS_D4ASL-26010-1P40_260P
NC_2423,JDDR1,165,B,5675,2150,ARGOS_D4ASL-26010-1P40,ARGOS_D4ASL-26010-1P40_260P
NC_2424,U2501,N9,T,5794,1237,K4A8G165WB-BCPB_FBGA96,K4ABG165WA-MCTD_FBGA_96P-T_3SILK
NC_2425,U2601,N9,T,6479,1237,K4A8G165WB-BCPB_FBGA96,K4ABG165WA-MCTD_FBGA_96P-T_3SILK
NC_2426,U2701,N9,T,5109,1237,K4A8G165WB-BCPB_FBGA96,K4ABG165WA-MCTD_FBGA_96P-T_3SILK
NC_2427,U2801,N9,T,4424,1237,K4A8G165WB-BCPB_FBGA96,K4ABG165WA-MCTD_FBGA_96P-T_3SILK
NC_2428,UCPU1,W57,B,4238,2948,ALDERLAKE-P-CPU_BGA1744,ALDERLAKE-P-CPU_BGA_1744P-T
NC_2429,UCPU1,Y58,B,4253,2928,ALDERLAKE-P-CPU_BGA1744,ALDERLAKE-P-CPU_BGA_1744P-T
NC_2430,UCPU1,Y61,B,4259,2888,ALDERLAKE-P-CPU_BGA1744,ALDERLAKE-P-CPU_BGA_1744P-T
NC_2431,UCPU1,Y56,B,4259,2969,ALDERLAKE-P-CPU_BGA1744,ALDERLAKE-P-CPU_BGA_1744P-T
NC_2432,UCPU1,AH57,B,4379,2948,ALDERLAKE-P-CPU_BGA1744,ALDERLAKE-P-CPU_BGA_1744P-T
NC_2433,UCPU1,AB61,B,4285,2888,ALDERLAKE-P-CPU_BGA1744,ALDERLAKE-P-CPU_BGA_1744P-T
NC_2434,UCPU1,AL56,B,4427,2969,ALDERLAKE-P-CPU_BGA1744,ALDERLAKE-P-CPU_BGA_1744P-T
NC_2435,UCPU1,AJ58,B,4395,2928,ALDERLAKE-P-CPU_BGA1744,ALDERLAKE-P-CPU_BGA_1744P-T
NC_2436,UCPU1,AL58,B,4432,2928,ALDERLAKE-P-CPU_BGA1744,ALDERLAKE-P-CPU_BGA_1744P-T
NC_2437,UCPU1,CB55,B,4927,2972,ALDERLAKE-P-CPU_BGA1744,ALDERLAKE-P-CPU_BGA_1744P-T
NC_2438,UCPU1,CE57,B,4969,2948,ALDERLAKE-P-CPU_BGA1744,ALDERLAKE-P-CPU_BGA_1744P-T
NC_2439,UCPU1,CF56,B,4990,2969,ALDERLAKE-P-CPU_BGA1744,ALDERLAKE-P-CPU_BGA_1744P-T
NC_2440,UCPU1,CF58,B,4984,2928,ALDERLAKE-P-CPU_BGA1744,ALDERLAKE-P-CPU_BGA_1744P-T
NC_2441,UCPU1,CF61,B,4990,2888,ALDERLAKE-P-CPU_BGA1744,ALDERLAKE-P-CPU_BGA_1744P-T
NC_2442,UCPU1,CH61,B,5016,2888,ALDERLAKE-P-CPU_BGA1744,ALDERLAKE-P-CPU_BGA_1744P-T
NC_2443,UCPU1,CP57,B,5110,2948,ALDERLAKE-P-CPU_BGA1744,ALDERLAKE-P-CPU_BGA_1744P-T
NC_2444,UCPU1,CR58,B,5126,2928,ALDERLAKE-P-CPU_BGA1744,ALDERLAKE-P-CPU_BGA_1744P-T
NC_2445,UCPU1,CU56,B,5158,2969,ALDERLAKE-P-CPU_BGA1744,ALDERLAKE-P-CPU_BGA_1744P-T
NC_2446,UCPU1,CU58,B,5163,2928,ALDERLAKE-P-CPU_BGA1744,ALDERLAKE-P-CPU_BGA_1744P-T
NC_2447,UCPU1,DR56,B,5434,2967,ALDERLAKE-P-CPU_BGA1744,ALDERLAKE-P-CPU_BGA_1744P-T
NC_2448,UCPU1,DR58,B,5436,2930,ALDERLAKE-P-CPU_BGA1744,ALDERLAKE-P-CPU_BGA_1744P-T
NC_2449,UCPU1,DT59,B,5462,2919,ALDERLAKE-P-CPU_BGA1744,ALDERLAKE-P-CPU_BGA_1744P-T
NC_2450,UCPU1,DT61,B,5465,2888,ALDERLAKE-P-CPU_BGA1744,ALDERLAKE-P-CPU_BGA_1744P-T
NC_2451,UCPU1,EB54,B,5553,2999,ALDERLAKE-P-CPU_BGA1744,ALDERLAKE-P-CPU_BGA_1744P-T
NC_2452,UCPU1,EB57,B,5557,2944,ALDERLAKE-P-CPU_BGA1744,ALDERLAKE-P-CPU_BGA_1744P-T
NC_2453,UCPU1,EF61,B,5613,2888,ALDERLAKE-P-CPU_BGA1744,ALDERLAKE-P-CPU_BGA_1744P-T
NC_2454,UCPU1,EG58,B,5631,2933,ALDERLAKE-P-CPU_BGA1744,ALDERLAKE-P-CPU_BGA_1744P-T
NC_2455,UCPU1,EU61,B,5789,2888,ALDERLAKE-P-CPU_BGA1744,ALDERLAKE-P-CPU_BGA_1744P-T
NC_2456,UCPU1,EY61,B,5840,2888,ALDERLAKE-P-CPU_BGA1744,ALDERLAKE-P-CPU_BGA_1744P-T
NC_2457,UCPU1,FB58,B,5859,2939,ALDERLAKE-P-CPU_BGA1744,ALDERLAKE-P-CPU_BGA_1744P-T
NC_2458,UCPU1,W53,B,4241,3013,ALDERLAKE-P-CPU_BGA1744,ALDERLAKE-P-CPU_BGA_1744P-T
NC_2459,UCPU1,T53,B,4201,3010,ALDERLAKE-P-CPU_BGA1744,ALDERLAKE-P-CPU_BGA_1744P-T
NC_2460,UCPU1,T47,B,4201,3105,ALDERLAKE-P-CPU_BGA1744,ALDERLAKE-P-CPU_BGA_1744P-T
NC_2461,UCPU1,Y51,B,4259,3044,ALDERLAKE-P-CPU_BGA1744,ALDERLAKE-P-CPU_BGA_1744P-T
NC_2462,UCPU1,AA46,B,4277,3115,ALDERLAKE-P-CPU_BGA1744,ALDERLAKE-P-CPU_BGA_1744P-T
NC_2463,UCPU1,AB51,B,4285,3044,ALDERLAKE-P-CPU_BGA1744,ALDERLAKE-P-CPU_BGA_1744P-T
NC_2464,UCPU1,AG48,B,4365,3093,ALDERLAKE-P-CPU_BGA1744,ALDERLAKE-P-CPU_BGA_1744P-T
NC_2465,UCPU1,AG49,B,4368,3068,ALDERLAKE-P-CPU_BGA1744,ALDERLAKE-P-CPU_BGA_1744P-T
NC_2466,UCPU1,AJ51,B,4401,3044,ALDERLAKE-P-CPU_BGA1744,ALDERLAKE-P-CPU_BGA_1744P-T
NC_2467,UCPU1,AL51,B,4426,3044,ALDERLAKE-P-CPU_BGA1744,ALDERLAKE-P-CPU_BGA_1744P-T
NC_2468,UCPU1,BG53,B,4689,3010,ALDERLAKE-P-CPU_BGA1744,ALDERLAKE-P-CPU_BGA_1744P-T
NC_2469,UCPU1,BG47,B,4689,3100,ALDERLAKE-P-CPU_BGA1744,ALDERLAKE-P-CPU_BGA_1744P-T
NC_2470,UCPU1,CE53,B,4972,3013,ALDERLAKE-P-CPU_BGA1744,ALDERLAKE-P-CPU_BGA_1744P-T
NC_2471,UCPU1,CC53,B,4932,3010,ALDERLAKE-P-CPU_BGA1744,ALDERLAKE-P-CPU_BGA_1744P-T
NC_2472,UCPU1,CC47,B,4932,3105,ALDERLAKE-P-CPU_BGA1744,ALDERLAKE-P-CPU_BGA_1744P-T
NC_2473,UCPU1,CD48,B,4955,3093,ALDERLAKE-P-CPU_BGA1744,ALDERLAKE-P-CPU_BGA_1744P-T
NC_2474,UCPU1,CD49,B,4958,3068,ALDERLAKE-P-CPU_BGA1744,ALDERLAKE-P-CPU_BGA_1744P-T
NC_2475,UCPU1,CF51,B,4990,3044,ALDERLAKE-P-CPU_BGA1744,ALDERLAKE-P-CPU_BGA_1744P-T
NC_2476,UCPU1,CH46,B,5008,3115,ALDERLAKE-P-CPU_BGA1744,ALDERLAKE-P-CPU_BGA_1744P-T
NC_2477,UCPU1,CH51,B,5016,3044,ALDERLAKE-P-CPU_BGA1744,ALDERLAKE-P-CPU_BGA_1744P-T
NC_2478,UCPU1,CN48,B,5097,3093,ALDERLAKE-P-CPU_BGA1744,ALDERLAKE-P-CPU_BGA_1744P-T
NC_2479,UCPU1,CN49,B,5100,3068,ALDERLAKE-P-CPU_BGA1744,ALDERLAKE-P-CPU_BGA_1744P-T
NC_2480,UCPU1,CR51,B,5132,3044,ALDERLAKE-P-CPU_BGA1744,ALDERLAKE-P-CPU_BGA_1744P-T
NC_2481,UCPU1,CV53,B,5176,3013,ALDERLAKE-P-CPU_BGA1744,ALDERLAKE-P-CPU_BGA_1744P-T
NC_2482,UCPU1,CU51,B,5157,3044,ALDERLAKE-P-CPU_BGA1744,ALDERLAKE-P-CPU_BGA_1744P-T
NC_2483,UCPU1,CW47,B,5182,3105,ALDERLAKE-P-CPU_BGA1744,ALDERLAKE-P-CPU_BGA_1744P-T
NC_2484,UCPU1,DY51,B,5520,3051,ALDERLAKE-P-CPU_BGA1744,ALDERLAKE-P-CPU_BGA_1744P-T
NC_2485,UCPU1,EF53,B,5621,3007,ALDERLAKE-P-CPU_BGA1744,ALDERLAKE-P-CPU_BGA_1744P-T
NC_2486,UCPU1,EB52,B,5553,3025,ALDERLAKE-P-CPU_BGA1744,ALDERLAKE-P-CPU_BGA_1744P-T
NC_2487,UCPU1,EE46,B,5596,3125,ALDERLAKE-P-CPU_BGA1744,ALDERLAKE-P-CPU_BGA_1744P-T
NC_2488,UCPU1,EF48,B,5621,3086,ALDERLAKE-P-CPU_BGA1744,ALDERLAKE-P-CPU_BGA_1744P-T
NC_2489,UCPU1,EF51,B,5621,3047,ALDERLAKE-P-CPU_BGA1744,ALDERLAKE-P-CPU_BGA_1744P-T
NC_2490,UCPU1,EH48,B,5647,3086,ALDERLAKE-P-CPU_BGA1744,ALDERLAKE-P-CPU_BGA_1744P-T
NC_2491,UCPU1,EL51,B,5698,3047,ALDERLAKE-P-CPU_BGA1744,ALDERLAKE-P-CPU_BGA_1744P-T
NC_2492,UCPU1,EN51,B,5724,3047,ALDERLAKE-P-CPU_BGA1744,ALDERLAKE-P-CPU_BGA_1744P-T
NC_2493,UCPU1,EY53,B,5827,3010,ALDERLAKE-P-CPU_BGA1744,ALDERLAKE-P-CPU_BGA_1744P-T
NC_2494,UCPU1,EV53,B,5802,3007,ALDERLAKE-P-CPU_BGA1744,ALDERLAKE-P-CPU_BGA_1744P-T
NC_2495,UCPU1,EV50,B,5802,3060,ALDERLAKE-P-CPU_BGA1744,ALDERLAKE-P-CPU_BGA_1744P-T
NC_2496,UCPU1,A38,B,3959,3241,ALDERLAKE-P-CPU_BGA1744,ALDERLAKE-P-CPU_BGA_1744P-T
NC_2497,UCPU1,C38,B,3985,3241,ALDERLAKE-P-CPU_BGA1744,ALDERLAKE-P-CPU_BGA_1744P-T
NC_2498,UCPU1,J41,B,4093,3196,ALDERLAKE-P-CPU_BGA1744,ALDERLAKE-P-CPU_BGA_1744P-T
NC_2499,UCPU1,J44,B,4084,3150,ALDERLAKE-P-CPU_BGA1744,ALDERLAKE-P-CPU_BGA_1744P-T
NC_2500,UCPU1,K44,B,4110,3150,ALDERLAKE-P-CPU_BGA1744,ALDERLAKE-P-CPU_BGA_1744P-T
NC_2501,UCPU1,L41,B,4119,3196,ALDERLAKE-P-CPU_BGA1744,ALDERLAKE-P-CPU_BGA_1744P-T
NC_2502,UCPU1,E37,B,4023,3257,ALDERLAKE-P-CPU_BGA1744,ALDERLAKE-P-CPU_BGA_1744P-T
NC_2503,UCPU1,F39,B,4036,3235,ALDERLAKE-P-CPU_BGA1744,ALDERLAKE-P-CPU_BGA_1744P-T
NC_2504,UCPU1,G37,B,4049,3257,ALDERLAKE-P-CPU_BGA1744,ALDERLAKE-P-CPU_BGA_1744P-T
NC_2505,UCPU1,G39,B,4061,3235,ALDERLAKE-P-CPU_BGA1744,ALDERLAKE-P-CPU_BGA_1744P-T
NC_2506,UCPU1,M37,B,4139,3261,ALDERLAKE-P-CPU_BGA1744,ALDERLAKE-P-CPU_BGA_1744P-T
NC_2507,UCPU1,M39,B,4139,3236,ALDERLAKE-P-CPU_BGA1744,ALDERLAKE-P-CPU_BGA_1744P-T
NC_2508,UCPU1,M44,B,4135,3150,ALDERLAKE-P-CPU_BGA1744,ALDERLAKE-P-CPU_BGA_1744P-T
NC_2509,UCPU1,P41,B,4170,3196,ALDERLAKE-P-CPU_BGA1744,ALDERLAKE-P-CPU_BGA_1744P-T
NC_2510,UCPU1,P44,B,4161,3150,ALDERLAKE-P-CPU_BGA1744,ALDERLAKE-P-CPU_BGA_1744P-T
NC_2511,UCPU1,T41,B,4196,3196,ALDERLAKE-P-CPU_BGA1744,ALDERLAKE-P-CPU_BGA_1744P-T
NC_2512,UCPU1,W41,B,4247,3196,ALDERLAKE-P-CPU_BGA1744,ALDERLAKE-P-CPU_BGA_1744P-T
NC_2513,UCPU1,AA41,B,4272,3196,ALDERLAKE-P-CPU_BGA1744,ALDERLAKE-P-CPU_BGA_1744P-T
NC_2514,UCPU1,AB41,B,4298,3196,ALDERLAKE-P-CPU_BGA1744,ALDERLAKE-P-CPU_BGA_1744P-T
NC_2515,UCPU1,AD41,B,4323,3196,ALDERLAKE-P-CPU_BGA1744,ALDERLAKE-P-CPU_BGA_1744P-T
NC_2516,UCPU1,AF41,B,4349,3196,ALDERLAKE-P-CPU_BGA1744,ALDERLAKE-P-CPU_BGA_1744P-T
NC_2517,UCPU1,AG41,B,4375,3196,ALDERLAKE-P-CPU_BGA1744,ALDERLAKE-P-CPU_BGA_1744P-T
NC_2518,UCPU1,AK40,B,4411,3220,ALDERLAKE-P-CPU_BGA1744,ALDERLAKE-P-CPU_BGA_1744P-T
NC_2519,UCPU1,AL40,B,4437,3220,ALDERLAKE-P-CPU_BGA1744,ALDERLAKE-P-CPU_BGA_1744P-T
NC_2520,UCPU1,BF43,B,4669,3174,ALDERLAKE-P-CPU_BGA1744,ALDERLAKE-P-CPU_BGA_1744P-T
NC_2521,UCPU1,CH43,B,5023,3175,ALDERLAKE-P-CPU_BGA1744,ALDERLAKE-P-CPU_BGA_1744P-T
NC_2522,UCPU1,DG44,B,5314,3154,ALDERLAKE-P-CPU_BGA1744,ALDERLAKE-P-CPU_BGA_1744P-T
NC_2523,UCPU1,DH43,B,5330,3175,ALDERLAKE-P-CPU_BGA1744,ALDERLAKE-P-CPU_BGA_1744P-T
NC_2524,UCPU1,DT42,B,5453,3178,ALDERLAKE-P-CPU_BGA1744,ALDERLAKE-P-CPU_BGA_1744P-T
NC_2525,UCPU1,EF41,B,5621,3204,ALDERLAKE-P-CPU_BGA1744,ALDERLAKE-P-CPU_BGA_1744P-T
NC_2526,UCPU1,EH41,B,5647,3204,ALDERLAKE-P-CPU_BGA1744,ALDERLAKE-P-CPU_BGA_1744P-T
NC_2527,UCPU1,ET43,B,5775,3165,ALDERLAKE-P-CPU_BGA1744,ALDERLAKE-P-CPU_BGA_1744P-T
NC_2528,UCPU1,FB45,B,5868,3138,ALDERLAKE-P-CPU_BGA1744,ALDERLAKE-P-CPU_BGA_1744P-T
NC_2529,UCPU1,A36,B,3959,3279,ALDERLAKE-P-CPU_BGA1744,ALDERLAKE-P-CPU_BGA_1744P-T
NC_2530,UCPU1,C30,B,3985,3380,ALDERLAKE-P-CPU_BGA1744,ALDERLAKE-P-CPU_BGA_1744P-T
NC_2531,UCPU1,C33,B,3985,3329,ALDERLAKE-P-CPU_BGA1744,ALDERLAKE-P-CPU_BGA_1744P-T
NC_2532,UCPU1,C36,B,3985,3279,ALDERLAKE-P-CPU_BGA1744,ALDERLAKE-P-CPU_BGA_1744P-T
NC_2533,UCPU1,D30,B,4010,3380,ALDERLAKE-P-CPU_BGA1744,ALDERLAKE-P-CPU_BGA_1744P-T
NC_2534,UCPU1,D33,B,4010,3329,ALDERLAKE-P-CPU_BGA1744,ALDERLAKE-P-CPU_BGA_1744P-T
NC_2535,UCPU1,F36,B,4036,3279,ALDERLAKE-P-CPU_BGA1744,ALDERLAKE-P-CPU_BGA_1744P-T
NC_2536,UCPU1,G30,B,4061,3380,ALDERLAKE-P-CPU_BGA1744,ALDERLAKE-P-CPU_BGA_1744P-T
NC_2537,UCPU1,G33,B,4061,3329,ALDERLAKE-P-CPU_BGA1744,ALDERLAKE-P-CPU_BGA_1744P-T
NC_2538,UCPU1,G36,B,4061,3279,ALDERLAKE-P-CPU_BGA1744,ALDERLAKE-P-CPU_BGA_1744P-T
NC_2539,UCPU1,J30,B,4087,3380,ALDERLAKE-P-CPU_BGA1744,ALDERLAKE-P-CPU_BGA_1744P-T
NC_2540,UCPU1,J33,B,4087,3329,ALDERLAKE-P-CPU_BGA1744,ALDERLAKE-P-CPU_BGA_1744P-T
NC_2541,UCPU1,V37,B,4232,3267,ALDERLAKE-P-CPU_BGA1744,ALDERLAKE-P-CPU_BGA_1744P-T
NC_2542,UCPU1,U37,B,4207,3267,ALDERLAKE-P-CPU_BGA1744,ALDERLAKE-P-CPU_BGA_1744P-T
NC_2543,UCPU1,M29,B,4139,3390,ALDERLAKE-P-CPU_BGA1744,ALDERLAKE-P-CPU_BGA_1744P-T
NC_2544,UCPU1,U32,B,4207,3344,ALDERLAKE-P-CPU_BGA1744,ALDERLAKE-P-CPU_BGA_1744P-T
NC_2545,UCPU1,V32,B,4232,3344,ALDERLAKE-P-CPU_BGA1744,ALDERLAKE-P-CPU_BGA_1744P-T
NC_2546,UCPU1,AC37,B,4309,3267,ALDERLAKE-P-CPU_BGA1744,ALDERLAKE-P-CPU_BGA_1744P-T
NC_2547,UCPU1,AA37,B,4283,3267,ALDERLAKE-P-CPU_BGA1744,ALDERLAKE-P-CPU_BGA_1744P-T
NC_2548,UCPU1,AA32,B,4283,3344,ALDERLAKE-P-CPU_BGA1744,ALDERLAKE-P-CPU_BGA_1744P-T
NC_2549,UCPU1,AC32,B,4309,3344,ALDERLAKE-P-CPU_BGA1744,ALDERLAKE-P-CPU_BGA_1744P-T
NC_2550,UCPU1,AL37,B,4437,3259,ALDERLAKE-P-CPU_BGA1744,ALDERLAKE-P-CPU_BGA_1744P-T
NC_2551,UCPU1,AK35,B,4411,3299,ALDERLAKE-P-CPU_BGA1744,ALDERLAKE-P-CPU_BGA_1744P-T
NC_2552,UCPU1,AL30,B,4437,3378,ALDERLAKE-P-CPU_BGA1744,ALDERLAKE-P-CPU_BGA_1744P-T
NC_2553,UCPU1,AL35,B,4437,3299,ALDERLAKE-P-CPU_BGA1744,ALDERLAKE-P-CPU_BGA_1744P-T
NC_2554,UCPU1,AN35,B,4463,3299,ALDERLAKE-P-CPU_BGA1744,ALDERLAKE-P-CPU_BGA_1744P-T
NC_2555,UCPU1,DW37,B,5503,3263,ALDERLAKE-P-CPU_BGA1744,ALDERLAKE-P-CPU_BGA_1744P-T
NC_2556,UCPU1,DW32,B,5503,3342,ALDERLAKE-P-CPU_BGA1744,ALDERLAKE-P-CPU_BGA_1744P-T
NC_2557,UCPU1,EF31,B,5621,3362,ALDERLAKE-P-CPU_BGA1744,ALDERLAKE-P-CPU_BGA_1744P-T
NC_2558,UCPU1,EF33,B,5621,3322,ALDERLAKE-P-CPU_BGA1744,ALDERLAKE-P-CPU_BGA_1744P-T
NC_2559,UCPU1,EH31,B,5647,3362,ALDERLAKE-P-CPU_BGA1744,ALDERLAKE-P-CPU_BGA_1744P-T
NC_2560,UCPU1,EH36,B,5647,3283,ALDERLAKE-P-CPU_BGA1744,ALDERLAKE-P-CPU_BGA_1744P-T
NC_2561,UCPU1,EK31,B,5672,3362,ALDERLAKE-P-CPU_BGA1744,ALDERLAKE-P-CPU_BGA_1744P-T
NC_2562,UCPU1,FA37,B,5856,3260,ALDERLAKE-P-CPU_BGA1744,ALDERLAKE-P-CPU_BGA_1744P-T
NC_2563,UCPU1,EY36,B,5839,3283,ALDERLAKE-P-CPU_BGA1744,ALDERLAKE-P-CPU_BGA_1744P-T
NC_2564,UCPU1,FA31,B,5856,3357,ALDERLAKE-P-CPU_BGA1744,ALDERLAKE-P-CPU_BGA_1744P-T
NC_2565,UCPU1,C23,B,3985,3482,ALDERLAKE-P-CPU_BGA1744,ALDERLAKE-P-CPU_BGA_1744P-T
NC_2566,UCPU1,C26,B,3985,3431,ALDERLAKE-P-CPU_BGA1744,ALDERLAKE-P-CPU_BGA_1744P-T
NC_2567,UCPU1,D23,B,4010,3482,ALDERLAKE-P-CPU_BGA1744,ALDERLAKE-P-CPU_BGA_1744P-T
NC_2568,UCPU1,D26,B,4010,3431,ALDERLAKE-P-CPU_BGA1744,ALDERLAKE-P-CPU_BGA_1744P-T
NC_2569,UCPU1,G23,B,4061,3482,ALDERLAKE-P-CPU_BGA1744,ALDERLAKE-P-CPU_BGA_1744P-T
NC_2570,UCPU1,G26,B,4061,3431,ALDERLAKE-P-CPU_BGA1744,ALDERLAKE-P-CPU_BGA_1744P-T
NC_2571,UCPU1,J23,B,4087,3482,ALDERLAKE-P-CPU_BGA1744,ALDERLAKE-P-CPU_BGA_1744P-T
NC_2572,UCPU1,J26,B,4087,3431,ALDERLAKE-P-CPU_BGA1744,ALDERLAKE-P-CPU_BGA_1744P-T
NC_2573,UCPU1,M27,B,4139,3416,ALDERLAKE-P-CPU_BGA1744,ALDERLAKE-P-CPU_BGA_1744P-T
NC_2574,UCPU1,U27,B,4207,3421,ALDERLAKE-P-CPU_BGA1744,ALDERLAKE-P-CPU_BGA_1744P-T
NC_2575,UCPU1,V27,B,4232,3421,ALDERLAKE-P-CPU_BGA1744,ALDERLAKE-P-CPU_BGA_1744P-T
NC_2576,UCPU1,AA27,B,4283,3421,ALDERLAKE-P-CPU_BGA1744,ALDERLAKE-P-CPU_BGA_1744P-T
NC_2577,UCPU1,AC27,B,4309,3421,ALDERLAKE-P-CPU_BGA1744,ALDERLAKE-P-CPU_BGA_1744P-T
NC_2578,UCPU1,AF22,B,4360,3496,ALDERLAKE-P-CPU_BGA1744,ALDERLAKE-P-CPU_BGA_1744P-T
NC_2579,UCPU1,AF27,B,4360,3417,ALDERLAKE-P-CPU_BGA1744,ALDERLAKE-P-CPU_BGA_1744P-T
NC_2580,UCPU1,AH27,B,4386,3417,ALDERLAKE-P-CPU_BGA1744,ALDERLAKE-P-CPU_BGA_1744P-T
NC_2581,UCPU1,AK22,B,4411,3496,ALDERLAKE-P-CPU_BGA1744,ALDERLAKE-P-CPU_BGA_1744P-T
NC_2582,UCPU1,AK27,B,4411,3417,ALDERLAKE-P-CPU_BGA1744,ALDERLAKE-P-CPU_BGA_1744P-T
NC_2583,UCPU1,AL25,B,4437,3456,ALDERLAKE-P-CPU_BGA1744,ALDERLAKE-P-CPU_BGA_1744P-T
NC_2584,UCPU1,AL27,B,4437,3417,ALDERLAKE-P-CPU_BGA1744,ALDERLAKE-P-CPU_BGA_1744P-T
NC_2585,UCPU1,AN25,B,4463,3456,ALDERLAKE-P-CPU_BGA1744,ALDERLAKE-P-CPU_BGA_1744P-T
NC_2586,UCPU1,AN27,B,4463,3417,ALDERLAKE-P-CPU_BGA1744,ALDERLAKE-P-CPU_BGA_1744P-T
NC_2587,UCPU1,EH28,B,5647,3401,ALDERLAKE-P-CPU_BGA1744,ALDERLAKE-P-CPU_BGA_1744P-T
NC_2588,UCPU1,EV22,B,5802,3501,ALDERLAKE-P-CPU_BGA1744,ALDERLAKE-P-CPU_BGA_1744P-T
NC_2589,UCPU1,EW23,B,5813,3479,ALDERLAKE-P-CPU_BGA1744,ALDERLAKE-P-CPU_BGA_1744P-T
NC_2590,UCPU1,FC25,B,5883,3460,ALDERLAKE-P-CPU_BGA1744,ALDERLAKE-P-CPU_BGA_1744P-T
NC_2591,UCPU1,AH20,B,4386,3535,ALDERLAKE-P-CPU_BGA1744,ALDERLAKE-P-CPU_BGA_1744P-T
NC_2592,UCPU1,BA14,B,4596,3632,ALDERLAKE-P-CPU_BGA1744,ALDERLAKE-P-CPU_BGA_1744P-T
NC_2593,UCPU1,BH14,B,4697,3632,ALDERLAKE-P-CPU_BGA1744,ALDERLAKE-P-CPU_BGA_1744P-T
NC_2594,UCPU1,CR14,B,5132,3632,ALDERLAKE-P-CPU_BGA1744,ALDERLAKE-P-CPU_BGA_1744P-T
NC_2595,UCPU1,DH14,B,5333,3632,ALDERLAKE-P-CPU_BGA1744,ALDERLAKE-P-CPU_BGA_1744P-T
NC_2596,UCPU1,DY18,B,5519,3559,ALDERLAKE-P-CPU_BGA1744,ALDERLAKE-P-CPU_BGA_1744P-T
NC_2597,UCPU1,EB16,B,5545,3598,ALDERLAKE-P-CPU_BGA1744,ALDERLAKE-P-CPU_BGA_1744P-T
NC_2598,UCPU1,EC18,B,5570,3559,ALDERLAKE-P-CPU_BGA1744,ALDERLAKE-P-CPU_BGA_1744P-T
NC_2599,UCPU1,EH18,B,5647,3559,ALDERLAKE-P-CPU_BGA1744,ALDERLAKE-P-CPU_BGA_1744P-T
NC_2600,UCPU1,EK18,B,5672,3559,ALDERLAKE-P-CPU_BGA1744,ALDERLAKE-P-CPU_BGA_1744P-T
NC_2601,UCPU1,AH12,B,4386,3653,ALDERLAKE-P-CPU_BGA1744,ALDERLAKE-P-CPU_BGA_1744P-T
NC_2602,UCPU1,AF12,B,4360,3653,ALDERLAKE-P-CPU_BGA1744,ALDERLAKE-P-CPU_BGA_1744P-T
NC_2603,UCPU1,AA9,B,4278,3702,ALDERLAKE-P-CPU_BGA1744,ALDERLAKE-P-CPU_BGA_1744P-T
NC_2604,UCPU1,AC9,B,4311,3702,ALDERLAKE-P-CPU_BGA1744,ALDERLAKE-P-CPU_BGA_1744P-T
NC_2605,UCPU1,AE6,B,4345,3753,ALDERLAKE-P-CPU_BGA1744,ALDERLAKE-P-CPU_BGA_1744P-T
NC_2606,UCPU1,AE8,B,4345,3728,ALDERLAKE-P-CPU_BGA1744,ALDERLAKE-P-CPU_BGA_1744P-T
NC_2607,UCPU1,AP12,B,4479,3651,ALDERLAKE-P-CPU_BGA1744,ALDERLAKE-P-CPU_BGA_1744P-T
NC_2608,UCPU1,AL12,B,4437,3653,ALDERLAKE-P-CPU_BGA1744,ALDERLAKE-P-CPU_BGA_1744P-T
NC_2609,UCPU1,AK12,B,4411,3653,ALDERLAKE-P-CPU_BGA1744,ALDERLAKE-P-CPU_BGA_1744P-T
NC_2610,UCPU1,AP11,B,4479,3677,ALDERLAKE-P-CPU_BGA1744,ALDERLAKE-P-CPU_BGA_1744P-T
NC_2611,UCPU1,AT9,B,4512,3702,ALDERLAKE-P-CPU_BGA1744,ALDERLAKE-P-CPU_BGA_1744P-T
NC_2612,UCPU1,AT11,B,4512,3677,ALDERLAKE-P-CPU_BGA1744,ALDERLAKE-P-CPU_BGA_1744P-T
NC_2613,UCPU1,AV6,B,4546,3753,ALDERLAKE-P-CPU_BGA1744,ALDERLAKE-P-CPU_BGA_1744P-T
NC_2614,UCPU1,AV8,B,4546,3728,ALDERLAKE-P-CPU_BGA1744,ALDERLAKE-P-CPU_BGA_1744P-T
NC_2615,UCPU1,AY6,B,4580,3753,ALDERLAKE-P-CPU_BGA1744,ALDERLAKE-P-CPU_BGA_1744P-T
NC_2616,UCPU1,AY8,B,4580,3728,ALDERLAKE-P-CPU_BGA1744,ALDERLAKE-P-CPU_BGA_1744P-T
NC_2617,UCPU1,BU6,B,4848,3753,ALDERLAKE-P-CPU_BGA1744,ALDERLAKE-P-CPU_BGA_1744P-T
NC_2618,UCPU1,BU8,B,4848,3728,ALDERLAKE-P-CPU_BGA1744,ALDERLAKE-P-CPU_BGA_1744P-T
NC_2619,UCPU1,BW6,B,4881,3753,ALDERLAKE-P-CPU_BGA1744,ALDERLAKE-P-CPU_BGA_1744P-T
NC_2620,UCPU1,BW8,B,4881,3728,ALDERLAKE-P-CPU_BGA1744,ALDERLAKE-P-CPU_BGA_1744P-T
NC_2621,UCPU1,BW11,B,4881,3677,ALDERLAKE-P-CPU_BGA1744,ALDERLAKE-P-CPU_BGA_1744P-T
NC_2622,UCPU1,CB11,B,4915,3677,ALDERLAKE-P-CPU_BGA1744,ALDERLAKE-P-CPU_BGA_1744P-T
NC_2623,UCPU1,CT12,B,5149,3651,ALDERLAKE-P-CPU_BGA1744,ALDERLAKE-P-CPU_BGA_1744P-T
NC_2624,UCPU1,DJ12,B,5350,3651,ALDERLAKE-P-CPU_BGA1744,ALDERLAKE-P-CPU_BGA_1744P-T
NC_2625,UCPU1,DJ9,B,5350,3702,ALDERLAKE-P-CPU_BGA1744,ALDERLAKE-P-CPU_BGA_1744P-T
NC_2626,UCPU1,DJ11,B,5350,3677,ALDERLAKE-P-CPU_BGA1744,ALDERLAKE-P-CPU_BGA_1744P-T
NC_2627,UCPU1,DL8,B,5384,3720,ALDERLAKE-P-CPU_BGA1744,ALDERLAKE-P-CPU_BGA_1744P-T
NC_2628,UCPU1,DU6,B,5465,3747,ALDERLAKE-P-CPU_BGA1744,ALDERLAKE-P-CPU_BGA_1744P-T
NC_2629,UCPU1,DV10,B,5484,3694,ALDERLAKE-P-CPU_BGA1744,ALDERLAKE-P-CPU_BGA_1744P-T
NC_2630,UCPU1,DV11,B,5484,3669,ALDERLAKE-P-CPU_BGA1744,ALDERLAKE-P-CPU_BGA_1744P-T
NC_2631,UCPU1,DY6,B,5516,3747,ALDERLAKE-P-CPU_BGA1744,ALDERLAKE-P-CPU_BGA_1744P-T
NC_2632,UCPU1,DY10,B,5518,3694,ALDERLAKE-P-CPU_BGA1744,ALDERLAKE-P-CPU_BGA_1744P-T
NC_2633,UCPU1,DY11,B,5518,3669,ALDERLAKE-P-CPU_BGA1744,ALDERLAKE-P-CPU_BGA_1744P-T
NC_2634,UCPU1,DU5,B,5465,3772,ALDERLAKE-P-CPU_BGA1744,ALDERLAKE-P-CPU_BGA_1744P-T
NC_2635,UCPU1,DY5,B,5516,3772,ALDERLAKE-P-CPU_BGA1744,ALDERLAKE-P-CPU_BGA_1744P-T
NC_2636,UCPU1,EA6,B,5539,3758,ALDERLAKE-P-CPU_BGA1744,ALDERLAKE-P-CPU_BGA_1744P-T
NC_2637,UCPU1,EB10,B,5551,3694,ALDERLAKE-P-CPU_BGA1744,ALDERLAKE-P-CPU_BGA_1744P-T
NC_2638,UCPU1,EB11,B,5551,3669,ALDERLAKE-P-CPU_BGA1744,ALDERLAKE-P-CPU_BGA_1744P-T
NC_2639,UCPU1,EC6,B,5562,3747,ALDERLAKE-P-CPU_BGA1744,ALDERLAKE-P-CPU_BGA_1744P-T
NC_2640,UCPU1,ED10,B,5585,3694,ALDERLAKE-P-CPU_BGA1744,ALDERLAKE-P-CPU_BGA_1744P-T
NC_2641,UCPU1,ED11,B,5585,3669,ALDERLAKE-P-CPU_BGA1744,ALDERLAKE-P-CPU_BGA_1744P-T
NC_2642,UCPU1,EF6,B,5614,3747,ALDERLAKE-P-CPU_BGA1744,ALDERLAKE-P-CPU_BGA_1744P-T
NC_2643,UCPU1,EF10,B,5618,3694,ALDERLAKE-P-CPU_BGA1744,ALDERLAKE-P-CPU_BGA_1744P-T
NC_2644,UCPU1,EF11,B,5618,3669,ALDERLAKE-P-CPU_BGA1744,ALDERLAKE-P-CPU_BGA_1744P-T
NC_2645,UCPU1,EH10,B,5652,3694,ALDERLAKE-P-CPU_BGA1744,ALDERLAKE-P-CPU_BGA_1744P-T
NC_2646,UCPU1,EH11,B,5652,3669,ALDERLAKE-P-CPU_BGA1744,ALDERLAKE-P-CPU_BGA_1744P-T
NC_2647,UCPU1,EJ6,B,5660,3747,ALDERLAKE-P-CPU_BGA1744,ALDERLAKE-P-CPU_BGA_1744P-T
NC_2648,UCPU1,EC5,B,5562,3772,ALDERLAKE-P-CPU_BGA1744,ALDERLAKE-P-CPU_BGA_1744P-T
NC_2649,UCPU1,EF5,B,5614,3772,ALDERLAKE-P-CPU_BGA1744,ALDERLAKE-P-CPU_BGA_1744P-T
NC_2650,UCPU1,EJ5,B,5660,3772,ALDERLAKE-P-CPU_BGA1744,ALDERLAKE-P-CPU_BGA_1744P-T
NC_2651,UCPU1,EN10,B,5719,3694,ALDERLAKE-P-CPU_BGA1744,ALDERLAKE-P-CPU_BGA_1744P-T
NC_2652,UCPU1,EN11,B,5719,3669,ALDERLAKE-P-CPU_BGA1744,ALDERLAKE-P-CPU_BGA_1744P-T
NC_2653,UCPU1,FC6,B,5883,3759,ALDERLAKE-P-CPU_BGA1744,ALDERLAKE-P-CPU_BGA_1744P-T
NC_2654,UCPU1,FC7,B,5883,3733,ALDERLAKE-P-CPU_BGA1744,ALDERLAKE-P-CPU_BGA_1744P-T
NC_2655,UCPU1,FC9,B,5883,3708,ALDERLAKE-P-CPU_BGA1744,ALDERLAKE-P-CPU_BGA_1744P-T
NC_2656,UCPU1,R4,B,4182,3781,ALDERLAKE-P-CPU_BGA1744,ALDERLAKE-P-CPU_BGA_1744P-T
NC_2657,UCPU1,V1,B,4221,3828,ALDERLAKE-P-CPU_BGA1744,ALDERLAKE-P-CPU_BGA_1744P-T
NC_2658,UCPU1,AP3,B,4477,3803,ALDERLAKE-P-CPU_BGA1744,ALDERLAKE-P-CPU_BGA_1744P-T
NC_2659,UCPU1,AR1,B,4502,3828,ALDERLAKE-P-CPU_BGA1744,ALDERLAKE-P-CPU_BGA_1744P-T
NC_2660,UCPU1,AR3,B,4502,3803,ALDERLAKE-P-CPU_BGA1744,ALDERLAKE-P-CPU_BGA_1744P-T
NC_2661,UCPU1,AU1,B,4528,3828,ALDERLAKE-P-CPU_BGA1744,ALDERLAKE-P-CPU_BGA_1744P-T
NC_2662,UCPU1,AU3,B,4528,3803,ALDERLAKE-P-CPU_BGA1744,ALDERLAKE-P-CPU_BGA_1744P-T
NC_2663,UCPU1,AW3,B,4553,3803,ALDERLAKE-P-CPU_BGA1744,ALDERLAKE-P-CPU_BGA_1744P-T
NC_2664,UCPU1,BN3,B,4784,3803,ALDERLAKE-P-CPU_BGA1744,ALDERLAKE-P-CPU_BGA_1744P-T
NC_2665,UCPU1,BR1,B,4809,3828,ALDERLAKE-P-CPU_BGA1744,ALDERLAKE-P-CPU_BGA_1744P-T
NC_2666,UCPU1,BR3,B,4809,3803,ALDERLAKE-P-CPU_BGA1744,ALDERLAKE-P-CPU_BGA_1744P-T
NC_2667,UCPU1,BU1,B,4835,3828,ALDERLAKE-P-CPU_BGA1744,ALDERLAKE-P-CPU_BGA_1744P-T
NC_2668,UCPU1,BU3,B,4835,3803,ALDERLAKE-P-CPU_BGA1744,ALDERLAKE-P-CPU_BGA_1744P-T
NC_2669,UCPU1,BV3,B,4860,3803,ALDERLAKE-P-CPU_BGA1744,ALDERLAKE-P-CPU_BGA_1744P-T
NC_2670,UCPU1,DJ1,B,5347,3828,ALDERLAKE-P-CPU_BGA1744,ALDERLAKE-P-CPU_BGA_1744P-T
NC_2671,UCPU1,DL1,B,5372,3828,ALDERLAKE-P-CPU_BGA1744,ALDERLAKE-P-CPU_BGA_1744P-T
NC_2672,UCPU1,DL3,B,5372,3803,ALDERLAKE-P-CPU_BGA1744,ALDERLAKE-P-CPU_BGA_1744P-T
NC_2673,UCPU1,DP1,B,5424,3828,ALDERLAKE-P-CPU_BGA1744,ALDERLAKE-P-CPU_BGA_1744P-T
NC_2674,UCPU1,DP3,B,5424,3803,ALDERLAKE-P-CPU_BGA1744,ALDERLAKE-P-CPU_BGA_1744P-T
NC_2675,UCPU1,EA4,B,5539,3784,ALDERLAKE-P-CPU_BGA1744,ALDERLAKE-P-CPU_BGA_1744P-T
NC_2676,UCPU1,EC1,B,5565,3828,ALDERLAKE-P-CPU_BGA1744,ALDERLAKE-P-CPU_BGA_1744P-T
NC_2677,UCPU1,EC3,B,5565,3803,ALDERLAKE-P-CPU_BGA1744,ALDERLAKE-P-CPU_BGA_1744P-T
NC_2678,UCPU1,EF1,B,5618,3828,ALDERLAKE-P-CPU_BGA1744,ALDERLAKE-P-CPU_BGA_1744P-T
NC_2679,UCPU1,EF3,B,5618,3803,ALDERLAKE-P-CPU_BGA1744,ALDERLAKE-P-CPU_BGA_1744P-T
NC_2680,UCPU1,FB3,B,5859,3804,ALDERLAKE-P-CPU_BGA1744,ALDERLAKE-P-CPU_BGA_1744P-T
NC_2681,JSIM1,C6,T,2762,5733,T-SOL_5-501703002000-6,T-SOL_5-501703002000-6_7P-T
NC_2682,PU0401,12,B,2593,4758,NB693AGQ-C669-Z QFN16_3X3,NB693AGQ-Z_QFN16_3X3
NC_2683,PU0801,1,B,3357,5068,MP2964GQKT-0400-C669-Z_TQFN48_6X6,MP2964GQKT-0400-C669-Z_TQFN48_6X6
NC_2684,PU0801,2,B,3357,5052,MP2964GQKT-0400-C669-Z_TQFN48_6X6,MP2964GQKT-0400-C669-Z_TQFN48_6X6
NC_2685,PU0801,3,B,3357,5036,MP2964GQKT-0400-C669-Z_TQFN48_6X6,MP2964GQKT-0400-C669-Z_TQFN48_6X6
NC_2686,PU0801,4,B,3357,5021,MP2964GQKT-0400-C669-Z_TQFN48_6X6,MP2964GQKT-0400-C669-Z_TQFN48_6X6
NC_2687,PU0801,36,B,3125,5068,MP2964GQKT-0400-C669-Z_TQFN48_6X6,MP2964GQKT-0400-C669-Z_TQFN48_6X6
NC_2688,PU0801,37,B,3155,5097,MP2964GQKT-0400-C669-Z_TQFN48_6X6,MP2964GQKT-0400-C669-Z_TQFN48_6X6
NC_2689,PU0801,39,B,3186,5097,MP2964GQKT-0400-C669-Z_TQFN48_6X6,MP2964GQKT-0400-C669-Z_TQFN48_6X6
NC_2690,JPWR1,3,B,9086,5032,HIGHS_WS83081-S0171-HF,HIGHS_WS83081-S0171-HF_8P-T
NC_2691,JPWR1,4,B,9118,5032,HIGHS_WS83081-S0171-HF,HIGHS_WS83081-S0171-HF_8P-T
NC_2692,PU2502,5,T,3710,3317,SN74AUP1G08DSF2_SON-6,SN74AUP1G08DSF2_SON-6
NC_2693,U4601,2,T,10179,4898,TPS70933DRVR_WSON6_2X2,TPS70933DRVR_WSON6_2X2
NC_2694,U4601,5,T,10102,4898,TPS70933DRVR_WSON6_2X2,TPS70933DRVR_WSON6_2X2
NC_2695,FD1,1,T,10127,5187,FIDUCIAL_C40M80,FIDUCIAL_C40M80
NC_2696,FD2,1,T,8199,1384,FIDUCIAL_C40M80,FIDUCIAL_C40M80
NC_2697,FD3,1,T,1773,917,FIDUCIAL_C40M80,FIDUCIAL_C40M80
NC_2698,FD4,1,B,8431,1195,FIDUCIAL_C40M80,FIDUCIAL_C40M80
NC_2699,FD5,1,B,1735,978,FIDUCIAL_C40M80,FIDUCIAL_C40M80
NC_2700,FD6,1,B,10323,4693,FIDUCIAL_C40M80,FIDUCIAL_C40M80
NC_2701,H18,1,T,295,551,HOLEA,PAD_C2P5D2P5N
NC_2702,H19,1,T,354,4335,HOLEA,PAD_C2P5D2P5N
NC_2703,H23,1,T,10114,4666,HOLEA,PAD_C2P5D2P5N
NC_2704,J2101,16,B,6252,893,FCI_10051922-1810ELF,FCI_10051922-1810ELF_18P-T
NC_2705,J2101,17,B,6232,893,FCI_10051922-1810ELF,FCI_10051922-1810ELF_18P-T
NC_2706,J2101,18,B,6213,893,FCI_10051922-1810ELF,FCI_10051922-1810ELF_18P-T
NC_2709,JLCD1,17,B,2929,5352,I-PEX_20654-040E-01,I-PEX_20654-040E-01_40P
NC_2710,JLCD1,30,B,3134,5352,I-PEX_20654-040E-01,I-PEX_20654-040E-01_40P
NC_2713,JSSD1,6,B,1260,1450,ARGOSY_NASM0-S6710-TS20,ARGOSY_NASM0-S6710-TS20_67P-T
NC_2714,JSSD1,10,B,1299,1450,ARGOSY_NASM0-S6710-TS20,ARGOSY_NASM0-S6710-TS20_67P-T
NC_2715,JSSD1,20,B,1398,1450,ARGOSY_NASM0-S6710-TS20,ARGOSY_NASM0-S6710-TS20_67P-T
NC_2716,JSSD1,22,B,1418,1450,ARGOSY_NASM0-S6710-TS20,ARGOSY_NASM0-S6710-TS20_67P-T
NC_2717,JSSD1,24,B,1437,1450,ARGOSY_NASM0-S6710-TS20,ARGOSY_NASM0-S6710-TS20_67P-T
NC_2718,JSSD1,26,B,1457,1450,ARGOSY_NASM0-S6710-TS20,ARGOSY_NASM0-S6710-TS20_67P-T
NC_2719,JSSD1,28,B,1477,1450,ARGOSY_NASM0-S6710-TS20,ARGOSY_NASM0-S6710-TS20_67P-T
NC_2720,JSSD1,32,B,1516,1450,ARGOSY_NASM0-S6710-TS20,ARGOSY_NASM0-S6710-TS20_67P-T
NC_2721,JSSD1,34,B,1536,1450,ARGOSY_NASM0-S6710-TS20,ARGOSY_NASM0-S6710-TS20_67P-T
NC_2722,JSSD1,36,B,1555,1450,ARGOSY_NASM0-S6710-TS20,ARGOSY_NASM0-S6710-TS20_67P-T
NC_2723,JSSD1,38,B,1575,1450,ARGOSY_NASM0-S6710-TS20,ARGOSY_NASM0-S6710-TS20_67P-T
NC_2724,JSSD1,40,B,1595,1450,ARGOSY_NASM0-S6710-TS20,ARGOSY_NASM0-S6710-TS20_67P-T
NC_2725,JSSD1,42,B,1614,1450,ARGOSY_NASM0-S6710-TS20,ARGOSY_NASM0-S6710-TS20_67P-T
NC_2726,JSSD1,44,B,1634,1450,ARGOSY_NASM0-S6710-TS20,ARGOSY_NASM0-S6710-TS20_67P-T
NC_2727,JSSD1,46,B,1654,1450,ARGOSY_NASM0-S6710-TS20,ARGOSY_NASM0-S6710-TS20_67P-T
NC_2728,JSSD1,48,B,1673,1450,ARGOSY_NASM0-S6710-TS20,ARGOSY_NASM0-S6710-TS20_67P-T
NC_2729,JSSD1,56,B,1752,1450,ARGOSY_NASM0-S6710-TS20,ARGOSY_NASM0-S6710-TS20_67P-T
NC_2730,JSSD1,58,B,1772,1450,ARGOSY_NASM0-S6710-TS20,ARGOSY_NASM0-S6710-TS20_67P-T
NC_2731,JSSD1,67,B,1860,1151,ARGOSY_NASM0-S6710-TS20,ARGOSY_NASM0-S6710-TS20_67P-T
NC_2732,JSSD1,68,B,1870,1450,ARGOSY_NASM0-S6710-TS20,ARGOSY_NASM0-S6710-TS20_67P-T
NC_2733,JSSD1,69,B,1880,1151,ARGOSY_NASM0-S6710-TS20,ARGOSY_NASM0-S6710-TS20_67P-T
NC_2734,JMIPI1,1,T,3978,4040,HIGHS_FC5AF201-2931H,HIGHS_FC5AF201-2931H_20P
NC_2735,JMIPI1,2,T,3978,4059,HIGHS_FC5AF201-2931H,HIGHS_FC5AF201-2931H_20P
NC_2736,JMIPI1,3,T,3978,4079,HIGHS_FC5AF201-2931H,HIGHS_FC5AF201-2931H_20P
NC_2737,JMIPI1,4,T,3978,4099,HIGHS_FC5AF201-2931H,HIGHS_FC5AF201-2931H_20P
NC_2738,PU0201,15,B,3080,1198,BQ25710RSNR_QFN32_4X4,BQ25710RSNR_QFN32_4X4
NC_2739,PU2101,C1,B,6505,3983,TPS22971YZPT_DSBGA8,TPS22971YZPT_DSBGA8P
NC_2740,U5501,C1,T,853,2789,TPS22971YZPT_DSBGA8,TPS22971YZPT_DSBGA8P
NC_2741,U5701,C1,T,825,3474,TPS22971YZPT_DSBGA8,TPS22971YZPT_DSBGA8P
NC_2744,U1501,1,B,6096,2427,SN74LVC1G17DRLR_SOT-5,SN74LVC1G17DRLR_SOT-5
NC_2745,U4901,6,T,6491,2785,LIS2DWLTR_LGA12_2X2,LIS2DWLTR_LGA12_2X2
NC_2746,U5301,3,T,1093,2023,TPS74801DRCR_SON-10_3X3,TPS74801DRCR_SON-10_3X3
NC_2747,U5302,3,T,1033,2583,TPS2553DRVR_SON6_2X2,TPS2553DRVR_SON6_2X2
NC_2748,U5303,2,T,1207,2462,PS8409AQFN48GTR2-A2_QFN48_6X6,PS8409AQFN48GTR2-A2_QFN48_6X6
NC_2749,U5303,9,T,1097,2462,PS8409AQFN48GTR2-A2_QFN48_6X6,PS8409AQFN48GTR2-A2_QFN48_6X6
NC_2750,U5303,10,T,1081,2462,PS8409AQFN48GTR2-A2_QFN48_6X6,PS8409AQFN48GTR2-A2_QFN48_6X6
NC_2751,U5303,12,T,1050,2462,PS8409AQFN48GTR2-A2_QFN48_6X6,PS8409AQFN48GTR2-A2_QFN48_6X6
NC_2752,U5303,25,T,1050,2228,PS8409AQFN48GTR2-A2_QFN48_6X6,PS8409AQFN48GTR2-A2_QFN48_6X6
NC_2753,U5303,26,T,1066,2228,PS8409AQFN48GTR2-A2_QFN48_6X6,PS8409AQFN48GTR2-A2_QFN48_6X6
NC_2754,U5303,37,T,1254,2259,PS8409AQFN48GTR2-A2_QFN48_6X6,PS8409AQFN48GTR2-A2_QFN48_6X6
NC_2755,U7601,25,T,2009,4078,WGI219LM-QREF-A0_QFN48_6X6,WGI219LM-QREF-A0_QFN48_6X6
NC_2756,U8301,6,T,1175,973,ALC3287-CG_MQFN48_6X6,ALC3287-CG_MQFN48_6X6
NC_2757,U8301,7,T,1175,989,ALC3287-CG_MQFN48_6X6,ALC3287-CG_MQFN48_6X6
NC_2758,U8301,8,T,1175,1005,ALC3287-CG_MQFN48_6X6,ALC3287-CG_MQFN48_6X6
NC_2759,U8301,9,T,1175,1020,ALC3287-CG_MQFN48_6X6,ALC3287-CG_MQFN48_6X6
NC_2760,U8301,10,T,1175,1036,ALC3287-CG_MQFN48_6X6,ALC3287-CG_MQFN48_6X6
NC_2761,U8301,11,T,1175,1052,ALC3287-CG_MQFN48_6X6,ALC3287-CG_MQFN48_6X6
NC_2762,U8301,12,T,1175,1068,ALC3287-CG_MQFN48_6X6,ALC3287-CG_MQFN48_6X6
NC_2763,U8301,13,T,1150,1093,ALC3287-CG_MQFN48_6X6,ALC3287-CG_MQFN48_6X6
NC_2764,U8301,35,T,951,910,ALC3287-CG_MQFN48_6X6,ALC3287-CG_MQFN48_6X6
NC_2765,U8301,36,T,951,894,ALC3287-CG_MQFN48_6X6,ALC3287-CG_MQFN48_6X6
NC_2766,UBB1,A1,B,964,3232,JHL8040RSLMN7A1_BGA105,JHL8040RSLMN7A1_BGA_105P
NC_2767,UBB1,A2,B,946,3232,JHL8040RSLMN7A1_BGA105,JHL8040RSLMN7A1_BGA_105P
NC_2768,UBB1,A12,B,764,3232,JHL8040RSLMN7A1_BGA105,JHL8040RSLMN7A1_BGA_105P
NC_2769,UBB1,J5,B,890,3081,JHL8040RSLMN7A1_BGA105,JHL8040RSLMN7A1_BGA_105P
NC_2770,UBB1,J6,B,864,3081,JHL8040RSLMN7A1_BGA105,JHL8040RSLMN7A1_BGA_105P
NC_2771,UBB1,L3,B,927,3051,JHL8040RSLMN7A1_BGA105,JHL8040RSLMN7A1_BGA_105P
NC_2772,UBB1,M11,B,783,3033,JHL8040RSLMN7A1_BGA105,JHL8040RSLMN7A1_BGA_105P
NC_2773,UBB2,A1,B,964,3905,JHL8040RSLMN7A1_BGA105,JHL8040RSLMN7A1_BGA_105P
NC_2774,UBB2,A2,B,946,3905,JHL8040RSLMN7A1_BGA105,JHL8040RSLMN7A1_BGA_105P
NC_2775,UBB2,A12,B,764,3905,JHL8040RSLMN7A1_BGA105,JHL8040RSLMN7A1_BGA_105P
NC_2776,UBB2,J5,B,890,3754,JHL8040RSLMN7A1_BGA105,JHL8040RSLMN7A1_BGA_105P
NC_2777,UBB2,J6,B,864,3754,JHL8040RSLMN7A1_BGA105,JHL8040RSLMN7A1_BGA_105P
NC_2778,UBB2,L3,B,927,3723,JHL8040RSLMN7A1_BGA105,JHL8040RSLMN7A1_BGA_105P
NC_2779,UBB2,M11,B,783,3705,JHL8040RSLMN7A1_BGA105,JHL8040RSLMN7A1_BGA_105P
NC_2780,UTE1,13,T,3035,1877,TC62D518FTG_WQFN56_7X7,TC62D518FTG_WQFN56_7X7
NC_2781,UTE1,38,T,3301,2003,TC62D518FTG_WQFN56_7X7,TC62D518FTG_WQFN56_7X7
NC_2782,UTE1,40,T,3301,2035,TC62D518FTG_WQFN56_7X7,TC62D518FTG_WQFN56_7X7
NC_2783,UTE1,42,T,3301,2066,TC62D518FTG_WQFN56_7X7,TC62D518FTG_WQFN56_7X7
NC_2784,UTE1,57,T,3168,1964,TC62D518FTG_WQFN56_7X7,TC62D518FTG_WQFN56_7X7
NC_2785,UV1,F5,B,8283,4449,K4Z80325BC-HC14_FBGA180,K4Z80325BC-HC14_FBGA_180P-T
NC_2786,UV1,F10,B,8283,4302,K4Z80325BC-HC14_FBGA180,K4Z80325BC-HC14_FBGA_180P-T
NC_2787,UV1,G5,B,8312,4449,K4Z80325BC-HC14_FBGA180,K4Z80325BC-HC14_FBGA_180P-T
NC_2788,UV1,M5,B,8460,4449,K4Z80325BC-HC14_FBGA180,K4Z80325BC-HC14_FBGA_180P-T
NC_2789,UV1,N5,B,8490,4449,K4Z80325BC-HC14_FBGA180,K4Z80325BC-HC14_FBGA_180P-T
NC_2790,UV1,N10,B,8490,4302,K4Z80325BC-HC14_FBGA180,K4Z80325BC-HC14_FBGA_180P-T
NC_2791,UV2,F5,B,7473,4818,K4Z80325BC-HC14_FBGA180,K4Z80325BC-HC14_FBGA_180P-T
NC_2792,UV2,F10,B,7621,4818,K4Z80325BC-HC14_FBGA180,K4Z80325BC-HC14_FBGA_180P-T
NC_2793,UV2,G5,B,7473,4847,K4Z80325BC-HC14_FBGA180,K4Z80325BC-HC14_FBGA_180P-T
NC_2794,UV2,M5,B,7473,4995,K4Z80325BC-HC14_FBGA180,K4Z80325BC-HC14_FBGA_180P-T
NC_2795,UV2,N5,B,7473,5025,K4Z80325BC-HC14_FBGA180,K4Z80325BC-HC14_FBGA_180P-T
NC_2796,UV2,N10,B,7621,5025,K4Z80325BC-HC14_FBGA180,K4Z80325BC-HC14_FBGA_180P-T
NC_2797,TB_TP1423,1,T,2559,3745,,
NFC_ACTIVE,JCP1,5,B,6998,1043,HIGHSTAR_FC5AF141-2933-1H,HIGHSTAR_FC5AF141-2933-1H_14P
NFC_ACTIVE,JNFC1,9,B,1329,951,HIGHS_FC5AF121-2121H,HIGHS_FC5AF121-2121H_12P-T
NFC_ACTIVE,R0502,1,T,5584,3072,1/20W_0_5%_0201,R0201_11P811
NFC_ACTIVE,TB_TP1101,1,T,6735,1161,,
NFC_ACTIVE_R,R0502,2,T,5561,3072,1/20W_0_5%_0201,R0201_11P811
NFC_ACTIVE_R,UCPU1,EB51,B,5553,3051,ALDERLAKE-P-CPU_BGA1744,ALDERLAKE-P-CPU_BGA_1744P-T
NFC_DLREQ,JNFC1,12,B,1270,951,HIGHS_FC5AF121-2121H,HIGHS_FC5AF121-2121H_12P-T
NFC_DLREQ,R9317,1,T,1321,939,1/16W_100K_5%_0402,R0402_15P748
NFC_DLREQ,TB_TP1387,1,T,1342,814,,
NFC_DLREQ,UCPU1,EF23,B,5621,3480,ALDERLAKE-P-CPU_BGA1744,ALDERLAKE-P-CPU_BGA_1744P-T
NFC_INT,JNFC1,6,B,1388,951,HIGHS_FC5AF121-2121H,HIGHS_FC5AF121-2121H_12P-T
NFC_INT,R9319,2,T,1411,940,1/16W_100K_5%_0402,R0402_15P748
NFC_INT,TB_TP586,1,T,1436,869,,
NFC_INT,UCPU1,EE23,B,5596,3480,ALDERLAKE-P-CPU_BGA1744,ALDERLAKE-P-CPU_BGA_1744P-T
NFC_ON,JNFC1,8,B,1348,951,HIGHS_FC5AF121-2121H,HIGHS_FC5AF121-2121H_12P-T
NFC_ON,R9315,2,T,1373,939,1/16W_100K_5%_0402,R0402_15P748
NFC_ON,TB_TP1361,1,T,6442,3473,,
NFC_ON,UCPU1,FA25,B,5856,3455,ALDERLAKE-P-CPU_BGA1744,ALDERLAKE-P-CPU_BGA_1744P-T
NVJTAG_SEL,R3533,1,T,7001,3466,1/20W_10K_5%_0201,R0201_11P811
NVJTAG_SEL,TB_TP61,1,T,6955,3459,,
NVJTAG_SEL,UGPU1,AJ29,B,6965,3449,NVIDIA_GN20-S5-GB3-64_FCBGA771,NVIDIA_GN20-S5-GB3-64_FCBGA_771P-T
NVVDD_EN,Q3506,2,T,8083,3746,SSM3K15AMFV_2-1L1B,SSM3K15AMFV_2-1L1B
NVVDD_EN,R3528,2,T,8054,3747,1/20W_100K_5%_0201,R0201_11P811
NVVDD_EN,TB_TP62,1,T,8043,3700,,
NVVDD_EN,UGPU1,Y2,B,7728,3707,NVIDIA_GN20-S5-GB3-64_FCBGA771,NVIDIA_GN20-S5-GB3-64_FCBGA_771P-T
NVVDD_EN_G,Q3506,1,T,8099,3792,SSM3K15AMFV_2-1L1B,SSM3K15AMFV_2-1L1B
NVVDD_EN_G,Q3507,1,T,8145,3790,LSK3541G1ET2L_VMT3,LSK3541G1ET2L_VMT3
NVVDD_EN_G,R3529,1,T,8148,3762,1/20W_10K_5%_0201,R0201_11P811
NVVDD_EN_G,TB_TP59,1,T,8154,3724,,
OLED_CTRL,JFPR1,5,B,10168,5039,HIGHSTAR_FC5AF101-2933-1H,HIGHSTAR_FC5AF101-2933-1H_10P
OLED_CTRL,JPWR1,1,B,9023,5032,HIGHS_WS83081-S0171-HF,HIGHS_WS83081-S0171-HF_8P-T
OLED_CTRL,TB_TP319,1,T,10164,5044,,
OLED_CTRL,TB_TP320,1,B,8992,4950,,
OVRM_BS_OK,R3129,2,T,9578,4969,1/20W_10K_1%_0201,R0201_11P811
OVRM_BS_OK,TB_TP56,1,T,9558,5020,,
OVRM_BS_OK,U3101,30,T,9624,4918,NCP45491XMNTWG_QFN32_4X4,NCP45491XMNTWG_QFN32_4X4
OVRM_BS_REF,R3105,1,T,9798,4884,1/20W_0_5%_0201,R0201_11P811
OVRM_BS_REF,TB_TP95,1,T,9796,4929,,
OVRM_BS_REF,U3101,24,T,9721,4900,NCP45491XMNTWG_QFN32_4X4,NCP45491XMNTWG_QFN32_4X4
OVRM_BS_REF_R,C3102,1,T,9861,4914,1000P_16V_K_X7R_0402,C0402_21P654_CA
OVRM_BS_REF_R,R3103,2,T,9839,4861,1/20W_237K_1%_0201,R0201_11P811
OVRM_BS_REF_R,R3104,1,T,9858,4884,1/20W_10K_1%_0201,R0201_11P811
OVRM_BS_REF_R,R3105,2,T,9821,4884,1/20W_0_5%_0201,R0201_11P811
OVRM_BS_REF_R,TB_TP54,1,T,9861,4952,,
OVRM_EN,R3128,1,T,9653,4969,1/20W_10K_1%_0201,R0201_11P811
OVRM_EN,U3101,28,T,9656,4918,NCP45491XMNTWG_QFN32_4X4,NCP45491XMNTWG_QFN32_4X4
OVRM_MUX_SEL,R3123,1,T,9628,4969,1/20W_0_5%_0201,R0201_11P811
OVRM_MUX_SEL,TB_TP80,1,T,9578,5087,,
OVRM_MUX_SEL,U3101,29,T,9640,4918,NCP45491XMNTWG_QFN32_4X4,NCP45491XMNTWG_QFN32_4X4
OVRM_OPTION,R3124,2,T,9398,4866,1/20W_0_5%_0201,R0201_11P811
OVRM_OPTION,R3130,2,T,9720,4729,1/20W_0_5%_0201,R0201_11P811
OVRM_OPTION,TB_TP11,1,B,9691,4738,,
OVRM_OPTION,U3101,12,T,9640,4772,NCP45491XMNTWG_QFN32_4X4,NCP45491XMNTWG_QFN32_4X4
OVRM_OPTION,U3101,13,T,9656,4772,NCP45491XMNTWG_QFN32_4X4,NCP45491XMNTWG_QFN32_4X4
OVRM_OPTION,U3101,15,T,9687,4772,NCP45491XMNTWG_QFN32_4X4,NCP45491XMNTWG_QFN32_4X4
OVRM_OPTION,U3101,16,T,9703,4772,NCP45491XMNTWG_QFN32_4X4,NCP45491XMNTWG_QFN32_4X4
PAD_DISABLE,JCP1,4,B,7018,1043,HIGHSTAR_FC5AF141-2933-1H,HIGHSTAR_FC5AF141-2933-1H_14P
PAD_DISABLE,R8109,2,T,1925,1802,1/20W_100K_5%_0201,R0201_11P811
PAD_DISABLE,TB_TP439,1,T,1850,1113,,
PAD_DISABLE,UEC1,E9,T,1884,1964,NPCX997KAABX_VFBGA144,NPCX997KAABX_VFBGA_144P
PANEL_BKLT_CTRL,D0503,1,B,6422,4204,RB520CM-30T2R_VMN2M2,RB520CM-30T2R_VMN2M2
PANEL_BKLT_CTRL,D0504,1,B,6384,4170,RB520CM-30T2R_VMN2M2,RB520CM-30T2R_VMN2M2
PANEL_BKLT_CTRL,JLCD1,28,B,3102,5352,I-PEX_20654-040E-01,I-PEX_20654-040E-01_40P
PANEL_BKLT_CTRL,R0508,1,B,6418,4233,1/20W_10K_5%_0201,R0201_11P811
PANEL_BKLT_CTRL,TB_TP837,1,B,6476,4339,,
PANEL_BKLT_CTRL,TB_TP838,1,T,3066,5434,,
PANEL_BKLT_CTRL_CPU,D0503,2,B,6459,4204,RB520CM-30T2R_VMN2M2,RB520CM-30T2R_VMN2M2
PANEL_BKLT_CTRL_CPU,TB_TP806,1,B,6506,3723,,
PANEL_BKLT_CTRL_CPU,UCPU1,EL21,B,5698,3519,ALDERLAKE-P-CPU_BGA1744,ALDERLAKE-P-CPU_BGA_1744P-T
PANEL_POWER_ON,D0501,1,T,5847,3493,RB520CM-30T2R_VMN2M2,RB520CM-30T2R_VMN2M2
PANEL_POWER_ON,D0502,1,B,6400,4132,RB520CM-30T2R_VMN2M2,RB520CM-30T2R_VMN2M2
PANEL_POWER_ON,R0503,1,T,5855,3530,1/20W_100K_5%_0201,R0201_11P811
PANEL_POWER_ON,TB_TP1065,1,B,6425,3584,,
PANEL_POWER_ON,UTE1,25,T,3223,1831,TC62D518FTG_WQFN56_7X7,TC62D518FTG_WQFN56_7X7
PANEL_POWER_ON_CPU,D0501,2,T,5810,3493,RB520CM-30T2R_VMN2M2,RB520CM-30T2R_VMN2M2
PANEL_POWER_ON_CPU,UCPU1,ET21,B,5775,3519,ALDERLAKE-P-CPU_BGA1744,ALDERLAKE-P-CPU_BGA_1744P-T
PCHCORE_PWRGD,PR1216,2,B,3095,4608,0_0402_SP,R0402_SHORT
PCHCORE_PWRGD,R8241,2,T,1751,1599,0_0201_SP,R0201_SHORT
PCHCORE_PWRGD,TB_TP556,1,T,2482,1779,,
PCHCORE_PWRGD_R,R8241,1,T,1751,1622,0_0201_SP,R0201_SHORT
PCHCORE_PWRGD_R,R8242,1,T,1721,1622,1/20W_100K_5%_0201,R0201_11P811
PCHCORE_PWRGD_R,UEC1,C7,T,1935,2015,NPCX997KAABX_VFBGA144,NPCX997KAABX_VFBGA_144P
PCH_OPIRCOMP,R0806,2,T,5324,3819,1/20W_49.9_1%_0201,R0201_11P811
PCH_OPIRCOMP,UCPU1,DG1,B,5321,3828,ALDERLAKE-P-CPU_BGA1744,ALDERLAKE-P-CPU_BGA_1744P-T
PCH_SPKR,D8702,2,T,1491,1503,RB521CM-30T2R_VMN2M-2,RB521CM-30T2R_VMN2M-2
PCH_SPKR,R0814,2,B,6095,2392,1/20W_0_5%_0201,R0201_11P811
PCH_SPKR,TB_TP1003,1,T,3763,1851,,
PCH_SPKR,UCPU1,DW56,B,5511,2970,ALDERLAKE-P-CPU_BGA1744,ALDERLAKE-P-CPU_BGA_1744P-T
PCIE3_P4_L0_RXN,JWWAN1,41,B,2864,3771,ARGOSY_NASB0-S6710-TS20,ARGOSY_NASB0-S6710-TS20_75P-T
PCIE3_P4_L0_RXN,UCPU1,EY16,B,5827,3601,ALDERLAKE-P-CPU_BGA1744,ALDERLAKE-P-CPU_BGA_1744P-T
PCIE3_P4_L0_RXP,JWWAN1,43,B,2844,3771,ARGOSY_NASB0-S6710-TS20,ARGOSY_NASB0-S6710-TS20_75P-T
PCIE3_P4_L0_RXP,UCPU1,EV16,B,5802,3601,ALDERLAKE-P-CPU_BGA1744,ALDERLAKE-P-CPU_BGA_1744P-T
PCIE3_P4_L0_TXN,C7401,1,T,2808,3759,0.22U_6.3V_K_X5R_0201,C0201_12P992_BA
PCIE3_P4_L0_TXN,TB_TP491,1,T,2808,3721,,
PCIE3_P4_L0_TXN,UCPU1,FA9,B,5858,3708,ALDERLAKE-P-CPU_BGA1744,ALDERLAKE-P-CPU_BGA_1744P-T
PCIE3_P4_L0_TXN_C,C7401,2,T,2808,3782,0.22U_6.3V_K_X5R_0201,C0201_12P992_BA
PCIE3_P4_L0_TXN_C,JWWAN1,47,B,2805,3771,ARGOSY_NASB0-S6710-TS20,ARGOSY_NASB0-S6710-TS20_75P-T
PCIE3_P4_L0_TXN_C,TB_TP452,1,T,2799,3815,,
PCIE3_P4_L0_TXP,C7402,1,T,2783,3759,0.22U_6.3V_K_X5R_0201,C0201_12P992_BA
PCIE3_P4_L0_TXP,UCPU1,FB10,B,5871,3685,ALDERLAKE-P-CPU_BGA1744,ALDERLAKE-P-CPU_BGA_1744P-T
PCIE3_P4_L0_TXP_C,C7402,2,T,2783,3782,0.22U_6.3V_K_X5R_0201,C0201_12P992_BA
PCIE3_P4_L0_TXP_C,JWWAN1,49,B,2785,3771,ARGOSY_NASB0-S6710-TS20,ARGOSY_NASB0-S6710-TS20_75P-T
PCIE3_P4_L1_RXN,R7438,1,T,2988,3670,0_0201_SP,R0201_SHORT
PCIE3_P4_L1_RXN,TB_TP577,1,T,2979,3631,,
PCIE3_P4_L1_RXN,UCPU1,EY17,B,5839,3578,ALDERLAKE-P-CPU_BGA1744,ALDERLAKE-P-CPU_BGA_1744P-T
PCIE3_P4_L1_RXN_R,JWWAN1,29,B,2982,3771,ARGOSY_NASB0-S6710-TS20,ARGOSY_NASB0-S6710-TS20_75P-T
PCIE3_P4_L1_RXN_R,R7438,2,T,2988,3693,0_0201_SP,R0201_SHORT
PCIE3_P4_L1_RXP,R7439,1,T,2963,3670,0_0201_SP,R0201_SHORT
PCIE3_P4_L1_RXP,TB_TP590,1,B,5960,3614,,
PCIE3_P4_L1_RXP,UCPU1,EW17,B,5813,3578,ALDERLAKE-P-CPU_BGA1744,ALDERLAKE-P-CPU_BGA_1744P-T
PCIE3_P4_L1_RXP_R,JWWAN1,31,B,2963,3771,ARGOSY_NASB0-S6710-TS20,ARGOSY_NASB0-S6710-TS20_75P-T
PCIE3_P4_L1_RXP_R,R7439,2,T,2963,3693,0_0201_SP,R0201_SHORT
PCIE3_P4_L1_TXN,C7413,1,T,2928,3762,0.22U_6.3V_K_X5R_0201,C0201_12P992_BA
PCIE3_P4_L1_TXN,TB_TP604,1,T,6021,3745,,
PCIE3_P4_L1_TXN,UCPU1,EY11,B,5841,3677,ALDERLAKE-P-CPU_BGA1744,ALDERLAKE-P-CPU_BGA_1744P-T
PCIE3_P4_L1_TXN_C,C7413,2,T,2928,3785,0.22U_6.3V_K_X5R_0201,C0201_12P992_BA
PCIE3_P4_L1_TXN_C,JWWAN1,35,B,2923,3771,ARGOSY_NASB0-S6710-TS20,ARGOSY_NASB0-S6710-TS20_75P-T
PCIE3_P4_L1_TXN_C,TB_TP448,1,T,2929,3833,,
PCIE3_P4_L1_TXP,C7414,1,T,2903,3762,0.22U_6.3V_K_X5R_0201,C0201_12P992_BA
PCIE3_P4_L1_TXP,TB_TP613,1,T,2983,3761,,
PCIE3_P4_L1_TXP,UCPU1,EW11,B,5815,3677,ALDERLAKE-P-CPU_BGA1744,ALDERLAKE-P-CPU_BGA_1744P-T
PCIE3_P4_L1_TXP_C,C7414,2,T,2903,3785,0.22U_6.3V_K_X5R_0201,C0201_12P992_BA
PCIE3_P4_L1_TXP_C,JWWAN1,37,B,2904,3771,ARGOSY_NASB0-S6710-TS20,ARGOSY_NASB0-S6710-TS20_75P-T
PCIE3_P5_RXN,R7207,1,B,6224,4319,1/20W_0_5%_0201,R0201_11P811
PCIE3_P5_RXN,TB_TP1260,1,T,6215,4314,,
PCIE3_P5_RXN,UCPU1,EJ3,B,5664,3803,ALDERLAKE-P-CPU_BGA1744,ALDERLAKE-P-CPU_BGA_1744P-T
PCIE3_P5_RXN_R,R7207,2,B,6224,4342,1/20W_0_5%_0201,R0201_11P811
PCIE3_P5_RXN_R,UWLAN1,36,B,6224,4449,INTEL_AX211D2W_LGA144,INTEL_AX211D2W_LGA_144P-T
PCIE3_P5_RXN_R,UWLAN2A,36,B,6224,4455,8501-602200-01_LGA76,8501-602200-01_LGA_76P
PCIE3_P5_RXP,R7208,1,B,6199,4319,1/20W_0_5%_0201,R0201_11P811
PCIE3_P5_RXP,TB_TP1281,1,T,5845,4075,,
PCIE3_P5_RXP,UCPU1,EJ1,B,5664,3828,ALDERLAKE-P-CPU_BGA1744,ALDERLAKE-P-CPU_BGA_1744P-T
PCIE3_P5_RXP_R,R7208,2,B,6199,4342,1/20W_0_5%_0201,R0201_11P811
PCIE3_P5_RXP_R,UWLAN1,37,B,6205,4449,INTEL_AX211D2W_LGA144,INTEL_AX211D2W_LGA_144P-T
PCIE3_P5_RXP_R,UWLAN2A,37,B,6205,4455,8501-602200-01_LGA76,8501-602200-01_LGA_76P
PCIE3_P5_TXN,C7207,1,B,6164,4319,0.22U_6.3V_K_X5R_0201,C0201_12P992_BA
PCIE3_P5_TXN,TB_TP1382,1,T,5909,4112,,
PCIE3_P5_TXN,UCPU1,ER11,B,5752,3669,ALDERLAKE-P-CPU_BGA1744,ALDERLAKE-P-CPU_BGA_1744P-T
PCIE3_P5_TXN_C,C7207,2,B,6164,4342,0.22U_6.3V_K_X5R_0201,C0201_12P992_BA
PCIE3_P5_TXN_C,UWLAN1,39,B,6165,4449,INTEL_AX211D2W_LGA144,INTEL_AX211D2W_LGA_144P-T
PCIE3_P5_TXN_C,UWLAN2A,39,B,6165,4455,8501-602200-01_LGA76,8501-602200-01_LGA_76P
PCIE3_P5_TXP,C7208,1,B,6140,4319,0.22U_6.3V_K_X5R_0201,C0201_12P992_BA
PCIE3_P5_TXP,UCPU1,ER10,B,5752,3694,ALDERLAKE-P-CPU_BGA1744,ALDERLAKE-P-CPU_BGA_1744P-T
PCIE3_P5_TXP_C,C7208,2,B,6140,4342,0.22U_6.3V_K_X5R_0201,C0201_12P992_BA
PCIE3_P5_TXP_C,UWLAN1,40,B,6146,4449,INTEL_AX211D2W_LGA144,INTEL_AX211D2W_LGA_144P-T
PCIE3_P5_TXP_C,UWLAN2A,40,B,6146,4455,8501-602200-01_LGA76,8501-602200-01_LGA_76P
PCIE3_P7_RXN,C7612,1,T,2303,4128,0.1U_6.3V_K_X5R_0201,C0201_12P992_BA
PCIE3_P7_RXN,TB_TP731,1,T,2887,4067,,
PCIE3_P7_RXN,UCPU1,EG6,B,5637,3758,ALDERLAKE-P-CPU_BGA1744,ALDERLAKE-P-CPU_BGA_1744P-T
PCIE3_P7_RXN_C,C7612,2,T,2280,4128,0.1U_6.3V_K_X5R_0201,C0201_12P992_BA
PCIE3_P7_RXN_C,U7601,39,T,2214,4141,WGI219LM-QREF-A0_QFN48_6X6,WGI219LM-QREF-A0_QFN48_6X6
PCIE3_P7_RXP,C7613,1,T,2303,4106,0.1U_6.3V_K_X5R_0201,C0201_12P992_BA
PCIE3_P7_RXP,TB_TP723,1,T,2973,4059,,
PCIE3_P7_RXP,UCPU1,EG4,B,5637,3784,ALDERLAKE-P-CPU_BGA1744,ALDERLAKE-P-CPU_BGA_1744P-T
PCIE3_P7_RXP_C,C7613,2,T,2280,4106,0.1U_6.3V_K_X5R_0201,C0201_12P992_BA
PCIE3_P7_RXP_C,U7601,38,T,2214,4125,WGI219LM-QREF-A0_QFN48_6X6,WGI219LM-QREF-A0_QFN48_6X6
PCIE3_P7_TXN,C7617,1,T,2303,4196,0.1U_6.3V_K_X5R_0201,C0201_12P992_BA
PCIE3_P7_TXN,TB_TP737,1,T,2526,4197,,
PCIE3_P7_TXN,UCPU1,EL11,B,5685,3669,ALDERLAKE-P-CPU_BGA1744,ALDERLAKE-P-CPU_BGA_1744P-T
PCIE3_P7_TXN_C,C7617,2,T,2280,4196,0.1U_6.3V_K_X5R_0201,C0201_12P992_BA
PCIE3_P7_TXN_C,U7601,42,T,2214,4188,WGI219LM-QREF-A0_QFN48_6X6,WGI219LM-QREF-A0_QFN48_6X6
PCIE3_P7_TXP,C7614,1,T,2303,4175,0.1U_6.3V_K_X5R_0201,C0201_12P992_BA
PCIE3_P7_TXP,UCPU1,EL10,B,5685,3694,ALDERLAKE-P-CPU_BGA1744,ALDERLAKE-P-CPU_BGA_1744P-T
PCIE3_P7_TXP_C,C7614,2,T,2280,4175,0.1U_6.3V_K_X5R_0201,C0201_12P992_BA
PCIE3_P7_TXP_C,U7601,41,T,2214,4172,WGI219LM-QREF-A0_QFN48_6X6,WGI219LM-QREF-A0_QFN48_6X6
PCIE4_A_L0_RXN,JSSD1,41,B,1605,1151,ARGOSY_NASM0-S6710-TS20,ARGOSY_NASM0-S6710-TS20_67P-T
PCIE4_A_L0_RXN,TB_TP921,1,T,1708,1253,,
PCIE4_A_L0_RXN,UCPU1,M19,B,4139,3545,ALDERLAKE-P-CPU_BGA1744,ALDERLAKE-P-CPU_BGA_1744P-T
PCIE4_A_L0_RXP,JSSD1,43,B,1624,1151,ARGOSY_NASM0-S6710-TS20,ARGOSY_NASM0-S6710-TS20_67P-T
PCIE4_A_L0_RXP,UCPU1,M18,B,4139,3570,ALDERLAKE-P-CPU_BGA1744,ALDERLAKE-P-CPU_BGA_1744P-T
PCIE4_A_L0_TXN,C7007,1,B,1660,1063,0.22U_6.3V_K_X5R_0201,C0201_12P992_BA
PCIE4_A_L0_TXN,TB_TP927,1,B,1570,985,,
PCIE4_A_L0_TXN,UCPU1,F17,B,4036,3580,ALDERLAKE-P-CPU_BGA1744,ALDERLAKE-P-CPU_BGA_1744P-T
PCIE4_A_L0_TXN_CONN,C7007,2,B,1660,1086,0.22U_6.3V_K_X5R_0201,C0201_12P992_BA
PCIE4_A_L0_TXN_CONN,JSSD1,47,B,1664,1151,ARGOSY_NASM0-S6710-TS20,ARGOSY_NASM0-S6710-TS20_67P-T
PCIE4_A_L0_TXP,C7008,1,B,1684,1063,0.22U_6.3V_K_X5R_0201,C0201_12P992_BA
PCIE4_A_L0_TXP,TB_TP906,1,B,1640,1000,,
PCIE4_A_L0_TXP,UCPU1,G17,B,4061,3580,ALDERLAKE-P-CPU_BGA1744,ALDERLAKE-P-CPU_BGA_1744P-T
PCIE4_A_L0_TXP_CONN,C7008,2,B,1684,1086,0.22U_6.3V_K_X5R_0201,C0201_12P992_BA
PCIE4_A_L0_TXP_CONN,JSSD1,49,B,1683,1151,ARGOSY_NASM0-S6710-TS20,ARGOSY_NASM0-S6710-TS20_67P-T
PCIE4_A_L1_RXN,JSSD1,29,B,1486,1151,ARGOSY_NASM0-S6710-TS20,ARGOSY_NASM0-S6710-TS20_67P-T
PCIE4_A_L1_RXN,TB_TP944,1,T,1815,1237,,
PCIE4_A_L1_RXN,UCPU1,AA22,B,4283,3498,ALDERLAKE-P-CPU_BGA1744,ALDERLAKE-P-CPU_BGA_1744P-T
PCIE4_A_L1_RXP,JSSD1,31,B,1506,1151,ARGOSY_NASM0-S6710-TS20,ARGOSY_NASM0-S6710-TS20_67P-T
PCIE4_A_L1_RXP,UCPU1,AC22,B,4309,3498,ALDERLAKE-P-CPU_BGA1744,ALDERLAKE-P-CPU_BGA_1744P-T
PCIE4_A_L1_TXN,C7005,1,B,1540,1049,0.22U_6.3V_K_X5R_0201,C0201_12P992_BA
PCIE4_A_L1_TXN,TB_TP935,1,B,1500,1038,,
PCIE4_A_L1_TXN,UCPU1,C17,B,3985,3580,ALDERLAKE-P-CPU_BGA1744,ALDERLAKE-P-CPU_BGA_1744P-T
PCIE4_A_L1_TXN_CONN,C7005,2,B,1540,1072,0.22U_6.3V_K_X5R_0201,C0201_12P992_BA
PCIE4_A_L1_TXN_CONN,JSSD1,35,B,1545,1151,ARGOSY_NASM0-S6710-TS20,ARGOSY_NASM0-S6710-TS20_67P-T
PCIE4_A_L1_TXP,C7006,1,B,1565,1049,0.22U_6.3V_K_X5R_0201,C0201_12P992_BA
PCIE4_A_L1_TXP,TB_TP932,1,B,3883,3577,,
PCIE4_A_L1_TXP,UCPU1,A17,B,3959,3580,ALDERLAKE-P-CPU_BGA1744,ALDERLAKE-P-CPU_BGA_1744P-T
PCIE4_A_L1_TXP_CONN,C7006,2,B,1565,1072,0.22U_6.3V_K_X5R_0201,C0201_12P992_BA
PCIE4_A_L1_TXP_CONN,JSSD1,37,B,1565,1151,ARGOSY_NASM0-S6710-TS20,ARGOSY_NASM0-S6710-TS20_67P-T
PCIE4_A_L2_RXN,JSSD1,17,B,1368,1151,ARGOSY_NASM0-S6710-TS20,ARGOSY_NASM0-S6710-TS20_67P-T
PCIE4_A_L2_RXN,TB_TP853,1,T,4202,3480,,
PCIE4_A_L2_RXN,UCPU1,U22,B,4207,3498,ALDERLAKE-P-CPU_BGA1744,ALDERLAKE-P-CPU_BGA_1744P-T
PCIE4_A_L2_RXP,JSSD1,19,B,1388,1151,ARGOSY_NASM0-S6710-TS20,ARGOSY_NASM0-S6710-TS20_67P-T
PCIE4_A_L2_RXP,UCPU1,V22,B,4232,3498,ALDERLAKE-P-CPU_BGA1744,ALDERLAKE-P-CPU_BGA_1744P-T
PCIE4_A_L2_TXN,C7003,1,B,1423,1053,0.22U_6.3V_K_X5R_0201,C0201_12P992_BA
PCIE4_A_L2_TXN,TB_TP873,1,B,1435,1022,,
PCIE4_A_L2_TXN,UCPU1,F20,B,4036,3535,ALDERLAKE-P-CPU_BGA1744,ALDERLAKE-P-CPU_BGA_1744P-T
PCIE4_A_L2_TXN_CONN,C7003,2,B,1423,1076,0.22U_6.3V_K_X5R_0201,C0201_12P992_BA
PCIE4_A_L2_TXN_CONN,JSSD1,23,B,1427,1151,ARGOSY_NASM0-S6710-TS20,ARGOSY_NASM0-S6710-TS20_67P-T
PCIE4_A_L2_TXP,C7004,1,B,1448,1053,0.22U_6.3V_K_X5R_0201,C0201_12P992_BA
PCIE4_A_L2_TXP,TB_TP845,1,B,3774,3521,,
PCIE4_A_L2_TXP,UCPU1,G20,B,4061,3535,ALDERLAKE-P-CPU_BGA1744,ALDERLAKE-P-CPU_BGA_1744P-T
PCIE4_A_L2_TXP_CONN,C7004,2,B,1448,1076,0.22U_6.3V_K_X5R_0201,C0201_12P992_BA
PCIE4_A_L2_TXP_CONN,JSSD1,25,B,1447,1151,ARGOSY_NASM0-S6710-TS20,ARGOSY_NASM0-S6710-TS20_67P-T
PCIE4_A_L3_RXN,JSSD1,5,B,1250,1151,ARGOSY_NASM0-S6710-TS20,ARGOSY_NASM0-S6710-TS20_67P-T
PCIE4_A_L3_RXN,UCPU1,M24,B,4139,3467,ALDERLAKE-P-CPU_BGA1744,ALDERLAKE-P-CPU_BGA_1744P-T
PCIE4_A_L3_RXP,JSSD1,7,B,1270,1151,ARGOSY_NASM0-S6710-TS20,ARGOSY_NASM0-S6710-TS20_67P-T
PCIE4_A_L3_RXP,TB_TP867,1,T,1870,1323,,
PCIE4_A_L3_RXP,UCPU1,M22,B,4139,3493,ALDERLAKE-P-CPU_BGA1744,ALDERLAKE-P-CPU_BGA_1744P-T
PCIE4_A_L3_TXN,C7001,1,B,1304,1042,0.22U_6.3V_K_X5R_0201,C0201_12P992_BA
PCIE4_A_L3_TXN,TB_TP861,1,B,3876,3501,,
PCIE4_A_L3_TXN,UCPU1,C20,B,3985,3535,ALDERLAKE-P-CPU_BGA1744,ALDERLAKE-P-CPU_BGA_1744P-T
PCIE4_A_L3_TXN_CONN,C7001,2,B,1304,1065,0.22U_6.3V_K_X5R_0201,C0201_12P992_BA
PCIE4_A_L3_TXN_CONN,JSSD1,11,B,1309,1151,ARGOSY_NASM0-S6710-TS20,ARGOSY_NASM0-S6710-TS20_67P-T
PCIE4_A_L3_TXP,C7002,1,B,1329,1042,0.22U_6.3V_K_X5R_0201,C0201_12P992_BA
PCIE4_A_L3_TXP,TB_TP857,1,B,1307,1019,,
PCIE4_A_L3_TXP,UCPU1,A20,B,3959,3535,ALDERLAKE-P-CPU_BGA1744,ALDERLAKE-P-CPU_BGA_1744P-T
PCIE4_A_L3_TXP_CONN,C7002,2,B,1329,1065,0.22U_6.3V_K_X5R_0201,C0201_12P992_BA
PCIE4_A_L3_TXP_CONN,JSSD1,13,B,1329,1151,ARGOSY_NASM0-S6710-TS20,ARGOSY_NASM0-S6710-TS20_67P-T
PCIE4_A_RCOMP_P,R1206,1,B,3838,3775,1/20W_2.21K_1%_0201,R0201_11P811
PCIE4_A_RCOMP_P,UCPU1,A6,B,3959,3746,ALDERLAKE-P-CPU_BGA1744,ALDERLAKE-P-CPU_BGA_1744P-T
PCIE4_A_RCOMP_P,UCPU1,C6,B,3985,3749,ALDERLAKE-P-CPU_BGA1744,ALDERLAKE-P-CPU_BGA_1744P-T
PCIE4_B_L0_RXN,C3213,1,T,6837,3612,0.22U_6.3V_K_X5R_0201,C0201_12P992_BA
PCIE4_B_L0_RXN,TB_TP117,1,B,6698,3508,,
PCIE4_B_L0_RXN,UCPU1,U12,B,4207,3652,ALDERLAKE-P-CPU_BGA1744,ALDERLAKE-P-CPU_BGA_1744P-T
PCIE4_B_L0_RXN_C,C3213,2,T,6860,3612,0.22U_6.3V_K_X5R_0201,C0201_12P992_BA
PCIE4_B_L0_RXN_C,TB_TP151,1,T,6898,3622,,
PCIE4_B_L0_RXN_C,UGPU1,AC28,B,6992,3624,NVIDIA_GN20-S5-GB3-64_FCBGA771,NVIDIA_GN20-S5-GB3-64_FCBGA_771P-T
PCIE4_B_L0_RXP,C3204,1,T,6837,3637,0.22U_6.3V_K_X5R_0201,C0201_12P992_BA
PCIE4_B_L0_RXP,TB_TP118,1,T,6801,3527,,
PCIE4_B_L0_RXP,UCPU1,V12,B,4232,3652,ALDERLAKE-P-CPU_BGA1744,ALDERLAKE-P-CPU_BGA_1744P-T
PCIE4_B_L0_RXP_C,C3204,2,T,6860,3637,0.22U_6.3V_K_X5R_0201,C0201_12P992_BA
PCIE4_B_L0_RXP_C,TB_TP158,1,T,6972,3639,,
PCIE4_B_L0_RXP_C,UGPU1,AC27,B,7020,3624,NVIDIA_GN20-S5-GB3-64_FCBGA771,NVIDIA_GN20-S5-GB3-64_FCBGA_771P-T
PCIE4_B_L0_TXN,C3215,1,B,6787,3530,0.22U_6.3V_K_X5R_0201,C0201_12P992_BA
PCIE4_B_L0_TXN,UCPU1,F11,B,4036,3669,ALDERLAKE-P-CPU_BGA1744,ALDERLAKE-P-CPU_BGA_1744P-T
PCIE4_B_L0_TXN_C,C3215,2,B,6810,3530,0.22U_6.3V_K_X5R_0201,C0201_12P992_BA
PCIE4_B_L0_TXN_C,UGPU1,AC31,B,6909,3624,NVIDIA_GN20-S5-GB3-64_FCBGA771,NVIDIA_GN20-S5-GB3-64_FCBGA_771P-T
PCIE4_B_L0_TXP,C3214,1,B,6787,3555,0.22U_6.3V_K_X5R_0201,C0201_12P992_BA
PCIE4_B_L0_TXP,TB_TP119,1,B,6755,3557,,
PCIE4_B_L0_TXP,UCPU1,G11,B,4061,3669,ALDERLAKE-P-CPU_BGA1744,ALDERLAKE-P-CPU_BGA_1744P-T
PCIE4_B_L0_TXP_C,C3214,2,B,6810,3555,0.22U_6.3V_K_X5R_0201,C0201_12P992_BA
PCIE4_B_L0_TXP_C,UGPU1,AC30,B,6937,3624,NVIDIA_GN20-S5-GB3-64_FCBGA771,NVIDIA_GN20-S5-GB3-64_FCBGA_771P-T
PCIE4_B_L1_RXN,C3206,1,T,6837,3684,0.22U_6.3V_K_X5R_0201,C0201_12P992_BA
PCIE4_B_L1_RXN,TB_TP120,1,B,6603,3570,,
PCIE4_B_L1_RXN,UCPU1,M14,B,4139,3622,ALDERLAKE-P-CPU_BGA1744,ALDERLAKE-P-CPU_BGA_1744P-T
PCIE4_B_L1_RXN_C,C3206,2,T,6860,3684,0.22U_6.3V_K_X5R_0201,C0201_12P992_BA
PCIE4_B_L1_RXN_C,UGPU1,AA28,B,6992,3679,NVIDIA_GN20-S5-GB3-64_FCBGA771,NVIDIA_GN20-S5-GB3-64_FCBGA_771P-T
PCIE4_B_L1_RXP,C3205,1,T,6837,3709,0.22U_6.3V_K_X5R_0201,C0201_12P992_BA
PCIE4_B_L1_RXP,TB_TP121,1,T,6626,3589,,
PCIE4_B_L1_RXP,UCPU1,M13,B,4139,3647,ALDERLAKE-P-CPU_BGA1744,ALDERLAKE-P-CPU_BGA_1744P-T
PCIE4_B_L1_RXP_C,C3205,2,T,6860,3709,0.22U_6.3V_K_X5R_0201,C0201_12P992_BA
PCIE4_B_L1_RXP_C,TB_TP155,1,T,6921,3698,,
PCIE4_B_L1_RXP_C,UGPU1,AA27,B,7020,3679,NVIDIA_GN20-S5-GB3-64_FCBGA771,NVIDIA_GN20-S5-GB3-64_FCBGA_771P-T
PCIE4_B_L1_TXN,C3217,1,B,6787,3620,0.22U_6.3V_K_X5R_0201,C0201_12P992_BA
PCIE4_B_L1_TXN,TB_TP122,1,B,3805,3667,,
PCIE4_B_L1_TXN,UCPU1,C11,B,3985,3669,ALDERLAKE-P-CPU_BGA1744,ALDERLAKE-P-CPU_BGA_1744P-T
PCIE4_B_L1_TXN_C,C3217,2,B,6810,3620,0.22U_6.3V_K_X5R_0201,C0201_12P992_BA
PCIE4_B_L1_TXN_C,UGPU1,AA30,B,6937,3679,NVIDIA_GN20-S5-GB3-64_FCBGA771,NVIDIA_GN20-S5-GB3-64_FCBGA_771P-T
PCIE4_B_L1_TXP,C3216,1,B,6787,3645,0.22U_6.3V_K_X5R_0201,C0201_12P992_BA
PCIE4_B_L1_TXP,TB_TP123,1,B,6755,3649,,
PCIE4_B_L1_TXP,UCPU1,A11,B,3959,3669,ALDERLAKE-P-CPU_BGA1744,ALDERLAKE-P-CPU_BGA_1744P-T
PCIE4_B_L1_TXP_C,C3216,2,B,6810,3645,0.22U_6.3V_K_X5R_0201,C0201_12P992_BA
PCIE4_B_L1_TXP_C,UGPU1,AA31,B,6909,3679,NVIDIA_GN20-S5-GB3-64_FCBGA771,NVIDIA_GN20-S5-GB3-64_FCBGA_771P-T
PCIE4_B_L2_RXN,C3219,1,T,6836,3756,0.22U_6.3V_K_X5R_0201,C0201_12P992_BA
PCIE4_B_L2_RXN,TB_TP124,1,B,6576,3636,,
PCIE4_B_L2_RXN,UCPU1,AA17,B,4283,3575,ALDERLAKE-P-CPU_BGA1744,ALDERLAKE-P-CPU_BGA_1744P-T
PCIE4_B_L2_RXN_C,C3219,2,T,6859,3756,0.22U_6.3V_K_X5R_0201,C0201_12P992_BA
PCIE4_B_L2_RXN_C,TB_TP159,1,T,6892,3766,,
PCIE4_B_L2_RXN_C,UGPU1,W28,B,6992,3734,NVIDIA_GN20-S5-GB3-64_FCBGA771,NVIDIA_GN20-S5-GB3-64_FCBGA_771P-T
PCIE4_B_L2_RXP,C3218,1,T,6836,3781,0.22U_6.3V_K_X5R_0201,C0201_12P992_BA
PCIE4_B_L2_RXP,TB_TP125,1,T,6753,3733,,
PCIE4_B_L2_RXP,UCPU1,AC17,B,4309,3575,ALDERLAKE-P-CPU_BGA1744,ALDERLAKE-P-CPU_BGA_1744P-T
PCIE4_B_L2_RXP_C,C3218,2,T,6859,3781,0.22U_6.3V_K_X5R_0201,C0201_12P992_BA
PCIE4_B_L2_RXP_C,TB_TP152,1,T,6975,3754,,
PCIE4_B_L2_RXP_C,UGPU1,W27,B,7020,3734,NVIDIA_GN20-S5-GB3-64_FCBGA771,NVIDIA_GN20-S5-GB3-64_FCBGA_771P-T
PCIE4_B_L2_TXN,C3220,1,B,6787,3740,0.22U_6.3V_K_X5R_0201,C0201_12P992_BA
PCIE4_B_L2_TXN,TB_TP127,1,B,6647,3758,,
PCIE4_B_L2_TXN,UCPU1,F14,B,4036,3625,ALDERLAKE-P-CPU_BGA1744,ALDERLAKE-P-CPU_BGA_1744P-T
PCIE4_B_L2_TXN_C,C3220,2,B,6810,3740,0.22U_6.3V_K_X5R_0201,C0201_12P992_BA
PCIE4_B_L2_TXN_C,UGPU1,W30,B,6937,3734,NVIDIA_GN20-S5-GB3-64_FCBGA771,NVIDIA_GN20-S5-GB3-64_FCBGA_771P-T
PCIE4_B_L2_TXP,C3207,1,B,6787,3715,0.22U_6.3V_K_X5R_0201,C0201_12P992_BA
PCIE4_B_L2_TXP,TB_TP128,1,B,6740,3726,,
PCIE4_B_L2_TXP,UCPU1,G14,B,4061,3625,ALDERLAKE-P-CPU_BGA1744,ALDERLAKE-P-CPU_BGA_1744P-T
PCIE4_B_L2_TXP_C,C3207,2,B,6810,3715,0.22U_6.3V_K_X5R_0201,C0201_12P992_BA
PCIE4_B_L2_TXP_C,UGPU1,W31,B,6909,3734,NVIDIA_GN20-S5-GB3-64_FCBGA771,NVIDIA_GN20-S5-GB3-64_FCBGA_771P-T
PCIE4_B_L3_RXN,C3222,1,T,6836,3853,0.22U_6.3V_K_X5R_0201,C0201_12P992_BA
PCIE4_B_L3_RXN,TB_TP129,1,B,6482,3641,,
PCIE4_B_L3_RXN,UCPU1,U17,B,4207,3575,ALDERLAKE-P-CPU_BGA1744,ALDERLAKE-P-CPU_BGA_1744P-T
PCIE4_B_L3_RXN_C,C3222,2,T,6859,3853,0.22U_6.3V_K_X5R_0201,C0201_12P992_BA
PCIE4_B_L3_RXN_C,UGPU1,U27,B,7020,3789,NVIDIA_GN20-S5-GB3-64_FCBGA771,NVIDIA_GN20-S5-GB3-64_FCBGA_771P-T
PCIE4_B_L3_RXP,C3221,1,T,6836,3828,0.22U_6.3V_K_X5R_0201,C0201_12P992_BA
PCIE4_B_L3_RXP,TB_TP130,1,T,6762,3842,,
PCIE4_B_L3_RXP,UCPU1,V17,B,4232,3575,ALDERLAKE-P-CPU_BGA1744,ALDERLAKE-P-CPU_BGA_1744P-T
PCIE4_B_L3_RXP_C,C3221,2,T,6859,3828,0.22U_6.3V_K_X5R_0201,C0201_12P992_BA
PCIE4_B_L3_RXP_C,UGPU1,U28,B,6992,3789,NVIDIA_GN20-S5-GB3-64_FCBGA771,NVIDIA_GN20-S5-GB3-64_FCBGA_771P-T
PCIE4_B_L3_TXN,C3224,1,B,6787,3810,0.22U_6.3V_K_X5R_0201,C0201_12P992_BA
PCIE4_B_L3_TXN,TB_TP131,1,B,6741,3801,,
PCIE4_B_L3_TXN,UCPU1,C14,B,3985,3625,ALDERLAKE-P-CPU_BGA1744,ALDERLAKE-P-CPU_BGA_1744P-T
PCIE4_B_L3_TXN_C,C3224,2,B,6810,3810,0.22U_6.3V_K_X5R_0201,C0201_12P992_BA
PCIE4_B_L3_TXN_C,UGPU1,U31,B,6909,3789,NVIDIA_GN20-S5-GB3-64_FCBGA771,NVIDIA_GN20-S5-GB3-64_FCBGA_771P-T
PCIE4_B_L3_TXP,C3223,1,B,6787,3785,0.22U_6.3V_K_X5R_0201,C0201_12P992_BA
PCIE4_B_L3_TXP,UCPU1,A14,B,3959,3625,ALDERLAKE-P-CPU_BGA1744,ALDERLAKE-P-CPU_BGA_1744P-T
PCIE4_B_L3_TXP_C,C3223,2,B,6810,3785,0.22U_6.3V_K_X5R_0201,C0201_12P992_BA
PCIE4_B_L3_TXP_C,UGPU1,U30,B,6937,3789,NVIDIA_GN20-S5-GB3-64_FCBGA771,NVIDIA_GN20-S5-GB3-64_FCBGA_771P-T
PCIE4_B_RCOMP_P,R1209,1,B,3838,3797,1/20W_2.21K_1%_0201,R0201_11P811
PCIE4_B_RCOMP_P,UCPU1,A5,B,3959,3771,ALDERLAKE-P-CPU_BGA1744,ALDERLAKE-P-CPU_BGA_1744P-T
PCIE4_B_RCOMP_P,UCPU1,D6,B,4011,3749,ALDERLAKE-P-CPU_BGA1744,ALDERLAKE-P-CPU_BGA_1744P-T
PCIE4_RCOMP_N,R1206,2,B,3815,3775,1/20W_2.21K_1%_0201,R0201_11P811
PCIE4_RCOMP_N,R1209,2,B,3815,3797,1/20W_2.21K_1%_0201,R0201_11P811
PCIE4_RCOMP_N,TB_TP1182,1,B,3743,3782,,
PCIE4_RCOMP_N,UCPU1,F6,B,4039,3749,ALDERLAKE-P-CPU_BGA1744,ALDERLAKE-P-CPU_BGA_1744P-T
PCIE8_RCOMP_N,R1208,1,B,3840,3748,1/20W_150_1%_0201,R0201_11P811
PCIE8_RCOMP_N,UCPU1,D8,B,4011,3723,ALDERLAKE-P-CPU_BGA1744,ALDERLAKE-P-CPU_BGA_1744P-T
PCIE8_RCOMP_P,R1208,2,B,3840,3725,1/20W_150_1%_0201,R0201_11P811
PCIE8_RCOMP_P,TB_TP1184,1,B,3799,3739,,
PCIE8_RCOMP_P,UCPU1,A8,B,3959,3720,ALDERLAKE-P-CPU_BGA1744,ALDERLAKE-P-CPU_BGA_1744P-T
PCIE8_RCOMP_P,UCPU1,C8,B,3985,3723,ALDERLAKE-P-CPU_BGA1744,ALDERLAKE-P-CPU_BGA_1744P-T
PCIECLK0_PCIE4_A_100M,JSSD1,55,B,1742,1151,ARGOSY_NASM0-S6710-TS20,ARGOSY_NASM0-S6710-TS20_67P-T
PCIECLK0_PCIE4_A_100M,TB_TP668,1,T,5467,3679,,
PCIECLK0_PCIE4_A_100M,UCPU1,DT10,B,5451,3694,ALDERLAKE-P-CPU_BGA1744,ALDERLAKE-P-CPU_BGA_1744P-T
PCIECLK1_PCIE3_P5_100M,TB_TP1322,1,T,6229,4430,,
PCIECLK1_PCIE3_P5_100M,UCPU1,DU1,B,5468,3828,ALDERLAKE-P-CPU_BGA1744,ALDERLAKE-P-CPU_BGA_1744P-T
PCIECLK1_PCIE3_P5_100M,UWLAN1,34,B,6264,4449,INTEL_AX211D2W_LGA144,INTEL_AX211D2W_LGA_144P-T
PCIECLK1_PCIE3_P5_100M,UWLAN2A,34,B,6264,4455,8501-602200-01_LGA76,8501-602200-01_LGA_76P
PCIECLK2_PCIE3_P1_100M,R7420,1,T,2717,3755,0_0201_SP,R0201_SHORT
PCIECLK2_PCIE3_P1_100M,TP7403,1,T,2738,3725,Test_Point_16MIL,TPC16
PCIECLK2_PCIE3_P1_100M,UCPU1,DR4,B,5442,3784,ALDERLAKE-P-CPU_BGA1744,ALDERLAKE-P-CPU_BGA_1744P-T
PCIECLK2_PCIE3_P1_100M_R,JWWAN1,55,B,2726,3771,ARGOSY_NASB0-S6710-TS20,ARGOSY_NASB0-S6710-TS20_75P-T
PCIECLK2_PCIE3_P1_100M_R,R7420,2,T,2717,3778,0_0201_SP,R0201_SHORT
PCIECLK2_PCIE3_P1_100M_R,TB_TP79,1,T,2731,3813,,
PCIECLK3_PCIE4_B_100M,UCPU1,DN10,B,5417,3694,ALDERLAKE-P-CPU_BGA1744,ALDERLAKE-P-CPU_BGA_1744P-T
PCIECLK3_PCIE4_B_100M,UGPU1,AE30,B,6937,3569,NVIDIA_GN20-S5-GB3-64_FCBGA771,NVIDIA_GN20-S5-GB3-64_FCBGA_771P-T
PCIECLK4_PCIE3_P7_100M,TB_TP694,1,T,3044,4152,,
PCIECLK4_PCIE3_P7_100M,U7601,44,T,2214,4220,WGI219LM-QREF-A0_QFN48_6X6,WGI219LM-QREF-A0_QFN48_6X6
PCIECLK4_PCIE3_P7_100M,UCPU1,DP5,B,5419,3772,ALDERLAKE-P-CPU_BGA1744,ALDERLAKE-P-CPU_BGA_1744P-T
PD_GPIO0,R5916,1,T,1374,3761,1/20W_100K_5%_0201,R0201_11P811
PD_GPIO0,U5901,45,T,1437,3733,SN2011061RSLR_VQFN48_6X6,SN2011061RSLR_VQFN48_6X6
PD_GPIO1,R5917,1,T,1311,3881,1/20W_100K_5%_0201,R0201_11P811
PD_GPIO1,TB_TP52,1,T,1271,3848,,
PD_GPIO1,U5901,38,T,1437,3844,SN2011061RSLR_VQFN48_6X6,SN2011061RSLR_VQFN48_6X6
PD_GPIO7,R5918,1,T,1665,3994,1/20W_100K_5%_0201,R0201_11P811
PD_GPIO7,TB_TP51,1,T,1633,3938,,
PD_GPIO7,U5901,27,T,1606,3887,SN2011061RSLR_VQFN48_6X6,SN2011061RSLR_VQFN48_6X6
PE,PR0840,1,B,3053,5022,1/20W_0_5%_0201,R0201_11P811
PE,PR0841,1,B,3044,5045,1/20W_10K_1%_0201,R0201_11P811
PE,PU0801,32,B,3125,5005,MP2964GQKT-0400-C669-Z_TQFN48_6X6,MP2964GQKT-0400-C669-Z_TQFN48_6X6
PECI,C0821,2,T,5333,3875,2200P_25V_K_X7R_0201,C0201_12P992_BA
PECI,R8123,2,T,1897,2390,1/20W_33_5%_0201,R0201_11P811
PECI,TB_TP830,1,T,5408,3973,,
PECI,UCPU1,DG3,B,5321,3803,ALDERLAKE-P-CPU_BGA1744,ALDERLAKE-P-CPU_BGA_1744P-T
PECI_EC,R8123,1,T,1874,2390,1/20W_33_5%_0201,R0201_11P811
PECI_EC,UEC1,D3,T,1910,2117,NPCX997KAABX_VFBGA144,NPCX997KAABX_VFBGA_144P
PEX_TERMP,R3206,1,B,6759,3992,1/20W_2.49K_1%_0201,R0201_11P811
PEX_TERMP,TB_TP1046,1,B,6800,3910,,
PEX_TERMP,UGPU1,R31,B,6909,3844,NVIDIA_GN20-S5-GB3-64_FCBGA771,NVIDIA_GN20-S5-GB3-64_FCBGA_771P-T
PFM_VCC_3V3,C3101,1,T,9683,4972,1U_6.3V_K_X7R_0402,C0402_21P654_CA
PFM_VCC_3V3,R3106,1,T,9718,4974,1/20W_0_5%_0201,R0201_11P811
PFM_VCC_3V3,TB_TP168,1,T,9720,5049,,
PFM_VCC_3V3,U3101,27,T,9672,4918,NCP45491XMNTWG_QFN32_4X4,NCP45491XMNTWG_QFN32_4X4
PHASE1_VGA,PC1509,2,B,7460,1883,0.22U_25V_K_X5R_0402,C0402_21P654_CA
PHASE1_VGA,PQ1501,2,B,7833,2221,AOE6930_DFN8-10,AOE6930_DFN8-10
PHASE1_VGA,PU1501,20,B,7424,1790,NCP81278TMNTXG_QFN20_3X3,NCP81272MNTXG_QFN20_3X3
PHASE1_VGA,TB_TP1044,1,T,7481,1878,,
PHASE1_VGA_M,PC1511,2,B,7681,2484,470P_50V_K_X7R_0201,C0201_12P992_BA
PHASE1_VGA_M,PL1501,1,B,7849,2653,0.15UH_CMLE063T-R15MS0R907_38A_20%,CYNTE_PCME063T-R24MS1R195_2P
PHASE1_VGA_M,PQ1501,5,B,7733,2438,AOE6930_DFN8-10,AOE6930_DFN8-10
PHASE1_VGA_M,PQ1501,6,B,7783,2438,AOE6930_DFN8-10,AOE6930_DFN8-10
PHASE1_VGA_M,PQ1501,7,B,7833,2438,AOE6930_DFN8-10,AOE6930_DFN8-10
PHASE1_VGA_M,TB_TP955,1,B,7742,2487,,
PHASE2_VGA,PC1527,2,B,7307,1884,0.22U_25V_K_X5R_0402,C0402_21P654_CA
PHASE2_VGA,PQ1502,2,B,7424,2287,AOE6930_DFN8-10,AOE6930_DFN8-10
PHASE2_VGA,PU1501,16,B,7361,1790,NCP81278TMNTXG_QFN20_3X3,NCP81272MNTXG_QFN20_3X3
PHASE2_VGA,TB_TP1073,1,B,7408,2236,,
PHASE2_VGA_M,PC1535,2,B,7267,2503,470P_50V_K_X7R_0201,C0201_12P992_BA
PHASE2_VGA_M,PL1502,1,B,7179,2720,0.15UH_CMLE063T-R15MS0R907_38A_20%,CYNTE_PCME063T-R24MS1R195_2P
PHASE2_VGA_M,PQ1502,5,B,7324,2504,AOE6930_DFN8-10,AOE6930_DFN8-10
PHASE2_VGA_M,PQ1502,6,B,7374,2504,AOE6930_DFN8-10,AOE6930_DFN8-10
PHASE2_VGA_M,PQ1502,7,B,7424,2504,AOE6930_DFN8-10,AOE6930_DFN8-10
PHASE2_VGA_M,TB_TP1040,1,B,7342,2552,,
PLANARID0,R0909,2,T,5611,3364,1/20W_0_5%_0201,R0201_11P811
PLANARID0,TB_TP951,1,T,5617,3405,,
PLANARID0,UCPU1,EF28,B,5621,3401,ALDERLAKE-P-CPU_BGA1744,ALDERLAKE-P-CPU_BGA_1744P-T
PLANARID1,R0908,2,T,5660,3276,1/20W_0_5%_0201,R0201_11P811
PLANARID1,UCPU1,EN33,B,5724,3322,ALDERLAKE-P-CPU_BGA1744,ALDERLAKE-P-CPU_BGA_1744P-T
PLANARID2,R0907,2,T,5657,3382,1/20W_0_5%_0201,R0201_11P811
PLANARID2,TB_TP964,1,T,5654,3348,,
PLANARID2,UCPU1,EL31,B,5698,3362,ALDERLAKE-P-CPU_BGA1744,ALDERLAKE-P-CPU_BGA_1744P-T
PLANARID3,R0906,2,T,5806,3305,1/20W_0_5%_0201,R0201_11P811
PLANARID3,UCPU1,ET33,B,5775,3322,ALDERLAKE-P-CPU_BGA1744,ALDERLAKE-P-CPU_BGA_1744P-T
PROC_POPIRCOMP,R0805,2,B,5596,2612,1/20W_49.9_1%_0201,R0201_11P811
PROC_POPIRCOMP,TB_TP871,1,B,5479,2819,,
PROC_POPIRCOMP,UCPU1,DV60,B,5485,2903,ALDERLAKE-P-CPU_BGA1744,ALDERLAKE-P-CPU_BGA_1744P-T
PSI_VGA,PC1501,1,B,7568,1630,0.1U_25V_K_X5R_0402,C0402_21P654_CA
PSI_VGA,PR1501,2,B,7541,1702,0_0201_SP,R0201_SHORT
PSI_VGA,PR1503,2,B,7541,1680,1/20W_10K_1%_0201,R0201_11P811
PSI_VGA,PR1504,2,B,7541,1658,1/20W_10K_1%_0201,R0201_11P811
PSI_VGA,PR1505,1,B,7541,1632,1/20W_10K_1%_0201,R0201_11P811
PSI_VGA,PU1501,4,B,7447,1719,NCP81278TMNTXG_QFN20_3X3,NCP81272MNTXG_QFN20_3X3
PSI_VGA,TB_TP980,1,B,7604,1628,,
PSYS,PC0805,2,B,3296,5169,1000P_25V_K_X7R_0201,C0201_12P992_BA
PSYS,PR0225,1,T,3206,1481,0_0402_SP,R0402_SHORT
PSYS,PR0825,1,B,3274,5181,1/20W_10K_1%_0201,R0201_11P811
PSYS,PU0801,45,B,3281,5097,MP2964GQKT-0400-C669-Z_TQFN48_6X6,MP2964GQKT-0400-C669-Z_TQFN48_6X6
PSYS,TB_TP525,1,T,3236,1520,,
PSYS_CHG,PC0227,1,B,3185,1338,100P_25V_J_NPO_0201,C0201_12P992_BA
PSYS_CHG,PR0225,2,T,3206,1445,0_0402_SP,R0402_SHORT
PSYS_CHG,PU0201,10,B,3080,1277,BQ25710RSNR_QFN32_4X4,BQ25710RSNR_QFN32_4X4
PSYS_CHG,TB_TP681,1,T,3202,1374,,
PWM1_CORE,PU0801,42,B,3233,5097,MP2964GQKT-0400-C669-Z_TQFN48_6X6,MP2964GQKT-0400-C669-Z_TQFN48_6X6
PWM1_CORE,PU0901,15,B,3956,5040,MP86941-CGQVT-C669-Z_TQFN21_3X5,MP86941-CGQVT-C669-Z_TQFN21_3X5
PWM1_CORE,TB_TP751,1,T,3950,5038,,
PWM2_CORE,PU0801,41,B,3218,5097,MP2964GQKT-0400-C669-Z_TQFN48_6X6,MP2964GQKT-0400-C669-Z_TQFN48_6X6
PWM2_CORE,PU0902,15,B,4402,5032,MP86941-CGQVT-C669-Z_TQFN21_3X5,MP86941-CGQVT-C669-Z_TQFN21_3X5
PWM2_CORE,TB_TP791,1,T,4412,5029,,
PWM3_CORE,PU0801,40,B,3202,5097,MP2964GQKT-0400-C669-Z_TQFN48_6X6,MP2964GQKT-0400-C669-Z_TQFN48_6X6
PWM3_CORE,PU0903,15,B,4810,5035,MP86941-CGQVT-C669-Z_TQFN21_3X5,MP86941-CGQVT-C669-Z_TQFN21_3X5
PWM3_CORE,TB_TP849,1,T,3176,5110,,
PWM5_VCCGT,PR0836,1,B,3013,5137,0_0402_SP,R0402_SHORT
PWM5_VCCGT,PU1102,15,B,5605,4814,MP86941-CGQVT-C669-Z_TQFN21_3X5,MP86941-CGQVT-C669-Z_TQFN21_3X5
PWM5_VCCGT,TB_TP701,1,T,5612,4808,,
PWM6_VCCGT,PR0837,1,B,3013,5105,0_0402_SP,R0402_SHORT
PWM6_VCCGT,PU1101,15,B,5213,5039,MP86941-CGQVT-C669-Z_TQFN21_3X5,MP86941-CGQVT-C669-Z_TQFN21_3X5
PWM6_VCCGT,TB_TP348,1,T,5192,5051,,
PWRSHUTDOWN,C6120,2,T,810,4289,0.1U_6.3V_K_X5R_0201,C0201_12P992_BA
PWRSHUTDOWN,C6220,2,T,567,3606,0.1U_6.3V_K_X5R_0201,C0201_12P992_BA
PWRSHUTDOWN,Q6201,3,T,532,3638,LSK3541G1ET2L_VMT3,LSK3541G1ET2L_VMT3
PWRSHUTDOWN,R6206,1,T,558,3627,1/20W_100K_5%_0201,R0201_11P811
PWRSHUTDOWN,TB_TP1157,1,T,846,4318,,
PWRSHUTDOWN,U6101,A1,T,756,4264,KTS1668EAY-TR_WLCSP12,KTS1668EAY-TR_WLCSP_12P
PWRSHUTDOWN,U6201,A1,T,605,3580,KTS1668EAY-TR_WLCSP12,KTS1668EAY-TR_WLCSP_12P
Q6501_C1,Q6501,C1,T,1889,3639,CSD87501L_LGA10_3P37X1P47,CSD87501L_LGA10_3P37X1P47
Q6501_C1,R6501,2,T,1895,3725,0_0201_SP,R0201_SHORT
Q6501_C1,TB_TP1415,1,T,1930,3734,,
Q6501_C2,Q6501,C2,T,1915,3639,CSD87501L_LGA10_3P37X1P47,CSD87501L_LGA10_3P37X1P47
Q6501_C2,R6502,2,T,1469,3564,0_0201_SP,R0201_SHORT
Q6501_C2,TB_TP1412,1,T,1591,3470,,
Q6505_C1,Q6505,C1,T,1884,3879,CSD87501L_LGA10_3P37X1P47,CSD87501L_LGA10_3P37X1P47
Q6505_C1,R6505,2,T,1848,3800,0_0201_SP,R0201_SHORT
Q6505_C1,TB_TP388,1,T,1823,3835,,
Q6505_C2,Q6505,C2,T,1910,3879,CSD87501L_LGA10_3P37X1P47,CSD87501L_LGA10_3P37X1P47
Q6505_C2,R6506,2,T,1496,3564,0_0201_SP,R0201_SHORT
Q6505_C2,TB_TP392,1,T,1685,3485,,
R2302,R2505,2,T,6613,1536,1/20W_243_1%_0201,R0201_11P811
R2302,TB_TP214,1,T,6613,1501,,
R2302,U2601,F9,T,6479,1458,K4A8G165WB-BCPB_FBGA96,K4ABG165WA-MCTD_FBGA_96P-T_3SILK
R2303,R2506,2,T,6612,1559,1/20W_0_5%_0201,R0201_11P811
R2303,TB_TP251,1,T,6616,1596,,
R2303,U2601,E9,T,6479,1489,K4A8G165WB-BCPB_FBGA96,K4ABG165WA-MCTD_FBGA_96P-T_3SILK
R2305,R2502,2,T,5948,1507,1/20W_243_1%_0201,R0201_11P811
R2305,TB_TP295,1,T,6033,1543,,
R2305,U2501,F9,T,5794,1458,K4A8G165WB-BCPB_FBGA96,K4ABG165WA-MCTD_FBGA_96P-T_3SILK
R2306,R2503,2,T,5948,1535,1/20W_0_5%_0201,R0201_11P811
R2306,TB_TP253,1,T,5968,1570,,
R2306,U2501,E9,T,5794,1489,K4A8G165WB-BCPB_FBGA96,K4ABG165WA-MCTD_FBGA_96P-T_3SILK
R2308,R2508,2,T,5241,1540,1/20W_243_1%_0201,R0201_11P811
R2308,TB_TP296,1,T,5319,1539,,
R2308,U2701,F9,T,5109,1458,K4A8G165WB-BCPB_FBGA96,K4ABG165WA-MCTD_FBGA_96P-T_3SILK
R2309,R2509,2,T,5244,1578,1/20W_0_5%_0201,R0201_11P811
R2309,TB_TP259,1,T,5282,1602,,
R2309,U2701,E9,T,5109,1489,K4A8G165WB-BCPB_FBGA96,K4ABG165WA-MCTD_FBGA_96P-T_3SILK
R2311,R2511,2,T,4561,1510,1/20W_243_1%_0201,R0201_11P811
R2311,TB_TP206,1,T,4620,1478,,
R2311,U2801,F9,T,4424,1458,K4A8G165WB-BCPB_FBGA96,K4ABG165WA-MCTD_FBGA_96P-T_3SILK
R2312,R2512,2,T,4561,1532,1/20W_0_5%_0201,R0201_11P811
R2312,TB_TP245,1,T,4612,1554,,
R2312,U2801,E9,T,4424,1489,K4A8G165WB-BCPB_FBGA96,K4ABG165WA-MCTD_FBGA_96P-T_3SILK
R5101,D9402,2,T,1727,3152,RB521CM-30T2R_VMN2M-2,RB521CM-30T2R_VMN2M-2
R5101,R9407,1,T,1725,2988,1/20W_47_5%_0201,R0201_11P811
R5101,TB_TP715,1,T,1725,3028,,
REFIN_272,PC1520,2,B,7409,1594,4700P_25V_K_X5R_0201,C0201_12P992_BA
REFIN_272,PR1511,2,B,7453,1594,1/20W_4.32K_1%_0201,R0201_11P811
REFIN_272,PR1515,2,B,7431,1594,1/20W_16.5K_1%_0201,R0201_11P811
REFIN_272,PU1501,7,B,7408,1680,NCP81278TMNTXG_QFN20_3X3,NCP81272MNTXG_QFN20_3X3
REFIN_272,TB_TP950,1,B,7410,1628,,
REGN_CHG,PC0230,1,B,2782,1200,2.2U_10V_K_X5R_0402,C0402_21P654_CA
REGN_CHG,PR0208,2,B,2774,1238,1/10W_10_5%_0603,R0603_21P654
REGN_CHG,PU0201,28,B,2923,1230,BQ25710RSNR_QFN32_4X4,BQ25710RSNR_QFN32_4X4
REGN_CHG,TB_TP724,1,B,2820,1213,,
RESET_R6709,JWWAN1,67,B,2608,3771,ARGOSY_NASB0-S6710-TS20,ARGOSY_NASB0-S6710-TS20_75P-T
RESET_R6709,R7409,2,T,2638,3784,0_0201_SP,R0201_SHORT
RESET_R6709,TB_TP440,1,T,2633,3813,,
RFID_BEEP,D8710,2,T,1532,1539,RB521CM-30T2R_VMN2M-2,RB521CM-30T2R_VMN2M-2
RFID_BEEP,JSC1,5,B,7569,1043,HIGHSTAR_FC5AF141-2933-1H,HIGHSTAR_FC5AF141-2933-1H_14P
RFID_BEEP,TB_TP905,1,T,6699,1095,,
RGI_DT,R7211,1,T,5808,4549,1/20W_0_5%_0201,R0201_11P811
RGI_DT,TB_TP745,1,T,5817,4579,,
RGI_DT,UWLAN1,A40,B,6018,4665,INTEL_AX211D2W_LGA144,INTEL_AX211D2W_LGA_144P-T
RGI_DT_CNVI,R7211,2,T,5808,4526,1/20W_0_5%_0201,R0201_11P811
RGI_DT_CNVI,R7216,2,T,5810,4502,1/20W_100K_5%_0201,R0201_11P811
RGI_DT_CNVI,R7220,2,T,5604,3325,1/20W_4.7K_1%_0201,R0201_11P811
RGI_DT_CNVI,TB_TP883,1,T,5805,4467,,
RGI_DT_CNVI,UCPU1,EN31,B,5724,3362,ALDERLAKE-P-CPU_BGA1744,ALDERLAKE-P-CPU_BGA_1744P-T
RGI_RSP,R7212,1,T,5928,4640,1/20W_39_5%_0201,R0201_11P811
RGI_RSP,UWLAN1,A41,B,6018,4685,INTEL_AX211D2W_LGA144,INTEL_AX211D2W_LGA_144P-T
RGI_RSP_CNVI,R7212,2,T,5905,4640,1/20W_39_5%_0201,R0201_11P811
RGI_RSP_CNVI,R7214,1,T,5672,4214,1/20W_20K_5%_0201,R0201_11P811
RGI_RSP_CNVI,TB_TP886,1,B,5701,4279,,
RGI_RSP_CNVI,UCPU1,ER31,B,5749,3362,ALDERLAKE-P-CPU_BGA1744,ALDERLAKE-P-CPU_BGA_1744P-T
RJ45_TXD0+,JLAN2,1,B,713,4773,ALLTOP_C10179-10839-L,ALLTOP_C10179-10839-L_12P-T
RJ45_TXD0+,T7801,14,B,1017,4716,BOTH_NA0069R-LF,BOTH_NA0069R-LF_24P
RJ45_TXD0+,TB_TP411,1,B,872,4717,,
RJ45_TXD0-,JLAN2,2,B,756,4813,ALLTOP_C10179-10839-L,ALLTOP_C10179-10839-L_12P-T
RJ45_TXD0-,T7801,13,B,1017,4666,BOTH_NA0069R-LF,BOTH_NA0069R-LF_24P
RJ45_TXD0-,TB_TP433,1,B,932,4683,,
RJ45_TXD1+,JLAN2,3,B,713,4853,ALLTOP_C10179-10839-L,ALLTOP_C10179-10839-L_12P-T
RJ45_TXD1+,T7801,18,B,1017,4916,BOTH_NA0069R-LF,BOTH_NA0069R-LF_24P
RJ45_TXD1+,TB_TP454,1,B,944,4899,,
RJ45_TXD1-,JLAN2,6,B,756,4974,ALLTOP_C10179-10839-L,ALLTOP_C10179-10839-L_12P-T
RJ45_TXD1-,T7801,17,B,1017,4866,BOTH_NA0069R-LF,BOTH_NA0069R-LF_24P
RJ45_TXD1-,TB_TP445,1,B,887,4849,,
RJ45_TXD2+,JLAN2,4,B,756,4893,ALLTOP_C10179-10839-L,ALLTOP_C10179-10839-L_12P-T
RJ45_TXD2+,T7801,20,B,1017,5016,BOTH_NA0069R-LF,BOTH_NA0069R-LF_24P
RJ45_TXD2+,TB_TP415,1,B,873,4944,,
RJ45_TXD2-,JLAN2,5,B,713,4933,ALLTOP_C10179-10839-L,ALLTOP_C10179-10839-L_12P-T
RJ45_TXD2-,T7801,19,B,1017,4966,BOTH_NA0069R-LF,BOTH_NA0069R-LF_24P
RJ45_TXD2-,TB_TP450,1,B,943,4983,,
RJ45_TXD3+,JLAN2,7,B,713,5014,ALLTOP_C10179-10839-L,ALLTOP_C10179-10839-L_12P-T
RJ45_TXD3+,T7801,24,B,1017,5216,BOTH_NA0069R-LF,BOTH_NA0069R-LF_24P
RJ45_TXD3+,TB_TP460,1,B,924,5183,,
RJ45_TXD3-,JLAN2,8,B,756,5054,ALLTOP_C10179-10839-L,ALLTOP_C10179-10839-L_12P-T
RJ45_TXD3-,T7801,23,B,1017,5166,BOTH_NA0069R-LF,BOTH_NA0069R-LF_24P
RJ45_TXD3-,TB_TP428,1,B,879,5092,,
RQC,C8101,1,T,1668,1574,0.1U_6.3V_K_X5R_0201,C0201_12P992_BA
RQC,Q8101,2,T,1636,1567,RN1130MFV_2-1L1A-3,RN1130MFV_2-1L1A-3
RQC,R8101,1,T,1668,1598,1/20W_1K_5%_0201,R0201_11P811
RQC,TB_TP7,1,T,1648,1530,,
RSVD_TP_18,TP1805,1,T,4579,3640,Test_Point_16MIL,TPC16
RSVD_TP_18,UCPU1,AY11,B,4580,3677,ALDERLAKE-P-CPU_BGA1744,ALDERLAKE-P-CPU_BGA_1744P-T
RSVD_TP_21,TP1811,1,T,4627,3654,Test_Point_16MIL,TPC16
RSVD_TP_21,UCPU1,BF14,B,4663,3632,ALDERLAKE-P-CPU_BGA1744,ALDERLAKE-P-CPU_BGA_1744P-T
RSVD_TP_24,TP1809,1,T,4714,3672,Test_Point_16MIL,TPC16
RSVD_TP_24,UCPU1,BJ11,B,4714,3677,ALDERLAKE-P-CPU_BGA1744,ALDERLAKE-P-CPU_BGA_1744P-T
RSVD_TP_25,TP1802,1,T,4709,3801,Test_Point_16MIL,TPC16
RSVD_TP_25,UCPU1,BJ12,B,4714,3651,ALDERLAKE-P-CPU_BGA1744,ALDERLAKE-P-CPU_BGA_1744P-T
RSVD_TP_26,TP1810,1,T,4690,3635,Test_Point_16MIL,TPC16
RSVD_TP_26,UCPU1,BK14,B,4730,3632,ALDERLAKE-P-CPU_BGA1744,ALDERLAKE-P-CPU_BGA_1744P-T
RSVD_TP_27,TP1807,1,T,4747,3646,Test_Point_16MIL,TPC16
RSVD_TP_27,UCPU1,BL12,B,4747,3651,ALDERLAKE-P-CPU_BGA1744,ALDERLAKE-P-CPU_BGA_1744P-T
RSVD_TP_28,TP1804,1,T,4767,3170,Test_Point_16MIL,TPC16
RSVD_TP_28,UCPU1,BN43,B,4779,3175,ALDERLAKE-P-CPU_BGA1744,ALDERLAKE-P-CPU_BGA_1744P-T
RSVD_TP_29,TP1806,1,T,4813,3170,Test_Point_16MIL,TPC16
RSVD_TP_29,UCPU1,BP44,B,4794,3154,ALDERLAKE-P-CPU_BGA1744,ALDERLAKE-P-CPU_BGA_1744P-T
RSVD_TP_33,TP1701,1,T,5087,3193,Test_Point_12MIL,TPC12
RSVD_TP_33,UCPU1,CM44,B,5074,3157,ALDERLAKE-P-CPU_BGA1744,ALDERLAKE-P-CPU_BGA_1744P-T
RSVD_TP_34,TP1808,1,T,5116,3235,Test_Point_16MIL,TPC16
RSVD_TP_34,UCPU1,CN43,B,5093,3174,ALDERLAKE-P-CPU_BGA1744,ALDERLAKE-P-CPU_BGA_1744P-T
RSVD_TP_49,TP1702,1,T,5531,3625,Test_Point_12MIL,TPC12
RSVD_TP_49,UCPU1,EA14,B,5534,3624,ALDERLAKE-P-CPU_BGA1744,ALDERLAKE-P-CPU_BGA_1744P-T
RTCVCC,C1803,2,B,6362,3161,1U_6.3V_M_X5R_0201,C0201_13P780_BB
RTCVCC,C1804,1,B,6385,3161,0.1U_6.3V_K_X5R_0201,C0201_12P992_BA
RTCVCC,C2302,2,T,8423,883,1U_6.3V_M_X5R_0201,C0201_13P780_BB
RTCVCC,D2301,1,T,8460,883,RB520CM-30T2R_VMN2M2,RB520CM-30T2R_VMN2M2
RTCVCC,D2302,1,T,8389,883,RB520CM-30T2R_VMN2M2,RB520CM-30T2R_VMN2M2
RTCVCC,R1504,2,B,7598,1544,1/20W_1M_5%_0201,R0201_11P811
RTCVCC,R1820,2,B,6376,3127,0_0402_SP,R0402_SHORT
RTCVCC,R2302,1,B,6201,2789,1/20W_20K_5%_0201,R0201_11P811
RTCVCC,R2303,1,B,6089,2869,1/20W_20K_5%_0201,R0201_11P811
RTCVCC,TB_TP755,1,B,6939,3251,,
RTCX1,C1404,1,B,6181,2917,15P_25V_J_NPO_0201,C0201_12P992_BA
RTCX1,R1401,1,B,6205,2917,1/20W_10M_5%_0201,R0201_11P811
RTCX1,UCPU1,EV56,B,5804,2969,ALDERLAKE-P-CPU_BGA1744,ALDERLAKE-P-CPU_BGA_1744P-T
RTCX1,Y1402,1,B,6261,2958,32.768KHZ_X1A000141000300,Y_9H03280013_2P
RTCX2,C1401,1,B,6182,2895,15P_25V_J_NPO_0201,C0201_12P992_BA
RTCX2,R1401,2,B,6205,2894,1/20W_10M_5%_0201,R0201_11P811
RTCX2,UCPU1,EV58,B,5808,2939,ALDERLAKE-P-CPU_BGA1744,ALDERLAKE-P-CPU_BGA_1744P-T
RTCX2,Y1402,2,B,6261,2860,32.768KHZ_X1A000141000300,Y_9H03280013_2P
RT_B_PWR_EN,R5912,2,T,1577,4031,1/20W_100K_5%_0201,R0201_11P811
RT_B_PWR_EN,TB_TP1116,1,B,809,2771,,
RT_B_PWR_EN,U5501,D2,T,833,2770,TPS22971YZPT_DSBGA8,TPS22971YZPT_DSBGA8P
RT_B_PWR_EN,U5901,29,T,1575,3887,SN2011061RSLR_VQFN48_6X6,SN2011061RSLR_VQFN48_6X6
RT_B_XTAL_25_IN,C5411,1,B,752,2943,27P_25V_J_C0G_0201,C0201_12P992_BA
RT_B_XTAL_25_IN,UBB1,L9,B,819,3051,JHL8040RSLMN7A1_BGA105,JHL8040RSLMN7A1_BGA_105P
RT_B_XTAL_25_IN,Y5401,3,B,736,2888,25MHZ_20PF_8Y25080004,Y_8Y25080004_4P
RT_B_XTAL_25_OUT,R5407,2,B,807,2978,1/20W_100_1%_0201,R0201_11P811
RT_B_XTAL_25_OUT,UBB1,M9,B,819,3033,JHL8040RSLMN7A1_BGA105,JHL8040RSLMN7A1_BGA_105P
RT_B_XTAL_25_OUT_R,C54010,1,B,780,2939,27P_25V_J_C0G_0201,C0201_12P992_BA
RT_B_XTAL_25_OUT_R,R5407,1,B,784,2978,1/20W_100_1%_0201,R0201_11P811
RT_B_XTAL_25_OUT_R,Y5401,1,B,791,2844,25MHZ_20PF_8Y25080004,Y_8Y25080004_4P
RT_C_PWR_EN,R5913,2,T,1374,3738,1/20W_100K_5%_0201,R0201_11P811
RT_C_PWR_EN,TB_TP848,1,B,791,3440,,
RT_C_PWR_EN,U5701,D2,T,806,3455,TPS22971YZPT_DSBGA8,TPS22971YZPT_DSBGA8P
RT_C_PWR_EN,U5901,46,T,1437,3718,SN2011061RSLR_VQFN48_6X6,SN2011061RSLR_VQFN48_6X6
RT_C_XTAL_25_IN,C5610,1,B,753,3616,27P_25V_J_C0G_0201,C0201_12P992_BA
RT_C_XTAL_25_IN,UBB2,L9,B,819,3723,JHL8040RSLMN7A1_BGA105,JHL8040RSLMN7A1_BGA_105P
RT_C_XTAL_25_IN,Y13,3,B,736,3561,25MHZ_20PF_8Y25080004,Y_8Y25080004_4P
RT_C_XTAL_25_OUT,R5602,2,B,802,3653,1/20W_100_1%_0201,R0201_11P811
RT_C_XTAL_25_OUT,UBB2,M9,B,819,3705,JHL8040RSLMN7A1_BGA105,JHL8040RSLMN7A1_BGA_105P
RT_C_XTAL_25_OUT_R,C5609,1,B,781,3615,27P_25V_J_C0G_0201,C0201_12P992_BA
RT_C_XTAL_25_OUT_R,R5602,1,B,779,3653,1/20W_100_1%_0201,R0201_11P811
RT_C_XTAL_25_OUT_R,Y13,1,B,792,3517,25MHZ_20PF_8Y25080004,Y_8Y25080004_4P
RT_FORCE_PWR,R1107,2,B,6198,3539,1/20W_10K_5%_0201,R0201_11P811
RT_FORCE_PWR,R5432,1,T,818,3325,1/20W_10K_5%_0201,R0201_11P811
RT_FORCE_PWR,R5632,1,B,741,4038,1/20W_10K_5%_0201,R0201_11P811
RT_FORCE_PWR,TB_TP1413,1,T,1201,3675,,
RT_FORCE_PWR,TB_TP1414,1,B,6141,3530,,
RT_FORCE_PWR,U5901,2,T,1480,3659,SN2011061RSLR_VQFN48_6X6,SN2011061RSLR_VQFN48_6X6
RT_FORCE_PWR,UBB1,B10,B,801,3214,JHL8040RSLMN7A1_BGA105,JHL8040RSLMN7A1_BGA_105P
RT_FORCE_PWR,UBB2,B10,B,801,3886,JHL8040RSLMN7A1_BGA105,JHL8040RSLMN7A1_BGA_105P
RT_FORCE_PWR,UCPU1,FC22,B,5883,3505,ALDERLAKE-P-CPU_BGA1744,ALDERLAKE-P-CPU_BGA_1744P-T
RT_SPI_CLK,TP5405,1,T,1229,4354,Test_Point_16MIL,TPC16
RT_SPI_CLK,U5402,6,T,1179,4363,W25Q80DVUXIE_USON8_2X3,W25Q80DVUXIE_USON8_2X3
RT_SPI_CLK,UBB1,C7,B,839,3183,JHL8040RSLMN7A1_BGA105,JHL8040RSLMN7A1_BGA_105P
RT_SPI_CLK,UBB2,C7,B,839,3856,JHL8040RSLMN7A1_BGA105,JHL8040RSLMN7A1_BGA_105P
RT_SPI_MISO,R5403,1,T,1008,4387,1/20W_2.2K_5%_0201,R0201_11P811
RT_SPI_MISO,TB_TP637,1,B,1001,4035,,
RT_SPI_MISO,TP5402,1,T,999,4342,Test_Point_16MIL,TPC16
RT_SPI_MISO,U5402,2,T,1073,4383,W25Q80DVUXIE_USON8_2X3,W25Q80DVUXIE_USON8_2X3
RT_SPI_MISO,UBB1,B4,B,909,3214,JHL8040RSLMN7A1_BGA105,JHL8040RSLMN7A1_BGA_105P
RT_SPI_MISO,UBB2,B4,B,909,3886,JHL8040RSLMN7A1_BGA105,JHL8040RSLMN7A1_BGA_105P
RT_SPI_MOSI,TB_TP566,1,T,1195,4300,,
RT_SPI_MOSI,TP5406,1,T,1232,4321,Test_Point_16MIL,TPC16
RT_SPI_MOSI,U5402,5,T,1179,4344,W25Q80DVUXIE_USON8_2X3,W25Q80DVUXIE_USON8_2X3
RT_SPI_MOSI,UBB1,C6,B,864,3183,JHL8040RSLMN7A1_BGA105,JHL8040RSLMN7A1_BGA_105P
RT_SPI_MOSI,UBB2,C6,B,864,3856,JHL8040RSLMN7A1_BGA105,JHL8040RSLMN7A1_BGA_105P
SCL1A,R8114,2,T,1513,2080,1/20W_2.2K_5%_0201,R0201_11P811
SCL1A,R8120,1,T,1512,2056,1/20W_47_5%_0201,R0201_11P811
SCL1A,UEC1,L8,T,1731,1989,NPCX997KAABX_VFBGA144,NPCX997KAABX_VFBGA_144P
SCL2B,R8002,2,T,1607,2055,1/20W_4.7K_5%_0201,R0201_11P811
SCL2B,R8015,2,T,1607,2080,1/20W_100_5%_0201,R0201_11P811
SCL2B,UEC1,J6,T,1782,2041,NPCX997KAABX_VFBGA144,NPCX997KAABX_VFBGA_144P
SCL5A,R8117,1,T,1537,1855,0_0201_SP,R0201_SHORT
SCL5A,UEC1,H11,T,1807,1913,NPCX997KAABX_VFBGA144,NPCX997KAABX_VFBGA_144P
SDA1A,R8115,2,T,1510,2005,1/20W_2.2K_5%_0201,R0201_11P811
SDA1A,R8119,1,T,1511,2030,1/20W_47_5%_0201,R0201_11P811
SDA1A,UEC1,K8,T,1756,1989,NPCX997KAABX_VFBGA144,NPCX997KAABX_VFBGA_144P
SDA2B,R8001,2,T,1607,2130,1/20W_4.7K_5%_0201,R0201_11P811
SDA2B,R8014,2,T,1607,2105,1/20W_100_5%_0201,R0201_11P811
SDA2B,UEC1,H6,T,1807,2041,NPCX997KAABX_VFBGA144,NPCX997KAABX_VFBGA_144P
SDA5A,R8116,1,T,1537,1880,0_0201_SP,R0201_SHORT
SDA5A,UEC1,H10,T,1807,1938,NPCX997KAABX_VFBGA144,NPCX997KAABX_VFBGA_144P
SENSE0,JKBL2,9,T,2151,2923,HIGHS_FC5AF361-1151H,HIGHS_FC5AF361-1151H_36P-T
SENSE0,R4502,1,T,2126,3028,1/20W_10K_5%_0201,R0201_11P811
SENSE0,TB_TP484,1,T,2019,3153,,
SENSE0,UEC1,L3,T,1731,2117,NPCX997KAABX_VFBGA144,NPCX997KAABX_VFBGA_144P
SENSE1,JKBL2,6,T,2092,2923,HIGHS_FC5AF361-1151H,HIGHS_FC5AF361-1151H_36P-T
SENSE1,R4504,1,T,2039,3028,1/20W_10K_5%_0201,R0201_11P811
SENSE1,TB_TP522,1,T,2053,3091,,
SENSE1,UEC1,K4,T,1756,2092,NPCX997KAABX_VFBGA144,NPCX997KAABX_VFBGA_144P
SENSE2,JKBL2,8,T,2131,2923,HIGHS_FC5AF361-1151H,HIGHS_FC5AF361-1151H_36P-T
SENSE2,R4503,1,T,2091,3029,1/20W_10K_5%_0201,R0201_11P811
SENSE2,TB_TP475,1,T,2088,3151,,
SENSE2,UEC1,L4,T,1731,2092,NPCX997KAABX_VFBGA144,NPCX997KAABX_VFBGA_144P
SENSE3,JKBL2,1,T,1993,2923,HIGHS_FC5AF361-1151H,HIGHS_FC5AF361-1151H_36P-T
SENSE3,R4508,1,T,1931,2989,1/20W_10K_5%_0201,R0201_11P811
SENSE3,TB_TP481,1,T,1895,2985,,
SENSE3,UEC1,K3,T,1756,2117,NPCX997KAABX_VFBGA144,NPCX997KAABX_VFBGA_144P
SENSE4,JKBL2,5,T,2072,2923,HIGHS_FC5AF361-1151H,HIGHS_FC5AF361-1151H_36P-T
SENSE4,R4505,1,T,2016,3028,1/20W_10K_5%_0201,R0201_11P811
SENSE4,TB_TP464,1,T,1959,3116,,
SENSE4,UEC1,H4,T,1807,2092,NPCX997KAABX_VFBGA144,NPCX997KAABX_VFBGA_144P
SENSE5,JKBL2,12,T,2210,2923,HIGHS_FC5AF361-1151H,HIGHS_FC5AF361-1151H_36P-T
SENSE5,R4501,1,T,2202,3027,1/20W_10K_5%_0201,R0201_11P811
SENSE5,TB_TP493,1,T,2226,2990,,
SENSE5,UEC1,G4,T,1833,2092,NPCX997KAABX_VFBGA144,NPCX997KAABX_VFBGA_144P
SENSE6,JKBL2,3,T,2033,2923,HIGHS_FC5AF361-1151H,HIGHS_FC5AF361-1151H_36P-T
SENSE6,R4506,1,T,1979,2988,1/20W_10K_5%_0201,R0201_11P811
SENSE6,TB_TP413,1,T,1941,3047,,
SENSE6,UEC1,M2,T,1705,2143,NPCX997KAABX_VFBGA144,NPCX997KAABX_VFBGA_144P
SENSE7,JKBL2,2,T,2013,2923,HIGHS_FC5AF361-1151H,HIGHS_FC5AF361-1151H_36P-T
SENSE7,R4507,1,T,1953,2988,1/20W_10K_5%_0201,R0201_11P811
SENSE7,TB_TP399,1,T,1825,2862,,
SENSE7,UEC1,M3,T,1705,2117,NPCX997KAABX_VFBGA144,NPCX997KAABX_VFBGA_144P
SENSE_A,R8503,2,T,1054,1359,1/20W_200K_1%_0201,R0201_11P811
SENSE_A,R8504,2,T,1077,1359,1/20W_100K_5%_0201,R0201_11P811
SENSE_A,TB_TP578,1,T,1093,1390,,
SENSE_A,U8301,48,T,1150,869,ALC3287-CG_MQFN48_6X6,ALC3287-CG_MQFN48_6X6
SENSE_A_R,Q8501,3,T,1024,1336,LSK3541G1ET2L_VMT3,LSK3541G1ET2L_VMT3
SENSE_A_R,R8503,1,T,1054,1336,1/20W_200K_1%_0201,R0201_11P811
SENSE_A_R,TB_TP1145,1,T,1023,1396,,
SERIESID0,R0926,2,T,5808,3350,1/20W_0_5%_0201,R0201_11P811
SERIESID0,TB_TP1171,1,T,5773,3362,,
SERIESID0,UCPU1,EN28,B,5724,3401,ALDERLAKE-P-CPU_BGA1744,ALDERLAKE-P-CPU_BGA_1744P-T
SERIESID1,R0927,2,T,5702,3404,1/20W_0_5%_0201,R0201_11P811
SERIESID1,UCPU1,ET28,B,5775,3401,ALDERLAKE-P-CPU_BGA1744,ALDERLAKE-P-CPU_BGA_1744P-T
SH_O1,C3108,2,T,9518,4972,0.015U_25V_K_X7R_0402,C0402_21P654_CA
SH_O1,R3121,1,T,9488,4974,1/20W_442_1%_0201,R0201_11P811
SH_O1,TB_TP55,1,T,9433,5037,,
SH_O1,U3101,32,T,9593,4918,NCP45491XMNTWG_QFN32_4X4,NCP45491XMNTWG_QFN32_4X4
SIZE CTL,JLCD1,23,B,3024,5352,I-PEX_20654-040E-01,I-PEX_20654-040E-01_40P
SIZE CTL,R9406,2,B,2910,5285,1/20W_100K_5%_0201,R0201_11P811
SIZE CTL,R9417,2,T,3027,5303,1/20W_100K_5%_0201,R0201_11P811
SIZE CTL,TB_TP721,1,T,4578,2253,,
SIZE CTL,TB_TP722,1,T,2481,2379,,
SIZE CTL,UCPU1,DY61,B,5515,2888,ALDERLAKE-P-CPU_BGA1744,ALDERLAKE-P-CPU_BGA_1744P-T
SIZE CTL,UEC1,D10,T,1910,1938,NPCX997KAABX_VFBGA144,NPCX997KAABX_VFBGA_144P
SMARTCARD_ON,PD2408,1,T,3430,1780,RB521CM-30T2R_VMN2M-2,RB521CM-30T2R_VMN2M-2
SMARTCARD_ON,TB_TP1036,1,T,3565,1830,,
SMARTCARD_ON,UCPU1,EL41,B,5698,3204,ALDERLAKE-P-CPU_BGA1744,ALDERLAKE-P-CPU_BGA_1744P-T
SMB_CLK,JDDR1,253,B,6541,2150,ARGOS_D4ASL-26010-1P40,ARGOS_D4ASL-26010-1P40_260P
SMB_CLK,R0941,1,T,6509,2068,1/20W_10K_5%_0201,R0201_11P811
SMB_CLK,TB_TP255,1,T,6552,2078,,
SMB_CLK,UCPU1,EL38,B,5698,3244,ALDERLAKE-P-CPU_BGA1744,ALDERLAKE-P-CPU_BGA_1744P-T
SMB_DATA,JDDR1,254,B,6551,1827,ARGOS_D4ASL-26010-1P40,ARGOS_D4ASL-26010-1P40_260P
SMB_DATA,R0940,1,T,6490,1985,1/20W_10K_5%_0201,R0201_11P811
SMB_DATA,TB_TP223,1,T,6558,1875,,
SMB_DATA,UCPU1,EK38,B,5672,3244,ALDERLAKE-P-CPU_BGA1744,ALDERLAKE-P-CPU_BGA_1744P-T
SML0_CLK,R0922,1,T,5864,3116,1/20W_499_1%_0201,R0201_11P811
SML0_CLK,R7603,1,T,2046,3995,1/20W_100_5%_0201,R0201_11P811
SML0_CLK,TB_TP1108,1,T,1969,3967,,
SML0_CLK,TB_TP1109,1,T,1328,4230,,
SML0_CLK,UBB1,A7,B,855,3232,JHL8040RSLMN7A1_BGA105,JHL8040RSLMN7A1_BGA_105P
SML0_CLK,UBB2,A7,B,855,3905,JHL8040RSLMN7A1_BGA105,JHL8040RSLMN7A1_BGA_105P
SML0_CLK,UCPU1,EE38,B,5596,3244,ALDERLAKE-P-CPU_BGA1744,ALDERLAKE-P-CPU_BGA_1744P-T
SML0_CLK_R,R7603,2,T,2046,4018,1/20W_100_5%_0201,R0201_11P811
SML0_CLK_R,TB_TP898,1,T,2011,4022,,
SML0_CLK_R,U7601,28,T,2056,4078,WGI219LM-QREF-A0_QFN48_6X6,WGI219LM-QREF-A0_QFN48_6X6
SML0_DATA,R0923,1,T,5864,3140,1/20W_499_1%_0201,R0201_11P811
SML0_DATA,R7604,1,T,2126,3995,1/20W_100_5%_0201,R0201_11P811
SML0_DATA,TB_TP894,1,T,1259,4208,,
SML0_DATA,TB_TP895,1,B,881,3397,,
SML0_DATA,UBB1,B7,B,855,3214,JHL8040RSLMN7A1_BGA105,JHL8040RSLMN7A1_BGA_105P
SML0_DATA,UBB2,B7,B,855,3886,JHL8040RSLMN7A1_BGA105,JHL8040RSLMN7A1_BGA_105P
SML0_DATA,UCPU1,EF38,B,5621,3244,ALDERLAKE-P-CPU_BGA1744,ALDERLAKE-P-CPU_BGA_1744P-T
SML0_DATA_R,R7604,2,T,2126,4018,1/20W_100_5%_0201,R0201_11P811
SML0_DATA_R,U7601,31,T,2104,4078,WGI219LM-QREF-A0_QFN48_6X6,WGI219LM-QREF-A0_QFN48_6X6
SML1_CLK,R0919,1,T,5866,3188,1/20W_2.2K_5%_0201,R0201_11P811
SML1_CLK,R5920,2,T,1298,3806,1/16W_0_5%_0402,R0402_15P748
SML1_CLK,TB_TP461,1,T,5837,3187,,
SML1_CLK,TP5905,1,B,1032,4181,Test_Point_16MIL,TPC16
SML1_CLK,U5901,41,T,1437,3796,SN2011061RSLR_VQFN48_6X6,SN2011061RSLR_VQFN48_6X6
SML1_CLK,UCPU1,ET38,B,5775,3244,ALDERLAKE-P-CPU_BGA1744,ALDERLAKE-P-CPU_BGA_1744P-T
SML1_DATA,R0920,1,T,5866,3211,1/20W_2.2K_5%_0201,R0201_11P811
SML1_DATA,R5920,1,T,1298,3770,1/16W_0_5%_0402,R0402_15P748
SML1_DATA,TB_TP389,1,T,5805,3248,,
SML1_DATA,TP5906,1,B,1016,4154,Test_Point_16MIL,TPC16
SML1_DATA,U5901,44,T,1437,3749,SN2011061RSLR_VQFN48_6X6,SN2011061RSLR_VQFN48_6X6
SML1_DATA,UCPU1,ER38,B,5749,3244,ALDERLAKE-P-CPU_BGA1744,ALDERLAKE-P-CPU_BGA_1744P-T
SNDW_RCOMP,R1104,1,B,6067,2915,1/20W_200_1%_0201,R0201_11P811
SNDW_RCOMP,UCPU1,FC53,B,5883,3011,ALDERLAKE-P-CPU_BGA1744,ALDERLAKE-P-CPU_BGA_1744P-T
SNDW_RCOMP,UCPU1,FA53,B,5856,3010,ALDERLAKE-P-CPU_BGA1744,ALDERLAKE-P-CPU_BGA_1744P-T
SPI0_CLK,R0925,2,B,6470,3098,1/20W_0_5%_0201,R0201_11P811
SPI0_CLK,R0937,2,B,6492,3115,1/20W_100K_5%_0201,R0201_11P811
SPI0_CLK,TB_TP1174,1,B,5989,2448,,
SPI0_CLK,UCPU1,EG56,B,5631,2958,ALDERLAKE-P-CPU_BGA1744,ALDERLAKE-P-CPU_BGA_1744P-T
SPIVCCIOSEL,R1513,1,T,5708,3031,1/20W_4.7K_5%_0201,R0201_11P811
SPIVCCIOSEL,TB_TP1419,1,T,5669,3010,,
SPIVCCIOSEL,UCPU1,EL53,B,5698,3007,ALDERLAKE-P-CPU_BGA1744,ALDERLAKE-P-CPU_BGA_1744P-T
SPI_CLK,R0925,1,B,6447,3098,1/20W_0_5%_0201,R0201_11P811
SPI_CLK,R9806,1,T,6799,3032,1/20W_62_5%_0201,R0201_11P811-Y_CS20
SPI_CLK,TB_TP855,1,B,6503,3168,,
SPI_CLK_2_R,R9806,2,T,6822,3032,1/20W_62_5%_0201,R0201_11P811-Y_CS20
SPI_CLK_2_R,U9801,19,T,6863,3003,NPCT760LAAYX_QFN32_5X5,NPCT750LABYX_QFN32_5X5
SPI_IO2,R0903,1,B,5680,2557,1/20W_100K_5%_0201,R0201_11P811
SPI_IO2,UCPU1,EC61,B,5560,2888,ALDERLAKE-P-CPU_BGA1744,ALDERLAKE-P-CPU_BGA_1744P-T
SPI_IO3,R0901,1,B,5706,2556,1/20W_100K_5%_0201,R0201_11P811
SPI_IO3,TB_TP814,1,B,5679,2587,,
SPI_IO3,UCPU1,EC59,B,5560,2919,ALDERLAKE-P-CPU_BGA1744,ALDERLAKE-P-CPU_BGA_1744P-T
SPI_MISO_IO1,R9804,1,T,6799,2885,1/20W_62_5%_0201,R0201_11P811-Y_CS20
SPI_MISO_IO1,TB_TP805,1,T,6490,2637,,
SPI_MISO_IO1,UCPU1,EF59,B,5607,2915,ALDERLAKE-P-CPU_BGA1744,ALDERLAKE-P-CPU_BGA_1744P-T
SPI_MISO_IO1_2_R,R9804,2,T,6822,2885,1/20W_62_5%_0201,R0201_11P811-Y_CS20
SPI_MISO_IO1_2_R,TB_TP784,1,T,6813,2850,,
SPI_MISO_IO1_2_R,U9801,24,T,6863,2904,NPCT760LAAYX_QFN32_5X5,NPCT750LABYX_QFN32_5X5
SPI_MOSI_IO0,R0902,1,B,6412,3095,1/20W_4.7K_5%_0201,R0201_11P811
SPI_MOSI_IO0,R9803,1,T,6798,2957,1/20W_62_5%_0201,R0201_11P811-Y_CS20
SPI_MOSI_IO0,TB_TP799,1,B,6434,3158,,
SPI_MOSI_IO0,UCPU1,EF57,B,5608,2943,ALDERLAKE-P-CPU_BGA1744,ALDERLAKE-P-CPU_BGA_1744P-T
SPI_MOSI_IO0_2_R,R9803,2,T,6821,2957,1/20W_62_5%_0201,R0201_11P811-Y_CS20
SPI_MOSI_IO0_2_R,U9801,21,T,6863,2963,NPCT760LAAYX_QFN32_5X5,NPCT750LABYX_QFN32_5X5
SPI_ROM_SCLK,R3623,1,B,8001,3964,1/16W_33_1%_0402,R0402_15P748
SPI_ROM_SCLK,U3601,6,B,7990,3903,W25Q16JWSNIQ_SOIC8,W25Q16JWSNIQ_SOIC8
SPI_ROM_SCLK_GPU,C3602,1,B,8030,4010,47P_25V_J_NPO_0201,C0201_12P992_BA
SPI_ROM_SCLK_GPU,R3609,2,B,8030,4034,1/20W_100K_1%_0201,R0201_11P811
SPI_ROM_SCLK_GPU,R3612,1,B,7971,3999,1/20W_100K_1%_0201,R0201_11P811
SPI_ROM_SCLK_GPU,R3623,2,B,8001,4000,1/16W_33_1%_0402,R0402_15P748
SPI_ROM_SCLK_GPU,TB_TP93,1,B,7969,4045,,
SPI_ROM_SCLK_GPU,UGPU1,U6,B,7618,3789,NVIDIA_GN20-S5-GB3-64_FCBGA771,NVIDIA_GN20-S5-GB3-64_FCBGA_771P-T
SPI_ROM_SI,R3624,1,B,7916,3964,1/16W_33_1%_0402,R0402_15P748
SPI_ROM_SI,U3601,5,B,7940,3903,W25Q16JWSNIQ_SOIC8,W25Q16JWSNIQ_SOIC8
SPI_ROM_SI_GPU,R3607,2,B,7909,4027,1/20W_100K_1%_0201,R0201_11P811
SPI_ROM_SI_GPU,R3610,1,B,7886,3999,1/20W_100K_1%_0201,R0201_11P811
SPI_ROM_SI_GPU,R3624,2,B,7916,4000,1/16W_33_1%_0402,R0402_15P748
SPI_ROM_SI_GPU,TB_TP94,1,B,7861,3922,,
SPI_ROM_SI_GPU,UGPU1,U7,B,7591,3789,NVIDIA_GN20-S5-GB3-64_FCBGA771,NVIDIA_GN20-S5-GB3-64_FCBGA_771P-T
SPI_ROM_SO,R3622,2,B,8003,3594,1/20W_0_5%_0201,R0201_11P811
SPI_ROM_SO,U3601,2,B,8040,3659,W25Q16JWSNIQ_SOIC8,W25Q16JWSNIQ_SOIC8
SPI_ROM_SO_GPU,R3608,2,B,7974,3571,1/20W_10K_1%_0201,R0201_11P811
SPI_ROM_SO_GPU,R3611,1,B,7949,3573,1/20W_10K_1%_0201,R0201_11P811
SPI_ROM_SO_GPU,R3622,1,B,8003,3571,1/20W_0_5%_0201,R0201_11P811
SPI_ROM_SO_GPU,TB_TP92,1,B,7828,3583,,
SPI_ROM_SO_GPU,UGPU1,V6,B,7618,3762,NVIDIA_GN20-S5-GB3-64_FCBGA771,NVIDIA_GN20-S5-GB3-64_FCBGA_771P-T
SP_OUTL+,C8336,2,T,1020,797,1000P_25V_K_X7R_0201,C0201_12P992_BA
SP_OUTL+,FL8603,1,T,2388,5620,MPZ1608S300AT_2P~D,TDK_MPZ1608S300AT_2P
SP_OUTL+,TB_TP453,1,T,2341,5618,,
SP_OUTL+,U8301,42,T,1055,869,ALC3287-CG_MQFN48_6X6,ALC3287-CG_MQFN48_6X6
SP_OUTL+_L,FL8603,2,T,2388,5565,MPZ1608S300AT_2P~D,TDK_MPZ1608S300AT_2P
SP_OUTL+_L,JSPK1,3,B,2354,5516,HIGHS_WS83040-S0171-HF,HIGHS_WS83040-S0171-HF_4P
SP_OUTL+_L,TB_TP1034,1,B,2327,5593,,
SP_OUTL-,C8335,2,T,1044,797,1000P_25V_K_X7R_0201,C0201_12P992_BA
SP_OUTL-,FL8604,1,T,2324,5504,MPZ1608S300AT_2P~D,TDK_MPZ1608S300AT_2P
SP_OUTL-,TB_TP480,1,T,2316,5433,,
SP_OUTL-,U8301,43,T,1071,869,ALC3287-CG_MQFN48_6X6,ALC3287-CG_MQFN48_6X6
SP_OUTL-_L,FL8604,2,T,2269,5504,MPZ1608S300AT_2P~D,TDK_MPZ1608S300AT_2P
SP_OUTL-_L,JSPK1,4,B,2323,5516,HIGHS_WS83040-S0171-HF,HIGHS_WS83040-S0171-HF_4P
SP_OUTL-_L,TB_TP1029,1,B,2259,5616,,
SP_OUTR+,C8334,2,T,1089,800,1000P_25V_K_X7R_0201,C0201_12P992_BA
SP_OUTR+,FL8601,1,B,2493,5626,MPZ1608S300AT_2P~D,TDK_MPZ1608S300AT_2P
SP_OUTR+,TB_TP495,1,B,2517,5666,,
SP_OUTR+,U8301,45,T,1102,869,ALC3287-CG_MQFN48_6X6,ALC3287-CG_MQFN48_6X6
SP_OUTR+_L,FL8601,2,B,2493,5571,MPZ1608S300AT_2P~D,TDK_MPZ1608S300AT_2P
SP_OUTR+_L,JSPK1,1,B,2417,5516,HIGHS_WS83040-S0171-HF,HIGHS_WS83040-S0171-HF_4P
SP_OUTR+_L,TB_TP1038,1,B,2540,5587,,
SP_OUTR-,C8333,2,T,1067,799,1000P_25V_K_X7R_0201,C0201_12P992_BA
SP_OUTR-,FL8602,1,B,2441,5580,MPZ1608S300AT_2P~D,TDK_MPZ1608S300AT_2P
SP_OUTR-,TB_TP449,1,B,2447,5711,,
SP_OUTR-,U8301,44,T,1087,869,ALC3287-CG_MQFN48_6X6,ALC3287-CG_MQFN48_6X6
SP_OUTR-_L,FL8602,2,B,2386,5580,MPZ1608S300AT_2P~D,TDK_MPZ1608S300AT_2P
SP_OUTR-_L,JSPK1,2,B,2386,5516,HIGHS_WS83040-S0171-HF,HIGHS_WS83040-S0171-HF_4P
SP_OUTR-_L,TB_TP1021,1,B,2390,5627,,
STBA,PU0801,31,B,3125,4989,MP2964GQKT-0400-C669-Z_TQFN48_6X6,MP2964GQKT-0400-C669-Z_TQFN48_6X6
STBA,PU0901,16,B,3956,5024,MP86941-CGQVT-C669-Z_TQFN21_3X5,MP86941-CGQVT-C669-Z_TQFN21_3X5
STBA,PU0902,16,B,4402,5016,MP86941-CGQVT-C669-Z_TQFN21_3X5,MP86941-CGQVT-C669-Z_TQFN21_3X5
STBA,PU0903,16,B,4810,5019,MP86941-CGQVT-C669-Z_TQFN21_3X5,MP86941-CGQVT-C669-Z_TQFN21_3X5
STBA,TB_TP794,1,B,4011,5059,,
STBB,PU0801,30,B,3125,4973,MP2964GQKT-0400-C669-Z_TQFN48_6X6,MP2964GQKT-0400-C669-Z_TQFN48_6X6
STBB,PU1101,16,B,5213,5023,MP86941-CGQVT-C669-Z_TQFN21_3X5,MP86941-CGQVT-C669-Z_TQFN21_3X5
STBB,PU1102,16,B,5605,4799,MP86941-CGQVT-C669-Z_TQFN21_3X5,MP86941-CGQVT-C669-Z_TQFN21_3X5
STBB,TB_TP780,1,T,5278,5046,,
STRAP0,R3601,2,B,7957,3426,1/20W_100K_1%_0201,R0201_11P811
STRAP0,R3613,1,B,7893,3426,1/20W_100K_1%_0201,R0201_11P811
STRAP0,UGPU1,AG4,B,7673,3514,NVIDIA_GN20-S5-GB3-64_FCBGA771,NVIDIA_GN20-S5-GB3-64_FCBGA_771P-T
STRAP1,R3602,2,B,7893,3349,1/20W_100K_1%_0201,R0201_11P811
STRAP1,R3614,1,B,7959,3349,1/20W_100K_1%_0201,R0201_11P811
STRAP1,TB_TP1411,1,B,7867,3360,,
STRAP1,UGPU1,AG3,B,7701,3514,NVIDIA_GN20-S5-GB3-64_FCBGA771,NVIDIA_GN20-S5-GB3-64_FCBGA_771P-T
STRAP2,R3603,2,T,7555,3333,1/20W_100K_1%_0201,R0201_11P811
STRAP2,R3615,1,T,7555,3261,1/20W_100K_1%_0201,R0201_11P811
STRAP2,TB_TP1396,1,T,7538,3371,,
STRAP2,UGPU1,AG6,B,7608,3504,NVIDIA_GN20-S5-GB3-64_FCBGA771,NVIDIA_GN20-S5-GB3-64_FCBGA_771P-T
STRAP3,R3604,2,T,7603,3332,1/20W_100K_1%_0201,R0201_11P811
STRAP3,R3616,1,T,7609,3261,1/20W_100K_1%_0201,R0201_11P811
STRAP3,TB_TP1401,1,T,7649,3311,,
STRAP3,UGPU1,AH5,B,7636,3476,NVIDIA_GN20-S5-GB3-64_FCBGA771,NVIDIA_GN20-S5-GB3-64_FCBGA_771P-T
STRAP4,R3605,2,B,7426,3268,1/20W_100K_1%_0201,R0201_11P811
STRAP4,R3617,1,B,7474,3268,1/20W_100K_1%_0201,R0201_11P811
STRAP4,TB_TP1420,1,B,7452,3320,,
STRAP4,UGPU1,AH6,B,7608,3476,NVIDIA_GN20-S5-GB3-64_FCBGA771,NVIDIA_GN20-S5-GB3-64_FCBGA_771P-T
STRAP5,R3606,2,T,7581,3332,1/20W_100K_1%_0201,R0201_11P811
STRAP5,R3618,1,T,7585,3261,1/20W_100K_1%_0201,R0201_11P811
STRAP5,TB_TP1391,1,T,7600,3404,,
STRAP5,UGPU1,AG5,B,7646,3504,NVIDIA_GN20-S5-GB3-64_FCBGA771,NVIDIA_GN20-S5-GB3-64_FCBGA_771P-T
SUSCLK_32K,R7230,2,B,6440,4315,1/20W_0_5%_0201,R0201_11P811
SUSCLK_32K,R8118,1,T,1422,1905,0_0201_SP,R0201_SHORT
SUSCLK_32K,TB_TP841,1,T,6151,3213,,
SUSCLK_32K,UCPU1,EJ61,B,5659,2888,ALDERLAKE-P-CPU_BGA1744,ALDERLAKE-P-CPU_BGA_1744P-T
SUSCLK_32K_EC,R8118,2,T,1445,1905,0_0201_SP,R0201_SHORT
SUSCLK_32K_EC,UEC1,M9,T,1705,1964,NPCX997KAABX_VFBGA144,NPCX997KAABX_VFBGA_144P
SUSCLK_32K_R,R7230,1,B,6440,4338,1/20W_0_5%_0201,R0201_11P811
SUSCLK_32K_R,UWLAN1,A25,B,6333,4508,INTEL_AX211D2W_LGA144,INTEL_AX211D2W_LGA_144P-T
SUSCLK_32K_R,UWLAN1,27,B,6402,4508,INTEL_AX211D2W_LGA144,INTEL_AX211D2W_LGA_144P-T
SUSCLK_32K_R,UWLAN2A,27,B,6396,4508,8501-602200-01_LGA76,8501-602200-01_LGA_76P
SVID_ALERT#_VR,PR0852,1,B,3053,4783,0_0402_SP,R0402_SHORT
SVID_ALERT#_VR,PU0801,24,B,3155,4865,MP2964GQKT-0400-C669-Z_TQFN48_6X6,MP2964GQKT-0400-C669-Z_TQFN48_6X6
SVID_CLK_R,PR0847,2,B,3133,4700,1/20W_45.3_1%_0201,R0201_11P811
SVID_CLK_R,PR0854,1,B,3118,4747,0_0402_SP,R0402_SHORT
SVID_CLK_R,TB_TP650,1,B,3807,4394,,
SVID_CLK_R,UCPU1,U9,B,4211,3702,ALDERLAKE-P-CPU_BGA1744,ALDERLAKE-P-CPU_BGA_1744P-T
SVID_CLK_VR,PR0854,2,B,3118,4783,0_0402_SP,R0402_SHORT
SVID_CLK_VR,PU0801,22,B,3186,4865,MP2964GQKT-0400-C669-Z_TQFN48_6X6,MP2964GQKT-0400-C669-Z_TQFN48_6X6
SVID_DATA_R,PR0846,1,B,3098,4700,1/20W_100_5%_0201,R0201_11P811
SVID_DATA_R,PR0853,1,B,3085,4747,0_0402_SP,R0402_SHORT
SVID_DATA_R,R1602,2,T,4180,3692,1/20W_100_5%_0201,R0201_11P811
SVID_DATA_R,TB_TP740,1,B,3781,3841,,
SVID_DATA_R,UCPU1,R9,B,4177,3702,ALDERLAKE-P-CPU_BGA1744,ALDERLAKE-P-CPU_BGA_1744P-T
SVID_DATA_VR,PR0853,2,B,3085,4783,0_0402_SP,R0402_SHORT
SVID_DATA_VR,PU0801,23,B,3170,4865,MP2964GQKT-0400-C669-Z_TQFN48_6X6,MP2964GQKT-0400-C669-Z_TQFN48_6X6
SW1_CORE,PC0911,2,B,4005,4860,0.22U_25V_K_X7R_0402,C0402_21P654_CA
SW1_CORE,PL0901,1,B,3868,4780,0.15UH_0624CDMCCDS-R15MC-D_44.6A_20%,SUMID_0624CDMCCDS-R15MC-D_2P
SW1_CORE,PR0903,1,B,4034,4822,1/4W_1_5%_0603,R0603_21P654
SW1_CORE,PU0901,2,B,3895,4953,MP86941-CGQVT-C669-Z_TQFN21_3X5,MP86941-CGQVT-C669-Z_TQFN21_3X5
SW1_CORE,PU0901,3,B,3852,4953,MP86941-CGQVT-C669-Z_TQFN21_3X5,MP86941-CGQVT-C669-Z_TQFN21_3X5
SW1_CORE,PU0901,4,B,3808,4953,MP86941-CGQVT-C669-Z_TQFN21_3X5,MP86941-CGQVT-C669-Z_TQFN21_3X5
SW1_CORE,TB_TP549,1,B,3819,4877,,
SW1_GT,PC1123,2,B,5272,4883,0.22U_25V_K_X7R_0402,C0402_21P654_CA
SW1_GT,PL1101,1,B,5134,4779,0.15UH_0624CDMCCDS-R15MC-D_44.6A_20%,SUMID_0624CDMCCDS-R15MC-D_2P
SW1_GT,PR1104,1,B,5297,4804,1/4W_1_5%_0603,R0603_21P654
SW1_GT,PU1101,2,B,5152,4952,MP86941-CGQVT-C669-Z_TQFN21_3X5,MP86941-CGQVT-C669-Z_TQFN21_3X5
SW1_GT,PU1101,3,B,5109,4952,MP86941-CGQVT-C669-Z_TQFN21_3X5,MP86941-CGQVT-C669-Z_TQFN21_3X5
SW1_GT,PU1101,4,B,5066,4952,MP86941-CGQVT-C669-Z_TQFN21_3X5,MP86941-CGQVT-C669-Z_TQFN21_3X5
SW1_GT,TB_TP733,1,B,5104,4877,,
SW2_CORE,PC0923,2,B,4461,4855,0.22U_25V_K_X7R_0402,C0402_21P654_CA
SW2_CORE,PL0906,1,B,4293,4773,0.15UH_0624CDMCCDS-R15MC-D_44.6A_20%,SUMID_0624CDMCCDS-R15MC-D_2P
SW2_CORE,PR0906,1,B,4461,4811,1/4W_1_5%_0603,R0603_21P654
SW2_CORE,PU0902,2,B,4341,4945,MP86941-CGQVT-C669-Z_TQFN21_3X5,MP86941-CGQVT-C669-Z_TQFN21_3X5
SW2_CORE,PU0902,3,B,4298,4945,MP86941-CGQVT-C669-Z_TQFN21_3X5,MP86941-CGQVT-C669-Z_TQFN21_3X5
SW2_CORE,PU0902,4,B,4255,4945,MP86941-CGQVT-C669-Z_TQFN21_3X5,MP86941-CGQVT-C669-Z_TQFN21_3X5
SW2_CORE,TB_TP575,1,B,4263,4871,,
SW2_GT,PC1155,2,B,5656,4649,0.22U_25V_K_X7R_0402,C0402_21P654_CA
SW2_GT,PL1104,1,B,5588,4489,0.15UH_0624CDMCCDS-R15MC-D_44.6A_20%,SUMID_0624CDMCCDS-R15MC-D_2P
SW2_GT,PR1107,1,B,5686,4612,1/4W_1_5%_0603,R0603_21P654
SW2_GT,PU1102,2,B,5544,4728,MP86941-CGQVT-C669-Z_TQFN21_3X5,MP86941-CGQVT-C669-Z_TQFN21_3X5
SW2_GT,PU1102,3,B,5501,4728,MP86941-CGQVT-C669-Z_TQFN21_3X5,MP86941-CGQVT-C669-Z_TQFN21_3X5
SW2_GT,PU1102,4,B,5458,4728,MP86941-CGQVT-C669-Z_TQFN21_3X5,MP86941-CGQVT-C669-Z_TQFN21_3X5
SW2_GT,TB_TP717,1,B,5481,4660,,
SW3_CORE,PC0935,2,B,4893,4882,0.22U_25V_K_X7R_0402,C0402_21P654_CA
SW3_CORE,PL0909,1,B,4720,4775,0.15UH_0624CDMCCDS-R15MC-D_44.6A_20%,SUMID_0624CDMCCDS-R15MC-D_2P
SW3_CORE,PR0909,1,B,4884,4805,1/4W_1_5%_0603,R0603_21P654
SW3_CORE,PU0903,2,B,4749,4948,MP86941-CGQVT-C669-Z_TQFN21_3X5,MP86941-CGQVT-C669-Z_TQFN21_3X5
SW3_CORE,PU0903,3,B,4706,4948,MP86941-CGQVT-C669-Z_TQFN21_3X5,MP86941-CGQVT-C669-Z_TQFN21_3X5
SW3_CORE,PU0903,4,B,4663,4948,MP86941-CGQVT-C669-Z_TQFN21_3X5,MP86941-CGQVT-C669-Z_TQFN21_3X5
SW3_CORE,TB_TP623,1,B,4677,4872,,
TBTB_CC1,C5905,2,T,1522,3586,220P_25V_K_X7R_0201,C0201_12P992_BA
TBTB_CC1,R6229,1,T,1320,3562,1/20W_0_5%_0201,R0201_11P811
TBTB_CC1,R6237,1,T,1320,3562,1/20W_0_5%_0201,R0201_11P811
TBTB_CC1,U5901,6,T,1543,3659,SN2011061RSLR_VQFN48_6X6,SN2011061RSLR_VQFN48_6X6
TBTB_CC1_CONN,D9513,1,B,592,3254,RCLAMP2451ZATFT_SLP0603P2X3F2,RCLAMP2451ZATFT_SLP0603P2X3F2
TBTB_CC1_CONN,JUSBC2,A5,B,468,3218,HIGHSTAR_UB11249-A600G-1H,HIGHSTAR_UB11249-A600G-1H_24P-T
TBTB_CC1_CONN,R6225,2,T,1387,3392,1/20W_0_5%_0201,R0201_11P811
TBTB_CC1_CONN,R6230,2,T,1387,3392,1/20W_0_5%_0201,R0201_11P811
TBTB_CC1_CONN,TB_TP804,1,B,633,3256,,
TBTB_CC1_R,R6225,1,T,1387,3415,1/20W_0_5%_0201,R0201_11P811
TBTB_CC1_R,U6202,A2,T,1367,3447,SN1904020YBFR_DSBGA16,SN1904020YBFR_DSBGA_16P
TBTB_CC1_R,U6202,B2,T,1367,3463,SN1904020YBFR_DSBGA16,SN1904020YBFR_DSBGA_16P
TBTB_CC2,C5903,2,T,1548,3586,220P_25V_K_X7R_0201,C0201_12P992_BA
TBTB_CC2,R6227,1,T,1285,3561,1/20W_0_5%_0201,R0201_11P811
TBTB_CC2,R6238,1,T,1285,3561,1/20W_0_5%_0201,R0201_11P811
TBTB_CC2,U5901,7,T,1559,3659,SN2011061RSLR_VQFN48_6X6,SN2011061RSLR_VQFN48_6X6
TBTB_CC2_CONN,D9516,1,T,595,3318,RCLAMP2451ZATFT_SLP0603P2X3F2,RCLAMP2451ZATFT_SLP0603P2X3F2
TBTB_CC2_CONN,JUSBC2,B5,B,403,3268,HIGHSTAR_UB11249-A600G-1H,HIGHSTAR_UB11249-A600G-1H_24P-T
TBTB_CC2_CONN,R6226,2,T,1344,3391,1/20W_0_5%_0201,R0201_11P811
TBTB_CC2_CONN,R6228,2,T,1344,3391,1/20W_0_5%_0201,R0201_11P811
TBTB_CC2_CONN,TB_TP758,1,T,628,3298,,
TBTB_CC2_R,R6226,1,T,1344,3414,1/20W_0_5%_0201,R0201_11P811
TBTB_CC2_R,TB_TP20,1,T,1303,3352,,
TBTB_CC2_R,U6202,A3,T,1352,3447,SN1904020YBFR_DSBGA16,SN1904020YBFR_DSBGA_16P
TBTB_CC2_R,U6202,B3,T,1352,3463,SN1904020YBFR_DSBGA16,SN1904020YBFR_DSBGA_16P
TBTB_GATE_VBUS,R6501,1,T,1895,3748,0_0201_SP,R0201_SHORT
TBTB_GATE_VBUS,TB_TP1071,1,T,1842,3754,,
TBTB_GATE_VBUS,U5901,18,T,1665,3765,SN2011061RSLR_VQFN48_6X6,SN2011061RSLR_VQFN48_6X6
TBTB_GATE_VSYS,R6502,1,T,1469,3587,0_0201_SP,R0201_SHORT
TBTB_GATE_VSYS,U5901,4,T,1512,3659,SN2011061RSLR_VQFN48_6X6,SN2011061RSLR_VQFN48_6X6
TBTB_RX1N,R6218,2,T,671,3129,1/20W_2.2_1%_0201,R0201_11P811
TBTB_RX1N,TB_TP767,1,B,712,3063,,
TBTB_RX1N,UBB1,J11,B,783,3087,JHL8040RSLMN7A1_BGA105,JHL8040RSLMN7A1_BGA_105P
TBTB_RX1N_C,C6213,1,T,577,3130,0.33U_25V_K_X5R_0201,C0201_15P354_BC
TBTB_RX1N_C,JUSBC2,B10,B,403,3169,HIGHSTAR_UB11249-A600G-1H,HIGHSTAR_UB11249-A600G-1H_24P-T
TBTB_RX1N_C,R6220,1,T,555,3129,1/20W_220K_5%_0201,R0201_11P811
TBTB_RX1N_C,TB_TP832,1,T,467,3144,,
TBTB_RX1N_R,C6213,2,T,600,3130,0.33U_25V_K_X5R_0201,C0201_15P354_BC
TBTB_RX1N_R,D6210,1,T,625,3128,PESD5V0H1BSF_SOD962-2,PESD5V0H1BSF_SOD962-2
TBTB_RX1N_R,R6218,1,T,648,3129,1/20W_2.2_1%_0201,R0201_11P811
TBTB_RX1P,R6217,2,T,671,3107,1/20W_2.2_1%_0201,R0201_11P811
TBTB_RX1P,TB_TP788,1,T,678,3068,,
TBTB_RX1P,UBB1,J12,B,764,3087,JHL8040RSLMN7A1_BGA105,JHL8040RSLMN7A1_BGA_105P
TBTB_RX1P_C,C6212,1,T,577,3106,0.33U_25V_K_X5R_0201,C0201_15P354_BC
TBTB_RX1P_C,JUSBC2,B11,B,403,3149,HIGHSTAR_UB11249-A600G-1H,HIGHSTAR_UB11249-A600G-1H_24P-T
TBTB_RX1P_C,R6219,1,T,555,3107,1/20W_220K_5%_0201,R0201_11P811
TBTB_RX1P_R,C6212,2,T,600,3106,0.33U_25V_K_X5R_0201,C0201_15P354_BC
TBTB_RX1P_R,D6209,1,T,625,3107,PESD5V0H1BSF_SOD962-2,PESD5V0H1BSF_SOD962-2
TBTB_RX1P_R,R6217,1,T,648,3107,1/20W_2.2_1%_0201,R0201_11P811
TBTB_RX2N,R6209,1,B,668,3370,1/20W_2.2_1%_0201,R0201_11P811
TBTB_RX2N,TB_TP750,1,B,725,3319,,
TBTB_RX2N,UBB1,C11,B,783,3196,JHL8040RSLMN7A1_BGA105,JHL8040RSLMN7A1_BGA_105P
TBTB_RX2N_C,C6210,2,B,574,3369,0.33U_25V_K_X5R_0201,C0201_15P354_BC
TBTB_RX2N_C,JUSBC2,A10,B,468,3317,HIGHSTAR_UB11249-A600G-1H,HIGHSTAR_UB11249-A600G-1H_24P-T
TBTB_RX2N_C,R6221,1,B,552,3371,1/20W_220K_5%_0201,R0201_11P811
TBTB_RX2N_R,C6210,1,B,597,3369,0.33U_25V_K_X5R_0201,C0201_15P354_BC
TBTB_RX2N_R,D6207,1,B,620,3370,PESD5V0H1BSF_SOD962-2,PESD5V0H1BSF_SOD962-2
TBTB_RX2N_R,R6209,2,B,645,3370,1/20W_2.2_1%_0201,R0201_11P811
TBTB_RX2P,R6210,1,B,668,3393,1/20W_2.2_1%_0201,R0201_11P811
TBTB_RX2P,UBB1,C12,B,764,3196,JHL8040RSLMN7A1_BGA105,JHL8040RSLMN7A1_BGA_105P
TBTB_RX2P_C,C6211,2,B,574,3393,0.33U_25V_K_X5R_0201,C0201_15P354_BC
TBTB_RX2P_C,JUSBC2,A11,B,468,3336,HIGHSTAR_UB11249-A600G-1H,HIGHSTAR_UB11249-A600G-1H_24P-T
TBTB_RX2P_C,R6222,1,B,552,3393,1/20W_220K_5%_0201,R0201_11P811
TBTB_RX2P_R,C6211,1,B,597,3393,0.33U_25V_K_X5R_0201,C0201_15P354_BC
TBTB_RX2P_R,D6208,1,B,620,3391,PESD5V0H1BSF_SOD962-2,PESD5V0H1BSF_SOD962-2
TBTB_RX2P_R,R6210,2,B,645,3393,1/20W_2.2_1%_0201,R0201_11P811
TBTB_SBU1,R6233,1,T,1462,3488,1/20W_0_5%_0201,R0201_11P811
TBTB_SBU1,R6235,1,T,1462,3488,1/20W_0_5%_0201,R0201_11P811
TBTB_SBU1,UBB1,M10,B,801,3033,JHL8040RSLMN7A1_BGA105,JHL8040RSLMN7A1_BGA_105P
TBTB_SBU1_CONN,D9514,1,B,617,3324,RCLAMP2451ZATFT_SLP0603P2X3F2,RCLAMP2451ZATFT_SLP0603P2X3F2
TBTB_SBU1_CONN,JUSBC2,A8,B,468,3277,HIGHSTAR_UB11249-A600G-1H,HIGHSTAR_UB11249-A600G-1H_24P-T
TBTB_SBU1_CONN,R6223,2,T,1462,3440,1/20W_0_5%_0201,R0201_11P811
TBTB_SBU1_CONN,R6234,2,T,1462,3440,1/20W_0_5%_0201,R0201_11P811
TBTB_SBU1_R,R6223,1,T,1439,3440,1/20W_0_5%_0201,R0201_11P811
TBTB_SBU1_R,TB_TP19,1,T,1454,3404,,
TBTB_SBU1_R,U6202,B1,T,1383,3463,SN1904020YBFR_DSBGA16,SN1904020YBFR_DSBGA_16P
TBTB_SBU2,R6231,1,T,1365,3564,1/20W_0_5%_0201,R0201_11P811
TBTB_SBU2,R6236,1,T,1365,3564,1/20W_0_5%_0201,R0201_11P811
TBTB_SBU2,UBB1,L10,B,801,3051,JHL8040RSLMN7A1_BGA105,JHL8040RSLMN7A1_BGA_105P
TBTB_SBU2_CONN,D9515,1,B,658,3220,RCLAMP2451ZATFT_SLP0603P2X3F2,RCLAMP2451ZATFT_SLP0603P2X3F2
TBTB_SBU2_CONN,JUSBC2,B8,B,403,3208,HIGHSTAR_UB11249-A600G-1H,HIGHSTAR_UB11249-A600G-1H_24P-T
TBTB_SBU2_CONN,R6224,2,T,1417,3392,1/20W_0_5%_0201,R0201_11P811
TBTB_SBU2_CONN,R6232,2,T,1417,3392,1/20W_0_5%_0201,R0201_11P811
TBTB_SBU2_CONN,TB_TP844,1,T,1501,3352,,
TBTB_SBU2_R,R6224,1,T,1417,3415,1/20W_0_5%_0201,R0201_11P811
TBTB_SBU2_R,U6202,A1,T,1383,3447,SN1904020YBFR_DSBGA16,SN1904020YBFR_DSBGA_16P
TBTB_TX1N,R6208,1,B,675,3143,1/20W_2.2_1%_0201,R0201_11P811
TBTB_TX1N,UBB1,G11,B,783,3123,JHL8040RSLMN7A1_BGA105,JHL8040RSLMN7A1_BGA_105P
TBTB_TX1N_C,C6202,2,B,569,3131,0.22U_25V_K_X5R_0201,C0201_12P992_BA
TBTB_TX1N_C,JUSBC2,A3,B,468,3179,HIGHSTAR_UB11249-A600G-1H,HIGHSTAR_UB11249-A600G-1H_24P-T
TBTB_TX1N_C,R6212,1,B,547,3129,1/20W_220K_5%_0201,R0201_11P811
TBTB_TX1N_R,C6202,1,B,592,3131,0.22U_25V_K_X5R_0201,C0201_12P992_BA
TBTB_TX1N_R,D6204,1,B,616,3128,PESD5V0H1BSF_SOD962-2,PESD5V0H1BSF_SOD962-2
TBTB_TX1N_R,R6208,2,B,652,3143,1/20W_2.2_1%_0201,R0201_11P811
TBTB_TX1P,R6207,1,B,675,3121,1/20W_2.2_1%_0201,R0201_11P811
TBTB_TX1P,UBB1,G12,B,764,3123,JHL8040RSLMN7A1_BGA105,JHL8040RSLMN7A1_BGA_105P
TBTB_TX1P_C,C6201,2,B,569,3107,0.22U_25V_K_X5R_0201,C0201_12P992_BA
TBTB_TX1P_C,JUSBC2,A2,B,468,3159,HIGHSTAR_UB11249-A600G-1H,HIGHSTAR_UB11249-A600G-1H_24P-T
TBTB_TX1P_C,R6211,1,B,547,3107,1/20W_220K_5%_0201,R0201_11P811
TBTB_TX1P_R,C6201,1,B,592,3107,0.22U_25V_K_X5R_0201,C0201_12P992_BA
TBTB_TX1P_R,D6203,1,B,616,3107,PESD5V0H1BSF_SOD962-2,PESD5V0H1BSF_SOD962-2
TBTB_TX1P_R,R6207,2,B,652,3121,1/20W_2.2_1%_0201,R0201_11P811
TBTB_TX2N,R6215,2,T,668,3370,1/20W_2.2_1%_0201,R0201_11P811
TBTB_TX2N,TB_TP757,1,B,691,3182,,
TBTB_TX2N,UBB1,E11,B,783,3159,JHL8040RSLMN7A1_BGA105,JHL8040RSLMN7A1_BGA_105P
TBTB_TX2N_C,C6203,1,T,574,3370,0.22U_25V_K_X5R_0201,C0201_12P992_BA
TBTB_TX2N_C,JUSBC2,B3,B,403,3307,HIGHSTAR_UB11249-A600G-1H,HIGHSTAR_UB11249-A600G-1H_24P-T
TBTB_TX2N_C,R6213,1,T,552,3371,1/20W_220K_5%_0201,R0201_11P811
TBTB_TX2N_R,C6203,2,T,597,3370,0.22U_25V_K_X5R_0201,C0201_12P992_BA
TBTB_TX2N_R,D6211,1,T,621,3371,PESD5V0H1BSF_SOD962-2,PESD5V0H1BSF_SOD962-2
TBTB_TX2N_R,R6215,1,T,645,3370,1/20W_2.2_1%_0201,R0201_11P811
TBTB_TX2P,R6216,2,T,668,3392,1/20W_2.2_1%_0201,R0201_11P811
TBTB_TX2P,TB_TP658,1,B,683,3267,,
TBTB_TX2P,UBB1,E12,B,764,3159,JHL8040RSLMN7A1_BGA105,JHL8040RSLMN7A1_BGA_105P
TBTB_TX2P_C,C6204,1,T,574,3394,0.22U_25V_K_X5R_0201,C0201_12P992_BA
TBTB_TX2P_C,JUSBC2,B2,B,403,3327,HIGHSTAR_UB11249-A600G-1H,HIGHSTAR_UB11249-A600G-1H_24P-T
TBTB_TX2P_C,R6214,1,T,552,3393,1/20W_220K_5%_0201,R0201_11P811
TBTB_TX2P_C,TB_TP747,1,T,512,3378,,
TBTB_TX2P_R,C6204,2,T,597,3394,0.22U_25V_K_X5R_0201,C0201_12P992_BA
TBTB_TX2P_R,D6212,1,T,621,3392,PESD5V0H1BSF_SOD962-2,PESD5V0H1BSF_SOD962-2
TBTB_TX2P_R,R6216,1,T,645,3392,1/20W_2.2_1%_0201,R0201_11P811
TBTB_VBUS20,C5902,2,T,1822,3663,1U_25V_K_X5R_0402,C0402_23P622_CB
TBTB_VBUS20,C6214,2,T,612,3628,1U_50V_K_X5R_0603,C0603_35P433_DA
TBTB_VBUS20,C6501,2,T,1788,3664,1U_25V_K_X5R_0402,C0402_23P622_CB
TBTB_VBUS20,D5902,1,T,1747,3657,NSR20F30NXT5G_DSN2-2,NSR20F30NXT5G_DSN2-2
TBTB_VBUS20,F6501,1,T,1794,3614,5A_32V_0438005.WR,F_0438005PWR
TBTB_VBUS20,TB_TP1095,1,B,637,3604,,
TBTB_VBUS20,U5901,13,T,1665,3686,SN2011061RSLR_VQFN48_6X6,SN2011061RSLR_VQFN48_6X6
TBTB_VBUS20,U5901,14,T,1665,3702,SN2011061RSLR_VQFN48_6X6,SN2011061RSLR_VQFN48_6X6
TBTB_VBUS20,U5901,15,T,1665,3718,SN2011061RSLR_VQFN48_6X6,SN2011061RSLR_VQFN48_6X6
TBTB_VBUS20,U5901,16,T,1665,3733,SN2011061RSLR_VQFN48_6X6,SN2011061RSLR_VQFN48_6X6
TBTB_VBUS20,U6201,A2,T,620,3580,KTS1668EAY-TR_WLCSP12,KTS1668EAY-TR_WLCSP_12P
TBTB_VBUS20,U6201,A3,T,636,3580,KTS1668EAY-TR_WLCSP12,KTS1668EAY-TR_WLCSP_12P
TBTB_VBUS20,U6201,B2,T,620,3564,KTS1668EAY-TR_WLCSP12,KTS1668EAY-TR_WLCSP_12P
TBTB_VBUS20_B,C6502,2,T,2040,3746,10U_25V_M_X5R_0603,C0603_39P370_DC
TBTB_VBUS20_B,J6501,1,T,2094,3643,JUMP_43X79,JUMP_43X79
TBTB_VBUS20_B,Q6501,A2,T,1915,3690,CSD87501L_LGA10_3P37X1P47,CSD87501L_LGA10_3P37X1P47
TBTB_VBUS20_B,Q6501,B2,T,1915,3664,CSD87501L_LGA10_3P37X1P47,CSD87501L_LGA10_3P37X1P47
TBTB_VBUS20_B,Q6501,D2,T,1915,3613,CSD87501L_LGA10_3P37X1P47,CSD87501L_LGA10_3P37X1P47
TBTB_VBUS20_B,Q6501,E2,T,1915,3588,CSD87501L_LGA10_3P37X1P47,CSD87501L_LGA10_3P37X1P47
TBTB_VBUS20_B,TB_TP423,1,T,1982,3687,,
TBTB_VBUS20_CONN,C6205,1,T,617,3498,0.1U_50V_K_X5R_0402,C0402_21P654_CA
TBTB_VBUS20_CONN,C6215,2,B,665,3469,0.1U_50V_K_X5R_0402,C0402_21P654_CA
TBTB_VBUS20_CONN,C6216,2,B,630,3512,0.1U_50V_K_X5R_0402,C0402_21P654_CA
TBTB_VBUS20_CONN,C6217,2,B,679,3437,0.1U_50V_K_X5R_0402,C0402_21P654_CA
TBTB_VBUS20_CONN,C6218,2,T,662,3452,0.1U_50V_K_X5R_0402,C0402_21P654_CA
TBTB_VBUS20_CONN,C6219,1,T,553,3502,1U_25V_K_X5R_0402,C0402_23P622_CB
TBTB_VBUS20_CONN,D6220,1,T,557,3465,NSR20F30NXT5G_DSN2-2,NSR20F30NXT5G_DSN2-2
TBTB_VBUS20_CONN,F5102,1,T,2795,1695,0.5A_32V_ERBRD0R50X,F_ERBRD0R50X-Y_CS20
TBTB_VBUS20_CONN,JUSBC2,A4,B,468,3199,HIGHSTAR_UB11249-A600G-1H,HIGHSTAR_UB11249-A600G-1H_24P-T
TBTB_VBUS20_CONN,JUSBC2,A9,B,468,3297,HIGHSTAR_UB11249-A600G-1H,HIGHSTAR_UB11249-A600G-1H_24P-T
TBTB_VBUS20_CONN,JUSBC2,B4,B,403,3287,HIGHSTAR_UB11249-A600G-1H,HIGHSTAR_UB11249-A600G-1H_24P-T
TBTB_VBUS20_CONN,JUSBC2,B9,B,403,3189,HIGHSTAR_UB11249-A600G-1H,HIGHSTAR_UB11249-A600G-1H_24P-T
TBTB_VBUS20_CONN,R6201,1,T,545,3537,1/20W_1M_1%_0201,R0201_11P811
TBTB_VBUS20_CONN,TB_TP1206,1,T,478,3304,,
TBTB_VBUS20_CONN,TB_TP1207,1,T,525,3202,,
TBTB_VBUS20_CONN,TB_TP1208,1,B,570,3186,,
TBTB_VBUS20_CONN,TB_TP1209,1,T,605,3447,,
TBTB_VBUS20_CONN,U6201,B3,T,636,3564,KTS1668EAY-TR_WLCSP12,KTS1668EAY-TR_WLCSP_12P
TBTB_VBUS20_CONN,U6201,C2,T,620,3549,KTS1668EAY-TR_WLCSP12,KTS1668EAY-TR_WLCSP_12P
TBTB_VBUS20_CONN,U6201,C3,T,636,3549,KTS1668EAY-TR_WLCSP12,KTS1668EAY-TR_WLCSP_12P
TBTB_VBUS20_F,F6501,2,T,1846,3614,5A_32V_0438005.WR,F_0438005PWR
TBTB_VBUS20_F,Q6501,A1,T,1889,3690,CSD87501L_LGA10_3P37X1P47,CSD87501L_LGA10_3P37X1P47
TBTB_VBUS20_F,Q6501,B1,T,1889,3664,CSD87501L_LGA10_3P37X1P47,CSD87501L_LGA10_3P37X1P47
TBTB_VBUS20_F,Q6501,D1,T,1889,3613,CSD87501L_LGA10_3P37X1P47,CSD87501L_LGA10_3P37X1P47
TBTB_VBUS20_F,Q6501,E1,T,1889,3588,CSD87501L_LGA10_3P37X1P47,CSD87501L_LGA10_3P37X1P47
TBTB_VBUS20_F,TB_TP1421,1,T,1887,3532,,
TBTC_CC1,C5907,2,T,1562,3964,220P_25V_K_X7R_0201,C0201_12P992_BA
TBTC_CC1,R6131,1,T,1082,4171,1/20W_0_5%_0201,R0201_11P811
TBTC_CC1,R6134,1,T,1082,4171,1/20W_0_5%_0201,R0201_11P811
TBTC_CC1,U5901,31,T,1543,3887,SN2011061RSLR_VQFN48_6X6,SN2011061RSLR_VQFN48_6X6
TBTC_CC1_CONN,D9517,1,B,592,3910,RCLAMP2451ZATFT_SLP0603P2X3F2,RCLAMP2451ZATFT_SLP0603P2X3F2
TBTC_CC1_CONN,JUSBC1,A5,B,468,3894,HIGHSTAR_UB11249-A600G-1H,HIGHSTAR_UB11249-A600G-1H_24P-T
TBTC_CC1_CONN,R6123,2,T,1129,3989,1/20W_0_5%_0201,R0201_11P811
TBTC_CC1_CONN,R6126,2,T,1129,3989,1/20W_0_5%_0201,R0201_11P811
TBTC_CC1_CONN,TB_TP1150,1,B,630,3933,,
TBTC_CC1_R,R6123,1,T,1129,4012,1/20W_0_5%_0201,R0201_11P811
TBTC_CC1_R,U6102,A2,T,1109,4053,SN1904020YBFR_DSBGA16,SN1904020YBFR_DSBGA_16P
TBTC_CC1_R,U6102,B2,T,1109,4069,SN1904020YBFR_DSBGA16,SN1904020YBFR_DSBGA_16P
TBTC_CC2,C5908,2,T,1587,3964,220P_25V_K_X7R_0201,C0201_12P992_BA
TBTC_CC2,R6132,1,T,1057,4171,1/20W_0_5%_0201,R0201_11P811
TBTC_CC2,R6133,1,T,1057,4171,1/20W_0_5%_0201,R0201_11P811
TBTC_CC2,U5901,30,T,1559,3887,SN2011061RSLR_VQFN48_6X6,SN2011061RSLR_VQFN48_6X6
TBTC_CC2_CONN,D9518,1,T,591,3980,RCLAMP2451ZATFT_SLP0603P2X3F2,RCLAMP2451ZATFT_SLP0603P2X3F2
TBTC_CC2_CONN,JUSBC1,B5,B,403,3943,HIGHSTAR_UB11249-A600G-1H,HIGHSTAR_UB11249-A600G-1H_24P-T
TBTC_CC2_CONN,R6124,2,T,1057,3989,1/20W_0_5%_0201,R0201_11P811
TBTC_CC2_CONN,R6125,2,T,1057,3989,1/20W_0_5%_0201,R0201_11P811
TBTC_CC2_CONN,TB_TP1080,1,T,1093,3977,,
TBTC_CC2_R,R6124,1,T,1057,4012,1/20W_0_5%_0201,R0201_11P811
TBTC_CC2_R,U6102,A3,T,1094,4053,SN1904020YBFR_DSBGA16,SN1904020YBFR_DSBGA_16P
TBTC_CC2_R,U6102,B3,T,1094,4069,SN1904020YBFR_DSBGA16,SN1904020YBFR_DSBGA_16P
TBTC_GATE_VBUS,R6505,1,T,1825,3800,0_0201_SP,R0201_SHORT
TBTC_GATE_VBUS,TB_TP1083,1,T,1754,3807,,
TBTC_GATE_VBUS,U5901,19,T,1665,3781,SN2011061RSLR_VQFN48_6X6,SN2011061RSLR_VQFN48_6X6
TBTC_GATE_VSYS,R6506,1,T,1496,3587,0_0201_SP,R0201_SHORT
TBTC_GATE_VSYS,U5901,5,T,1527,3659,SN2011061RSLR_VQFN48_6X6,SN2011061RSLR_VQFN48_6X6
TBTC_RX1N,R6113,2,T,659,3789,1/20W_2.2_1%_0201,R0201_11P811
TBTC_RX1N,TB_TP1408,1,B,712,3738,,
TBTC_RX1N,UBB2,J11,B,783,3760,JHL8040RSLMN7A1_BGA105,JHL8040RSLMN7A1_BGA_105P
TBTC_RX1N_C,C6113,1,T,565,3791,0.33U_25V_K_X5R_0201,C0201_15P354_BC
TBTC_RX1N_C,JUSBC1,B10,B,403,3845,HIGHSTAR_UB11249-A600G-1H,HIGHSTAR_UB11249-A600G-1H_24P-T
TBTC_RX1N_C,R6117,1,T,543,3790,1/20W_220K_5%_0201,R0201_11P811
TBTC_RX1N_R,C6113,2,T,588,3791,0.33U_25V_K_X5R_0201,C0201_15P354_BC
TBTC_RX1N_R,D6110,1,T,612,3789,PESD5V0H1BSF_SOD962-2,PESD5V0H1BSF_SOD962-2
TBTC_RX1N_R,R6113,1,T,636,3789,1/20W_2.2_1%_0201,R0201_11P811
TBTC_RX1P,R6112,2,T,659,3767,1/20W_2.2_1%_0201,R0201_11P811
TBTC_RX1P,UBB2,J12,B,764,3760,JHL8040RSLMN7A1_BGA105,JHL8040RSLMN7A1_BGA_105P
TBTC_RX1P_C,C6112,1,T,565,3767,0.33U_25V_K_X5R_0201,C0201_15P354_BC
TBTC_RX1P_C,JUSBC1,B11,B,403,3825,HIGHSTAR_UB11249-A600G-1H,HIGHSTAR_UB11249-A600G-1H_24P-T
TBTC_RX1P_C,R6116,1,T,543,3768,1/20W_220K_5%_0201,R0201_11P811
TBTC_RX1P_C,TB_TP1176,1,T,508,3795,,
TBTC_RX1P_R,C6112,2,T,588,3767,0.33U_25V_K_X5R_0201,C0201_15P354_BC
TBTC_RX1P_R,D6108,1,T,612,3768,PESD5V0H1BSF_SOD962-2,PESD5V0H1BSF_SOD962-2
TBTC_RX1P_R,R6112,1,T,636,3767,1/20W_2.2_1%_0201,R0201_11P811
TBTC_RX2N,R6107,1,B,662,4037,1/20W_2.2_1%_0201,R0201_11P811
TBTC_RX2N,TB_TP1406,1,B,722,3985,,
TBTC_RX2N,UBB2,C11,B,783,3868,JHL8040RSLMN7A1_BGA105,JHL8040RSLMN7A1_BGA_105P
TBTC_RX2N_C,C6110,2,B,568,4037,0.33U_25V_K_X5R_0201,C0201_15P354_BC
TBTC_RX2N_C,JUSBC1,A10,B,468,3992,HIGHSTAR_UB11249-A600G-1H,HIGHSTAR_UB11249-A600G-1H_24P-T
TBTC_RX2N_C,R6118,1,B,546,4038,1/20W_220K_5%_0201,R0201_11P811
TBTC_RX2N_R,C6110,1,B,591,4037,0.33U_25V_K_X5R_0201,C0201_15P354_BC
TBTC_RX2N_R,D6101,1,B,615,4039,PESD5V0H1BSF_SOD962-2,PESD5V0H1BSF_SOD962-2
TBTC_RX2N_R,R6107,2,B,639,4037,1/20W_2.2_1%_0201,R0201_11P811
TBTC_RX2P,R6108,1,B,662,4060,1/20W_2.2_1%_0201,R0201_11P811
TBTC_RX2P,UBB2,C12,B,764,3868,JHL8040RSLMN7A1_BGA105,JHL8040RSLMN7A1_BGA_105P
TBTC_RX2P_C,C6111,2,B,568,4061,0.33U_25V_K_X5R_0201,C0201_15P354_BC
TBTC_RX2P_C,JUSBC1,A11,B,468,4012,HIGHSTAR_UB11249-A600G-1H,HIGHSTAR_UB11249-A600G-1H_24P-T
TBTC_RX2P_C,R6119,1,B,546,4060,1/20W_220K_5%_0201,R0201_11P811
TBTC_RX2P_R,C6111,1,B,591,4061,0.33U_25V_K_X5R_0201,C0201_15P354_BC
TBTC_RX2P_R,D6107,1,B,615,4059,PESD5V0H1BSF_SOD962-2,PESD5V0H1BSF_SOD962-2
TBTC_RX2P_R,R6108,2,B,639,4060,1/20W_2.2_1%_0201,R0201_11P811
TBTC_SBU1,R6129,1,T,1156,4170,1/20W_0_5%_0201,R0201_11P811
TBTC_SBU1,R6136,1,T,1156,4170,1/20W_0_5%_0201,R0201_11P811
TBTC_SBU1,UBB2,M10,B,801,3705,JHL8040RSLMN7A1_BGA105,JHL8040RSLMN7A1_BGA_105P
TBTC_SBU1_CONN,D9520,1,B,592,3981,RCLAMP2451ZATFT_SLP0603P2X3F2,RCLAMP2451ZATFT_SLP0603P2X3F2
TBTC_SBU1_CONN,JUSBC1,A8,B,468,3953,HIGHSTAR_UB11249-A600G-1H,HIGHSTAR_UB11249-A600G-1H_24P-T
TBTC_SBU1_CONN,R6121,2,T,1198,4088,1/20W_0_5%_0201,R0201_11P811
TBTC_SBU1_CONN,R6128,2,T,1198,4088,1/20W_0_5%_0201,R0201_11P811
TBTC_SBU1_R,R6121,1,T,1175,4088,1/20W_0_5%_0201,R0201_11P811
TBTC_SBU1_R,U6102,B1,T,1125,4069,SN1904020YBFR_DSBGA16,SN1904020YBFR_DSBGA_16P
TBTC_SBU2,R6130,1,T,1129,4171,1/20W_0_5%_0201,R0201_11P811
TBTC_SBU2,R6135,1,T,1129,4171,1/20W_0_5%_0201,R0201_11P811
TBTC_SBU2,UBB2,L10,B,801,3723,JHL8040RSLMN7A1_BGA105,JHL8040RSLMN7A1_BGA_105P
TBTC_SBU2_CONN,D9519,1,B,658,3898,RCLAMP2451ZATFT_SLP0603P2X3F2,RCLAMP2451ZATFT_SLP0603P2X3F2
TBTC_SBU2_CONN,JUSBC1,B8,B,403,3884,HIGHSTAR_UB11249-A600G-1H,HIGHSTAR_UB11249-A600G-1H_24P-T
TBTC_SBU2_CONN,R6122,2,T,1198,4047,1/20W_0_5%_0201,R0201_11P811
TBTC_SBU2_CONN,R6127,2,T,1198,4047,1/20W_0_5%_0201,R0201_11P811
TBTC_SBU2_R,R6122,1,T,1175,4047,1/20W_0_5%_0201,R0201_11P811
TBTC_SBU2_R,U6102,A1,T,1125,4053,SN1904020YBFR_DSBGA16,SN1904020YBFR_DSBGA_16P
TBTC_TX1N,R6106,1,B,652,3800,1/20W_2.2_1%_0201,R0201_11P811
TBTC_TX1N,TB_TP1377,1,B,688,3797,,
TBTC_TX1N,UBB2,G11,B,783,3796,JHL8040RSLMN7A1_BGA105,JHL8040RSLMN7A1_BGA_105P
TBTC_TX1N_C,C6106,1,B,556,3802,0.22U_25V_K_X5R_0201,C0201_12P992_BA
TBTC_TX1N_C,JUSBC1,A3,B,468,3855,HIGHSTAR_UB11249-A600G-1H,HIGHSTAR_UB11249-A600G-1H_24P-T
TBTC_TX1N_C,R6110,1,B,534,3801,1/20W_220K_5%_0201,R0201_11P811
TBTC_TX1N_R,C6106,2,B,579,3802,0.22U_25V_K_X5R_0201,C0201_12P992_BA
TBTC_TX1N_R,D6109,1,B,605,3800,PESD5V0H1BSF_SOD962-2,PESD5V0H1BSF_SOD962-2
TBTC_TX1N_R,R6106,2,B,629,3800,1/20W_2.2_1%_0201,R0201_11P811
TBTC_TX1P,R6105,1,B,652,3778,1/20W_2.2_1%_0201,R0201_11P811
TBTC_TX1P,UBB2,G12,B,764,3796,JHL8040RSLMN7A1_BGA105,JHL8040RSLMN7A1_BGA_105P
TBTC_TX1P_C,C6105,1,B,556,3778,0.22U_25V_K_X5R_0201,C0201_12P992_BA
TBTC_TX1P_C,JUSBC1,A2,B,468,3835,HIGHSTAR_UB11249-A600G-1H,HIGHSTAR_UB11249-A600G-1H_24P-T
TBTC_TX1P_C,R6109,1,B,534,3779,1/20W_220K_5%_0201,R0201_11P811
TBTC_TX1P_R,C6105,2,B,579,3778,0.22U_25V_K_X5R_0201,C0201_12P992_BA
TBTC_TX1P_R,D6104,1,B,606,3779,PESD5V0H1BSF_SOD962-2,PESD5V0H1BSF_SOD962-2
TBTC_TX1P_R,R6105,2,B,629,3778,1/20W_2.2_1%_0201,R0201_11P811
TBTC_TX2N,R6114,2,T,662,4037,1/20W_2.2_1%_0201,R0201_11P811
TBTC_TX2N,TB_TP1397,1,B,675,3955,,
TBTC_TX2N,UBB2,E11,B,783,3832,JHL8040RSLMN7A1_BGA105,JHL8040RSLMN7A1_BGA_105P
TBTC_TX2N_C,C6107,2,T,568,4037,0.22U_25V_K_X5R_0201,C0201_12P992_BA
TBTC_TX2N_C,JUSBC1,B3,B,403,3982,HIGHSTAR_UB11249-A600G-1H,HIGHSTAR_UB11249-A600G-1H_24P-T
TBTC_TX2N_C,R6111,1,T,546,4038,1/20W_220K_5%_0201,R0201_11P811
TBTC_TX2N_R,C6107,1,T,591,4037,0.22U_25V_K_X5R_0201,C0201_12P992_BA
TBTC_TX2N_R,D6106,1,T,615,4039,PESD5V0H1BSF_SOD962-2,PESD5V0H1BSF_SOD962-2
TBTC_TX2N_R,R6114,1,T,639,4037,1/20W_2.2_1%_0201,R0201_11P811
TBTC_TX2P,R6115,2,T,662,4060,1/20W_2.2_1%_0201,R0201_11P811
TBTC_TX2P,TB_TP400,1,B,699,3869,,
TBTC_TX2P,UBB2,E12,B,764,3832,JHL8040RSLMN7A1_BGA105,JHL8040RSLMN7A1_BGA_105P
TBTC_TX2P_C,C6108,2,T,568,4061,0.22U_25V_K_X5R_0201,C0201_12P992_BA
TBTC_TX2P_C,JUSBC1,B2,B,403,4002,HIGHSTAR_UB11249-A600G-1H,HIGHSTAR_UB11249-A600G-1H_24P-T
TBTC_TX2P_C,R6120,1,T,546,4060,1/20W_220K_5%_0201,R0201_11P811
TBTC_TX2P_C,TB_TP1084,1,T,504,4035,,
TBTC_TX2P_R,C6108,1,T,591,4061,0.22U_25V_K_X5R_0201,C0201_12P992_BA
TBTC_TX2P_R,D6105,1,T,615,4059,PESD5V0H1BSF_SOD962-2,PESD5V0H1BSF_SOD962-2
TBTC_TX2P_R,R6115,1,T,639,4060,1/20W_2.2_1%_0201,R0201_11P811
TBTC_VBUS20,C5911,2,T,1776,3936,1U_25V_K_X5R_0402,C0402_23P622_CB
TBTC_VBUS20,C6114,2,T,804,4233,1U_50V_K_X5R_0603,C0603_35P433_DA
TBTC_VBUS20,C6503,2,T,1808,3937,1U_25V_K_X5R_0402,C0402_23P622_CB
TBTC_VBUS20,D5901,1,T,1734,3935,NSR20F30NXT5G_DSN2-2,NSR20F30NXT5G_DSN2-2
TBTC_VBUS20,F6502,1,T,1783,3895,5A_32V_0438005.WR,F_0438005PWR
TBTC_VBUS20,TB_TP1142,1,B,834,4229,,
TBTC_VBUS20,U5901,21,T,1665,3812,SN2011061RSLR_VQFN48_6X6,SN2011061RSLR_VQFN48_6X6
TBTC_VBUS20,U5901,22,T,1665,3828,SN2011061RSLR_VQFN48_6X6,SN2011061RSLR_VQFN48_6X6
TBTC_VBUS20,U5901,23,T,1665,3844,SN2011061RSLR_VQFN48_6X6,SN2011061RSLR_VQFN48_6X6
TBTC_VBUS20,U5901,24,T,1665,3859,SN2011061RSLR_VQFN48_6X6,SN2011061RSLR_VQFN48_6X6
TBTC_VBUS20,U6101,A2,T,756,4248,KTS1668EAY-TR_WLCSP12,KTS1668EAY-TR_WLCSP_12P
TBTC_VBUS20,U6101,A3,T,756,4232,KTS1668EAY-TR_WLCSP12,KTS1668EAY-TR_WLCSP_12P
TBTC_VBUS20,U6101,B2,T,740,4248,KTS1668EAY-TR_WLCSP12,KTS1668EAY-TR_WLCSP_12P
TBTC_VBUS20_B,C6504,2,T,1990,3801,10U_25V_M_X5R_0603,C0603_39P370_DC
TBTC_VBUS20_B,J6502,1,T,2088,3850,JUMP_43X79,JUMP_43X79
TBTC_VBUS20_B,Q6505,A2,T,1910,3930,CSD87501L_LGA10_3P37X1P47,CSD87501L_LGA10_3P37X1P47
TBTC_VBUS20_B,Q6505,B2,T,1910,3904,CSD87501L_LGA10_3P37X1P47,CSD87501L_LGA10_3P37X1P47
TBTC_VBUS20_B,Q6505,D2,T,1910,3853,CSD87501L_LGA10_3P37X1P47,CSD87501L_LGA10_3P37X1P47
TBTC_VBUS20_B,Q6505,E2,T,1910,3828,CSD87501L_LGA10_3P37X1P47,CSD87501L_LGA10_3P37X1P47
TBTC_VBUS20_B,TB_TP437,1,T,1984,3870,,
TBTC_VBUS20_CONN,C6102,1,T,712,4170,0.1U_50V_K_X5R_0402,C0402_21P654_CA
TBTC_VBUS20_CONN,C6115,1,T,603,4217,1U_25V_K_X5R_0402,C0402_23P622_CB
TBTC_VBUS20_CONN,C6116,2,T,635,4217,0.1U_50V_K_X5R_0402,C0402_21P654_CA
TBTC_VBUS20_CONN,C6117,2,B,716,4235,0.1U_50V_K_X5R_0402,C0402_21P654_CA
TBTC_VBUS20_CONN,C6118,2,B,716,4204,0.1U_50V_K_X5R_0402,C0402_21P654_CA
TBTC_VBUS20_CONN,C6119,2,B,717,4172,0.1U_50V_K_X5R_0402,C0402_21P654_CA
TBTC_VBUS20_CONN,D6120,1,T,672,4220,NSR20F30NXT5G_DSN2-2,NSR20F30NXT5G_DSN2-2
TBTC_VBUS20_CONN,F5103,1,T,2796,1734,0.5A_32V_ERBRD0R50X,F_ERBRD0R50X-Y_CS20
TBTC_VBUS20_CONN,JUSBC1,A4,B,468,3874,HIGHSTAR_UB11249-A600G-1H,HIGHSTAR_UB11249-A600G-1H_24P-T
TBTC_VBUS20_CONN,JUSBC1,A9,B,468,3973,HIGHSTAR_UB11249-A600G-1H,HIGHSTAR_UB11249-A600G-1H_24P-T
TBTC_VBUS20_CONN,JUSBC1,B4,B,403,3963,HIGHSTAR_UB11249-A600G-1H,HIGHSTAR_UB11249-A600G-1H_24P-T
TBTC_VBUS20_CONN,JUSBC1,B9,B,403,3864,HIGHSTAR_UB11249-A600G-1H,HIGHSTAR_UB11249-A600G-1H_24P-T
TBTC_VBUS20_CONN,R6103,1,T,726,4319,1/20W_1M_1%_0201,R0201_11P811
TBTC_VBUS20_CONN,TB_TP1229,1,T,708,4120,,
TBTC_VBUS20_CONN,TB_TP1230,1,T,476,3860,,
TBTC_VBUS20_CONN,TB_TP1231,1,T,598,4175,,
TBTC_VBUS20_CONN,U6101,B3,T,740,4232,KTS1668EAY-TR_WLCSP12,KTS1668EAY-TR_WLCSP_12P
TBTC_VBUS20_CONN,U6101,C2,T,724,4248,KTS1668EAY-TR_WLCSP12,KTS1668EAY-TR_WLCSP_12P
TBTC_VBUS20_CONN,U6101,C3,T,724,4232,KTS1668EAY-TR_WLCSP12,KTS1668EAY-TR_WLCSP_12P
TBTC_VBUS20_F,F6502,2,T,1835,3895,5A_32V_0438005.WR,F_0438005PWR
TBTC_VBUS20_F,Q6505,A1,T,1884,3930,CSD87501L_LGA10_3P37X1P47,CSD87501L_LGA10_3P37X1P47
TBTC_VBUS20_F,Q6505,B1,T,1884,3904,CSD87501L_LGA10_3P37X1P47,CSD87501L_LGA10_3P37X1P47
TBTC_VBUS20_F,Q6505,D1,T,1884,3853,CSD87501L_LGA10_3P37X1P47,CSD87501L_LGA10_3P37X1P47
TBTC_VBUS20_F,Q6505,E1,T,1884,3828,CSD87501L_LGA10_3P37X1P47,CSD87501L_LGA10_3P37X1P47
TBTC_VBUS20_F,TB_TP1417,1,T,1845,3975,,
TBT_LSX0_RXD,R5428,2,B,866,2911,1/20W_1M_5%_0201,R0201_11P811
TBT_LSX0_RXD,R5431,1,B,845,2935,1/20W_0_5%_0201,R0201_11P811
TBT_LSX0_RXD,TB_TP360,1,B,943,2831,,
TBT_LSX0_RXD,UCPU1,ET26,B,5775,3441,ALDERLAKE-P-CPU_BGA1744,ALDERLAKE-P-CPU_BGA_1744P-T
TBT_LSX0_RXD_R,R5431,2,B,845,2958,1/20W_0_5%_0201,R0201_11P811
TBT_LSX0_RXD_R,UBB1,L7,B,855,3051,JHL8040RSLMN7A1_BGA105,JHL8040RSLMN7A1_BGA_105P
TBT_LSX0_TXD,R5427,2,B,866,2934,1/20W_1M_5%_0201,R0201_11P811
TBT_LSX0_TXD,R5430,1,B,866,2956,1/20W_0_5%_0201,R0201_11P811
TBT_LSX0_TXD,UCPU1,ER26,B,5749,3441,ALDERLAKE-P-CPU_BGA1744,ALDERLAKE-P-CPU_BGA_1744P-T
TBT_LSX0_TXD_R,R5430,2,B,889,2956,1/20W_0_5%_0201,R0201_11P811
TBT_LSX0_TXD_R,UBB1,M7,B,855,3033,JHL8040RSLMN7A1_BGA105,JHL8040RSLMN7A1_BGA_105P
TBT_LSX2_RXD,R5627,2,B,866,3577,1/20W_1M_5%_0201,R0201_11P811
TBT_LSX2_RXD,R5631,1,B,845,3607,1/20W_0_5%_0201,R0201_11P811
TBT_LSX2_RXD,TB_TP809,1,B,5950,3242,,
TBT_LSX2_RXD,UCPU1,EV37,B,5802,3260,ALDERLAKE-P-CPU_BGA1744,ALDERLAKE-P-CPU_BGA_1744P-T
TBT_LSX2_RXD_R,R5631,2,B,845,3630,1/20W_0_5%_0201,R0201_11P811
TBT_LSX2_RXD_R,UBB2,L7,B,855,3723,JHL8040RSLMN7A1_BGA105,JHL8040RSLMN7A1_BGA_105P
TBT_LSX2_TXD,R5628,2,B,866,3599,1/20W_1M_5%_0201,R0201_11P811
TBT_LSX2_TXD,R5630,1,B,866,3621,1/20W_0_5%_0201,R0201_11P811
TBT_LSX2_TXD,TB_TP815,1,T,1335,4630,,
TBT_LSX2_TXD,UCPU1,FC37,B,5883,3265,ALDERLAKE-P-CPU_BGA1744,ALDERLAKE-P-CPU_BGA_1744P-T
TBT_LSX2_TXD_R,R5630,2,B,889,3621,1/20W_0_5%_0201,R0201_11P811
TBT_LSX2_TXD_R,UBB2,M7,B,855,3705,JHL8040RSLMN7A1_BGA105,JHL8040RSLMN7A1_BGA_105P
TCP0_AUXN,R5434,1,B,886,2798,1/20W_0_5%_0201,R0201_11P811
TCP0_AUXN,TB_TP361,1,B,1025,2779,,
TCP0_AUXN,UCPU1,BD1,B,4630,3828,ALDERLAKE-P-CPU_BGA1744,ALDERLAKE-P-CPU_BGA_1744P-T
TCP0_AUXN_R,R5434,2,B,886,2821,1/20W_0_5%_0201,R0201_11P811
TCP0_AUXN_R,UBB1,M8,B,837,3033,JHL8040RSLMN7A1_BGA105,JHL8040RSLMN7A1_BGA_105P
TCP0_AUXP,R5433,1,B,859,2798,1/20W_0_5%_0201,R0201_11P811
TCP0_AUXP,TB_TP364,1,B,953,2771,,
TCP0_AUXP,UCPU1,BB1,B,4605,3828,ALDERLAKE-P-CPU_BGA1744,ALDERLAKE-P-CPU_BGA_1744P-T
TCP0_AUXP_R,R5433,2,B,859,2821,1/20W_0_5%_0201,R0201_11P811
TCP0_AUXP_R,TB_TP77,1,B,862,2853,,
TCP0_AUXP_R,UBB1,L8,B,837,3051,JHL8040RSLMN7A1_BGA105,JHL8040RSLMN7A1_BGA_105P
TCP0_TXRX_N0,C5404,1,B,1044,3127,0.22U_6.3V_K_X5R_0201,C0201_12P992_BA
TCP0_TXRX_N0,TB_TP366,1,T,1288,2998,,
TCP0_TXRX_N0,UCPU1,BG6,B,4680,3753,ALDERLAKE-P-CPU_BGA1744,ALDERLAKE-P-CPU_BGA_1744P-T
TCP0_TXRX_N0_C,C5404,2,B,1021,3127,0.22U_6.3V_K_X5R_0201,C0201_12P992_BA
TCP0_TXRX_N0_C,UBB1,G2,B,946,3123,JHL8040RSLMN7A1_BGA105,JHL8040RSLMN7A1_BGA_105P
TCP0_TXRX_N1,C5408,1,B,1044,3177,0.22U_6.3V_K_X5R_0201,C0201_12P992_BA
TCP0_TXRX_N1,UCPU1,BE6,B,4647,3753,ALDERLAKE-P-CPU_BGA1744,ALDERLAKE-P-CPU_BGA_1744P-T
TCP0_TXRX_N1_C,C5408,2,B,1021,3177,0.22U_6.3V_K_X5R_0201,C0201_12P992_BA
TCP0_TXRX_N1_C,UBB1,E2,B,946,3159,JHL8040RSLMN7A1_BGA105,JHL8040RSLMN7A1_BGA_105P
TCP0_TXRX_P0,C5403,1,B,1044,3102,0.22U_6.3V_K_X5R_0201,C0201_12P992_BA
TCP0_TXRX_P0,TB_TP368,1,T,4696,3736,,
TCP0_TXRX_P0,UCPU1,BG8,B,4680,3728,ALDERLAKE-P-CPU_BGA1744,ALDERLAKE-P-CPU_BGA_1744P-T
TCP0_TXRX_P0_C,C5403,2,B,1021,3102,0.22U_6.3V_K_X5R_0201,C0201_12P992_BA
TCP0_TXRX_P0_C,UBB1,G1,B,964,3123,JHL8040RSLMN7A1_BGA105,JHL8040RSLMN7A1_BGA_105P
TCP0_TXRX_P1,C5407,1,B,1044,3152,0.22U_6.3V_K_X5R_0201,C0201_12P992_BA
TCP0_TXRX_P1,UCPU1,BE8,B,4647,3728,ALDERLAKE-P-CPU_BGA1744,ALDERLAKE-P-CPU_BGA_1744P-T
TCP0_TXRX_P1_C,C5407,2,B,1021,3152,0.22U_6.3V_K_X5R_0201,C0201_12P992_BA
TCP0_TXRX_P1_C,UBB1,E1,B,964,3159,JHL8040RSLMN7A1_BGA105,JHL8040RSLMN7A1_BGA_105P
TCP0_TX_N0,C5402,1,B,1042,3076,0.22U_6.3V_K_X5R_0201,C0201_12P992_BA
TCP0_TX_N0,TB_TP365,1,B,4616,3920,,
TCP0_TX_N0,UCPU1,BE3,B,4656,3803,ALDERLAKE-P-CPU_BGA1744,ALDERLAKE-P-CPU_BGA_1744P-T
TCP0_TX_N0_C,C5402,2,B,1019,3076,0.22U_6.3V_K_X5R_0201,C0201_12P992_BA
TCP0_TX_N0_C,UBB1,J2,B,946,3087,JHL8040RSLMN7A1_BGA105,JHL8040RSLMN7A1_BGA_105P
TCP0_TX_N1,C5406,1,B,1044,3227,0.22U_6.3V_K_X5R_0201,C0201_12P992_BA
TCP0_TX_N1,TB_TP367,1,T,1334,3223,,
TCP0_TX_N1,UCPU1,BB3,B,4605,3803,ALDERLAKE-P-CPU_BGA1744,ALDERLAKE-P-CPU_BGA_1744P-T
TCP0_TX_N1_C,C5406,2,B,1021,3227,0.22U_6.3V_K_X5R_0201,C0201_12P992_BA
TCP0_TX_N1_C,UBB1,C2,B,946,3196,JHL8040RSLMN7A1_BGA105,JHL8040RSLMN7A1_BGA_105P
TCP0_TX_P0,C5401,1,B,1042,3054,0.22U_6.3V_K_X5R_0201,C0201_12P992_BA
TCP0_TX_P0,TB_TP362,1,T,1177,3030,,
TCP0_TX_P0,UCPU1,BD3,B,4630,3803,ALDERLAKE-P-CPU_BGA1744,ALDERLAKE-P-CPU_BGA_1744P-T
TCP0_TX_P0_C,C5401,2,B,1019,3054,0.22U_6.3V_K_X5R_0201,C0201_12P992_BA
TCP0_TX_P0_C,UBB1,J1,B,964,3087,JHL8040RSLMN7A1_BGA105,JHL8040RSLMN7A1_BGA_105P
TCP0_TX_P1,C5405,1,B,1044,3202,0.22U_6.3V_K_X5R_0201,C0201_12P992_BA
TCP0_TX_P1,TB_TP363,1,T,4501,3891,,
TCP0_TX_P1,UCPU1,AY3,B,4579,3803,ALDERLAKE-P-CPU_BGA1744,ALDERLAKE-P-CPU_BGA_1744P-T
TCP0_TX_P1_C,C5405,2,B,1021,3202,0.22U_6.3V_K_X5R_0201,C0201_12P992_BA
TCP0_TX_P1_C,UBB1,C1,B,964,3196,JHL8040RSLMN7A1_BGA105,JHL8040RSLMN7A1_BGA_105P
TCP2_AUXN,R5634,1,B,895,3478,1/20W_0_5%_0201,R0201_11P811
TCP2_AUXN,TB_TP641,1,B,938,3459,,
TCP2_AUXN,UCPU1,BK1,B,4733,3828,ALDERLAKE-P-CPU_BGA1744,ALDERLAKE-P-CPU_BGA_1744P-T
TCP2_AUXN_R,R5634,2,B,895,3501,1/20W_0_5%_0201,R0201_11P811
TCP2_AUXN_R,UBB2,M8,B,837,3705,JHL8040RSLMN7A1_BGA105,JHL8040RSLMN7A1_BGA_105P
TCP2_AUXP,R5633,1,B,869,3478,1/20W_0_5%_0201,R0201_11P811
TCP2_AUXP,TB_TP728,1,B,4721,3918,,
TCP2_AUXP,UCPU1,BH1,B,4707,3828,ALDERLAKE-P-CPU_BGA1744,ALDERLAKE-P-CPU_BGA_1744P-T
TCP2_AUXP_R,R5633,2,B,869,3501,1/20W_0_5%_0201,R0201_11P811
TCP2_AUXP_R,TB_TP76,1,B,863,3542,,
TCP2_AUXP_R,UBB2,L8,B,837,3723,JHL8040RSLMN7A1_BGA105,JHL8040RSLMN7A1_BGA_105P
TCP2_TXRX_N0,C5604,1,B,1044,3800,0.22U_6.3V_K_X5R_0201,C0201_12P992_BA
TCP2_TXRX_N0,UCPU1,BL6,B,4747,3753,ALDERLAKE-P-CPU_BGA1744,ALDERLAKE-P-CPU_BGA_1744P-T
TCP2_TXRX_N0_C,C5604,2,B,1021,3800,0.22U_6.3V_K_X5R_0201,C0201_12P992_BA
TCP2_TXRX_N0_C,UBB2,G2,B,946,3796,JHL8040RSLMN7A1_BGA105,JHL8040RSLMN7A1_BGA_105P
TCP2_TXRX_N1,C5608,1,B,1044,3850,0.22U_6.3V_K_X5R_0201,C0201_12P992_BA
TCP2_TXRX_N1,TB_TP596,1,T,4797,3762,,
TCP2_TXRX_N1,UCPU1,BN6,B,4781,3753,ALDERLAKE-P-CPU_BGA1744,ALDERLAKE-P-CPU_BGA_1744P-T
TCP2_TXRX_N1_C,C5608,2,B,1021,3850,0.22U_6.3V_K_X5R_0201,C0201_12P992_BA
TCP2_TXRX_N1_C,UBB2,E2,B,946,3832,JHL8040RSLMN7A1_BGA105,JHL8040RSLMN7A1_BGA_105P
TCP2_TXRX_P0,C5603,1,B,1044,3775,0.22U_6.3V_K_X5R_0201,C0201_12P992_BA
TCP2_TXRX_P0,UCPU1,BL8,B,4747,3728,ALDERLAKE-P-CPU_BGA1744,ALDERLAKE-P-CPU_BGA_1744P-T
TCP2_TXRX_P0_C,C5603,2,B,1021,3775,0.22U_6.3V_K_X5R_0201,C0201_12P992_BA
TCP2_TXRX_P0_C,UBB2,G1,B,964,3796,JHL8040RSLMN7A1_BGA105,JHL8040RSLMN7A1_BGA_105P
TCP2_TXRX_P1,C5607,1,B,1044,3825,0.22U_6.3V_K_X5R_0201,C0201_12P992_BA
TCP2_TXRX_P1,TB_TP619,1,T,1310,4018,,
TCP2_TXRX_P1,UCPU1,BN8,B,4781,3728,ALDERLAKE-P-CPU_BGA1744,ALDERLAKE-P-CPU_BGA_1744P-T
TCP2_TXRX_P1_C,C5607,2,B,1021,3825,0.22U_6.3V_K_X5R_0201,C0201_12P992_BA
TCP2_TXRX_P1_C,UBB2,E1,B,964,3832,JHL8040RSLMN7A1_BGA105,JHL8040RSLMN7A1_BGA_105P
TCP2_TX_N0,C5602,1,B,1042,3749,0.22U_6.3V_K_X5R_0201,C0201_12P992_BA
TCP2_TX_N0,TB_TP656,1,T,4676,3892,,
TCP2_TX_N0,UCPU1,BH3,B,4707,3803,ALDERLAKE-P-CPU_BGA1744,ALDERLAKE-P-CPU_BGA_1744P-T
TCP2_TX_N0_C,C5602,2,B,1019,3749,0.22U_6.3V_K_X5R_0201,C0201_12P992_BA
TCP2_TX_N0_C,UBB2,J2,B,946,3760,JHL8040RSLMN7A1_BGA105,JHL8040RSLMN7A1_BGA_105P
TCP2_TX_N1,C5606,1,B,1044,3900,0.22U_6.3V_K_X5R_0201,C0201_12P992_BA
TCP2_TX_N1,TB_TP782,1,T,4777,3865,,
TCP2_TX_N1,UCPU1,BM3,B,4758,3803,ALDERLAKE-P-CPU_BGA1744,ALDERLAKE-P-CPU_BGA_1744P-T
TCP2_TX_N1_C,C5606,2,B,1021,3900,0.22U_6.3V_K_X5R_0201,C0201_12P992_BA
TCP2_TX_N1_C,UBB2,C2,B,946,3868,JHL8040RSLMN7A1_BGA105,JHL8040RSLMN7A1_BGA_105P
TCP2_TX_P0,C5601,1,B,1042,3726,0.22U_6.3V_K_X5R_0201,C0201_12P992_BA
TCP2_TX_P0,TB_TP786,1,T,1195,3820,,
TCP2_TX_P0,UCPU1,BG3,B,4681,3803,ALDERLAKE-P-CPU_BGA1744,ALDERLAKE-P-CPU_BGA_1744P-T
TCP2_TX_P0_C,C5601,2,B,1019,3726,0.22U_6.3V_K_X5R_0201,C0201_12P992_BA
TCP2_TX_P0_C,UBB2,J1,B,964,3760,JHL8040RSLMN7A1_BGA105,JHL8040RSLMN7A1_BGA_105P
TCP2_TX_P1,C5605,1,B,1044,3875,0.22U_6.3V_K_X5R_0201,C0201_12P992_BA
TCP2_TX_P1,UCPU1,BK3,B,4733,3803,ALDERLAKE-P-CPU_BGA1744,ALDERLAKE-P-CPU_BGA_1744P-T
TCP2_TX_P1_C,C5605,2,B,1021,3875,0.22U_6.3V_K_X5R_0201,C0201_12P992_BA
TCP2_TX_P1_C,UBB2,C1,B,964,3868,JHL8040RSLMN7A1_BGA105,JHL8040RSLMN7A1_BGA_105P
TC_RCOMP,R0509,2,B,4461,3901,1/20W_2.2K_1%_0201,R0201_11P811
TC_RCOMP,TB_TP878,1,B,4499,3918,,
TC_RCOMP,UCPU1,AM1,B,4451,3828,ALDERLAKE-P-CPU_BGA1744,ALDERLAKE-P-CPU_BGA_1744P-T
TEMP1_CORE,PR0910,2,B,4030,5022,0_0402_SP,R0402_SHORT
TEMP1_CORE,PU0901,17,B,3956,5008,MP86941-CGQVT-C669-Z_TQFN21_3X5,MP86941-CGQVT-C669-Z_TQFN21_3X5
TEMP1_GT,PR1108,2,B,5295,5050,0_0402_SP,R0402_SHORT
TEMP1_GT,PU1101,17,B,5213,5007,MP86941-CGQVT-C669-Z_TQFN21_3X5,MP86941-CGQVT-C669-Z_TQFN21_3X5
TEMP1_GT,TB_TP702,1,B,5370,5071,,
TEMP2_CORE,PR0912,2,B,4481,5034,0_0402_SP,R0402_SHORT
TEMP2_CORE,PU0902,17,B,4402,5000,MP86941-CGQVT-C669-Z_TQFN21_3X5,MP86941-CGQVT-C669-Z_TQFN21_3X5
TEMP2_CORE,TB_TP543,1,B,4490,5070,,
TEMP2_GT,PR1110,2,B,5693,4803,0_0402_SP,R0402_SHORT
TEMP2_GT,PU1102,17,B,5605,4783,MP86941-CGQVT-C669-Z_TQFN21_3X5,MP86941-CGQVT-C669-Z_TQFN21_3X5
TEMP2_GT,TB_TP676,1,B,5699,4840,,
TEMP3_CORE,PR0914,2,B,4891,5022,0_0402_SP,R0402_SHORT
TEMP3_CORE,PU0903,17,B,4810,5004,MP86941-CGQVT-C669-Z_TQFN21_3X5,MP86941-CGQVT-C669-Z_TQFN21_3X5
TEMP3_CORE,TB_TP612,1,B,4889,5062,,
TOP_SWAP_EN,R0814,1,B,6118,2392,1/20W_0_5%_0201,R0201_11P811
TOP_SWAP_EN,R7920,2,T,2487,2030,1/20W_0_5%_0201,R0201_11P811
TOP_SWAP_EN,TB_TP880,1,B,6156,2383,,
TOP_SWAP_EN_R,R7920,1,T,2464,2030,1/20W_0_5%_0201,R0201_11P811
TOP_SWAP_EN_R,U7901,11,T,2398,2044,NCT5635Y-W_QFN24_4X4,NCT5635Y-W_QFN24_4X4
TOUCHPANEL_ON,PD2402,1,T,3180,1715,RB521CM-30T2R_VMN2M-2,RB521CM-30T2R_VMN2M-2
TOUCHPANEL_ON,R1301,1,B,6103,3274,0_0402_SP,R0402_SHORT
TOUCHPANEL_ON,TB_TP1356,1,T,3267,1666,,
TOUCHPANEL_ON,TB_TP1357,1,T,6179,3275,,
TOUCHPANEL_ON_U,R1301,2,B,6067,3274,0_0402_SP,R0402_SHORT
TOUCHPANEL_ON_U,UCPU1,EN41,B,5724,3204,ALDERLAKE-P-CPU_BGA1744,ALDERLAKE-P-CPU_BGA_1744P-T
TP4CLK,JTP2,8,T,3306,2846,HIGHSTAR_FC1AF141-2133-1H,HIGHSTAR_FC1AF141-2133-1H_14P-T
TP4CLK,R8016,2,T,1955,2262,1/20W_33_5%_0201,R0201_11P811
TP4CLK,R99225,1,T,3384,2977,1/20W_4.7K_5%_0201,R0201_11P811
TP4CLK,TB_TP1302,1,T,3332,2985,,
TP4CLK_R,C8001,1,T,1930,2239,220P_25V_K_X7R_0201,C0201_12P992_BA
TP4CLK_R,R8016,1,T,1955,2239,1/20W_33_5%_0201,R0201_11P811
TP4CLK_R,UEC1,D5,T,1910,2066,NPCX997KAABX_VFBGA144,NPCX997KAABX_VFBGA_144P
TP4DATA,JTP2,2,T,3070,2846,HIGHSTAR_FC1AF141-2133-1H,HIGHSTAR_FC1AF141-2133-1H_14P-T
TP4DATA,R8017,2,T,2040,2262,1/20W_33_5%_0201,R0201_11P811
TP4DATA,R99227,1,T,3161,2981,1/20W_4.7K_5%_0201,R0201_11P811
TP4DATA,TB_TP1269,1,T,2293,2381,,
TP4DATA_R,C8006,1,T,2015,2239,220P_25V_K_X7R_0201,C0201_12P992_BA
TP4DATA_R,R8017,1,T,2040,2239,1/20W_33_5%_0201,R0201_11P811
TP4DATA_R,UEC1,D4,T,1910,2092,NPCX997KAABX_VFBGA144,NPCX997KAABX_VFBGA_144P
TP4LEFT,D4601,1,B,7015,1100,PESD5V0H1BSF_SOD962-2,PESD5V0H1BSF_SOD962-2
TP4LEFT,JCP1,3,B,7037,1043,HIGHSTAR_FC5AF141-2933-1H,HIGHSTAR_FC5AF141-2933-1H_14P
TP4LEFT,JTP2,6,T,3227,2846,HIGHSTAR_FC1AF141-2133-1H,HIGHSTAR_FC1AF141-2133-1H_14P-T
TP4LEFT,TB_TP1265,1,T,3421,2318,,
TP4MIDDLE,D4604,1,B,7047,1101,PESD5V0H1BSF_SOD962-2,PESD5V0H1BSF_SOD962-2
TP4MIDDLE,JCP1,2,B,7057,1043,HIGHSTAR_FC5AF141-2933-1H,HIGHSTAR_FC5AF141-2933-1H_14P
TP4MIDDLE,JTP2,4,T,3148,2846,HIGHSTAR_FC1AF141-2133-1H,HIGHSTAR_FC1AF141-2133-1H_14P-T
TP4MIDDLE,TB_TP1286,1,T,3265,2944,,
TP4RIGHT,D4605,1,B,7077,1101,PESD5V0H1BSF_SOD962-2,PESD5V0H1BSF_SOD962-2
TP4RIGHT,JCP1,1,B,7077,1043,HIGHSTAR_FC5AF141-2933-1H,HIGHSTAR_FC5AF141-2933-1H_14P
TP4RIGHT,JTP2,5,T,3188,2846,HIGHSTAR_FC1AF141-2133-1H,HIGHSTAR_FC1AF141-2133-1H_14P-T
TP4RIGHT,TB_TP341,1,T,3543,2281,,
TP4_RESET,JTP2,3,T,3109,2846,HIGHSTAR_FC1AF141-2133-1H,HIGHSTAR_FC1AF141-2133-1H_14P-T
TP4_RESET,R99224,1,T,3191,2980,1/20W_10K_5%_0201,R0201_11P811
TP4_RESET,TB_TP402,1,T,3191,2947,,
TP4_RESET,U7901,3,T,2298,1924,NCT5635Y-W_QFN24_4X4,NCT5635Y-W_QFN24_4X4
TP8815,TP8815,1,B,6490,4762,Test_Point_16MIL,TPC16
TP8815,UWLAN1,24,B,6402,4567,INTEL_AX211D2W_LGA144,INTEL_AX211D2W_LGA_144P-T
TP8815,UWLAN2A,24,B,6396,4567,8501-602200-01_LGA76,8501-602200-01_LGA_76P
TP8816,TP8816,1,B,6488,4633,Test_Point_16MIL,TPC16
TP8816,UWLAN1,25,B,6402,4547,INTEL_AX211D2W_LGA144,INTEL_AX211D2W_LGA_144P-T
TP8816,UWLAN2A,25,B,6396,4547,8501-602200-01_LGA76,8501-602200-01_LGA_76P
U6301_C1,C6109,2,T,786,4289,3.3P_50V_B_NPO_0201,C0201_12P992_BA
U6301_C1,R6103,2,T,726,4296,1/20W_1M_1%_0201,R0201_11P811
U6301_C1,R6104,2,T,751,4296,1/20W_49.9K_1%_0201,R0201_11P811
U6301_C1,TB_TP1180,1,T,738,4348,,
U6301_C1,U6101,C1,T,724,4264,KTS1668EAY-TR_WLCSP12,KTS1668EAY-TR_WLCSP_12P
U6701_ILIM_HI,R6705,1,B,1037,1882,1/16W_22.1K_1%_0402,R0402_15P748
U6701_ILIM_HI,U6701,16,B,1002,1816,SN1702001RTER_WQFN16_3X3,SN1702001RTER_WQFN16_3X3
U6701_ILIM_LO,R6706,1,B,1002,1882,1/16W_2.7M_5%_0402,R0402_15P748
U6701_ILIM_LO,U6701,15,B,982,1816,SN1702001RTER_WQFN16_3X3,SN1702001RTER_WQFN16_3X3
UGATE1_VGA,PR1508,1,B,7931,2177,1/16W_1.5_1%_0402,R0402_15P748
UGATE1_VGA,PU1501,2,B,7447,1751,NCP81278TMNTXG_QFN20_3X3,NCP81272MNTXG_QFN20_3X3
UGATE1_VGA,TB_TP1027,1,B,7876,2159,,
UGATE2_VGA,PR1526,1,B,7529,2247,1/16W_1.5_1%_0402,R0402_15P748
UGATE2_VGA,PU1501,14,B,7337,1751,NCP81278TMNTXG_QFN20_3X3,NCP81272MNTXG_QFN20_3X3
UGATE2_VGA,TB_TP1011,1,B,7232,1778,,
UIM_CLK,C7418,1,T,2551,5266,33P_25V_J_NPO_0201,C0201_12P992_BA
UIM_CLK,D7406,1,T,2538,5295,PESD5V0X1BCAL_SOD882-2,PESD5V0X1BCAL_SOD882-2
UIM_CLK,JSIM1,C3,T,2797,5778,T-SOL_5-501703002000-6,T-SOL_5-501703002000-6_7P-T
UIM_CLK,R7406,2,B,2334,3808,1/20W_22_5%_0201,R0201_11P811
UIM_CLK,TB_TP444,1,T,2561,5132,,
UIM_CLK_R,JWWAN1,32,B,2953,3471,ARGOSY_NASB0-S6710-TS20,ARGOSY_NASB0-S6710-TS20_75P-T
UIM_CLK_R,R7406,1,B,2334,3785,1/20W_22_5%_0201,R0201_11P811
UIM_DATA,C7417,1,T,2608,5266,33P_25V_J_NPO_0201,C0201_12P992_BA
UIM_DATA,D7405,1,T,2608,5295,PESD5V0X1BCAL_SOD882-2,PESD5V0X1BCAL_SOD882-2
UIM_DATA,JSIM1,C7,T,2832,5733,T-SOL_5-501703002000-6,T-SOL_5-501703002000-6_7P-T
UIM_DATA,R7423,2,T,2686,5299,1/20W_22_5%_0201,R0201_11P811
UIM_DATA,R7437,1,T,2709,5299,1/20W_10K_5%_0201,R0201_11P811
UIM_DATA,TB_TP427,1,T,2597,5205,,
UIM_DATA_R,JWWAN1,34,B,2933,3471,ARGOSY_NASB0-S6710-TS20,ARGOSY_NASB0-S6710-TS20_75P-T
UIM_DATA_R,R7423,1,T,2686,5276,1/20W_22_5%_0201,R0201_11P811
UIM_DATA_R,TB_TP465,1,B,2419,4944,,
UIM_PWR,C7415,1,T,2398,5265,0.1U_6.3V_K_X5R_0201,C0201_12P992_BA
UIM_PWR,D7404,1,T,2398,5295,PESD5V0X1BCAL_SOD882-2,PESD5V0X1BCAL_SOD882-2
UIM_PWR,JSIM1,C1,T,2655,5778,T-SOL_5-501703002000-6,T-SOL_5-501703002000-6_7P-T
UIM_PWR,JWWAN1,36,B,2913,3471,ARGOSY_NASB0-S6710-TS20,ARGOSY_NASB0-S6710-TS20_75P-T
UIM_PWR,R7437,2,T,2709,5276,1/20W_10K_5%_0201,R0201_11P811
UIM_PWR,TB_TP405,1,T,2709,5231,,
UIM_RESET,C7416,1,T,2467,5265,33P_25V_J_NPO_0201,C0201_12P992_BA
UIM_RESET,D7403,1,T,2467,5295,PESD5V0X1BCAL_SOD882-2,PESD5V0X1BCAL_SOD882-2
UIM_RESET,JSIM1,C2,T,2726,5778,T-SOL_5-501703002000-6,T-SOL_5-501703002000-6_7P-T
UIM_RESET,R7422,2,B,2334,3861,1/20W_22_5%_0201,R0201_11P811
UIM_RESET,TB_TP419,1,T,2460,5159,,
UIM_RESET_R,JWWAN1,30,B,2972,3471,ARGOSY_NASB0-S6710-TS20,ARGOSY_NASB0-S6710-TS20_75P-T
UIM_RESET_R,R7422,1,B,2334,3838,1/20W_22_5%_0201,R0201_11P811
UIM_RESET_R,TB_TP414,1,B,2372,3856,,
UMA_DIS_IDENTIFY,R0526,1,T,6534,2665,1/20W_100K_5%_0201,R0201_11P811
UMA_DIS_IDENTIFY,R0527,1,T,6535,2689,1/20W_100K_5%_0201,R0201_11P811
UMA_DIS_IDENTIFY,UCPU1,EN26,B,5724,3441,ALDERLAKE-P-CPU_BGA1744,ALDERLAKE-P-CPU_BGA_1744P-T
USB2_COMP,R1201,1,T,5961,3534,1/20W_113_1%_0201,R0201_11P811
USB2_COMP,TB_TP1363,1,T,6005,3540,,
USB2_COMP,UCPU1,FB20,B,5871,3529,ALDERLAKE-P-CPU_BGA1744,ALDERLAKE-P-CPU_BGA_1744P-T
USB2_P10_DN,R7201,1,B,5775,4645,1/20W_0_5%_0201,R0201_11P811
USB2_P10_DN,TB_TP1379,1,B,5738,4647,,
USB2_P10_DN,UCPU1,EM6,B,5713,3747,ALDERLAKE-P-CPU_BGA1744,ALDERLAKE-P-CPU_BGA_1744P-T
USB2_P10_DN_R,D7202,2,B,5828,4636,PESD5V0X1BCAL_SOD882-2,PESD5V0X1BCAL_SOD882-2
USB2_P10_DN_R,R7201,2,B,5798,4645,1/20W_0_5%_0201,R0201_11P811
USB2_P10_DN_R,TB_TP1158,1,B,5860,4763,,
USB2_P10_DN_R,UWLAN1,69,B,5949,4882,INTEL_AX211D2W_LGA144,INTEL_AX211D2W_LGA_144P-T
USB2_P10_DN_R,UWLAN2A,69,B,5955,4882,8501-602200-01_LGA76,8501-602200-01_LGA_76P
USB2_P10_DP,R7202,1,B,5775,4667,1/20W_0_5%_0201,R0201_11P811
USB2_P10_DP,TB_TP1304,1,B,5646,4336,,
USB2_P10_DP,UCPU1,EM5,B,5713,3772,ALDERLAKE-P-CPU_BGA1744,ALDERLAKE-P-CPU_BGA_1744P-T
USB2_P10_DP_R,D7201,2,B,5828,4678,PESD5V0X1BCAL_SOD882-2,PESD5V0X1BCAL_SOD882-2
USB2_P10_DP_R,R7202,2,B,5798,4667,1/20W_0_5%_0201,R0201_11P811
USB2_P10_DP_R,TB_TP1152,1,B,5862,4840,,
USB2_P10_DP_R,UWLAN1,70,B,5949,4902,INTEL_AX211D2W_LGA144,INTEL_AX211D2W_LGA_144P-T
USB2_P10_DP_R,UWLAN2A,70,B,5955,4902,8501-602200-01_LGA76,8501-602200-01_LGA_76P
USB2_P1_DN,TB_TP1189,1,T,5732,3581,,
USB2_P1_DN,U6701,2,B,1030,1768,SN1702001RTER_WQFN16_3X3,SN1702001RTER_WQFN16_3X3
USB2_P1_DN,UCPU1,EN16,B,5724,3598,ALDERLAKE-P-CPU_BGA1744,ALDERLAKE-P-CPU_BGA_1744P-T
USB2_P1_DN_AOU,FL6701,1,B,871,1617,EXC24CH900U_4P,PANAS_EXC24CH900U_4P
USB2_P1_DN_AOU,U6701,11,B,914,1768,SN1702001RTER_WQFN16_3X3,SN1702001RTER_WQFN16_3X3
USB2_P1_DN_CONN,D6703,1,B,840,1540,PESD5V0H1BSF_SOD962-2,PESD5V0H1BSF_SOD962-2
USB2_P1_DN_CONN,FL6701,2,B,871,1568,EXC24CH900U_4P,PANAS_EXC24CH900U_4P
USB2_P1_DN_CONN,JUSB2,2,B,675,1618,ALLTOP_C191D9-10935-L,ALLTOP_C191D9-10935-L_9P
USB2_P1_DN_CONN,TB_TP1144,1,B,743,1553,,
USB2_P1_DP,U6701,3,B,1030,1748,SN1702001RTER_WQFN16_3X3,SN1702001RTER_WQFN16_3X3
USB2_P1_DP,UCPU1,EL16,B,5698,3598,ALDERLAKE-P-CPU_BGA1744,ALDERLAKE-P-CPU_BGA_1744P-T
USB2_P1_DP_AOU,FL6701,4,B,895,1617,EXC24CH900U_4P,PANAS_EXC24CH900U_4P
USB2_P1_DP_AOU,U6701,10,B,914,1748,SN1702001RTER_WQFN16_3X3,SN1702001RTER_WQFN16_3X3
USB2_P1_DP_CONN,D6701,1,B,840,1519,PESD5V0H1BSF_SOD962-2,PESD5V0H1BSF_SOD962-2
USB2_P1_DP_CONN,FL6701,3,B,895,1568,EXC24CH900U_4P,PANAS_EXC24CH900U_4P
USB2_P1_DP_CONN,JUSB2,3,B,675,1539,ALLTOP_C191D9-10935-L,ALLTOP_C191D9-10935-L_9P
USB2_P1_DP_CONN,TB_TP1138,1,B,881,1530,,
USB2_P2_DN,R7405,1,T,3174,3707,1/20W_0_5%_0201,R0201_SHORT_ATE
USB2_P2_DN,UCPU1,EK16,B,5672,3598,ALDERLAKE-P-CPU_BGA1744,ALDERLAKE-P-CPU_BGA_1744P-T
USB2_P2_DN_CONN,D7401,1,T,3165,3771,AOZ8231ADI-03_DFN1P0X0P6-2,AOZ8231ADI-03_DFN1P0X0P6-2
USB2_P2_DN_CONN,JWWAN1,9,B,3179,3771,ARGOSY_NASB0-S6710-TS20,ARGOSY_NASB0-S6710-TS20_75P-T
USB2_P2_DN_CONN,R7405,2,T,3174,3730,1/20W_0_5%_0201,R0201_SHORT_ATE
USB2_P2_DP,R7404,1,T,3199,3707,0_0201_SP,R0201_SHORT
USB2_P2_DP,TB_TP1194,1,T,3190,3626,,
USB2_P2_DP,UCPU1,EH16,B,5647,3598,ALDERLAKE-P-CPU_BGA1744,ALDERLAKE-P-CPU_BGA_1744P-T
USB2_P2_DP_CONN,D7402,1,T,3212,3771,AOZ8231ADI-03_DFN1P0X0P6-2,AOZ8231ADI-03_DFN1P0X0P6-2
USB2_P2_DP_CONN,JWWAN1,7,B,3199,3771,ARGOSY_NASB0-S6710-TS20,ARGOSY_NASB0-S6710-TS20_75P-T
USB2_P2_DP_CONN,R7404,2,T,3199,3730,0_0201_SP,R0201_SHORT
USB2_P2_DP_CONN,TB_TP457,1,T,3204,3823,,
USB2_P3_DN,FL4602,4,B,10092,4807,EXC24CH900U_4P,PANAS_EXC24CH900U_4P
USB2_P3_DN,TB_TP1203,1,B,9910,4696,,
USB2_P3_DN,UCPU1,ET18,B,5775,3559,ALDERLAKE-P-CPU_BGA1744,ALDERLAKE-P-CPU_BGA_1744P-T
USB2_P3_DN_CONN,D9507,1,B,10093,4942,PESD5V0H1BSF_SOD962-2,PESD5V0H1BSF_SOD962-2
USB2_P3_DN_CONN,FL4602,3,B,10092,4856,EXC24CH900U_4P,PANAS_EXC24CH900U_4P
USB2_P3_DN_CONN,JFPR1,2,B,10109,5039,HIGHSTAR_FC5AF101-2933-1H,HIGHSTAR_FC5AF101-2933-1H_10P
USB2_P3_DN_CONN,TB_TP948,1,B,10102,4980,,
USB2_P3_DP,FL4602,1,B,10116,4807,EXC24CH900U_4P,PANAS_EXC24CH900U_4P
USB2_P3_DP,TB_TP1132,1,B,9991,4688,,
USB2_P3_DP,UCPU1,ER18,B,5749,3559,ALDERLAKE-P-CPU_BGA1744,ALDERLAKE-P-CPU_BGA_1744P-T
USB2_P3_DP_CONN,D9506,1,B,10117,4942,PESD5V0H1BSF_SOD962-2,PESD5V0H1BSF_SOD962-2
USB2_P3_DP_CONN,FL4602,2,B,10116,4856,EXC24CH900U_4P,PANAS_EXC24CH900U_4P
USB2_P3_DP_CONN,JFPR1,3,B,10129,5039,HIGHSTAR_FC5AF101-2933-1H,HIGHSTAR_FC5AF101-2933-1H_10P
USB2_P3_DP_CONN,TB_TP943,1,B,10109,4899,,
USB2_P4_DN,FL9501,1,B,8351,4744,EXC24CH900U_4P,PANAS_EXC24CH900U_4P
USB2_P4_DN,TB_TP1216,1,B,7120,4782,,
USB2_P4_DN,UCPU1,ER6,B,5761,3747,ALDERLAKE-P-CPU_BGA1744,ALDERLAKE-P-CPU_BGA_1744P-T
USB2_P4_DN_CONN,D9501,1,B,8459,4881,PESD5V0H1BSF_SOD962-2,PESD5V0H1BSF_SOD962-2
USB2_P4_DN_CONN,FL9501,2,B,8400,4744,EXC24CH900U_4P,PANAS_EXC24CH900U_4P
USB2_P4_DN_CONN,JCAM1,17,B,8453,4955,I-PEX_20654-030E-01,I-PEX_20654-030E-01_30P
USB2_P4_DN_CONN,TB_TP997,1,B,8455,4771,,
USB2_P4_DP,FL9501,4,B,8351,4768,EXC24CH900U_4P,PANAS_EXC24CH900U_4P
USB2_P4_DP,TB_TP1161,1,B,5958,3968,,
USB2_P4_DP,UCPU1,ER5,B,5761,3772,ALDERLAKE-P-CPU_BGA1744,ALDERLAKE-P-CPU_BGA_1744P-T
USB2_P4_DP_CONN,D9502,1,B,8434,4881,PESD5V0H1BSF_SOD962-2,PESD5V0H1BSF_SOD962-2
USB2_P4_DP_CONN,FL9501,3,B,8400,4768,EXC24CH900U_4P,PANAS_EXC24CH900U_4P
USB2_P4_DP_CONN,JCAM1,16,B,8437,4955,I-PEX_20654-030E-01,I-PEX_20654-030E-01_30P
USB2_P4_DP_CONN,TB_TP933,1,B,8447,4843,,
USB2_P5_DN,TB_TP1221,1,B,6125,3748,,
USB2_P5_DN,U6203,4,T,734,3202,PI3USB102ZMEX_UQFN10_1P4X1P8,PI3USB102ZMEX_UQFN10_1P4X1P8
USB2_P5_DN,UCPU1,FC15,B,5883,3604,ALDERLAKE-P-CPU_BGA1744,ALDERLAKE-P-CPU_BGA_1744P-T
USB2_P5_DN_CONN,FL6205,1,T,656,3226,EXC24CH900U_4P,PANAS_EXC24CH900U_4P
USB2_P5_DN_CONN,U6203,2,T,705,3231,PI3USB102ZMEX_UQFN10_1P4X1P8,PI3USB102ZMEX_UQFN10_1P4X1P8
USB2_P5_DN_CONN_C,D6206,1,T,577,3228,PESD5V0H1BSF_SOD962-2,PESD5V0H1BSF_SOD962-2
USB2_P5_DN_CONN_C,FL6205,2,T,607,3226,EXC24CH900U_4P,PANAS_EXC24CH900U_4P
USB2_P5_DN_CONN_C,JUSBC2,A7,B,468,3258,HIGHSTAR_UB11249-A600G-1H,HIGHSTAR_UB11249-A600G-1H_24P-T
USB2_P5_DN_CONN_C,JUSBC2,B7,B,403,3228,HIGHSTAR_UB11249-A600G-1H,HIGHSTAR_UB11249-A600G-1H_24P-T
USB2_P5_DN_CONN_C,TB_TP825,1,T,524,3266,,
USB2_P5_DP,TB_TP1236,1,B,6109,3679,,
USB2_P5_DP,U6203,5,T,750,3202,PI3USB102ZMEX_UQFN10_1P4X1P8,PI3USB102ZMEX_UQFN10_1P4X1P8
USB2_P5_DP,UCPU1,FA15,B,5858,3604,ALDERLAKE-P-CPU_BGA1744,ALDERLAKE-P-CPU_BGA_1744P-T
USB2_P5_DP_CONN,FL6205,4,T,656,3249,EXC24CH900U_4P,PANAS_EXC24CH900U_4P
USB2_P5_DP_CONN,U6203,1,T,707,3247,PI3USB102ZMEX_UQFN10_1P4X1P8,PI3USB102ZMEX_UQFN10_1P4X1P8
USB2_P5_DP_CONN_C,D6205,1,T,577,3248,PESD5V0H1BSF_SOD962-2,PESD5V0H1BSF_SOD962-2
USB2_P5_DP_CONN_C,FL6205,3,T,607,3249,EXC24CH900U_4P,PANAS_EXC24CH900U_4P
USB2_P5_DP_CONN_C,JUSBC2,A6,B,468,3238,HIGHSTAR_UB11249-A600G-1H,HIGHSTAR_UB11249-A600G-1H_24P-T
USB2_P5_DP_CONN_C,JUSBC2,B6,B,403,3248,HIGHSTAR_UB11249-A600G-1H,HIGHSTAR_UB11249-A600G-1H_24P-T
USB2_P5_DP_CONN_C,TB_TP810,1,T,435,3252,,
USB2_P6_DN,TB_TP817,1,B,5793,3943,,
USB2_P6_DN,U6103,4,T,734,3874,PI3USB102ZMEX_UQFN10_1P4X1P8,PI3USB102ZMEX_UQFN10_1P4X1P8
USB2_P6_DN,UCPU1,EP6,B,5737,3758,ALDERLAKE-P-CPU_BGA1744,ALDERLAKE-P-CPU_BGA_1744P-T
USB2_P6_DN_CONN,FL6101,1,T,656,3899,EXC24CH900U_4P,PANAS_EXC24CH900U_4P
USB2_P6_DN_CONN,U6103,2,T,705,3904,PI3USB102ZMEX_UQFN10_1P4X1P8,PI3USB102ZMEX_UQFN10_1P4X1P8
USB2_P6_DN_CONN_C,D6103,1,T,577,3900,PESD5V0H1BSF_SOD962-2,PESD5V0H1BSF_SOD962-2
USB2_P6_DN_CONN_C,FL6101,2,T,607,3899,EXC24CH900U_4P,PANAS_EXC24CH900U_4P
USB2_P6_DN_CONN_C,JUSBC1,A7,B,468,3933,HIGHSTAR_UB11249-A600G-1H,HIGHSTAR_UB11249-A600G-1H_24P-T
USB2_P6_DN_CONN_C,JUSBC1,B7,B,403,3904,HIGHSTAR_UB11249-A600G-1H,HIGHSTAR_UB11249-A600G-1H_24P-T
USB2_P6_DN_CONN_C,TB_TP1163,1,T,524,3942,,
USB2_P6_DP,TB_TP812,1,T,3068,4004,,
USB2_P6_DP,U6103,5,T,750,3874,PI3USB102ZMEX_UQFN10_1P4X1P8,PI3USB102ZMEX_UQFN10_1P4X1P8
USB2_P6_DP,UCPU1,EP4,B,5737,3784,ALDERLAKE-P-CPU_BGA1744,ALDERLAKE-P-CPU_BGA_1744P-T
USB2_P6_DP_CONN,FL6101,4,T,656,3922,EXC24CH900U_4P,PANAS_EXC24CH900U_4P
USB2_P6_DP_CONN,U6103,1,T,707,3920,PI3USB102ZMEX_UQFN10_1P4X1P8,PI3USB102ZMEX_UQFN10_1P4X1P8
USB2_P6_DP_CONN_C,D6102,1,T,577,3921,PESD5V0H1BSF_SOD962-2,PESD5V0H1BSF_SOD962-2
USB2_P6_DP_CONN_C,FL6101,3,T,607,3922,EXC24CH900U_4P,PANAS_EXC24CH900U_4P
USB2_P6_DP_CONN_C,JUSBC1,A6,B,468,3914,HIGHSTAR_UB11249-A600G-1H,HIGHSTAR_UB11249-A600G-1H_24P-T
USB2_P6_DP_CONN_C,JUSBC1,B6,B,403,3923,HIGHSTAR_UB11249-A600G-1H,HIGHSTAR_UB11249-A600G-1H_24P-T
USB2_P6_DP_CONN_C,TB_TP1102,1,B,554,3942,,
USB2_P6_DP_CONN_C,TB_TP1103,1,T,434,3924,,
USB2_P7_DN,JUSB1,17,B,9713,5129,HIGHS_BT4S201-14000-1H,HIGHS_BT4S201-14000-1H_20P-T
USB2_P7_DN,TB_TP1321,1,B,9705,5025,,
USB2_P7_DN,UCPU1,ET16,B,5775,3598,ALDERLAKE-P-CPU_BGA1744,ALDERLAKE-P-CPU_BGA_1744P-T
USB2_P7_DP,JUSB1,15,B,9728,5129,HIGHS_BT4S201-14000-1H,HIGHS_BT4S201-14000-1H_20P-T
USB2_P7_DP,TB_TP1354,1,B,9724,5065,,
USB2_P7_DP,UCPU1,ER16,B,5749,3598,ALDERLAKE-P-CPU_BGA1744,ALDERLAKE-P-CPU_BGA_1744P-T
USB2_P8_DN,JSC1,13,B,7412,1043,HIGHSTAR_FC5AF141-2933-1H,HIGHSTAR_FC5AF141-2933-1H_14P
USB2_P8_DN,TB_TP49,1,T,5721,3900,,
USB2_P8_DN,UCPU1,EN3,B,5718,3803,ALDERLAKE-P-CPU_BGA1744,ALDERLAKE-P-CPU_BGA_1744P-T
USB2_P8_DP,JSC1,12,B,7431,1043,HIGHSTAR_FC5AF141-2933-1H,HIGHSTAR_FC5AF141-2933-1H_14P
USB2_P8_DP,TB_TP50,1,T,7437,977,,
USB2_P8_DP,UCPU1,EN1,B,5718,3828,ALDERLAKE-P-CPU_BGA1744,ALDERLAKE-P-CPU_BGA_1744P-T
USB2_P9_DN,JSC1,2,B,7628,1043,HIGHSTAR_FC5AF141-2933-1H,HIGHSTAR_FC5AF141-2933-1H_14P
USB2_P9_DN,TB_TP1173,1,B,7272,919,,
USB2_P9_DN,UCPU1,EN18,B,5724,3559,ALDERLAKE-P-CPU_BGA1744,ALDERLAKE-P-CPU_BGA_1744P-T
USB2_P9_DP,JSC1,3,B,7608,1043,HIGHSTAR_FC5AF141-2933-1H,HIGHSTAR_FC5AF141-2933-1H_14P
USB2_P9_DP,TB_TP1211,1,B,7253,992,,
USB2_P9_DP,UCPU1,EL18,B,5698,3559,ALDERLAKE-P-CPU_BGA1744,ALDERLAKE-P-CPU_BGA_1744P-T
USB2_VBU,R1203,1,T,5663,3538,0_0201_SP,R0201_SHORT
USB2_VBU,UCPU1,EF18,B,5621,3559,ALDERLAKE-P-CPU_BGA1744,ALDERLAKE-P-CPU_BGA_1744P-T
USB3_P1_RXN,R6704,1,T,938,1541,0_0201_SP,R0201_SHORT
USB3_P1_RXN,TB_TP1170,1,T,1057,1525,,
USB3_P1_RXN,UCPU1,EY19,B,5827,3555,ALDERLAKE-P-CPU_BGA1744,ALDERLAKE-P-CPU_BGA_1744P-T
USB3_P1_RXN_CONN,D6702,5,T,845,1543,SP3420-04UTG-1_UDFN-10,SP3420-04UTG-1_UDFN-10
USB3_P1_RXN_CONN,D6702,6,T,873,1543,SP3420-04UTG-1_UDFN-10,SP3420-04UTG-1_UDFN-10
USB3_P1_RXN_CONN,JUSB2,5,B,616,1421,ALLTOP_C191D9-10935-L,ALLTOP_C191D9-10935-L_9P
USB3_P1_RXN_CONN,R6704,2,T,915,1541,0_0201_SP,R0201_SHORT
USB3_P1_RXN_CONN,TB_TP1117,1,T,765,1505,,
USB3_P1_RXP,R6703,1,T,938,1566,0_0201_SP,R0201_SHORT
USB3_P1_RXP,TB_TP1289,1,T,975,1547,,
USB3_P1_RXP,UCPU1,EV19,B,5802,3555,ALDERLAKE-P-CPU_BGA1744,ALDERLAKE-P-CPU_BGA_1744P-T
USB3_P1_RXP_CONN,D6702,4,T,845,1563,SP3420-04UTG-1_UDFN-10,SP3420-04UTG-1_UDFN-10
USB3_P1_RXP_CONN,D6702,7,T,873,1563,SP3420-04UTG-1_UDFN-10,SP3420-04UTG-1_UDFN-10
USB3_P1_RXP_CONN,JUSB2,6,B,616,1500,ALLTOP_C191D9-10935-L,ALLTOP_C191D9-10935-L_9P
USB3_P1_RXP_CONN,R6703,2,T,915,1566,0_0201_SP,R0201_SHORT
USB3_P1_RXP_CONN,TB_TP1096,1,T,803,1560,,
USB3_P1_TXN,C6707,1,T,1003,1600,0.1U_6.3V_K_X5R_0201,C0201_12P992_BA
USB3_P1_TXN,TB_TP1246,1,B,6024,3663,,
USB3_P1_TXN,UCPU1,EY12,B,5828,3655,ALDERLAKE-P-CPU_BGA1744,ALDERLAKE-P-CPU_BGA_1744P-T
USB3_P1_TXN_C,C6707,2,T,980,1600,0.1U_6.3V_K_X5R_0201,C0201_12P992_BA
USB3_P1_TXN_C,R6702,1,T,952,1601,0_0201_SP,R0201_SHORT
USB3_P1_TXN_CONN,D6702,2,T,845,1603,SP3420-04UTG-1_UDFN-10,SP3420-04UTG-1_UDFN-10
USB3_P1_TXN_CONN,D6702,9,T,873,1603,SP3420-04UTG-1_UDFN-10,SP3420-04UTG-1_UDFN-10
USB3_P1_TXN_CONN,JUSB2,8,B,616,1657,ALLTOP_C191D9-10935-L,ALLTOP_C191D9-10935-L_9P
USB3_P1_TXN_CONN,R6702,2,T,929,1601,0_0201_SP,R0201_SHORT
USB3_P1_TXN_CONN,TB_TP1125,1,T,768,1673,,
USB3_P1_TXP,C6706,1,T,1003,1625,0.1U_6.3V_K_X5R_0201,C0201_12P992_BA
USB3_P1_TXP,TB_TP1282,1,T,1075,1619,,
USB3_P1_TXP,UCPU1,EV12,B,5802,3655,ALDERLAKE-P-CPU_BGA1744,ALDERLAKE-P-CPU_BGA_1744P-T
USB3_P1_TXP_C,C6706,2,T,980,1625,0.1U_6.3V_K_X5R_0201,C0201_12P992_BA
USB3_P1_TXP_C,R6701,1,T,952,1626,0_0201_SP,R0201_SHORT
USB3_P1_TXP_CONN,D6702,1,T,845,1622,SP3420-04UTG-1_UDFN-10,SP3420-04UTG-1_UDFN-10
USB3_P1_TXP_CONN,D6702,10,T,873,1622,SP3420-04UTG-1_UDFN-10,SP3420-04UTG-1_UDFN-10
USB3_P1_TXP_CONN,JUSB2,9,B,616,1736,ALLTOP_C191D9-10935-L,ALLTOP_C191D9-10935-L_9P
USB3_P1_TXP_CONN,R6701,2,T,929,1626,0_0201_SP,R0201_SHORT
USB3_P1_TXP_CONN,TB_TP1104,1,T,786,1616,,
USB3_P2_RXN,JUSB1,3,B,9823,5129,HIGHS_BT4S201-14000-1H,HIGHS_BT4S201-14000-1H_20P-T
USB3_P2_RXN,TB_TP1310,1,B,9819,5025,,
USB3_P2_RXN,UCPU1,FC18,B,5883,3559,ALDERLAKE-P-CPU_BGA1744,ALDERLAKE-P-CPU_BGA_1744P-T
USB3_P2_RXP,JUSB1,5,B,9807,5129,HIGHS_BT4S201-14000-1H,HIGHS_BT4S201-14000-1H_20P-T
USB3_P2_RXP,TB_TP1301,1,B,9811,5065,,
USB3_P2_RXP,UCPU1,FA18,B,5858,3559,ALDERLAKE-P-CPU_BGA1744,ALDERLAKE-P-CPU_BGA_1744P-T
USB3_P2_TXN,JUSB1,9,B,9776,5129,HIGHS_BT4S201-14000-1H,HIGHS_BT4S201-14000-1H_20P-T
USB3_P2_TXN,TB_TP1314,1,B,9772,5025,,
USB3_P2_TXN,UCPU1,FC12,B,5883,3658,ALDERLAKE-P-CPU_BGA1744,ALDERLAKE-P-CPU_BGA_1744P-T
USB3_P2_TXP,JUSB1,11,B,9760,5129,HIGHS_BT4S201-14000-1H,HIGHS_BT4S201-14000-1H_20P-T
USB3_P2_TXP,TB_TP1319,1,B,9764,5065,,
USB3_P2_TXP,UCPU1,FA12,B,5858,3658,ALDERLAKE-P-CPU_BGA1744,ALDERLAKE-P-CPU_BGA_1744P-T
USB_ID,R1202,1,T,5629,3561,0_0201_SP,R0201_SHORT
USB_ID,UCPU1,EF16,B,5621,3598,ALDERLAKE-P-CPU_BGA1744,ALDERLAKE-P-CPU_BGA_1744P-T
USB_ON1,JUSB1,14,B,9744,5233,HIGHS_BT4S201-14000-1H,HIGHS_BT4S201-14000-1H_20P-T
USB_ON1,R8107,2,T,1513,1911,1/20W_100K_5%_0201,R0201_11P811
USB_ON1,TB_TP1255,1,T,9582,5164,,
USB_ON1,UEC1,K10,T,1756,1938,NPCX997KAABX_VFBGA144,NPCX997KAABX_VFBGA_144P
USB_ON2,R8108,2,T,1685,1802,1/20W_100K_5%_0201,R0201_11P811
USB_ON2,U6701,5,B,1002,1700,SN1702001RTER_WQFN16_3X3,SN1702001RTER_WQFN16_3X3
USB_ON2,UEC1,L11,T,1731,1913,NPCX997KAABX_VFBGA144,NPCX997KAABX_VFBGA_144P
USB_PWR_S2,C6703,2,B,833,1683,0.1U_6.3V_K_X5R_0201,C0201_12P992_BA
USB_PWR_S2,C6704,2,B,810,1683,0.1U_6.3V_K_X5R_0201,C0201_12P992_BA
USB_PWR_S2,C6705,1,B,867,1879,150U_B2_6.3VM_R35M,C_B2_78P740
USB_PWR_S2,JUSB2,1,B,675,1717,ALLTOP_C191D9-10935-L,ALLTOP_C191D9-10935-L_9P
USB_PWR_S2,TB_TP1111,1,B,842,1797,,
USB_PWR_S2,U6701,12,B,914,1788,SN1702001RTER_WQFN16_3X3,SN1702001RTER_WQFN16_3X3
USIM_DETECT,D7407,1,T,2833,5257,CDZCGT2RA6P8B_VMN2-2,CDZCGT2RA6P8B_VMN2-2
USIM_DETECT,JSIM1,C4,T,2691,5733,T-SOL_5-501703002000-6,T-SOL_5-501703002000-6_7P-T
USIM_DETECT,Q7401,1,T,2796,5257,LSK3541G1ET2L_VMT3,LSK3541G1ET2L_VMT3-Y_CS20
USIM_DETECT,R7424,2,T,2870,5266,1/20W_100K_1%_0201,R0201_11P811
USIM_DETECT,TB_TP40,1,T,2794,5300,,
USIM_DETECT_Q,Q7401,3,T,2780,5212,LSK3541G1ET2L_VMT3,LSK3541G1ET2L_VMT3-Y_CS20
USIM_DETECT_Q,R7441,2,T,2636,3567,0_0201_SP,R0201_SHORT
USIM_DETECT_Q,TB_TP31,1,T,2588,5019,,
USIM_DETECT_R,JWWAN1,66,B,2618,3471,ARGOSY_NASB0-S6710-TS20,ARGOSY_NASB0-S6710-TS20_75P-T
USIM_DETECT_R,R7441,1,T,2636,3544,0_0201_SP,R0201_SHORT
USIM_DETECT_R,TB_TP41,1,T,2596,3558,,
V1P05_BYPASS,C1846,1,T,5606,3566,1U_6.3V_M_X5R_0201,C0201_13P780_BB
V1P05_BYPASS,R1805,2,T,5582,3566,1/20W_100K_5%_0201,R0201_11P811
V1P05_BYPASS,UCPU1,EE21,B,5596,3519,ALDERLAKE-P-CPU_BGA1744,ALDERLAKE-P-CPU_BGA_1744P-T
V1P05_BYPASS,UCPU1,EE18,B,5596,3559,ALDERLAKE-P-CPU_BGA1744,ALDERLAKE-P-CPU_BGA_1744P-T
V1R8_SUS_PWRGD,PR0702,2,T,5758,5207,1/20W_100K_5%_0201,R0201_11P811
V1R8_SUS_PWRGD,PR1213,1,B,2994,4609,0_0402_SP,R0402_SHORT
V1R8_SUS_PWRGD,PU0701,2,T,5740,5160,TPS62827DMQR_VSON-HR6_1P5X1P5,TPS62827DMQR_VSON-HR6_1P5X1P5
V1R8_SUS_PWRGD,TB_TP1026,1,T,3169,5193,,
V5M_3V3LDO,PC0306,2,B,1898,4974,2.2U_6.3V_M_X5R_0201,C0201_15P354_BC
V5M_3V3LDO,PR0227,2,T,2974,1353,1/20W_10K_5%_0201,R0201_11P811
V5M_3V3LDO,PU0301,9,B,1840,4978,NB690GRP-C669-Z_QFN12_2X2P5,NB690GRP-C669-Z_QFN12_2X2P5
V5M_3V3LDO,R5002,1,T,3117,1590,1/20W_10K_5%_0201,R0201_11P811
V5M_3V3LDO,TB_TP889,1,B,3139,1518,,
VBL15,C9402,2,T,3292,5479,1U_25V_K_X5R_0402,C0402_21P654_CA
VBL15,C9403,2,T,3225,5428,0.1U_25V_K_X5R_0201,C0201_12P992_BA
VBL15,C9404,2,T,3251,5485,0.01U_25V_K_X7R_0201,C0201_12P992_BA
VBL15,C9405,2,T,3251,5428,47P_25V_J_NPO_0201,C0201_12P992_BA
VBL15,C9406,2,T,3228,5485,0.1U_25V_K_X5R_0201,C0201_12P992_BA
VBL15,F9402,2,T,3283,5433,3A_32V_ERBRD3R00X,F_ERBRD3R00X
VBL15,R9415,2,T,3184,5460,0_0603_LE_SP,R0603_LE_19P685_SHORT
VBL15,TB_TP680,1,T,3298,5392,,
VBL15_R,JLCD1,31,B,3150,5352,I-PEX_20654-040E-01,I-PEX_20654-040E-01_40P
VBL15_R,JLCD1,32,B,3165,5352,I-PEX_20654-040E-01,I-PEX_20654-040E-01_40P
VBL15_R,JLCD1,33,B,3181,5352,I-PEX_20654-040E-01,I-PEX_20654-040E-01_40P
VBL15_R,R9415,1,T,3159,5460,0_0603_LE_SP,R0603_LE_19P685_SHORT
VBL15_R,TB_TP104,1,T,3130,5385,,
VCC0P9_LC_TBTB,C5505,2,T,951,3075,2.2U_6.3V_K_X5R_0402_YAGEO,C0402_21P654_CA
VCC0P9_LC_TBTB,UBB1,J3,B,915,3081,JHL8040RSLMN7A1_BGA105,JHL8040RSLMN7A1_BGA_105P
VCC0P9_LC_TBTC,C5704,2,T,963,3747,2.2U_6.3V_M_X5R_0402,C0402_21P654_CA
VCC0P9_LC_TBTC,UBB2,J3,B,915,3754,JHL8040RSLMN7A1_BGA105,JHL8040RSLMN7A1_BGA_105P
VCC0P9_LVR_TBTB,C5506,2,B,914,2935,2.2U_6.3V_K_X5R_0402_YAGEO,C0402_21P654_CA
VCC0P9_LVR_TBTB,C5507,2,B,914,2969,10U_6.3V_M_X5R_0402,C0402_27P559_CD
VCC0P9_LVR_TBTB,TB_TP1149,1,B,931,2899,,
VCC0P9_LVR_TBTB,UBB1,L6,B,873,3051,JHL8040RSLMN7A1_BGA105,JHL8040RSLMN7A1_BGA_105P
VCC0P9_LVR_TBTB,UBB1,M6,B,873,3033,JHL8040RSLMN7A1_BGA105,JHL8040RSLMN7A1_BGA_105P
VCC0P9_LVR_TBTC,C5705,2,B,914,3602,2.2U_6.3V_K_X5R_0402_YAGEO,C0402_21P654_CA
VCC0P9_LVR_TBTC,C5706,2,B,914,3637,10U_6.3V_M_X5R_0402,C0402_27P559_CD
VCC0P9_LVR_TBTC,TB_TP831,1,B,942,3565,,
VCC0P9_LVR_TBTC,UBB2,L6,B,873,3723,JHL8040RSLMN7A1_BGA105,JHL8040RSLMN7A1_BGA_105P
VCC0P9_LVR_TBTC,UBB2,M6,B,873,3705,JHL8040RSLMN7A1_BGA105,JHL8040RSLMN7A1_BGA_105P
VCC0P9_SVR_TBTB,C5532,2,T,776,3115,2.2U_6.3V_M_X5R_0402,C0402_21P654_CA
VCC0P9_SVR_TBTB,C5533,2,T,777,3145,18P_50V_J_NPO_0402,C0402_21P654_CA
VCC0P9_SVR_TBTB,C5534,2,T,861,3093,2.2U_6.3V_M_X5R_0402,C0402_21P654_CA
VCC0P9_SVR_TBTB,C5537,2,T,1056,2953,22U_6.3V_M_X5R_0603,C0603_39P370_DC
VCC0P9_SVR_TBTB,C5538,2,T,959,3150,2.2U_6.3V_M_X5R_0402,C0402_21P654_CA
VCC0P9_SVR_TBTB,C5539,2,T,1057,2902,47U_6.3V_M_X5R_0603,C0603_39P370_DC
VCC0P9_SVR_TBTB,C5542,2,T,1057,3004,22U_6.3V_M_X5R_0603,C0603_39P370_DC
VCC0P9_SVR_TBTB,L5501,2,B,1022,2898,0.68UH_DFE201610E-R68M-P2_3.1A_20%,MURAT_DFE201610E-R68M-P2_2P
VCC0P9_SVR_TBTB,TB_TP1141,1,B,1044,2842,,
VCC0P9_SVR_TBTB,UBB1,E3,B,915,3158,JHL8040RSLMN7A1_BGA105,JHL8040RSLMN7A1_BGA_105P
VCC0P9_SVR_TBTB,UBB1,E9,B,813,3158,JHL8040RSLMN7A1_BGA105,JHL8040RSLMN7A1_BGA_105P
VCC0P9_SVR_TBTB,UBB1,F6,B,864,3132,JHL8040RSLMN7A1_BGA105,JHL8040RSLMN7A1_BGA_105P
VCC0P9_SVR_TBTB,UBB1,G3,B,915,3107,JHL8040RSLMN7A1_BGA105,JHL8040RSLMN7A1_BGA_105P
VCC0P9_SVR_TBTB,UBB1,G6,B,864,3107,JHL8040RSLMN7A1_BGA105,JHL8040RSLMN7A1_BGA_105P
VCC0P9_SVR_TBTB,UBB1,G9,B,813,3107,JHL8040RSLMN7A1_BGA105,JHL8040RSLMN7A1_BGA_105P
VCC0P9_SVR_TBTC,C5545,2,T,1065,3616,22U_6.3V_M_X5R_0603,C0603_39P370_DC
VCC0P9_SVR_TBTC,C5546,2,T,1065,3666,22U_6.3V_M_X5R_0603,C0603_39P370_DC
VCC0P9_SVR_TBTC,C5713,2,T,957,3824,2.2U_6.3V_M_X5R_0402,C0402_21P654_CA
VCC0P9_SVR_TBTC,C5714,2,T,1065,3563,47U_6.3V_M_X5R_0603,C0603_39P370_DC
VCC0P9_SVR_TBTC,C5716,2,T,775,3787,2.2U_6.3V_M_X5R_0402,C0402_21P654_CA
VCC0P9_SVR_TBTC,C5718,2,T,860,3766,2.2U_6.3V_M_X5R_0402,C0402_21P654_CA
VCC0P9_SVR_TBTC,C5720,2,T,827,3817,18P_50V_J_NPO_0402,C0402_21P654_CA
VCC0P9_SVR_TBTC,L5701,2,B,1022,3559,0.68UH_DFE201610E-R68M-P2_3.1A_20%,MURAT_DFE201610E-R68M-P2_2P
VCC0P9_SVR_TBTC,TB_TP828,1,B,1007,3511,,
VCC0P9_SVR_TBTC,UBB2,E3,B,915,3830,JHL8040RSLMN7A1_BGA105,JHL8040RSLMN7A1_BGA_105P
VCC0P9_SVR_TBTC,UBB2,E9,B,813,3830,JHL8040RSLMN7A1_BGA105,JHL8040RSLMN7A1_BGA_105P
VCC0P9_SVR_TBTC,UBB2,F6,B,864,3805,JHL8040RSLMN7A1_BGA105,JHL8040RSLMN7A1_BGA_105P
VCC0P9_SVR_TBTC,UBB2,G3,B,915,3779,JHL8040RSLMN7A1_BGA105,JHL8040RSLMN7A1_BGA_105P
VCC0P9_SVR_TBTC,UBB2,G6,B,864,3779,JHL8040RSLMN7A1_BGA105,JHL8040RSLMN7A1_BGA_105P
VCC0P9_SVR_TBTC,UBB2,G9,B,813,3779,JHL8040RSLMN7A1_BGA105,JHL8040RSLMN7A1_BGA_105P
VCC0R6B,C2632,2,T,3916,1366,10U_6.3V_M_X5R_0402,C0402_27P559_CD
VCC0R6B,C2633,2,T,6578,1918,10U_6.3V_M_X5R_0402,C0402_27P559_CD
VCC0R6B,C2634,2,T,4677,1364,1U_6.3V_K_X5R_0402,C0402_21P654_CA
VCC0R6B,C2635,2,T,3964,1174,1U_6.3V_K_X5R_0402,C0402_21P654_CA
VCC0R6B,C2636,2,T,4047,1017,1U_6.3V_K_X5R_0402,C0402_21P654_CA
VCC0R6B,C2637,2,T,4202,1029,1U_6.3V_K_X5R_0402,C0402_21P654_CA
VCC0R6B,C2638,2,T,4492,1024,1U_6.3V_K_X5R_0402,C0402_21P654_CA
VCC0R6B,C2639,2,T,6642,1903,1U_6.3V_K_X5R_0402,C0402_21P654_CA
VCC0R6B,C2640,2,T,4572,1135,1U_6.3V_K_X5R_0402,C0402_21P654_CA
VCC0R6B,C2641,2,T,6612,1918,1U_6.3V_K_X5R_0402,C0402_21P654_CA
VCC0R6B,C2818,2,T,4363,1026,1U_6.3V_K_X5R_0402,C0402_21P654_CA
VCC0R6B,C2819,2,T,4612,1253,1U_6.3V_K_X5R_0402,C0402_21P654_CA
VCC0R6B,C2820,2,T,3917,1403,10U_6.3V_M_X5R_0402,C0402_27P559_CD
VCC0R6B,JDDR1,258,B,6590,1827,ARGOS_D4ASL-26010-1P40,ARGOS_D4ASL-26010-1P40_260P
VCC0R6B,PJ0603,1,B,7063,2703,JUMP_43X39,JUMP_43X39
VCC0R6B,R2601,2,T,4583,1365,1/20W_36_1%_0201,R0201_11P811
VCC0R6B,R2602,2,T,4583,1291,1/20W_36_1%_0201,R0201_11P811
VCC0R6B,R2603,2,T,4016,1314,1/20W_36_1%_0201,R0201_11P811
VCC0R6B,R2604,2,T,4476,1054,1/20W_36_1%_0201,R0201_11P811
VCC0R6B,R2605,2,T,4273,1055,1/20W_36_1%_0201,R0201_11P811
VCC0R6B,R2606,2,T,4091,1055,1/20W_36_1%_0201,R0201_11P811
VCC0R6B,R2607,2,T,4016,1205,1/20W_36_1%_0201,R0201_11P811
VCC0R6B,R2608,2,T,4408,1054,1/20W_36_1%_0201,R0201_11P811
VCC0R6B,R2609,2,T,4016,1089,1/20W_36_1%_0201,R0201_11P811
VCC0R6B,R2610,2,T,4499,1054,1/20W_36_1%_0201,R0201_11P811
VCC0R6B,R2611,2,T,4016,1113,1/20W_36_1%_0201,R0201_11P811
VCC0R6B,R2612,2,T,4583,1183,1/20W_36_1%_0201,R0201_11P811
VCC0R6B,R2613,2,T,4016,1159,1/20W_36_1%_0201,R0201_11P811
VCC0R6B,R2614,2,T,4318,1054,1/20W_36_1%_0201,R0201_11P811
VCC0R6B,R2615,2,T,4182,1055,1/20W_36_1%_0201,R0201_11P811
VCC0R6B,R2616,2,T,4386,1054,1/20W_36_1%_0201,R0201_11P811
VCC0R6B,R2617,2,T,4016,1136,1/20W_36_1%_0201,R0201_11P811
VCC0R6B,R2618,2,T,4583,1313,1/20W_36_1%_0201,R0201_11P811
VCC0R6B,R2619,2,T,4016,1228,1/20W_36_1%_0201,R0201_11P811
VCC0R6B,R2620,2,T,4583,1254,1/20W_36_1%_0201,R0201_11P811
VCC0R6B,R2621,2,T,4016,1182,1/20W_36_1%_0201,R0201_11P811
VCC0R6B,R2622,2,T,4016,1291,1/20W_36_1%_0201,R0201_11P811
VCC0R6B,R2623,2,T,4114,1055,1/20W_36_1%_0201,R0201_11P811
VCC0R6B,R2624,2,T,4205,1055,1/20W_36_1%_0201,R0201_11P811
VCC0R6B,R2625,2,T,4016,1360,1/20W_36_1%_0201,R0201_11P811
VCC0R6B,R2626,2,T,4016,1337,1/20W_36_1%_0201,R0201_11P811
VCC0R6B,R2627,2,T,3942,1383,1/20W_0_5%_0201,R0201_11P811
VCC0R6B,TB_TP528,1,B,7042,2756,,
VCC0R6B,TB_TP529,1,T,7038,2501,,
VCC0R6BP,PC0623,1,B,7062,2619,22U_6.3V_M_X5R_0603,C0603_39P370_DC
VCC0R6BP,PJ0603,2,B,7063,2667,JUMP_43X39,JUMP_43X39
VCC0R6BP,PU0601,5,B,6907,2608,NB687BGQ-C669-Z_QFN16_3X3,NB687BGQ-C669-Z_QFN16_3X3
VCC0R6BP,TB_TP271,1,B,6989,2634,,
VCC1R05_OUT,C1620,2,T,4473,3818,0.1U_50V_K_X5R_0402,C0402_21P654_CA
VCC1R05_OUT,C1621,2,T,4486,3683,0.1U_50V_K_X5R_0402,C0402_21P654_CA
VCC1R05_OUT,TB_TP1028,1,T,4519,3817,,
VCC1R05_OUT,UCPU1,AM15,B,4454,3614,ALDERLAKE-P-CPU_BGA1744,ALDERLAKE-P-CPU_BGA_1744P-T
VCC1R05_OUT,UCPU1,AR14,B,4496,3632,ALDERLAKE-P-CPU_BGA1744,ALDERLAKE-P-CPU_BGA_1744P-T
VCC1R05_OUT,UCPU1,AU14,B,4529,3632,ALDERLAKE-P-CPU_BGA1744,ALDERLAKE-P-CPU_BGA_1744P-T
VCC1R05_OUT,UCPU1,AT12,B,4512,3651,ALDERLAKE-P-CPU_BGA1744,ALDERLAKE-P-CPU_BGA_1744P-T
VCC1R05_OUT_FET,C2101,2,B,6600,3976,0.1U_6.3V_K_X5R_0201,C0201_12P992_BA
VCC1R05_OUT_FET,PC2101,1,B,6603,3946,10U_6.3V_M_X5R_0402,C0402_27P559_CD
VCC1R05_OUT_FET,PU2101,A2,B,6525,3944,TPS22971YZPT_DSBGA8,TPS22971YZPT_DSBGA8P
VCC1R05_OUT_FET,PU2101,B2,B,6525,3964,TPS22971YZPT_DSBGA8,TPS22971YZPT_DSBGA8P
VCC1R05_OUT_FET,R1822,2,B,6569,3906,0_0603_LE_SP,R0603_LE_19P685_SHORT
VCC1R05_OUT_FET,R2104,2,T,5839,3646,1/20W_1K_5%_0201,R0201_11P811
VCC1R05_OUT_FET,TB_TP697,1,T,5856,3726,,
VCC1R05_OUT_FET,TP2101,1,T,5814,3644,Test_Point_12MIL,TPC12
VCC1R05_OUT_FET_R,C1820,2,B,6515,3869,0.1U_25V_K_X5R_0201,C0201_13P780_BB
VCC1R05_OUT_FET_R,C1821,2,B,6493,3869,0.1U_25V_K_X5R_0201,C0201_13P780_BB
VCC1R05_OUT_FET_R,R1822,1,B,6569,3882,0_0603_LE_SP,R0603_LE_19P685_SHORT
VCC1R05_OUT_FET_R,TB_TP347,1,B,6035,3966,,
VCC1R05_OUT_FET_R,UCPU1,EY1,B,5840,3828,ALDERLAKE-P-CPU_BGA1744,ALDERLAKE-P-CPU_BGA_1744P-T
VCC1R05_OUT_FET_R,UCPU1,EV3,B,5808,3804,ALDERLAKE-P-CPU_BGA1744,ALDERLAKE-P-CPU_BGA_1744P-T
VCC1R05_OUT_FET_R,UCPU1,EW1,B,5814,3828,ALDERLAKE-P-CPU_BGA1744,ALDERLAKE-P-CPU_BGA_1744P-T
VCC1R05_OUT_PCH,TB_TP473,1,T,5565,3244,,
VCC1R05_OUT_PCH,UCPU1,EB38,B,5545,3244,ALDERLAKE-P-CPU_BGA1744,ALDERLAKE-P-CPU_BGA_1744P-T
VCC1R05_OUT_PCH,UCPU1,EB36,B,5545,3283,ALDERLAKE-P-CPU_BGA1744,ALDERLAKE-P-CPU_BGA_1744P-T
VCC1R05_OUT_PCH,UCPU1,EC36,B,5570,3283,ALDERLAKE-P-CPU_BGA1744,ALDERLAKE-P-CPU_BGA_1744P-T
VCC1R05_OUT_PCH,UCPU1,EE36,B,5596,3283,ALDERLAKE-P-CPU_BGA1744,ALDERLAKE-P-CPU_BGA_1744P-T
VCC1R05_SUS_BYPASS_CTRL,TP1813,1,T,5695,3365,Test_Point_16MIL,TPC16
VCC1R05_SUS_BYPASS_CTRL,UCPU1,EL28,B,5698,3401,ALDERLAKE-P-CPU_BGA1744,ALDERLAKE-P-CPU_BGA_1744P-T
VCC1R0VIDEO,C3201,1,T,6848,4230,1U_6.3V_M_X5R_0201,C0201_13P780_BB
VCC1R0VIDEO,C3202,1,T,6848,4294,1U_6.3V_M_X5R_0201,C0201_13P780_BB
VCC1R0VIDEO,C3203,1,T,6847,4194,1U_6.3V_M_X5R_0201,C0201_13P780_BB
VCC1R0VIDEO,C3208,1,T,6848,4263,1U_6.3V_M_X5R_0201,C0201_13P780_BB
VCC1R0VIDEO,C3209,1,T,7069,3752,22U_6.3V_M_X5R_0402,C0402_27P559_CD
VCC1R0VIDEO,C3210,1,T,7062,3694,4.7U_6.3V_M_X5R_0402,C0402_25P591_CC
VCC1R0VIDEO,C3211,2,T,6845,4124,10U_6.3V_M_X5R_0402,C0402_27P559_CD
VCC1R0VIDEO,C3212,2,T,6840,4162,10U_6.3V_M_X5R_0402,C0402_27P559_CD
VCC1R0VIDEO,PJ1901,2,B,6879,4447,JUMP_43X79,JUMP_43X79
VCC1R0VIDEO,PR1904,1,B,6928,4418,1/10W_10_5%_0603,R0603_21P654
VCC1R0VIDEO,Q3504,2,B,8274,3757,DTC015TMT2L_VMT3,DTC015TMT2L_VMT3
VCC1R0VIDEO,TB_TP1376,1,B,6888,4366,,
VCC1R0VIDEO,UGPU1,AA25,B,7075,3679,NVIDIA_GN20-S5-GB3-64_FCBGA771,NVIDIA_GN20-S5-GB3-64_FCBGA_771P-T
VCC1R0VIDEO,UGPU1,AB25,B,7075,3652,NVIDIA_GN20-S5-GB3-64_FCBGA771,NVIDIA_GN20-S5-GB3-64_FCBGA_771P-T
VCC1R0VIDEO,UGPU1,AB26,B,7047,3652,NVIDIA_GN20-S5-GB3-64_FCBGA771,NVIDIA_GN20-S5-GB3-64_FCBGA_771P-T
VCC1R0VIDEO,UGPU1,U25,B,7075,3789,NVIDIA_GN20-S5-GB3-64_FCBGA771,NVIDIA_GN20-S5-GB3-64_FCBGA_771P-T
VCC1R0VIDEO,UGPU1,V25,B,7075,3762,NVIDIA_GN20-S5-GB3-64_FCBGA771,NVIDIA_GN20-S5-GB3-64_FCBGA_771P-T
VCC1R0VIDEO,UGPU1,V26,B,7047,3762,NVIDIA_GN20-S5-GB3-64_FCBGA771,NVIDIA_GN20-S5-GB3-64_FCBGA_771P-T
VCC1R0VIDEO,UGPU1,W25,B,7075,3734,NVIDIA_GN20-S5-GB3-64_FCBGA771,NVIDIA_GN20-S5-GB3-64_FCBGA_771P-T
VCC1R0VIDEO,UGPU1,Y25,B,7075,3707,NVIDIA_GN20-S5-GB3-64_FCBGA771,NVIDIA_GN20-S5-GB3-64_FCBGA_771P-T
VCC1R0VIDEO,UGPU1,Y26,B,7047,3707,NVIDIA_GN20-S5-GB3-64_FCBGA771,NVIDIA_GN20-S5-GB3-64_FCBGA_771P-T
VCC1R0VIDEO_PWRGD,D3504,2,B,8180,3904,RB751S40_SOD523,RB751S40T1G_SOD523-2
VCC1R0VIDEO_PWRGD,PR1619,1,B,6571,5085,0_0402_SP,R0402_SHORT
VCC1R0VIDEO_PWRGD,Q3502,3,B,8207,3872,LSK3541G1ET2L_VMT3,LSK3541G1ET2L_VMT3
VCC1R0VIDEO_PWRGD,R4008,1,B,8143,3930,1/20W_10K_5%_0201,R0201_11P811
VCC1R0VIDEO_PWRGD,TB_TP1190,1,B,8293,3990,,
VCC1R0VIDEO_PWRGD_G,Q3502,1,B,8223,3827,LSK3541G1ET2L_VMT3,LSK3541G1ET2L_VMT3
VCC1R0VIDEO_PWRGD_G,Q3504,1,B,8258,3803,DTC015TMT2L_VMT3,DTC015TMT2L_VMT3
VCC1R0VIDEO_PWRGD_G,R4007,1,B,8160,3838,1/20W_10K_5%_0201,R0201_11P811
VCC1R0VIDEO_PWRGD_G,TB_TP102,1,B,8151,3803,,
VCC1R2A,C2817,1,B,7147,2288,330U_2.5V_M_B2_ESR9M_H1.9,C_B2_78P740
VCC1R2A,PC0610,1,T,6958,2161,22U_6.3V_M_X5R_0603,C0603_39P370_DC
VCC1R2A,PC0611,1,T,7057,2162,22U_6.3V_M_X5R_0603,C0603_39P370_DC
VCC1R2A,PC0612,1,B,6958,2161,22U_6.3V_M_X5R_0603,C0603_39P370_DC
VCC1R2A,PC0613,1,B,7007,2161,22U_6.3V_M_X5R_0603,C0603_39P370_DC
VCC1R2A,PC0614,1,B,7057,2162,22U_6.3V_M_X5R_0603,C0603_39P370_DC
VCC1R2A,PC0615,1,T,7007,2161,22U_6.3V_M_X5R_0603,C0603_39P370_DC
VCC1R2A,PC0616,1,B,7106,2167,22U_6.3V_M_X5R_0603,C0603_39P370_DC
VCC1R2A,PC0617,1,T,7106,2167,22U_6.3V_M_X5R_0603,C0603_39P370_DC
VCC1R2A,PC0618,1,B,6921,2069,0.1U_6.3V_K_X5R_0201,C0201_12P992_BA
VCC1R2A,PC0619,1,T,6921,2069,2200P_25V_K_X7R_0201,C0201_12P992_BA
VCC1R2A,PC0621,2,B,6669,2590,220P_25V_K_X7R_0201,C0201_12P992_BA
VCC1R2A,PC0628,1,B,6922,2047,100P_25V_J_NPO_0201,C0201_12P992_BA
VCC1R2A,PC0629,1,T,6922,2047,47P_25V_J_NPO_0201,C0201_12P992_BA
VCC1R2A,PL0601,2,B,7016,2382,0.68UH_CMLB053T-R68MS_17A_20%,CYNTE_CMLB053T-R68MS_2P
VCC1R2A,PR0611,1,B,6691,2589,1/20W_102K_1%_0201,R0201_11P811
VCC1R2A,PU0601,6,B,6907,2589,NB687BGQ-C669-Z_QFN16_3X3,NB687BGQ-C669-Z_QFN16_3X3
VCC1R2A,R2701,1,B,6891,2156,0_5%_1206,R_1206_LE_SHORT
VCC1R2A,R2721,1,T,6862,1995,0_5%_1206,R_1206_LE_SHORT
VCC1R2A,TB_TP338,1,B,7177,2200,,
VCC1R2A_CPU,C1702,1,T,4458,3210,1U_6.3V_M_X5R_0201,C0201_13P780_BB
VCC1R2A_CPU,C1703,1,B,4727,2672,1U_6.3V_M_X5R_0201,C0201_13P780_BB
VCC1R2A_CPU,C1704,1,T,5022,3213,1U_6.3V_M_X5R_0201,C0201_13P780_BB
VCC1R2A_CPU,C1705,1,B,4605,2640,1U_6.3V_M_X5R_0201,C0201_13P780_BB
VCC1R2A_CPU,C1706,1,B,5058,2673,1U_6.3V_M_X5R_0201,C0201_13P780_BB
VCC1R2A_CPU,C1707,1,B,5157,2706,1U_6.3V_M_X5R_0201,C0201_13P780_BB
VCC1R2A_CPU,C1708,1,T,4490,3188,1U_6.3V_M_X5R_0201,C0201_13P780_BB
VCC1R2A_CPU,C1709,1,T,4712,3168,1U_6.3V_M_X5R_0201,C0201_13P780_BB
VCC1R2A_CPU,C1711,1,T,4524,3158,10U_6.3V_M_X5R_0402,C0402_27P559_CD
VCC1R2A_CPU,C1712,1,B,4834,2681,10U_6.3V_M_X5R_0402,C0402_27P559_CD
VCC1R2A_CPU,C1713,1,B,4554,2634,10U_6.3V_M_X5R_0402,C0402_27P559_CD
VCC1R2A_CPU,C1714,1,T,4600,2672,10U_6.3V_M_X5R_0402,C0402_27P559_CD
VCC1R2A_CPU,C1715,1,T,4994,3152,10U_6.3V_M_X5R_0402,C0402_27P559_CD
VCC1R2A_CPU,C1716,1,T,4498,2671,10U_6.3V_M_X5R_0402,C0402_27P559_CD
VCC1R2A_CPU,C1717,1,T,4907,2844,10U_6.3V_M_X5R_0402,C0402_27P559_CD
VCC1R2A_CPU,C1718,1,T,4961,3162,10U_6.3V_M_X5R_0402,C0402_27P559_CD
VCC1R2A_CPU,R1707,2,B,5148,2561,0_5%_1206,R_1206_LE_SHORT
VCC1R2A_CPU,TB_TP1317,1,B,5012,2580,,
VCC1R2A_CPU,UCPU1,J61,B,4080,2888,ALDERLAKE-P-CPU_BGA1744,ALDERLAKE-P-CPU_BGA_1744P-T
VCC1R2A_CPU,UCPU1,R61,B,4182,2888,ALDERLAKE-P-CPU_BGA1744,ALDERLAKE-P-CPU_BGA_1744P-T
VCC1R2A_CPU,UCPU1,V61,B,4221,2888,ALDERLAKE-P-CPU_BGA1744,ALDERLAKE-P-CPU_BGA_1744P-T
VCC1R2A_CPU,UCPU1,AD61,B,4323,2888,ALDERLAKE-P-CPU_BGA1744,ALDERLAKE-P-CPU_BGA_1744P-T
VCC1R2A_CPU,UCPU1,AG61,B,4362,2888,ALDERLAKE-P-CPU_BGA1744,ALDERLAKE-P-CPU_BGA_1744P-T
VCC1R2A_CPU,UCPU1,AN61,B,4465,2888,ALDERLAKE-P-CPU_BGA1744,ALDERLAKE-P-CPU_BGA_1744P-T
VCC1R2A_CPU,UCPU1,AY61,B,4567,2888,ALDERLAKE-P-CPU_BGA1744,ALDERLAKE-P-CPU_BGA_1744P-T
VCC1R2A_CPU,UCPU1,BH61,B,4708,2888,ALDERLAKE-P-CPU_BGA1744,ALDERLAKE-P-CPU_BGA_1744P-T
VCC1R2A_CPU,UCPU1,BR61,B,4811,2888,ALDERLAKE-P-CPU_BGA1744,ALDERLAKE-P-CPU_BGA_1744P-T
VCC1R2A_CPU,UCPU1,CA61,B,4913,2888,ALDERLAKE-P-CPU_BGA1744,ALDERLAKE-P-CPU_BGA_1744P-T
VCC1R2A_CPU,UCPU1,CD61,B,4952,2888,ALDERLAKE-P-CPU_BGA1744,ALDERLAKE-P-CPU_BGA_1744P-T
VCC1R2A_CPU,UCPU1,CK61,B,5054,2888,ALDERLAKE-P-CPU_BGA1744,ALDERLAKE-P-CPU_BGA_1744P-T
VCC1R2A_CPU,UCPU1,CN61,B,5093,2888,ALDERLAKE-P-CPU_BGA1744,ALDERLAKE-P-CPU_BGA_1744P-T
VCC1R2A_CPU,UCPU1,CW61,B,5196,2888,ALDERLAKE-P-CPU_BGA1744,ALDERLAKE-P-CPU_BGA_1744P-T
VCC1R2A_CPU,UCPU1,DF61,B,5298,2888,ALDERLAKE-P-CPU_BGA1744,ALDERLAKE-P-CPU_BGA_1744P-T
VCC1R2A_CPU,UCPU1,AR45,B,4501,3138,ALDERLAKE-P-CPU_BGA1744,ALDERLAKE-P-CPU_BGA_1744P-T
VCC1R2A_CPU,UCPU1,AP41,B,4480,3195,ALDERLAKE-P-CPU_BGA1744,ALDERLAKE-P-CPU_BGA_1744P-T
VCC1R2A_CPU,UCPU1,AP44,B,4481,3154,ALDERLAKE-P-CPU_BGA1744,ALDERLAKE-P-CPU_BGA_1744P-T
VCC1R2A_CPU,UCPU1,AR43,B,4496,3175,ALDERLAKE-P-CPU_BGA1744,ALDERLAKE-P-CPU_BGA_1744P-T
VCC1R2A_CPU,UCPU1,AU45,B,4531,3138,ALDERLAKE-P-CPU_BGA1744,ALDERLAKE-P-CPU_BGA_1744P-T
VCC1R2A_CPU,UCPU1,AT44,B,4516,3159,ALDERLAKE-P-CPU_BGA1744,ALDERLAKE-P-CPU_BGA_1744P-T
VCC1R2A_CPU,UCPU1,AU43,B,4535,3175,ALDERLAKE-P-CPU_BGA1744,ALDERLAKE-P-CPU_BGA_1744P-T
VCC1R2A_CPU,UCPU1,AV44,B,4551,3154,ALDERLAKE-P-CPU_BGA1744,ALDERLAKE-P-CPU_BGA_1744P-T
VCC1R2A_CPU,UCPU1,CH45,B,5018,3138,ALDERLAKE-P-CPU_BGA1744,ALDERLAKE-P-CPU_BGA_1744P-T
VCC1R2A_CPU,UCPU1,CF45,B,4988,3138,ALDERLAKE-P-CPU_BGA1744,ALDERLAKE-P-CPU_BGA_1744P-T
VCC1R2A_CPU,UCPU1,CC44,B,4932,3157,ALDERLAKE-P-CPU_BGA1744,ALDERLAKE-P-CPU_BGA_1744P-T
VCC1R2A_CPU,UCPU1,CD43,B,4952,3174,ALDERLAKE-P-CPU_BGA1744,ALDERLAKE-P-CPU_BGA_1744P-T
VCC1R2A_CPU,UCPU1,CE44,B,4968,3154,ALDERLAKE-P-CPU_BGA1744,ALDERLAKE-P-CPU_BGA_1744P-T
VCC1R2A_CPU,UCPU1,CF43,B,4984,3175,ALDERLAKE-P-CPU_BGA1744,ALDERLAKE-P-CPU_BGA_1744P-T
VCC1R2A_CPU,UCPU1,CG44,B,5003,3159,ALDERLAKE-P-CPU_BGA1744,ALDERLAKE-P-CPU_BGA_1744P-T
VCC1R2A_MEM,C2503,1,T,6229,1698,47P_25V_J_NPO_0201,C0201_12P992_BA
VCC1R2A_MEM,C2504,1,T,5591,1881,100P_25V_J_NPO_0201,C0201_12P992_BA
VCC1R2A_MEM,C2511,1,T,4063,1894,47P_25V_J_NPO_0201,C0201_12P992_BA
VCC1R2A_MEM,C2512,1,T,5244,1646,100P_25V_J_NPO_0201,C0201_12P992_BA
VCC1R2A_MEM,C2513,1,T,5161,1697,47P_25V_J_NPO_0201,C0201_12P992_BA
VCC1R2A_MEM,C2514,1,T,5932,1588,100P_25V_J_NPO_0201,C0201_12P992_BA
VCC1R2A_MEM,C2515,1,T,5400,1515,47P_25V_J_NPO_0201,C0201_12P992_BA
VCC1R2A_MEM,C2516,1,T,5108,1696,100P_25V_J_NPO_0201,C0201_12P992_BA
VCC1R2A_MEM,C2601,2,T,5149,2060,1U_6.3V_K_X5R_0402,C0402_21P654_CA
VCC1R2A_MEM,C2602,2,T,5334,2059,1U_6.3V_K_X5R_0402,C0402_21P654_CA
VCC1R2A_MEM,C2603,2,T,5421,2058,1U_6.3V_K_X5R_0402,C0402_21P654_CA
VCC1R2A_MEM,C2604,2,T,6016,2026,10U_6.3V_M_X5R_0402,C0402_27P559_CD
VCC1R2A_MEM,C2605,2,T,5272,1413,10U_6.3V_M_X5R_0402,C0402_27P559_CD
VCC1R2A_MEM,C2606,2,T,5245,1513,1U_6.3V_K_X5R_0402,C0402_21P654_CA
VCC1R2A_MEM,C2607,2,T,6091,1352,1U_6.3V_K_X5R_0402,C0402_21P654_CA
VCC1R2A_MEM,C2608,2,T,5369,1688,1U_6.3V_K_X5R_0402,C0402_21P654_CA
VCC1R2A_MEM,C2609,2,T,5570,2067,1U_6.3V_K_X5R_0402,C0402_21P654_CA
VCC1R2A_MEM,C2610,2,T,6289,1949,1U_6.3V_K_X5R_0402,C0402_21P654_CA
VCC1R2A_MEM,C2611,2,T,5038,1878,10U_6.3V_M_X5R_0402,C0402_27P559_CD
VCC1R2A_MEM,C2612,2,T,5656,2046,10U_6.3V_M_X5R_0402,C0402_27P559_CD
VCC1R2A_MEM,C2613,2,T,5221,1892,10U_6.3V_M_X5R_0402,C0402_27P559_CD
VCC1R2A_MEM,C2614,2,T,5458,2059,1U_6.3V_K_X5R_0402,C0402_21P654_CA
VCC1R2A_MEM,C2615,2,T,6385,2016,1U_6.3V_K_X5R_0402,C0402_21P654_CA
VCC1R2A_MEM,C2616,2,T,5213,2063,1U_6.3V_K_X5R_0402,C0402_21P654_CA
VCC1R2A_MEM,C2617,2,T,5270,2059,1U_6.3V_K_X5R_0402,C0402_21P654_CA
VCC1R2A_MEM,C2618,2,T,5537,1056,1U_6.3V_K_X5R_0402,C0402_21P654_CA
VCC1R2A_MEM,C2619,2,T,5073,1058,1U_6.3V_K_X5R_0402,C0402_21P654_CA
VCC1R2A_MEM,C2620,2,T,5789,1057,1U_6.3V_K_X5R_0402,C0402_21P654_CA
VCC1R2A_MEM,C2621,2,T,6625,1381,1U_6.3V_K_X5R_0402,C0402_21P654_CA
VCC1R2A_MEM,C2801,2,T,4579,1657,1U_6.3V_K_X5R_0402,C0402_21P654_CA
VCC1R2A_MEM,C2802,2,T,4719,1694,1U_6.3V_K_X5R_0402,C0402_21P654_CA
VCC1R2A_MEM,C2803,2,T,4714,1297,1U_6.3V_K_X5R_0402,C0402_21P654_CA
VCC1R2A_MEM,C2804,2,T,5977,1459,1U_6.3V_K_X5R_0402,C0402_21P654_CA
VCC1R2A_MEM,C2805,2,T,4534,1890,1U_6.3V_K_X5R_0402,C0402_21P654_CA
VCC1R2A_MEM,C2806,2,T,6001,1304,1U_6.3V_K_X5R_0402,C0402_21P654_CA
VCC1R2A_MEM,C2807,2,T,5282,1896,1U_6.3V_K_X5R_0402,C0402_21P654_CA
VCC1R2A_MEM,C2808,2,T,5406,1357,1U_6.3V_K_X5R_0402,C0402_21P654_CA
VCC1R2A_MEM,C2809,2,T,4013,1511,10U_6.3V_M_X5R_0402,C0402_27P559_CD
VCC1R2A_MEM,C2810,2,T,4717,1395,10U_6.3V_M_X5R_0402,C0402_27P559_CD
VCC1R2A_MEM,C2811,2,T,4674,2066,10U_6.3V_M_X5R_0402,C0402_27P559_CD
VCC1R2A_MEM,C2812,2,T,5816,1960,10U_6.3V_M_X5R_0402,C0402_27P559_CD
VCC1R2A_MEM,C2813,2,T,5934,1680,10U_6.3V_M_X5R_0402,C0402_27P559_CD
VCC1R2A_MEM,C2814,2,T,4013,1453,10U_6.3V_M_X5R_0402,C0402_27P559_CD
VCC1R2A_MEM,C2815,2,T,6623,1634,10U_6.3V_M_X5R_0402,C0402_27P559_CD
VCC1R2A_MEM,C2816,2,T,4018,1655,10U_6.3V_M_X5R_0402,C0402_27P559_CD
VCC1R2A_MEM,C2823,2,T,5783,1697,0.1U_6.3V_K_X5R_0201,C0201_12P992_BA
VCC1R2A_MEM,C2824,2,T,5990,1330,0.1U_6.3V_K_X5R_0201,C0201_12P992_BA
VCC1R2A_MEM,C2825,2,T,4570,1391,0.1U_6.3V_K_X5R_0201,C0201_12P992_BA
VCC1R2A_MEM,C2826,2,T,4559,1600,0.1U_6.3V_K_X5R_0201,C0201_12P992_BA
VCC1R2A_MEM,C2827,2,T,4559,1460,0.1U_6.3V_K_X5R_0201,C0201_12P992_BA
VCC1R2A_MEM,C2834,1,T,6626,1466,47P_25V_J_NPO_0201,C0201_12P992_BA
VCC1R2A_MEM,C2835,1,T,5944,1388,100P_25V_J_NPO_0201,C0201_12P992_BA
VCC1R2A_MEM,JDDR1,12,B,4090,1827,ARGOS_D4ASL-26010-1P40,ARGOS_D4ASL-26010-1P40_260P
VCC1R2A_MEM,JDDR1,33,B,4297,2150,ARGOS_D4ASL-26010-1P40,ARGOS_D4ASL-26010-1P40_260P
VCC1R2A_MEM,JDDR1,54,B,4504,1827,ARGOS_D4ASL-26010-1P40,ARGOS_D4ASL-26010-1P40_260P
VCC1R2A_MEM,JDDR1,75,B,4710,2150,ARGOS_D4ASL-26010-1P40,ARGOS_D4ASL-26010-1P40_260P
VCC1R2A_MEM,JDDR1,96,B,4917,1827,ARGOS_D4ASL-26010-1P40,ARGOS_D4ASL-26010-1P40_260P
VCC1R2A_MEM,JDDR1,111,B,5065,2150,ARGOS_D4ASL-26010-1P40,ARGOS_D4ASL-26010-1P40_260P
VCC1R2A_MEM,JDDR1,112,B,5075,1827,ARGOS_D4ASL-26010-1P40,ARGOS_D4ASL-26010-1P40_260P
VCC1R2A_MEM,JDDR1,117,B,5124,2150,ARGOS_D4ASL-26010-1P40,ARGOS_D4ASL-26010-1P40_260P
VCC1R2A_MEM,JDDR1,118,B,5134,1827,ARGOS_D4ASL-26010-1P40,ARGOS_D4ASL-26010-1P40_260P
VCC1R2A_MEM,JDDR1,123,B,5183,2150,ARGOS_D4ASL-26010-1P40,ARGOS_D4ASL-26010-1P40_260P
VCC1R2A_MEM,JDDR1,124,B,5193,1827,ARGOS_D4ASL-26010-1P40,ARGOS_D4ASL-26010-1P40_260P
VCC1R2A_MEM,JDDR1,129,B,5242,2150,ARGOS_D4ASL-26010-1P40,ARGOS_D4ASL-26010-1P40_260P
VCC1R2A_MEM,JDDR1,130,B,5252,1827,ARGOS_D4ASL-26010-1P40,ARGOS_D4ASL-26010-1P40_260P
VCC1R2A_MEM,JDDR1,135,B,5301,2150,ARGOS_D4ASL-26010-1P40,ARGOS_D4ASL-26010-1P40_260P
VCC1R2A_MEM,JDDR1,136,B,5311,1827,ARGOS_D4ASL-26010-1P40,ARGOS_D4ASL-26010-1P40_260P
VCC1R2A_MEM,JDDR1,141,B,5360,2150,ARGOS_D4ASL-26010-1P40,ARGOS_D4ASL-26010-1P40_260P
VCC1R2A_MEM,JDDR1,142,B,5370,1827,ARGOS_D4ASL-26010-1P40,ARGOS_D4ASL-26010-1P40_260P
VCC1R2A_MEM,JDDR1,147,B,5498,2150,ARGOS_D4ASL-26010-1P40,ARGOS_D4ASL-26010-1P40_260P
VCC1R2A_MEM,JDDR1,148,B,5508,1827,ARGOS_D4ASL-26010-1P40,ARGOS_D4ASL-26010-1P40_260P
VCC1R2A_MEM,JDDR1,153,B,5557,2150,ARGOS_D4ASL-26010-1P40,ARGOS_D4ASL-26010-1P40_260P
VCC1R2A_MEM,JDDR1,154,B,5567,1827,ARGOS_D4ASL-26010-1P40,ARGOS_D4ASL-26010-1P40_260P
VCC1R2A_MEM,JDDR1,159,B,5616,2150,ARGOS_D4ASL-26010-1P40,ARGOS_D4ASL-26010-1P40_260P
VCC1R2A_MEM,JDDR1,160,B,5626,1827,ARGOS_D4ASL-26010-1P40,ARGOS_D4ASL-26010-1P40_260P
VCC1R2A_MEM,JDDR1,163,B,5655,2150,ARGOS_D4ASL-26010-1P40,ARGOS_D4ASL-26010-1P40_260P
VCC1R2A_MEM,JDDR1,178,B,5803,1827,ARGOS_D4ASL-26010-1P40,ARGOS_D4ASL-26010-1P40_260P
VCC1R2A_MEM,JDDR1,199,B,6010,2150,ARGOS_D4ASL-26010-1P40,ARGOS_D4ASL-26010-1P40_260P
VCC1R2A_MEM,JDDR1,220,B,6216,1827,ARGOS_D4ASL-26010-1P40,ARGOS_D4ASL-26010-1P40_260P
VCC1R2A_MEM,JDDR1,241,B,6423,2150,ARGOS_D4ASL-26010-1P40,ARGOS_D4ASL-26010-1P40_260P
VCC1R2A_MEM,Q0601,2,B,3831,2826,DTC015TMT2L_VMT3,DTC015TMT2L_VMT3
VCC1R2A_MEM,R0606,2,T,5410,1254,1/20W_1.82K_1%_0201,R0201_11P811
VCC1R2A_MEM,R0610,2,T,6463,2372,1/20W_470_1%_0201,R0201_11P811
VCC1R2A_MEM,R0701,2,T,5615,1947,1/20W_1K_1%_0201,R0201_11P811
VCC1R2A_MEM,R1707,1,B,5148,2497,0_5%_1206,R_1206_LE_SHORT
VCC1R2A_MEM,R2628,2,T,3942,1408,1/20W_0_5%_0201,R0201_11P811
VCC1R2A_MEM,R2632,2,T,4561,1209,1/20W_49.9_1%_0201,R0201_11P811
VCC1R2A_MEM,R2701,2,B,6826,2156,0_5%_1206,R_1206_LE_SHORT
VCC1R2A_MEM,R2703,1,B,5000,2277,1/20W_240_1%_0201,R0201_11P811
VCC1R2A_MEM,R2704,1,B,4970,2277,1/20W_240_1%_0201,R0201_11P811
VCC1R2A_MEM,R2705,1,B,4880,2277,1/20W_240_1%_0201,R0201_11P811
VCC1R2A_MEM,R2706,1,T,4857,1819,1/20W_240_1%_0201,R0201_11P811
VCC1R2A_MEM,R2714,1,B,4850,2277,1/20W_240_1%_0201,R0201_11P811
VCC1R2A_MEM,R2715,1,T,5006,1814,1/20W_240_1%_0201,R0201_11P811
VCC1R2A_MEM,R2716,1,T,4925,1818,1/20W_240_1%_0201,R0201_11P811
VCC1R2A_MEM,R2717,1,T,4830,1925,1/20W_240_1%_0201,R0201_11P811
VCC1R2A_MEM,R2718,1,B,4940,2277,1/20W_240_1%_0201,R0201_11P811
VCC1R2A_MEM,R2719,1,B,4910,2277,1/20W_240_1%_0201,R0201_11P811
VCC1R2A_MEM,R2720,1,T,5275,1812,1/20W_240_1%_0201,R0201_11P811
VCC1R2A_MEM,R2721,2,T,6862,1930,0_5%_1206,R_1206_LE_SHORT
VCC1R2A_MEM,TB_TP203,1,T,6836,1423,,
VCC1R2A_MEM,U2501,A1,T,5542,1615,K4A8G165WB-BCPB_FBGA96,K4ABG165WA-MCTD_FBGA_96P-T_3SILK
VCC1R2A_MEM,U2501,A9,T,5794,1615,K4A8G165WB-BCPB_FBGA96,K4ABG165WA-MCTD_FBGA_96P-T_3SILK
VCC1R2A_MEM,U2501,B3,T,5605,1584,K4A8G165WB-BCPB_FBGA96,K4ABG165WA-MCTD_FBGA_96P-T_3SILK
VCC1R2A_MEM,U2501,B9,T,5794,1584,K4A8G165WB-BCPB_FBGA96,K4ABG165WA-MCTD_FBGA_96P-T_3SILK
VCC1R2A_MEM,U2501,C1,T,5542,1552,K4A8G165WB-BCPB_FBGA96,K4ABG165WA-MCTD_FBGA_96P-T_3SILK
VCC1R2A_MEM,U2501,D1,T,5542,1521,K4A8G165WB-BCPB_FBGA96,K4ABG165WA-MCTD_FBGA_96P-T_3SILK
VCC1R2A_MEM,U2501,D9,T,5794,1521,K4A8G165WB-BCPB_FBGA96,K4ABG165WA-MCTD_FBGA_96P-T_3SILK
VCC1R2A_MEM,U2501,E2,T,5573,1489,K4A8G165WB-BCPB_FBGA96,K4ABG165WA-MCTD_FBGA_96P-T_3SILK
VCC1R2A_MEM,U2501,E7,T,5731,1489,K4A8G165WB-BCPB_FBGA96,K4ABG165WA-MCTD_FBGA_96P-T_3SILK
VCC1R2A_MEM,U2501,F2,T,5573,1458,K4A8G165WB-BCPB_FBGA96,K4ABG165WA-MCTD_FBGA_96P-T_3SILK
VCC1R2A_MEM,U2501,F8,T,5762,1458,K4A8G165WB-BCPB_FBGA96,K4ABG165WA-MCTD_FBGA_96P-T_3SILK
VCC1R2A_MEM,U2501,G1,T,5542,1426,K4A8G165WB-BCPB_FBGA96,K4ABG165WA-MCTD_FBGA_96P-T_3SILK
VCC1R2A_MEM,U2501,G7,T,5731,1426,K4A8G165WB-BCPB_FBGA96,K4ABG165WA-MCTD_FBGA_96P-T_3SILK
VCC1R2A_MEM,U2501,G9,T,5794,1426,K4A8G165WB-BCPB_FBGA96,K4ABG165WA-MCTD_FBGA_96P-T_3SILK
VCC1R2A_MEM,U2501,J1,T,5542,1363,K4A8G165WB-BCPB_FBGA96,K4ABG165WA-MCTD_FBGA_96P-T_3SILK
VCC1R2A_MEM,U2501,J2,T,5573,1363,K4A8G165WB-BCPB_FBGA96,K4ABG165WA-MCTD_FBGA_96P-T_3SILK
VCC1R2A_MEM,U2501,J8,T,5762,1363,K4A8G165WB-BCPB_FBGA96,K4ABG165WA-MCTD_FBGA_96P-T_3SILK
VCC1R2A_MEM,U2501,J9,T,5794,1363,K4A8G165WB-BCPB_FBGA96,K4ABG165WA-MCTD_FBGA_96P-T_3SILK
VCC1R2A_MEM,U2501,L1,T,5542,1300,K4A8G165WB-BCPB_FBGA96,K4ABG165WA-MCTD_FBGA_96P-T_3SILK
VCC1R2A_MEM,U2501,L9,T,5794,1300,K4A8G165WB-BCPB_FBGA96,K4ABG165WA-MCTD_FBGA_96P-T_3SILK
VCC1R2A_MEM,U2501,R1,T,5542,1174,K4A8G165WB-BCPB_FBGA96,K4ABG165WA-MCTD_FBGA_96P-T_3SILK
VCC1R2A_MEM,U2501,T9,T,5794,1143,K4A8G165WB-BCPB_FBGA96,K4ABG165WA-MCTD_FBGA_96P-T_3SILK
VCC1R2A_MEM,U2601,A1,T,6227,1615,K4A8G165WB-BCPB_FBGA96,K4ABG165WA-MCTD_FBGA_96P-T_3SILK
VCC1R2A_MEM,U2601,A9,T,6479,1615,K4A8G165WB-BCPB_FBGA96,K4ABG165WA-MCTD_FBGA_96P-T_3SILK
VCC1R2A_MEM,U2601,B3,T,6290,1584,K4A8G165WB-BCPB_FBGA96,K4ABG165WA-MCTD_FBGA_96P-T_3SILK
VCC1R2A_MEM,U2601,B9,T,6479,1584,K4A8G165WB-BCPB_FBGA96,K4ABG165WA-MCTD_FBGA_96P-T_3SILK
VCC1R2A_MEM,U2601,C1,T,6227,1552,K4A8G165WB-BCPB_FBGA96,K4ABG165WA-MCTD_FBGA_96P-T_3SILK
VCC1R2A_MEM,U2601,D1,T,6227,1521,K4A8G165WB-BCPB_FBGA96,K4ABG165WA-MCTD_FBGA_96P-T_3SILK
VCC1R2A_MEM,U2601,D9,T,6479,1521,K4A8G165WB-BCPB_FBGA96,K4ABG165WA-MCTD_FBGA_96P-T_3SILK
VCC1R2A_MEM,U2601,E2,T,6258,1489,K4A8G165WB-BCPB_FBGA96,K4ABG165WA-MCTD_FBGA_96P-T_3SILK
VCC1R2A_MEM,U2601,E7,T,6416,1489,K4A8G165WB-BCPB_FBGA96,K4ABG165WA-MCTD_FBGA_96P-T_3SILK
VCC1R2A_MEM,U2601,F2,T,6258,1458,K4A8G165WB-BCPB_FBGA96,K4ABG165WA-MCTD_FBGA_96P-T_3SILK
VCC1R2A_MEM,U2601,F8,T,6447,1458,K4A8G165WB-BCPB_FBGA96,K4ABG165WA-MCTD_FBGA_96P-T_3SILK
VCC1R2A_MEM,U2601,G1,T,6227,1426,K4A8G165WB-BCPB_FBGA96,K4ABG165WA-MCTD_FBGA_96P-T_3SILK
VCC1R2A_MEM,U2601,G7,T,6416,1426,K4A8G165WB-BCPB_FBGA96,K4ABG165WA-MCTD_FBGA_96P-T_3SILK
VCC1R2A_MEM,U2601,G9,T,6479,1426,K4A8G165WB-BCPB_FBGA96,K4ABG165WA-MCTD_FBGA_96P-T_3SILK
VCC1R2A_MEM,U2601,J1,T,6227,1363,K4A8G165WB-BCPB_FBGA96,K4ABG165WA-MCTD_FBGA_96P-T_3SILK
VCC1R2A_MEM,U2601,J2,T,6258,1363,K4A8G165WB-BCPB_FBGA96,K4ABG165WA-MCTD_FBGA_96P-T_3SILK
VCC1R2A_MEM,U2601,J8,T,6447,1363,K4A8G165WB-BCPB_FBGA96,K4ABG165WA-MCTD_FBGA_96P-T_3SILK
VCC1R2A_MEM,U2601,J9,T,6479,1363,K4A8G165WB-BCPB_FBGA96,K4ABG165WA-MCTD_FBGA_96P-T_3SILK
VCC1R2A_MEM,U2601,L1,T,6227,1300,K4A8G165WB-BCPB_FBGA96,K4ABG165WA-MCTD_FBGA_96P-T_3SILK
VCC1R2A_MEM,U2601,L9,T,6479,1300,K4A8G165WB-BCPB_FBGA96,K4ABG165WA-MCTD_FBGA_96P-T_3SILK
VCC1R2A_MEM,U2601,R1,T,6227,1174,K4A8G165WB-BCPB_FBGA96,K4ABG165WA-MCTD_FBGA_96P-T_3SILK
VCC1R2A_MEM,U2601,T9,T,6479,1143,K4A8G165WB-BCPB_FBGA96,K4ABG165WA-MCTD_FBGA_96P-T_3SILK
VCC1R2A_MEM,U2701,A1,T,4857,1615,K4A8G165WB-BCPB_FBGA96,K4ABG165WA-MCTD_FBGA_96P-T_3SILK
VCC1R2A_MEM,U2701,A9,T,5109,1615,K4A8G165WB-BCPB_FBGA96,K4ABG165WA-MCTD_FBGA_96P-T_3SILK
VCC1R2A_MEM,U2701,B3,T,4920,1584,K4A8G165WB-BCPB_FBGA96,K4ABG165WA-MCTD_FBGA_96P-T_3SILK
VCC1R2A_MEM,U2701,B9,T,5109,1584,K4A8G165WB-BCPB_FBGA96,K4ABG165WA-MCTD_FBGA_96P-T_3SILK
VCC1R2A_MEM,U2701,C1,T,4857,1552,K4A8G165WB-BCPB_FBGA96,K4ABG165WA-MCTD_FBGA_96P-T_3SILK
VCC1R2A_MEM,U2701,D1,T,4857,1521,K4A8G165WB-BCPB_FBGA96,K4ABG165WA-MCTD_FBGA_96P-T_3SILK
VCC1R2A_MEM,U2701,D9,T,5109,1521,K4A8G165WB-BCPB_FBGA96,K4ABG165WA-MCTD_FBGA_96P-T_3SILK
VCC1R2A_MEM,U2701,E2,T,4888,1489,K4A8G165WB-BCPB_FBGA96,K4ABG165WA-MCTD_FBGA_96P-T_3SILK
VCC1R2A_MEM,U2701,E7,T,5046,1489,K4A8G165WB-BCPB_FBGA96,K4ABG165WA-MCTD_FBGA_96P-T_3SILK
VCC1R2A_MEM,U2701,F2,T,4888,1458,K4A8G165WB-BCPB_FBGA96,K4ABG165WA-MCTD_FBGA_96P-T_3SILK
VCC1R2A_MEM,U2701,F8,T,5077,1458,K4A8G165WB-BCPB_FBGA96,K4ABG165WA-MCTD_FBGA_96P-T_3SILK
VCC1R2A_MEM,U2701,G1,T,4857,1426,K4A8G165WB-BCPB_FBGA96,K4ABG165WA-MCTD_FBGA_96P-T_3SILK
VCC1R2A_MEM,U2701,G7,T,5046,1426,K4A8G165WB-BCPB_FBGA96,K4ABG165WA-MCTD_FBGA_96P-T_3SILK
VCC1R2A_MEM,U2701,G9,T,5109,1426,K4A8G165WB-BCPB_FBGA96,K4ABG165WA-MCTD_FBGA_96P-T_3SILK
VCC1R2A_MEM,U2701,J1,T,4857,1363,K4A8G165WB-BCPB_FBGA96,K4ABG165WA-MCTD_FBGA_96P-T_3SILK
VCC1R2A_MEM,U2701,J2,T,4888,1363,K4A8G165WB-BCPB_FBGA96,K4ABG165WA-MCTD_FBGA_96P-T_3SILK
VCC1R2A_MEM,U2701,J8,T,5077,1363,K4A8G165WB-BCPB_FBGA96,K4ABG165WA-MCTD_FBGA_96P-T_3SILK
VCC1R2A_MEM,U2701,J9,T,5109,1363,K4A8G165WB-BCPB_FBGA96,K4ABG165WA-MCTD_FBGA_96P-T_3SILK
VCC1R2A_MEM,U2701,L1,T,4857,1300,K4A8G165WB-BCPB_FBGA96,K4ABG165WA-MCTD_FBGA_96P-T_3SILK
VCC1R2A_MEM,U2701,L9,T,5109,1300,K4A8G165WB-BCPB_FBGA96,K4ABG165WA-MCTD_FBGA_96P-T_3SILK
VCC1R2A_MEM,U2701,R1,T,4857,1174,K4A8G165WB-BCPB_FBGA96,K4ABG165WA-MCTD_FBGA_96P-T_3SILK
VCC1R2A_MEM,U2701,T9,T,5109,1143,K4A8G165WB-BCPB_FBGA96,K4ABG165WA-MCTD_FBGA_96P-T_3SILK
VCC1R2A_MEM,U2801,A1,T,4172,1615,K4A8G165WB-BCPB_FBGA96,K4ABG165WA-MCTD_FBGA_96P-T_3SILK
VCC1R2A_MEM,U2801,A9,T,4424,1615,K4A8G165WB-BCPB_FBGA96,K4ABG165WA-MCTD_FBGA_96P-T_3SILK
VCC1R2A_MEM,U2801,B3,T,4235,1584,K4A8G165WB-BCPB_FBGA96,K4ABG165WA-MCTD_FBGA_96P-T_3SILK
VCC1R2A_MEM,U2801,B9,T,4424,1584,K4A8G165WB-BCPB_FBGA96,K4ABG165WA-MCTD_FBGA_96P-T_3SILK
VCC1R2A_MEM,U2801,C1,T,4172,1552,K4A8G165WB-BCPB_FBGA96,K4ABG165WA-MCTD_FBGA_96P-T_3SILK
VCC1R2A_MEM,U2801,D1,T,4172,1521,K4A8G165WB-BCPB_FBGA96,K4ABG165WA-MCTD_FBGA_96P-T_3SILK
VCC1R2A_MEM,U2801,D9,T,4424,1521,K4A8G165WB-BCPB_FBGA96,K4ABG165WA-MCTD_FBGA_96P-T_3SILK
VCC1R2A_MEM,U2801,E2,T,4203,1489,K4A8G165WB-BCPB_FBGA96,K4ABG165WA-MCTD_FBGA_96P-T_3SILK
VCC1R2A_MEM,U2801,E7,T,4361,1489,K4A8G165WB-BCPB_FBGA96,K4ABG165WA-MCTD_FBGA_96P-T_3SILK
VCC1R2A_MEM,U2801,F2,T,4203,1458,K4A8G165WB-BCPB_FBGA96,K4ABG165WA-MCTD_FBGA_96P-T_3SILK
VCC1R2A_MEM,U2801,F8,T,4392,1458,K4A8G165WB-BCPB_FBGA96,K4ABG165WA-MCTD_FBGA_96P-T_3SILK
VCC1R2A_MEM,U2801,G1,T,4172,1426,K4A8G165WB-BCPB_FBGA96,K4ABG165WA-MCTD_FBGA_96P-T_3SILK
VCC1R2A_MEM,U2801,G7,T,4361,1426,K4A8G165WB-BCPB_FBGA96,K4ABG165WA-MCTD_FBGA_96P-T_3SILK
VCC1R2A_MEM,U2801,G9,T,4424,1426,K4A8G165WB-BCPB_FBGA96,K4ABG165WA-MCTD_FBGA_96P-T_3SILK
VCC1R2A_MEM,U2801,J1,T,4172,1363,K4A8G165WB-BCPB_FBGA96,K4ABG165WA-MCTD_FBGA_96P-T_3SILK
VCC1R2A_MEM,U2801,J2,T,4203,1363,K4A8G165WB-BCPB_FBGA96,K4ABG165WA-MCTD_FBGA_96P-T_3SILK
VCC1R2A_MEM,U2801,J8,T,4392,1363,K4A8G165WB-BCPB_FBGA96,K4ABG165WA-MCTD_FBGA_96P-T_3SILK
VCC1R2A_MEM,U2801,J9,T,4424,1363,K4A8G165WB-BCPB_FBGA96,K4ABG165WA-MCTD_FBGA_96P-T_3SILK
VCC1R2A_MEM,U2801,L1,T,4172,1300,K4A8G165WB-BCPB_FBGA96,K4ABG165WA-MCTD_FBGA_96P-T_3SILK
VCC1R2A_MEM,U2801,L9,T,4424,1300,K4A8G165WB-BCPB_FBGA96,K4ABG165WA-MCTD_FBGA_96P-T_3SILK
VCC1R2A_MEM,U2801,R1,T,4172,1174,K4A8G165WB-BCPB_FBGA96,K4ABG165WA-MCTD_FBGA_96P-T_3SILK
VCC1R2A_MEM,U2801,T9,T,4424,1143,K4A8G165WB-BCPB_FBGA96,K4ABG165WA-MCTD_FBGA_96P-T_3SILK
VCC1R2M_PS8409,C85024,2,T,1062,2513,0.01U_6.3V_K_X7R_0201,C0201_12P992_BA
VCC1R2M_PS8409,C85025,2,T,1163,2541,0.1U_6.3V_K_X5R_0201,C0201_12P992_BA
VCC1R2M_PS8409,C85026,2,B,1013,2398,0.1U_6.3V_K_X5R_0201,C0201_12P992_BA
VCC1R2M_PS8409,C85027,2,T,1323,2354,0.1U_6.3V_K_X5R_0201,C0201_12P992_BA
VCC1R2M_PS8409,C85028,2,T,1349,2428,0.1U_6.3V_K_X5R_0201,C0201_12P992_BA
VCC1R2M_PS8409,C85029,2,T,828,1969,0.01U_6.3V_K_X7R_0201,C0201_12P992_BA
VCC1R2M_PS8409,C85030,2,T,831,1940,4.7U_6.3V_M_X5R_0402,C0402_23P622_CB
VCC1R2M_PS8409,C85031,2,B,1015,2343,0.1U_6.3V_K_X5R_0201,C0201_12P992_BA
VCC1R2M_PS8409,C85032,2,T,1163,2516,0.1U_6.3V_K_X5R_0201,C0201_12P992_BA
VCC1R2M_PS8409,C85033,2,T,1322,2428,0.01U_6.3V_K_X7R_0201,C0201_12P992_BA
VCC1R2M_PS8409,C85034,2,T,1080,2153,0.1U_6.3V_K_X5R_0201,C0201_12P992_BA
VCC1R2M_PS8409,C85035,2,T,1080,2132,0.01U_6.3V_K_X7R_0201,C0201_12P992_BA
VCC1R2M_PS8409,R5306,2,T,865,1962,0_0603_LE_SP,R0603_LE_19P685_SHORT
VCC1R2M_PS8409,TB_TP705,1,B,849,2342,,
VCC1R2M_PS8409,U5303,6,T,1144,2462,PS8409AQFN48GTR2-A2_QFN48_6X6,PS8409AQFN48GTR2-A2_QFN48_6X6
VCC1R2M_PS8409,U5303,11,T,1066,2462,PS8409AQFN48GTR2-A2_QFN48_6X6,PS8409AQFN48GTR2-A2_QFN48_6X6
VCC1R2M_PS8409,U5303,15,T,1019,2400,PS8409AQFN48GTR2-A2_QFN48_6X6,PS8409AQFN48GTR2-A2_QFN48_6X6
VCC1R2M_PS8409,U5303,18,T,1019,2353,PS8409AQFN48GTR2-A2_QFN48_6X6,PS8409AQFN48GTR2-A2_QFN48_6X6
VCC1R2M_PS8409,U5303,30,T,1129,2228,PS8409AQFN48GTR2-A2_QFN48_6X6,PS8409AQFN48GTR2-A2_QFN48_6X6
VCC1R2M_PS8409,U5303,43,T,1254,2353,PS8409AQFN48GTR2-A2_QFN48_6X6,PS8409AQFN48GTR2-A2_QFN48_6X6
VCC1R2M_PS8409,U5303,46,T,1254,2400,PS8409AQFN48GTR2-A2_QFN48_6X6,PS8409AQFN48GTR2-A2_QFN48_6X6
VCC1R2VIDEO,C3751,1,T,7299,4040,1U_6.3V_M_X5R_0201,C0201_13P780_BB
VCC1R2VIDEO,C3752,1,T,7629,3795,1U_6.3V_M_X5R_0201,C0201_13P780_BB
VCC1R2VIDEO,C3753,1,T,7078,3856,1U_6.3V_M_X5R_0201,C0201_13P780_BB
VCC1R2VIDEO,C3754,1,T,7132,4018,1U_6.3V_M_X5R_0201,C0201_13P780_BB
VCC1R2VIDEO,C3755,1,T,7111,3996,1U_6.3V_M_X5R_0201,C0201_13P780_BB
VCC1R2VIDEO,C3756,1,T,7701,4174,1U_6.3V_M_X5R_0201,C0201_13P780_BB
VCC1R2VIDEO,C3757,1,T,7132,4040,1U_6.3V_M_X5R_0201,C0201_13P780_BB
VCC1R2VIDEO,C3758,1,T,7110,3910,1U_6.3V_M_X5R_0201,C0201_13P780_BB
VCC1R2VIDEO,C3759,2,T,7572,3918,10U_6.3V_M_X5R_0402,C0402_27P559_CD
VCC1R2VIDEO,C3760,2,T,6952,3946,10U_6.3V_M_X5R_0402,C0402_27P559_CD
VCC1R2VIDEO,C3761,2,T,7397,4115,10U_6.3V_M_X5R_0402,C0402_27P559_CD
VCC1R2VIDEO,C3762,2,T,6977,4024,22U_6.3V_M_X5R_0603,C0603_39P370_DC
VCC1R2VIDEO,C3763,2,T,7744,4003,22U_6.3V_M_X5R_0603,C0603_39P370_DC
VCC1R2VIDEO,C3764,2,T,7666,3795,22U_6.3V_M_X5R_0603,C0603_39P370_DC
VCC1R2VIDEO,C3901,1,T,8252,4443,1U_6.3V_M_X5R_0201,C0201_13P780_BB
VCC1R2VIDEO,C3902,1,T,7209,4817,1U_6.3V_M_X5R_0201,C0201_13P780_BB
VCC1R2VIDEO,C3903,1,T,7364,5158,1U_6.3V_M_X5R_0201,C0201_13P780_BB
VCC1R2VIDEO,C3904,1,T,7473,5060,1U_6.3V_M_X5R_0201,C0201_13P780_BB
VCC1R2VIDEO,C3905,1,T,7614,4661,1U_6.3V_M_X5R_0201,C0201_13P780_BB
VCC1R2VIDEO,C3906,1,T,8485,4299,1U_6.3V_M_X5R_0201,C0201_13P780_BB
VCC1R2VIDEO,C3907,1,T,7388,4633,1U_6.3V_M_X5R_0201,C0201_13P780_BB
VCC1R2VIDEO,C3908,1,T,7357,4824,1U_6.3V_M_X5R_0201,C0201_13P780_BB
VCC1R2VIDEO,C3909,1,T,7501,4703,1U_6.3V_M_X5R_0201,C0201_13P780_BB
VCC1R2VIDEO,C3910,1,T,8098,4177,1U_6.3V_M_X5R_0201,C0201_13P780_BB
VCC1R2VIDEO,C3911,1,T,7479,4835,1U_6.3V_M_X5R_0201,C0201_13P780_BB
VCC1R2VIDEO,C3912,1,T,7344,4752,1U_6.3V_M_X5R_0201,C0201_13P780_BB
VCC1R2VIDEO,C3913,1,T,8685,4209,1U_6.3V_M_X5R_0201,C0201_13P780_BB
VCC1R2VIDEO,C3914,1,T,8335,4443,1U_6.3V_M_X5R_0201,C0201_13P780_BB
VCC1R2VIDEO,C3915,1,T,8632,4310,1U_6.3V_M_X5R_0201,C0201_13P780_BB
VCC1R2VIDEO,C3916,1,T,8528,4146,1U_6.3V_M_X5R_0201,C0201_13P780_BB
VCC1R2VIDEO,C3917,1,T,8595,4146,1U_6.3V_M_X5R_0201,C0201_13P780_BB
VCC1R2VIDEO,C3918,1,T,8306,4326,1U_6.3V_M_X5R_0201,C0201_13P780_BB
VCC1R2VIDEO,C3923,2,T,7221,4754,10U_6.3V_M_X5R_0402,C0402_27P559_CD
VCC1R2VIDEO,C3924,2,T,7801,4784,10U_6.3V_M_X5R_0402,C0402_27P559_CD
VCC1R2VIDEO,C3925,2,T,7790,4981,10U_6.3V_M_X5R_0402,C0402_27P559_CD
VCC1R2VIDEO,C3926,2,T,8741,4515,10U_6.3V_M_X5R_0402,C0402_27P559_CD
VCC1R2VIDEO,C3927,2,T,8157,4322,22U_6.3V_M_X5R_0603,C0603_39P370_DC
VCC1R2VIDEO,C3928,2,T,8359,4624,22U_6.3V_M_X5R_0603,C0603_39P370_DC
VCC1R2VIDEO,C3929,2,T,8718,4650,22U_6.3V_M_X5R_0603,C0603_39P370_DC
VCC1R2VIDEO,C3930,2,T,7429,4872,22U_6.3V_M_X5R_0603,C0603_39P370_DC
VCC1R2VIDEO,C3931,2,T,7530,4810,22U_6.3V_M_X5R_0603,C0603_39P370_DC
VCC1R2VIDEO,C3932,2,T,7789,5178,22U_6.3V_M_X5R_0603,C0603_39P370_DC
VCC1R2VIDEO,C3933,2,T,8282,4078,10U_6.3V_M_X5R_0402,C0402_27P559_CD
VCC1R2VIDEO,C3934,2,T,8741,4436,10U_6.3V_M_X5R_0402,C0402_27P559_CD
VCC1R2VIDEO,C4001,1,T,8250,4618,1U_6.3V_M_X5R_0201,C0201_13P780_BB
VCC1R2VIDEO,C4002,1,T,8155,4405,1U_6.3V_M_X5R_0201,C0201_13P780_BB
VCC1R2VIDEO,C4003,1,T,8455,4148,1U_6.3V_M_X5R_0201,C0201_13P780_BB
VCC1R2VIDEO,C4004,1,T,8342,4198,1U_6.3V_M_X5R_0201,C0201_13P780_BB
VCC1R2VIDEO,C4005,1,T,8248,4146,1U_6.3V_M_X5R_0201,C0201_13P780_BB
VCC1R2VIDEO,C4006,1,T,8323,4142,1U_6.3V_M_X5R_0201,C0201_13P780_BB
VCC1R2VIDEO,C4007,1,T,7635,4736,1U_6.3V_M_X5R_0201,C0201_13P780_BB
VCC1R2VIDEO,C4008,1,T,7742,5044,1U_6.3V_M_X5R_0201,C0201_13P780_BB
VCC1R2VIDEO,C4009,1,T,7619,5004,1U_6.3V_M_X5R_0201,C0201_13P780_BB
VCC1R2VIDEO,C4010,1,T,7470,5085,1U_6.3V_M_X5R_0201,C0201_13P780_BB
VCC1R2VIDEO,C4011,1,T,7523,5132,1U_6.3V_M_X5R_0201,C0201_13P780_BB
VCC1R2VIDEO,C4012,1,T,7447,4729,1U_6.3V_M_X5R_0201,C0201_13P780_BB
VCC1R2VIDEO,C4013,1,T,8645,4607,1U_6.3V_M_X5R_0201,C0201_13P780_BB
VCC1R2VIDEO,C4014,1,T,8182,4615,1U_6.3V_M_X5R_0201,C0201_13P780_BB
VCC1R2VIDEO,C4015,1,T,8515,4436,1U_6.3V_M_X5R_0201,C0201_13P780_BB
VCC1R2VIDEO,C4016,1,T,8489,4528,1U_6.3V_M_X5R_0201,C0201_13P780_BB
VCC1R2VIDEO,C4017,1,T,8467,4443,1U_6.3V_M_X5R_0201,C0201_13P780_BB
VCC1R2VIDEO,C4018,1,T,8336,4527,1U_6.3V_M_X5R_0201,C0201_13P780_BB
VCC1R2VIDEO,C4023,2,T,7792,5054,10U_6.3V_M_X5R_0402,C0402_27P559_CD
VCC1R2VIDEO,C4024,2,T,7313,4113,10U_6.3V_M_X5R_0402,C0402_27P559_CD
VCC1R2VIDEO,C4025,2,T,8563,4138,10U_6.3V_M_X5R_0402,C0402_27P559_CD
VCC1R2VIDEO,C4026,2,T,8181,4140,10U_6.3V_M_X5R_0402,C0402_27P559_CD
VCC1R2VIDEO,C4027,2,T,8115,4524,22U_6.3V_M_X5R_0603,C0603_39P370_DC
VCC1R2VIDEO,C4028,2,T,7812,4084,22U_6.3V_M_X5R_0603,C0603_39P370_DC
VCC1R2VIDEO,C4029,2,T,8710,4316,22U_6.3V_M_X5R_0603,C0603_39P370_DC
VCC1R2VIDEO,C4030,2,T,8552,4344,22U_6.3V_M_X5R_0603,C0603_39P370_DC
VCC1R2VIDEO,C4031,2,T,7563,5084,22U_6.3V_M_X5R_0603,C0603_39P370_DC
VCC1R2VIDEO,C4032,2,T,7612,4868,22U_6.3V_M_X5R_0603,C0603_39P370_DC
VCC1R2VIDEO,C4033,2,T,7788,4883,10U_6.3V_M_X5R_0402,C0402_27P559_CD
VCC1R2VIDEO,C4034,2,T,7792,4713,10U_6.3V_M_X5R_0402,C0402_27P559_CD
VCC1R2VIDEO,PJ1601,2,B,7189,5110,JUMP_43X79,JUMP_43X79
VCC1R2VIDEO,PJ1602,2,T,7195,5106,JUMP_43X79,JUMP_43X79
VCC1R2VIDEO,PR1612,2,T,8564,4074,0_0402_SP,R0402_SHORT
VCC1R2VIDEO,PR1621,1,B,7199,4983,1/10W_10_5%_0603,R0603_21P654
VCC1R2VIDEO,PR1625,2,T,8537,4075,1/20W_0_5%_0201,R0201_11P811
VCC1R2VIDEO,R3303,1,T,8408,4400,1/20W_10K_1%_0201,R0201_11P811
VCC1R2VIDEO,R3304,1,T,7520,4841,1/20W_10K_1%_0201,R0201_11P811
VCC1R2VIDEO,R3305,1,T,8414,4352,1/20W_10K_1%_0201,R0201_11P811
VCC1R2VIDEO,R3306,1,T,7570,4975,1/20W_10K_1%_0201,R0201_11P811
VCC1R2VIDEO,R3802,2,B,6735,4069,1/20W_40.2_1%_0201,R0201_11P811
VCC1R2VIDEO,TB_TP1183,1,T,6803,4026,,
VCC1R2VIDEO,UGPU1,G8,B,7553,4075,NVIDIA_GN20-S5-GB3-64_FCBGA771,NVIDIA_GN20-S5-GB3-64_FCBGA_771P-T
VCC1R2VIDEO,UGPU1,G9,B,7526,4075,NVIDIA_GN20-S5-GB3-64_FCBGA771,NVIDIA_GN20-S5-GB3-64_FCBGA_771P-T
VCC1R2VIDEO,UGPU1,G11,B,7470,4075,NVIDIA_GN20-S5-GB3-64_FCBGA771,NVIDIA_GN20-S5-GB3-64_FCBGA_771P-T
VCC1R2VIDEO,UGPU1,G12,B,7443,4075,NVIDIA_GN20-S5-GB3-64_FCBGA771,NVIDIA_GN20-S5-GB3-64_FCBGA_771P-T
VCC1R2VIDEO,UGPU1,G14,B,7388,4075,NVIDIA_GN20-S5-GB3-64_FCBGA771,NVIDIA_GN20-S5-GB3-64_FCBGA_771P-T
VCC1R2VIDEO,UGPU1,G15,B,7360,4075,NVIDIA_GN20-S5-GB3-64_FCBGA771,NVIDIA_GN20-S5-GB3-64_FCBGA_771P-T
VCC1R2VIDEO,UGPU1,G17,B,7305,4075,NVIDIA_GN20-S5-GB3-64_FCBGA771,NVIDIA_GN20-S5-GB3-64_FCBGA_771P-T
VCC1R2VIDEO,UGPU1,G18,B,7278,4075,NVIDIA_GN20-S5-GB3-64_FCBGA771,NVIDIA_GN20-S5-GB3-64_FCBGA_771P-T
VCC1R2VIDEO,UGPU1,G20,B,7222,4075,NVIDIA_GN20-S5-GB3-64_FCBGA771,NVIDIA_GN20-S5-GB3-64_FCBGA_771P-T
VCC1R2VIDEO,UGPU1,G21,B,7195,4075,NVIDIA_GN20-S5-GB3-64_FCBGA771,NVIDIA_GN20-S5-GB3-64_FCBGA_771P-T
VCC1R2VIDEO,UGPU1,G23,B,7140,4075,NVIDIA_GN20-S5-GB3-64_FCBGA771,NVIDIA_GN20-S5-GB3-64_FCBGA_771P-T
VCC1R2VIDEO,UGPU1,H25,B,7075,4037,NVIDIA_GN20-S5-GB3-64_FCBGA771,NVIDIA_GN20-S5-GB3-64_FCBGA_771P-T
VCC1R2VIDEO,UGPU1,J7,B,7591,4010,NVIDIA_GN20-S5-GB3-64_FCBGA771,NVIDIA_GN20-S5-GB3-64_FCBGA_771P-T
VCC1R2VIDEO,UGPU1,J25,B,7075,4010,NVIDIA_GN20-S5-GB3-64_FCBGA771,NVIDIA_GN20-S5-GB3-64_FCBGA_771P-T
VCC1R2VIDEO,UGPU1,L7,B,7591,3955,NVIDIA_GN20-S5-GB3-64_FCBGA771,NVIDIA_GN20-S5-GB3-64_FCBGA_771P-T
VCC1R2VIDEO,UGPU1,L25,B,7075,3955,NVIDIA_GN20-S5-GB3-64_FCBGA771,NVIDIA_GN20-S5-GB3-64_FCBGA_771P-T
VCC1R2VIDEO,UGPU1,M7,B,7591,3927,NVIDIA_GN20-S5-GB3-64_FCBGA771,NVIDIA_GN20-S5-GB3-64_FCBGA_771P-T
VCC1R2VIDEO,UGPU1,M25,B,7075,3927,NVIDIA_GN20-S5-GB3-64_FCBGA771,NVIDIA_GN20-S5-GB3-64_FCBGA_771P-T
VCC1R2VIDEO,UGPU1,P7,B,7591,3872,NVIDIA_GN20-S5-GB3-64_FCBGA771,NVIDIA_GN20-S5-GB3-64_FCBGA_771P-T
VCC1R2VIDEO,UGPU1,P25,B,7075,3872,NVIDIA_GN20-S5-GB3-64_FCBGA771,NVIDIA_GN20-S5-GB3-64_FCBGA_771P-T
VCC1R2VIDEO,UGPU1,R7,B,7591,3844,NVIDIA_GN20-S5-GB3-64_FCBGA771,NVIDIA_GN20-S5-GB3-64_FCBGA_771P-T
VCC1R2VIDEO,UGPU1,R25,B,7075,3844,NVIDIA_GN20-S5-GB3-64_FCBGA771,NVIDIA_GN20-S5-GB3-64_FCBGA_771P-T
VCC1R2VIDEO,UV1,A1,B,8135,4567,K4Z80325BC-HC14_FBGA180,K4Z80325BC-HC14_FBGA_180P-T
VCC1R2VIDEO,UV1,A14,B,8135,4183,K4Z80325BC-HC14_FBGA180,K4Z80325BC-HC14_FBGA_180P-T
VCC1R2VIDEO,UV1,B5,B,8165,4449,K4Z80325BC-HC14_FBGA180,K4Z80325BC-HC14_FBGA_180P-T
VCC1R2VIDEO,UV1,B10,B,8165,4302,K4Z80325BC-HC14_FBGA180,K4Z80325BC-HC14_FBGA_180P-T
VCC1R2VIDEO,UV1,C1,B,8194,4567,K4Z80325BC-HC14_FBGA180,K4Z80325BC-HC14_FBGA_180P-T
VCC1R2VIDEO,UV1,C4,B,8194,4479,K4Z80325BC-HC14_FBGA180,K4Z80325BC-HC14_FBGA_180P-T
VCC1R2VIDEO,UV1,C11,B,8194,4272,K4Z80325BC-HC14_FBGA180,K4Z80325BC-HC14_FBGA_180P-T
VCC1R2VIDEO,UV1,C14,B,8194,4183,K4Z80325BC-HC14_FBGA180,K4Z80325BC-HC14_FBGA_180P-T
VCC1R2VIDEO,UV1,E1,B,8253,4567,K4Z80325BC-HC14_FBGA180,K4Z80325BC-HC14_FBGA_180P-T
VCC1R2VIDEO,UV1,E5,B,8253,4449,K4Z80325BC-HC14_FBGA180,K4Z80325BC-HC14_FBGA_180P-T
VCC1R2VIDEO,UV1,E10,B,8253,4302,K4Z80325BC-HC14_FBGA180,K4Z80325BC-HC14_FBGA_180P-T
VCC1R2VIDEO,UV1,E14,B,8253,4183,K4Z80325BC-HC14_FBGA180,K4Z80325BC-HC14_FBGA_180P-T
VCC1R2VIDEO,UV1,F4,B,8283,4479,K4Z80325BC-HC14_FBGA180,K4Z80325BC-HC14_FBGA_180P-T
VCC1R2VIDEO,UV1,F11,B,8283,4272,K4Z80325BC-HC14_FBGA180,K4Z80325BC-HC14_FBGA_180P-T
VCC1R2VIDEO,UV1,H1,B,8342,4567,K4Z80325BC-HC14_FBGA180,K4Z80325BC-HC14_FBGA_180P-T
VCC1R2VIDEO,UV1,H2,B,8342,4538,K4Z80325BC-HC14_FBGA180,K4Z80325BC-HC14_FBGA_180P-T
VCC1R2VIDEO,UV1,H13,B,8342,4213,K4Z80325BC-HC14_FBGA180,K4Z80325BC-HC14_FBGA_180P-T
VCC1R2VIDEO,UV1,H14,B,8342,4183,K4Z80325BC-HC14_FBGA180,K4Z80325BC-HC14_FBGA_180P-T
VCC1R2VIDEO,UV1,J2,B,8372,4538,K4Z80325BC-HC14_FBGA180,K4Z80325BC-HC14_FBGA_180P-T
VCC1R2VIDEO,UV1,J13,B,8372,4213,K4Z80325BC-HC14_FBGA180,K4Z80325BC-HC14_FBGA_180P-T
VCC1R2VIDEO,UV1,K2,B,8401,4538,K4Z80325BC-HC14_FBGA180,K4Z80325BC-HC14_FBGA_180P-T
VCC1R2VIDEO,UV1,K13,B,8401,4213,K4Z80325BC-HC14_FBGA180,K4Z80325BC-HC14_FBGA_180P-T
VCC1R2VIDEO,UV1,L1,B,8431,4567,K4Z80325BC-HC14_FBGA180,K4Z80325BC-HC14_FBGA_180P-T
VCC1R2VIDEO,UV1,L2,B,8431,4538,K4Z80325BC-HC14_FBGA180,K4Z80325BC-HC14_FBGA_180P-T
VCC1R2VIDEO,UV1,L13,B,8431,4213,K4Z80325BC-HC14_FBGA180,K4Z80325BC-HC14_FBGA_180P-T
VCC1R2VIDEO,UV1,L14,B,8431,4183,K4Z80325BC-HC14_FBGA180,K4Z80325BC-HC14_FBGA_180P-T
VCC1R2VIDEO,UV1,N4,B,8490,4479,K4Z80325BC-HC14_FBGA180,K4Z80325BC-HC14_FBGA_180P-T
VCC1R2VIDEO,UV1,N11,B,8490,4272,K4Z80325BC-HC14_FBGA180,K4Z80325BC-HC14_FBGA_180P-T
VCC1R2VIDEO,UV1,P1,B,8519,4567,K4Z80325BC-HC14_FBGA180,K4Z80325BC-HC14_FBGA_180P-T
VCC1R2VIDEO,UV1,P5,B,8519,4449,K4Z80325BC-HC14_FBGA180,K4Z80325BC-HC14_FBGA_180P-T
VCC1R2VIDEO,UV1,P10,B,8519,4302,K4Z80325BC-HC14_FBGA180,K4Z80325BC-HC14_FBGA_180P-T
VCC1R2VIDEO,UV1,P14,B,8519,4183,K4Z80325BC-HC14_FBGA180,K4Z80325BC-HC14_FBGA_180P-T
VCC1R2VIDEO,UV1,T1,B,8578,4567,K4Z80325BC-HC14_FBGA180,K4Z80325BC-HC14_FBGA_180P-T
VCC1R2VIDEO,UV1,T4,B,8578,4479,K4Z80325BC-HC14_FBGA180,K4Z80325BC-HC14_FBGA_180P-T
VCC1R2VIDEO,UV1,T11,B,8578,4272,K4Z80325BC-HC14_FBGA180,K4Z80325BC-HC14_FBGA_180P-T
VCC1R2VIDEO,UV1,T14,B,8578,4183,K4Z80325BC-HC14_FBGA180,K4Z80325BC-HC14_FBGA_180P-T
VCC1R2VIDEO,UV1,U5,B,8608,4449,K4Z80325BC-HC14_FBGA180,K4Z80325BC-HC14_FBGA_180P-T
VCC1R2VIDEO,UV1,U10,B,8608,4302,K4Z80325BC-HC14_FBGA180,K4Z80325BC-HC14_FBGA_180P-T
VCC1R2VIDEO,UV1,V1,B,8637,4567,K4Z80325BC-HC14_FBGA180,K4Z80325BC-HC14_FBGA_180P-T
VCC1R2VIDEO,UV1,V14,B,8637,4183,K4Z80325BC-HC14_FBGA180,K4Z80325BC-HC14_FBGA_180P-T
VCC1R2VIDEO,UV2,A1,B,7355,4670,K4Z80325BC-HC14_FBGA180,K4Z80325BC-HC14_FBGA_180P-T
VCC1R2VIDEO,UV2,A14,B,7739,4670,K4Z80325BC-HC14_FBGA180,K4Z80325BC-HC14_FBGA_180P-T
VCC1R2VIDEO,UV2,B5,B,7473,4700,K4Z80325BC-HC14_FBGA180,K4Z80325BC-HC14_FBGA_180P-T
VCC1R2VIDEO,UV2,B10,B,7621,4700,K4Z80325BC-HC14_FBGA180,K4Z80325BC-HC14_FBGA_180P-T
VCC1R2VIDEO,UV2,C1,B,7355,4729,K4Z80325BC-HC14_FBGA180,K4Z80325BC-HC14_FBGA_180P-T
VCC1R2VIDEO,UV2,C4,B,7444,4729,K4Z80325BC-HC14_FBGA180,K4Z80325BC-HC14_FBGA_180P-T
VCC1R2VIDEO,UV2,C11,B,7651,4729,K4Z80325BC-HC14_FBGA180,K4Z80325BC-HC14_FBGA_180P-T
VCC1R2VIDEO,UV2,C14,B,7739,4729,K4Z80325BC-HC14_FBGA180,K4Z80325BC-HC14_FBGA_180P-T
VCC1R2VIDEO,UV2,E1,B,7355,4788,K4Z80325BC-HC14_FBGA180,K4Z80325BC-HC14_FBGA_180P-T
VCC1R2VIDEO,UV2,E5,B,7473,4788,K4Z80325BC-HC14_FBGA180,K4Z80325BC-HC14_FBGA_180P-T
VCC1R2VIDEO,UV2,E10,B,7621,4788,K4Z80325BC-HC14_FBGA180,K4Z80325BC-HC14_FBGA_180P-T
VCC1R2VIDEO,UV2,E14,B,7739,4788,K4Z80325BC-HC14_FBGA180,K4Z80325BC-HC14_FBGA_180P-T
VCC1R2VIDEO,UV2,F4,B,7444,4818,K4Z80325BC-HC14_FBGA180,K4Z80325BC-HC14_FBGA_180P-T
VCC1R2VIDEO,UV2,F11,B,7651,4818,K4Z80325BC-HC14_FBGA180,K4Z80325BC-HC14_FBGA_180P-T
VCC1R2VIDEO,UV2,H1,B,7355,4877,K4Z80325BC-HC14_FBGA180,K4Z80325BC-HC14_FBGA_180P-T
VCC1R2VIDEO,UV2,H2,B,7385,4877,K4Z80325BC-HC14_FBGA180,K4Z80325BC-HC14_FBGA_180P-T
VCC1R2VIDEO,UV2,H13,B,7710,4877,K4Z80325BC-HC14_FBGA180,K4Z80325BC-HC14_FBGA_180P-T
VCC1R2VIDEO,UV2,H14,B,7739,4877,K4Z80325BC-HC14_FBGA180,K4Z80325BC-HC14_FBGA_180P-T
VCC1R2VIDEO,UV2,J2,B,7385,4907,K4Z80325BC-HC14_FBGA180,K4Z80325BC-HC14_FBGA_180P-T
VCC1R2VIDEO,UV2,J13,B,7710,4907,K4Z80325BC-HC14_FBGA180,K4Z80325BC-HC14_FBGA_180P-T
VCC1R2VIDEO,UV2,K2,B,7385,4936,K4Z80325BC-HC14_FBGA180,K4Z80325BC-HC14_FBGA_180P-T
VCC1R2VIDEO,UV2,K13,B,7710,4936,K4Z80325BC-HC14_FBGA180,K4Z80325BC-HC14_FBGA_180P-T
VCC1R2VIDEO,UV2,L1,B,7355,4966,K4Z80325BC-HC14_FBGA180,K4Z80325BC-HC14_FBGA_180P-T
VCC1R2VIDEO,UV2,L2,B,7385,4966,K4Z80325BC-HC14_FBGA180,K4Z80325BC-HC14_FBGA_180P-T
VCC1R2VIDEO,UV2,L13,B,7710,4966,K4Z80325BC-HC14_FBGA180,K4Z80325BC-HC14_FBGA_180P-T
VCC1R2VIDEO,UV2,L14,B,7739,4966,K4Z80325BC-HC14_FBGA180,K4Z80325BC-HC14_FBGA_180P-T
VCC1R2VIDEO,UV2,N4,B,7444,5025,K4Z80325BC-HC14_FBGA180,K4Z80325BC-HC14_FBGA_180P-T
VCC1R2VIDEO,UV2,N11,B,7651,5025,K4Z80325BC-HC14_FBGA180,K4Z80325BC-HC14_FBGA_180P-T
VCC1R2VIDEO,UV2,P1,B,7355,5054,K4Z80325BC-HC14_FBGA180,K4Z80325BC-HC14_FBGA_180P-T
VCC1R2VIDEO,UV2,P5,B,7473,5054,K4Z80325BC-HC14_FBGA180,K4Z80325BC-HC14_FBGA_180P-T
VCC1R2VIDEO,UV2,P10,B,7621,5054,K4Z80325BC-HC14_FBGA180,K4Z80325BC-HC14_FBGA_180P-T
VCC1R2VIDEO,UV2,P14,B,7739,5054,K4Z80325BC-HC14_FBGA180,K4Z80325BC-HC14_FBGA_180P-T
VCC1R2VIDEO,UV2,T1,B,7355,5113,K4Z80325BC-HC14_FBGA180,K4Z80325BC-HC14_FBGA_180P-T
VCC1R2VIDEO,UV2,T4,B,7444,5113,K4Z80325BC-HC14_FBGA180,K4Z80325BC-HC14_FBGA_180P-T
VCC1R2VIDEO,UV2,T11,B,7651,5113,K4Z80325BC-HC14_FBGA180,K4Z80325BC-HC14_FBGA_180P-T
VCC1R2VIDEO,UV2,T14,B,7739,5113,K4Z80325BC-HC14_FBGA180,K4Z80325BC-HC14_FBGA_180P-T
VCC1R2VIDEO,UV2,U5,B,7473,5143,K4Z80325BC-HC14_FBGA180,K4Z80325BC-HC14_FBGA_180P-T
VCC1R2VIDEO,UV2,U10,B,7621,5143,K4Z80325BC-HC14_FBGA180,K4Z80325BC-HC14_FBGA_180P-T
VCC1R2VIDEO,UV2,V1,B,7355,5172,K4Z80325BC-HC14_FBGA180,K4Z80325BC-HC14_FBGA_180P-T
VCC1R2VIDEO,UV2,V14,B,7739,5172,K4Z80325BC-HC14_FBGA180,K4Z80325BC-HC14_FBGA_180P-T
VCC1R2VIDEO_EN,PQ1601,2,B,7144,4889,UM6K33N_UMT6,UM6K33N_UMT6
VCC1R2VIDEO_EN,PR1617,2,B,6616,4885,0_0402_SP,R0402_SHORT
VCC1R2VIDEO_EN,PU1601,8,B,6682,4904,MP2941AGL-C669-Z_QFN19_3X4,MP2941AGL-Z_QFN19_3X4
VCC1R2VIDEO_EN,TB_TP1128,1,T,6617,4902,,
VCC1R2VIDEO_FB,PR1606,2,B,6916,4909,1/16W_20K_1%_0402,R0402_15P748
VCC1R2VIDEO_FB,PR1611,1,B,6915,4877,1/16W_20K_1%_0402,R0402_15P748
VCC1R2VIDEO_FB,PR1631,1,T,6879,4837,1/16W_237K_1%_0402,R0402_15P748
VCC1R2VIDEO_FB,PU1601,17,B,6831,4872,MP2941AGL-C669-Z_QFN19_3X4,MP2941AGL-Z_QFN19_3X4
VCC1R2VIDEO_FB,TB_TP1185,1,T,6909,4798,,
VCC1R2VIDEO_FB_R,PR1606,1,B,6952,4909,1/16W_20K_1%_0402,R0402_15P748
VCC1R2VIDEO_FB_R,PR1607,2,B,6982,4900,1/16W_10_1%_0402,R0402_15P748
VCC1R2VIDEO_FB_R,PR1622,1,T,8596,4074,0_0402_SP,R0402_SHORT
VCC1R2VIDEO_FB_R,PR1627,1,T,8512,4075,1/20W_0_5%_0201,R0201_11P811
VCC1R2VIDEO_FB_R,R3801,2,B,7844,4054,0_0201_SP,R0201_SHORT
VCC1R2VIDEO_FB_R,TB_TP1159,1,B,8757,4274,,
VCC1R2VIDEO_R,PC1613,2,B,7101,5018,22U_6.3V_M_X5R_0603,C0603_39P370_DC
VCC1R2VIDEO_R,PC1614,2,B,7195,5201,22U_6.3V_M_X5R_0603,C0603_39P370_DC
VCC1R2VIDEO_R,PC1615,2,B,7145,5200,22U_6.3V_M_X5R_0603,C0603_39P370_DC
VCC1R2VIDEO_R,PC1616,2,T,7151,5018,22U_6.3V_M_X5R_0603,C0603_39P370_DC
VCC1R2VIDEO_R,PC1617,2,T,7101,5018,22U_6.3V_M_X5R_0603,C0603_39P370_DC
VCC1R2VIDEO_R,PC1618,2,B,7151,5018,22U_6.3V_M_X5R_0603,C0603_39P370_DC
VCC1R2VIDEO_R,PC1619,2,T,7195,5202,22U_6.3V_M_X5R_0603,C0603_39P370_DC
VCC1R2VIDEO_R,PC1621,2,T,7144,5202,22U_6.3V_M_X5R_0603,C0603_39P370_DC
VCC1R2VIDEO_R,PC1623,1,T,6922,5046,0.1U_25V_K_X7R_0402,C0402_21P654_CA
VCC1R2VIDEO_R,PC1625,2,T,7052,5026,22U_6.3V_M_X5R_0603,C0603_39P370_DC
VCC1R2VIDEO_R,PC1626,2,T,7095,5202,22U_6.3V_M_X5R_0603,C0603_39P370_DC
VCC1R2VIDEO_R,PC1627,2,B,7042,5201,22U_6.3V_M_X5R_0603,C0603_39P370_DC
VCC1R2VIDEO_R,PC1628,2,B,7095,5201,22U_6.3V_M_X5R_0603,C0603_39P370_DC
VCC1R2VIDEO_R,PC1629,2,B,7002,5023,22U_6.3V_M_X5R_0603,C0603_39P370_DC
VCC1R2VIDEO_R,PC1630,2,B,7052,5025,22U_6.3V_M_X5R_0603,C0603_39P370_DC
VCC1R2VIDEO_R,PC1631,2,T,7002,5026,22U_6.3V_M_X5R_0603,C0603_39P370_DC
VCC1R2VIDEO_R,PC1632,2,T,7042,5202,22U_6.3V_M_X5R_0603,C0603_39P370_DC
VCC1R2VIDEO_R,PC1635,2,T,6948,5041,2200P_25V_K_X7R_0201,C0201_12P992_BA
VCC1R2VIDEO_R,PJ1601,1,B,7146,5110,JUMP_43X79,JUMP_43X79
VCC1R2VIDEO_R,PJ1602,1,T,7152,5106,JUMP_43X79,JUMP_43X79
VCC1R2VIDEO_R,PL1601,2,B,6928,5138,0.22UH_CMME062D-R22MS1R957_25A_20%,CYNTE_CMME062D-R22MS1R955_2P
VCC1R2VIDEO_R,PR1607,1,B,6982,4936,1/16W_10_1%_0402,R0402_15P748
VCC1R2VIDEO_R,PR1608,2,B,6952,4941,0_0402_SP,R0402_SHORT
VCC1R2VIDEO_R,TB_TP1164,1,B,6976,5254,,
VCC1R2VIDEO_SW,PC1610,2,B,6769,4985,0.22U_25V_K_X7R_0402,C0402_21P654_CA
VCC1R2VIDEO_SW,PC1611,2,B,6704,4984,0.22U_25V_K_X7R_0402,C0402_21P654_CA
VCC1R2VIDEO_SW,PC1612,1,T,6795,4976,680P_50V_K_X7R_0402,C0402_21P654_CA
VCC1R2VIDEO_SW,PL1601,1,B,6690,5138,0.22UH_CMME062D-R22MS1R957_25A_20%,CYNTE_CMME062D-R22MS1R955_2P
VCC1R2VIDEO_SW,PU1601,11,B,6737,4918,MP2941AGL-C669-Z_QFN19_3X4,MP2941AGL-Z_QFN19_3X4
VCC1R2VIDEO_SW,PU1601,12,B,6776,4918,MP2941AGL-C669-Z_QFN19_3X4,MP2941AGL-Z_QFN19_3X4
VCC1R2VIDEO_SW,TB_TP1166,1,B,6640,5252,,
VCC1R2VIDEO_VIN,PC1601,1,B,6661,4634,22U_B2_25VM_R100M,C_B2
VCC1R2VIDEO_VIN,PC1603,1,B,6749,4760,10U_25V_M_X5R_0603,C0603_39P370_DC
VCC1R2VIDEO_VIN,PC1604,1,B,6708,4758,10U_25V_M_X5R_0603,C0603_39P370_DC
VCC1R2VIDEO_VIN,PC1605,1,T,6749,4760,10U_25V_M_X5R_0603,C0603_39P370_DC
VCC1R2VIDEO_VIN,PC1606,1,T,6708,4758,10U_25V_M_X5R_0603,C0603_39P370_DC
VCC1R2VIDEO_VIN,PC1608,1,B,6684,4717,0.1U_25V_K_X7R_0402,C0402_21P654_CA
VCC1R2VIDEO_VIN,PC1634,2,T,6693,4721,2200P_25V_K_X7R_0201,C0201_12P992_BA
VCC1R2VIDEO_VIN,PR1601,2,B,6738,4639,0_0603_LE_SP,R0603_LE_19P685_SHORT
VCC1R2VIDEO_VIN,PU1601,2,B,6756,4843,MP2941AGL-C669-Z_QFN19_3X4,MP2941AGL-Z_QFN19_3X4
VCC1R2VIDEO_VIN,TB_TP1169,1,B,6764,4707,,
VCC1R2VIDEO_VOUT,PR1608,1,B,6916,4941,0_0402_SP,R0402_SHORT
VCC1R2VIDEO_VOUT,PU1601,16,B,6831,4888,MP2941AGL-C669-Z_QFN19_3X4,MP2941AGL-Z_QFN19_3X4
VCC1R8VIDEO_AON,C3225,1,T,7006,3586,4.7U_6.3V_M_X5R_0402,C0402_25P591_CC
VCC1R8VIDEO_AON,C3226,1,T,7104,3627,1U_6.3V_M_X5R_0201,C0201_13P780_BB
VCC1R8VIDEO_AON,C3227,1,T,7082,3591,1U_6.3V_M_X5R_0201,C0201_13P780_BB
VCC1R8VIDEO_AON,C3228,1,T,7105,3591,1U_6.3V_M_X5R_0201,C0201_13P780_BB
VCC1R8VIDEO_AON,C3229,2,T,7035,3529,10U_6.3V_M_X5R_0402,C0402_27P559_CD
VCC1R8VIDEO_AON,C3230,2,T,7071,3642,10U_6.3V_M_X5R_0402,C0402_27P559_CD
VCC1R8VIDEO_AON,C3231,2,T,7072,3494,22U_6.3V_M_X5R_0603,C0603_39P370_DC
VCC1R8VIDEO_AON,C3232,1,T,6985,3554,1U_6.3V_M_X5R_0201,C0201_13P780_BB
VCC1R8VIDEO_AON,C35051,2,T,7926,3518,2.2U_6.3V_K_X5R_0402,C0402_21P654_CA
VCC1R8VIDEO_AON,C3601,1,B,8036,3964,0.1U_10V_K_X5R_0201,C0201_12P992_BA
VCC1R8VIDEO_AON,C3919,1,T,8604,4437,1U_6.3V_M_X5R_0201,C0201_13P780_BB
VCC1R8VIDEO_AON,C3920,1,T,8655,4310,1U_6.3V_M_X5R_0201,C0201_13P780_BB
VCC1R8VIDEO_AON,C3921,1,T,8125,4448,1U_6.3V_M_X5R_0201,C0201_13P780_BB
VCC1R8VIDEO_AON,C3922,1,T,8088,4289,1U_6.3V_M_X5R_0201,C0201_13P780_BB
VCC1R8VIDEO_AON,C4019,1,T,7656,4666,1U_6.3V_M_X5R_0201,C0201_13P780_BB
VCC1R8VIDEO_AON,C4020,1,T,7625,5189,1U_6.3V_M_X5R_0201,C0201_13P780_BB
VCC1R8VIDEO_AON,C4021,1,T,7468,4662,1U_6.3V_M_X5R_0201,C0201_13P780_BB
VCC1R8VIDEO_AON,C4022,1,T,7503,5189,1U_6.3V_M_X5R_0201,C0201_13P780_BB
VCC1R8VIDEO_AON,L3301,1,B,6623,4176,MPZ1608S300AT_2P,TDK_MPZ1608S300AT_2P
VCC1R8VIDEO_AON,L3401,1,T,7736,3554,MPZ1608S300AT_2P,TDK_MPZ1608S300AT_2P
VCC1R8VIDEO_AON,PC1624,2,B,6556,4841,0.01U_25V_K_X7R_0402,C0402_21P654_CA
VCC1R8VIDEO_AON,PJ1701,2,T,9061,4459,JUMP_43X79,JUMP_43X79
VCC1R8VIDEO_AON,PR1503,1,B,7564,1680,1/20W_10K_1%_0201,R0201_11P811
VCC1R8VIDEO_AON,PR1705,1,T,9075,4524,1/10W_10_5%_0603,R0603_21P654
VCC1R8VIDEO_AON,PU1602,6,B,6563,4963,74AUP1G32GS SOT1202-6_1X1,74AUP1G32GF_SOT891-6_1X1
VCC1R8VIDEO_AON,Q3508,2,B,7668,3197,RUM002N05MGT2L_VMT3,RUM002N05MGT2L_VMT3
VCC1R8VIDEO_AON,Q3509,2,B,7668,3134,RUM002N05MGT2L_VMT3,RUM002N05MGT2L_VMT3
VCC1R8VIDEO_AON,R3202,1,B,6719,3373,1/20W_10K_1%_0201,R0201_11P811
VCC1R8VIDEO_AON,R3204,1,B,6785,3493,1/20W_10K_5%_0201,R0201_11P811
VCC1R8VIDEO_AON,R3401,2,B,7916,3326,1/20W_100K_1%_0201,R0201_11P811
VCC1R8VIDEO_AON,R3501,1,B,7579,3285,1/20W_2.2K_5%_0201,R0201_11P811
VCC1R8VIDEO_AON,R3502,1,B,7619,3285,1/20W_2.2K_5%_0201,R0201_11P811
VCC1R8VIDEO_AON,R3503,1,B,7665,3255,1/20W_2.2K_5%_0201,R0201_11P811
VCC1R8VIDEO_AON,R3504,1,B,7643,3255,1/20W_2.2K_5%_0201,R0201_11P811
VCC1R8VIDEO_AON,R3505,1,B,7535,3242,1/20W_2.2K_5%_0201,R0201_11P811
VCC1R8VIDEO_AON,R3506,1,B,7510,3242,1/20W_2.2K_5%_0201,R0201_11P811
VCC1R8VIDEO_AON,R3507,1,B,7934,3539,1/20W_10K_5%_0201,R0201_11P811
VCC1R8VIDEO_AON,R3508,1,T,7893,3765,1/20W_10K_5%_0201,R0201_11P811
VCC1R8VIDEO_AON,R3509,1,T,7913,3634,1/20W_100K_5%_0201,R0201_11P811
VCC1R8VIDEO_AON,R3510,1,B,7934,3517,1/20W_100_1%_0201,R0201_11P811
VCC1R8VIDEO_AON,R3528,1,T,8031,3747,1/20W_100K_5%_0201,R0201_11P811
VCC1R8VIDEO_AON,R3531,2,T,8063,3513,1/16W_0_5%_0402,R0402_15P748
VCC1R8VIDEO_AON,R3534,1,T,7818,3604,1/20W_10K_5%_0201,R0201_11P811
VCC1R8VIDEO_AON,R3601,1,B,7980,3426,1/20W_100K_1%_0201,R0201_11P811
VCC1R8VIDEO_AON,R3602,1,B,7916,3349,1/20W_100K_1%_0201,R0201_11P811
VCC1R8VIDEO_AON,R3603,1,T,7555,3310,1/20W_100K_1%_0201,R0201_11P811
VCC1R8VIDEO_AON,R3604,1,T,7603,3309,1/20W_100K_1%_0201,R0201_11P811
VCC1R8VIDEO_AON,R3605,1,B,7403,3268,1/20W_100K_1%_0201,R0201_11P811
VCC1R8VIDEO_AON,R3606,1,T,7581,3309,1/20W_100K_1%_0201,R0201_11P811
VCC1R8VIDEO_AON,R3607,1,B,7932,4027,1/20W_100K_1%_0201,R0201_11P811
VCC1R8VIDEO_AON,R3608,1,B,7974,3594,1/20W_10K_1%_0201,R0201_11P811
VCC1R8VIDEO_AON,R3609,1,B,8053,4034,1/20W_100K_1%_0201,R0201_11P811
VCC1R8VIDEO_AON,R3619,1,B,7878,3586,1/20W_10K_1%_0201,R0201_11P811
VCC1R8VIDEO_AON,R3620,1,B,8066,3578,1/20W_10K_1%_0201,R0201_11P811
VCC1R8VIDEO_AON,R3807,2,T,7763,3617,0_0201_SP,R0201_SHORT
VCC1R8VIDEO_AON,R4004,1,B,6647,3422,1/20W_10K_5%_0201,R0201_11P811
VCC1R8VIDEO_AON,TB_TP1066,1,B,7992,4803,,
VCC1R8VIDEO_AON,U3505,A2,T,7968,3547,TPS22902BYFPR_WCSP4,TPS22902BYFPR_WCSP_4P
VCC1R8VIDEO_AON,U3601,7,B,8040,3903,W25Q16JWSNIQ_SOIC8,W25Q16JWSNIQ_SOIC8
VCC1R8VIDEO_AON,U3601,8,B,8090,3903,W25Q16JWSNIQ_SOIC8,W25Q16JWSNIQ_SOIC8
VCC1R8VIDEO_AON,UGPU1,AC25,B,7075,3624,NVIDIA_GN20-S5-GB3-64_FCBGA771,NVIDIA_GN20-S5-GB3-64_FCBGA_771P-T
VCC1R8VIDEO_AON,UGPU1,AD25,B,7075,3596,NVIDIA_GN20-S5-GB3-64_FCBGA771,NVIDIA_GN20-S5-GB3-64_FCBGA_771P-T
VCC1R8VIDEO_AON,UGPU1,AD26,B,7047,3596,NVIDIA_GN20-S5-GB3-64_FCBGA771,NVIDIA_GN20-S5-GB3-64_FCBGA_771P-T
VCC1R8VIDEO_AON,UGPU1,AE26,B,7047,3569,NVIDIA_GN20-S5-GB3-64_FCBGA771,NVIDIA_GN20-S5-GB3-64_FCBGA_771P-T
VCC1R8VIDEO_AON,UGPU1,AE27,B,7020,3569,NVIDIA_GN20-S5-GB3-64_FCBGA771,NVIDIA_GN20-S5-GB3-64_FCBGA_771P-T
VCC1R8VIDEO_AON,UGPU1,AE28,B,6992,3569,NVIDIA_GN20-S5-GB3-64_FCBGA771,NVIDIA_GN20-S5-GB3-64_FCBGA_771P-T
VCC1R8VIDEO_AON,UV1,A5,B,8135,4449,K4Z80325BC-HC14_FBGA180,K4Z80325BC-HC14_FBGA_180P-T
VCC1R8VIDEO_AON,UV1,A10,B,8135,4302,K4Z80325BC-HC14_FBGA180,K4Z80325BC-HC14_FBGA_180P-T
VCC1R8VIDEO_AON,UV1,V5,B,8637,4449,K4Z80325BC-HC14_FBGA180,K4Z80325BC-HC14_FBGA_180P-T
VCC1R8VIDEO_AON,UV1,V10,B,8637,4302,K4Z80325BC-HC14_FBGA180,K4Z80325BC-HC14_FBGA_180P-T
VCC1R8VIDEO_AON,UV2,A5,B,7473,4670,K4Z80325BC-HC14_FBGA180,K4Z80325BC-HC14_FBGA_180P-T
VCC1R8VIDEO_AON,UV2,A10,B,7621,4670,K4Z80325BC-HC14_FBGA180,K4Z80325BC-HC14_FBGA_180P-T
VCC1R8VIDEO_AON,UV2,V5,B,7473,5172,K4Z80325BC-HC14_FBGA180,K4Z80325BC-HC14_FBGA_180P-T
VCC1R8VIDEO_AON,UV2,V10,B,7621,5172,K4Z80325BC-HC14_FBGA180,K4Z80325BC-HC14_FBGA_180P-T
VCC1R8VIDEO_AONP,PC1705,2,T,9283,4371,47P_25V_J_NPO_0201,C0201_12P992_BA
VCC1R8VIDEO_AONP,PC1706,2,T,9166,4382,22U_6.3V_M_X5R_0603,C0603_39P370_DC
VCC1R8VIDEO_AONP,PC1707,2,T,9230,4381,22U_6.3V_M_X5R_0603,C0603_39P370_DC
VCC1R8VIDEO_AONP,PC1708,2,T,9126,4368,0.1U_6.3V_K_X5R_0201,C0201_12P992_BA
VCC1R8VIDEO_AONP,PC1709,2,T,9101,4368,2200P_25V_K_X7R_0201,C0201_12P992_BA
VCC1R8VIDEO_AONP,PJ1701,1,T,9061,4416,JUMP_43X79,JUMP_43X79
VCC1R8VIDEO_AONP,PL1701,2,T,9178,4439,0.47UH HMLQ25201B-R47MSR 4.7A_20%,TAI-T_HPC252012F-2R2M_2P
VCC1R8VIDEO_AONP,PR1701,1,T,9283,4348,1/20W_150K_1%_0201,R0201_11P811
VCC1R8VIDEO_AONP,TB_TP763,1,T,9057,4375,,
VCC1R8_CODEC,C8302,1,T,1226,938,0.1U_6.3V_K_X5R_0201,C0201_12P992_BA
VCC1R8_CODEC,C8303,1,T,1106,1220,2.2U_6.3V_K_X5R_0402,C0402_21P654_CA
VCC1R8_CODEC,C8304,1,T,1080,1218,0.1U_6.3V_K_X5R_0201,C0201_12P992_BA
VCC1R8_CODEC,R8304,2,T,1053,1221,0_0402_SP,R0402_SHORT
VCC1R8_CODEC,TB_TP472,1,B,1244,1045,,
VCC1R8_CODEC,U8301,3,T,1175,926,ALC3287-CG_MQFN48_6X6,ALC3287-CG_MQFN48_6X6
VCC1R8_CODEC,U8301,18,T,1071,1093,ALC3287-CG_MQFN48_6X6,ALC3287-CG_MQFN48_6X6
VCC1R8_EN,PR0701,2,T,5785,5200,0_0402_SP,R0402_SHORT
VCC1R8_EN,PU0701,1,T,5760,5160,TPS62827DMQR_VSON-HR6_1P5X1P5,TPS62827DMQR_VSON-HR6_1P5X1P5
VCC1R8_FB,PC0710,2,T,5690,5205,120P_50V_J_COG_0201,C0201_12P992_BA
VCC1R8_FB,PR0704,2,T,5712,5206,1/20W_200K_1%_0201,R0201_11P811
VCC1R8_FB,PR0705,2,T,5735,5206,1/20W_100K_1%_0201,R0201_11P811
VCC1R8_FB,PU0701,3,T,5720,5160,TPS62827DMQR_VSON-HR6_1P5X1P5,TPS62827DMQR_VSON-HR6_1P5X1P5
VCC1R8_FB,TB_TP386,1,T,5678,5171,,
VCC1R8_PROC,C1730,1,T,3960,2941,10U_6.3V_M_X5R_0402,C0402_27P559_CD
VCC1R8_PROC,C1731,1,T,4414,3232,1U_6.3V_M_X5R_0201,C0201_13P780_BB
VCC1R8_PROC,C1732,1,T,4341,3181,10U_6.3V_M_X5R_0402,C0402_27P559_CD
VCC1R8_PROC,C1733,1,T,4258,3174,10U_6.3V_M_X5R_0402,C0402_27P559_CD
VCC1R8_PROC,PC2502,2,T,3859,3240,1U_6.3V_M_X5R_0201,C0201_13P780_BB
VCC1R8_PROC,PC2503,2,T,3859,3265,1U_6.3V_M_X5R_0201,C0201_13P780_BB
VCC1R8_PROC,PR2502,1,T,3805,3250,1/2W 0.01 +-1% 0603_LE 350PPM/C,R0603_LE_19P685
VCC1R8_PROC,TB_TP375,1,T,3973,2902,,
VCC1R8_PROC_R,PR2502,2,T,3775,3250,1/2W 0.01 +-1% 0603_LE 350PPM/C,R0603_LE_19P685
VCC1R8_PROC_R,PU2501,1,T,3723,3256,BU18TD2WNVX_SSON004X1010-4_1X1,BU18TD2WNVX_SSON004X1010-4_1X1
VCC1R8_PROC_R,TB_TP369,1,T,3849,3204,,
VCC1R8_SUS,C9510,2,T,8275,4857,2.2U_6.3V_K_X5R_0402,C0402_21P654_CA
VCC1R8_SUS,C9513,1,T,8967,4774,0.1U_6.3V_K_X5R_0201,C0201_12P992_BA
VCC1R8_SUS,C9515,1,T,8831,4930,0.1U_6.3V_K_X5R_0201,C0201_12P992_BA
VCC1R8_SUS,F9509,2,T,8330,4819,0.5A_32V_ERBRD0R50X,F_ERBRD0R50X
VCC1R8_SUS,PJ0701,1,T,5830,4844,JUMP_43X39,JUMP_43X39
VCC1R8_SUS,PR1504,1,B,7564,1658,1/20W_10K_1%_0201,R0201_11P811
VCC1R8_SUS,R1001,2,T,6520,2926,1/20W_1K_5%_0201,R0201_11P811
VCC1R8_SUS,R1002,2,T,6419,2792,1/20W_1K_5%_0201,R0201_11P811
VCC1R8_SUS,R1005,2,T,6047,3282,1/20W_10K_5%_0201,R0201_11P811
VCC1R8_SUS,R1102,1,B,6340,2531,1/20W_1K_5%_0201,R0201_11P811
VCC1R8_SUS,R1801,1,T,5676,3918,0_0402_SP,R0402_SHORT
VCC1R8_SUS,R1807,1,B,6285,3096,0_0402_SP,R0402_SHORT
VCC1R8_SUS,R1814,1,T,6261,4094,0_0603_LE_SP,R0603_LE_19P685_SHORT
VCC1R8_SUS,R6603,1,B,6418,4339,1/20W_10K_5%_0201,R0201_11P811
VCC1R8_SUS,R7213,2,T,5603,4111,1/20W_20K_5%_0201,R0201_11P811
VCC1R8_SUS,R7214,2,T,5649,4214,1/20W_20K_5%_0201,R0201_11P811
VCC1R8_SUS,R7215,1,T,5914,4486,1/20W_4.7K_1%_0201,R0201_11P811
VCC1R8_SUS,R7216,1,T,5833,4502,1/20W_100K_5%_0201,R0201_11P811
VCC1R8_SUS,R8054,1,T,2312,2427,1/20W_100K_5%_0201,R0201_11P811
VCC1R8_SUS,R8230,1,T,1961,2347,1/20W_0_5%_0201,R0201_11P811
VCC1R8_SUS,R8304,1,T,1053,1257,0_0402_SP,R0402_SHORT
VCC1R8_SUS,R8306,1,T,989,1260,0_0402_SP,R0402_SHORT
VCC1R8_SUS,R8312,2,T,1314,849,1/20W_10K_5%_0201,R0201_11P811-Y_CS20
VCC1R8_SUS,R8504,1,T,1077,1336,1/20W_100K_5%_0201,R0201_11P811
VCC1R8_SUS,TB_TP850,1,B,8986,4745,,
VCC1R8_SUS,TP1101,1,T,6281,4140,Test_Point_20MIL,TPC20
VCC1R8_SUS,U9502,5,T,8832,4894,2N7001TDCKR_SC70-5,2N7001TDCKR_SC70-5
VCC1R8_SUS,U9503,2,T,8967,4808,2N7001TDCKR_SC70-5,2N7001TDCKR_SC70-5
VCC1R8_SUS_CODEC,C8309,1,T,948,1217,0.1U_6.3V_K_X5R_0201,C0201_12P992_BA
VCC1R8_SUS_CODEC,C8310,1,T,945,1245,4.7U_6.3V_M_X5R_0402,C0402_25P591_CC
VCC1R8_SUS_CODEC,R8306,2,T,989,1224,0_0402_SP,R0402_SHORT
VCC1R8_SUS_CODEC,U8301,20,T,1039,1093,ALC3287-CG_MQFN48_6X6,ALC3287-CG_MQFN48_6X6
VCC1R8_SUS_R,PC0705,1,T,5861,4920,0.1U_6.3V_K_X5R_0201,C0201_12P992_BA
VCC1R8_SUS_R,PC0706,2,T,5898,5047,22U_6.3V_M_X5R_0603,C0603_39P370_DC
VCC1R8_SUS_R,PC0707,2,T,5896,4988,22U_6.3V_M_X5R_0603,C0603_39P370_DC
VCC1R8_SUS_R,PC0709,2,T,5861,4942,2200P_25V_K_X7R_0201,C0201_12P992_BA
VCC1R8_SUS_R,PC0710,1,T,5690,5228,120P_50V_J_COG_0201,C0201_12P992_BA
VCC1R8_SUS_R,PJ0701,2,T,5830,4880,JUMP_43X39,JUMP_43X39
VCC1R8_SUS_R,PL0701,2,T,5818,5022,0.47UH HMLQ25201B-R47MSR 4.7A_20%,TAI-T_HPC252012F-2R2M_2P
VCC1R8_SUS_R,PR0704,1,T,5712,5229,1/20W_200K_1%_0201,R0201_11P811
VCC1R8_SUS_R,TB_TP1014,1,B,5822,4934,,
VCC1R8_SW,PL0701,1,T,5749,5022,0.47UH HMLQ25201B-R47MSR 4.7A_20%,TAI-T_HPC252012F-2R2M_2P
VCC1R8_SW,PU0701,5,T,5740,5116,TPS62827DMQR_VSON-HR6_1P5X1P5,TPS62827DMQR_VSON-HR6_1P5X1P5
VCC1R8_SW,TB_TP355,1,T,5693,5037,,
VCC1R8_VIN,PC0701,2,T,5831,5114,10U_6.3V_M_X5R_0603,C0603_37P402_DB
VCC1R8_VIN,PC0703,2,T,5836,5171,0.1U_25V_K_X5R_0201,C0201_13P780_BB
VCC1R8_VIN,PC0708,2,T,5836,5149,2200P_25V_K_X7R_0201,C0201_12P992_BA
VCC1R8_VIN,PR0707,2,T,5853,5223,0_0603_LE_SP,R0603_LE_19P685_SHORT
VCC1R8_VIN,PU0701,6,T,5760,5116,TPS62827DMQR_VSON-HR6_1P5X1P5,TPS62827DMQR_VSON-HR6_1P5X1P5
VCC1R8_VIN,TB_TP354,1,T,5806,5163,,
VCC1_CORE,PC0910,1,B,4032,4924,1U_25V_K_X5R_0402,C0402_23P622_CB
VCC1_CORE,PR0902,2,B,4065,4924,0_0402_SP,R0402_SHORT
VCC1_CORE,PU0901,20,B,3956,4961,MP86941-CGQVT-C669-Z_TQFN21_3X5,MP86941-CGQVT-C669-Z_TQFN21_3X5
VCC1_CORE,TB_TP520,1,B,4102,4924,,
VCC2R5A,C2501,1,T,6620,2157,47P_25V_J_NPO_0201,C0201_12P992_BA
VCC2R5A,C2502,1,T,5928,1153,100P_25V_J_NPO_0201,C0201_12P992_BA
VCC2R5A,C2505,1,T,5250,1119,47P_25V_J_NPO_0201,C0201_12P992_BA
VCC2R5A,C2506,1,T,4721,1577,100P_25V_J_NPO_0201,C0201_12P992_BA
VCC2R5A,C2507,1,T,6595,2157,47P_25V_J_NPO_0201,C0201_12P992_BA
VCC2R5A,C2508,1,T,5410,1588,100P_25V_J_NPO_0201,C0201_12P992_BA
VCC2R5A,C2509,1,T,6613,1179,47P_25V_J_NPO_0201,C0201_12P992_BA
VCC2R5A,C2510,1,T,6095,1582,100P_25V_J_NPO_0201,C0201_12P992_BA
VCC2R5A,C2622,2,T,3988,1553,1U_6.3V_K_X5R_0402,C0402_21P654_CA
VCC2R5A,C2623,2,T,5931,1125,1U_6.3V_K_X5R_0402,C0402_21P654_CA
VCC2R5A,C2624,2,T,6067,1581,1U_6.3V_K_X5R_0402,C0402_21P654_CA
VCC2R5A,C2625,2,T,5382,1584,1U_6.3V_K_X5R_0402,C0402_21P654_CA
VCC2R5A,C2626,2,T,6642,1180,1U_6.3V_K_X5R_0402,C0402_21P654_CA
VCC2R5A,C2627,2,T,5248,1147,1U_6.3V_K_X5R_0402,C0402_21P654_CA
VCC2R5A,C2628,2,T,4585,1087,10U_6.3V_M_X5R_0402,C0402_27P559_CD
VCC2R5A,C2629,2,T,6564,2164,10U_6.3V_M_X5R_0402,C0402_27P559_CD
VCC2R5A,C2630,2,T,4692,1580,1U_6.3V_K_X5R_0402,C0402_21P654_CA
VCC2R5A,C2631,2,T,6563,2129,1U_6.3V_K_X5R_0402,C0402_21P654_CA
VCC2R5A,C2821,2,T,6676,1180,10U_6.3V_M_X5R_0402,C0402_27P559_CD
VCC2R5A,C2822,2,T,5933,1093,1U_6.3V_K_X5R_0402,C0402_21P654_CA
VCC2R5A,C2830,1,T,4018,1553,47P_25V_J_NPO_0201,C0201_12P992_BA
VCC2R5A,C2831,1,T,4555,1089,100P_25V_J_NPO_0201,C0201_12P992_BA
VCC2R5A,JDDR1,257,B,6581,2150,ARGOS_D4ASL-26010-1P40,ARGOS_D4ASL-26010-1P40_260P
VCC2R5A,JDDR1,259,B,6600,2150,ARGOS_D4ASL-26010-1P40,ARGOS_D4ASL-26010-1P40_260P
VCC2R5A,PJ0604,1,B,6550,2514,JUMP_43X39,JUMP_43X39
VCC2R5A,TB_TP336,1,T,6611,2120,,
VCC2R5A,U2501,B1,T,5542,1584,K4A8G165WB-BCPB_FBGA96,K4ABG165WA-MCTD_FBGA_96P-T_3SILK
VCC2R5A,U2501,R9,T,5794,1174,K4A8G165WB-BCPB_FBGA96,K4ABG165WA-MCTD_FBGA_96P-T_3SILK
VCC2R5A,U2601,B1,T,6227,1584,K4A8G165WB-BCPB_FBGA96,K4ABG165WA-MCTD_FBGA_96P-T_3SILK
VCC2R5A,U2601,R9,T,6479,1174,K4A8G165WB-BCPB_FBGA96,K4ABG165WA-MCTD_FBGA_96P-T_3SILK
VCC2R5A,U2701,B1,T,4857,1584,K4A8G165WB-BCPB_FBGA96,K4ABG165WA-MCTD_FBGA_96P-T_3SILK
VCC2R5A,U2701,R9,T,5109,1174,K4A8G165WB-BCPB_FBGA96,K4ABG165WA-MCTD_FBGA_96P-T_3SILK
VCC2R5A,U2801,B1,T,4172,1584,K4A8G165WB-BCPB_FBGA96,K4ABG165WA-MCTD_FBGA_96P-T_3SILK
VCC2R5A,U2801,R9,T,4424,1174,K4A8G165WB-BCPB_FBGA96,K4ABG165WA-MCTD_FBGA_96P-T_3SILK
VCC2R5AP,PC0625,1,B,6640,2499,22U_6.3V_M_X5R_0603,C0603_39P370_DC
VCC2R5AP,PC0626,1,B,6690,2499,22U_6.3V_M_X5R_0603,C0603_39P370_DC
VCC2R5AP,PJ0604,2,B,6586,2514,JUMP_43X39,JUMP_43X39
VCC2R5AP,PU0601,11,B,6793,2549,NB687BGQ-C669-Z_QFN16_3X3,NB687BGQ-C669-Z_QFN16_3X3
VCC2_CORE,PC0922,1,B,4481,4935,1U_25V_K_X5R_0402,C0402_23P622_CB
VCC2_CORE,PR0905,2,B,4513,4935,0_0402_SP,R0402_SHORT
VCC2_CORE,PU0902,20,B,4402,4953,MP86941-CGQVT-C669-Z_TQFN21_3X5,MP86941-CGQVT-C669-Z_TQFN21_3X5
VCC2_CORE,TB_TP563,1,B,4551,4927,,
VCC3B,C2828,2,T,6438,2047,2.2U_10V_K_X5R_0402,C0402_21P654_CA
VCC3B,C2829,2,T,6544,2035,0.1U_6.3V_K_X5R_0201,C0201_12P992_BA
VCC3B,C2832,1,T,6590,2036,47P_25V_J_NPO_0201,C0201_12P992_BA
VCC3B,C2833,1,T,6566,2036,100P_25V_J_NPO_0201,C0201_12P992_BA
VCC3B,C4801,2,T,1444,1988,10U_6.3V_M_X5R_0402,C0402_27P559_CD
VCC3B,C4802,2,T,1440,2039,0.1U_6.3V_K_X5R_0201,C0201_12P992_BA
VCC3B,C4803,2,T,1440,2017,0.1U_6.3V_K_X5R_0201,C0201_12P992_BA
VCC3B,C5326,1,T,1148,2013,10U_6.3V_M_X5R_0402,C0402_27P559_CD
VCC3B,C85015,2,T,3040,2997,0.01U_6.3V_K_X7R_0201,C0201_12P992_BA
VCC3B,C9507,2,B,8057,4885,0.1U_6.3V_K_X5R_0201,C0201_12P992_BA
VCC3B,C9509,2,T,8238,5068,0.1U_6.3V_K_X5R_0201,C0201_12P992_BA
VCC3B,F4603,2,T,6954,1212,0.5A_32V_ERBRD0R50X,F_ERBRD0R50X
VCC3B,F9301,2,T,1497,1002,0.5A_32V_ERBRD0R50X,F_ERBRD0R50X
VCC3B,F9310,2,B,8244,1136,0.5A_32V_ERBRD0R50X,F_ERBRD0R50X
VCC3B,F9503,2,B,8144,4876,2A_32V_ERBRD2R00X,F_ERBRD2R00X
VCC3B,F9505,2,T,3041,3029,1A_32V_ERBRD1R00X,F_ERBRD1R00X
VCC3B,F9510,2,T,8201,5069,2A_32V_ERBRD2R00X,F_ERBRD2R00X
VCC3B,JDDR1,255,B,6561,2150,ARGOS_D4ASL-26010-1P40,ARGOS_D4ASL-26010-1P40_260P
VCC3B,PR2301,2,T,1430,2581,0_0603_LE_SP,R0603_LE_19P685_SHORT
VCC3B,PR2404,1,T,1281,1565,1/2W 0.01 +-1% 0603_LE 350PPM/C,R0603_LE_19P685
VCC3B,Q5301,2,B,998,2611,SSM3K15AMFV_2-1L1B,SSM3K15AMFV_2-1L1B
VCC3B,Q5302,2,B,958,2471,SSM3K15AMFV_2-1L1B,SSM3K15AMFV_2-1L1B
VCC3B,R0506,1,B,6368,3058,1/20W_2.2K_5%_0201,R0201_11P811
VCC3B,R0507,1,B,6368,3083,1/20W_2.2K_5%_0201,R0201_11P811
VCC3B,R0521,2,T,6136,3469,1/20W_100K_5%_0201,R0201_11P811
VCC3B,R0523,2,T,6070,3249,1/20W_100K_5%_0201,R0201_11P811
VCC3B,R0526,2,T,6557,2665,1/20W_100K_5%_0201,R0201_11P811
VCC3B,R0940,2,T,6490,2008,1/20W_10K_5%_0201,R0201_11P811
VCC3B,R0941,2,T,6486,2068,1/20W_10K_5%_0201,R0201_11P811
VCC3B,R1010,2,T,6288,3009,1/20W_1K_5%_0201,R0201_11P811
VCC3B,R1011,2,T,6298,3092,1/20W_1K_5%_0201,R0201_11P811
VCC3B,R1405,2,B,6098,3335,1/20W_10K_5%_0201,R0201_11P811
VCC3B,R2105,2,B,6106,3427,1/20W_1K_5%_0201,R0201_11P811
VCC3B,R2702,1,T,6512,2008,0_0201_SP,R0201_SHORT
VCC3B,R3106,2,T,9718,4997,1/20W_0_5%_0201,R0201_11P811
VCC3B,R3129,1,T,9578,4992,1/20W_10K_1%_0201,R0201_11P811
VCC3B,R3536,1,T,1720,2556,1/20W_2.2K_5%_0201,R0201_11P811
VCC3B,R3537,1,T,1717,2440,1/20W_2.2K_5%_0201,R0201_11P811
VCC3B,R4601,2,B,6860,1109,1/20W_100K_5%_0201,R0201_11P811
VCC3B,R4610,2,T,6926,1113,1/20W_10K_5%_0201,R0201_11P811
VCC3B,R4611,2,B,6938,1122,1/20W_10K_5%_0201,R0201_11P811
VCC3B,R4612,2,B,6960,1122,1/20W_10K_5%_0201,R0201_11P811
VCC3B,R4801,2,T,1267,2060,1/20W_10K_5%_0201,R0201_11P811
VCC3B,R4803,2,T,1386,2067,0_0201_SP,R0201_SHORT
VCC3B,R4804,2,T,1444,1953,0_0402_SP,R0402_SHORT
VCC3B,R4903,2,T,6587,2910,1/5W_0.01_1%_0402,R0402_15P748
VCC3B,R5105,2,T,2940,2222,1/20W_2K_5%_0201,R0201_11P811-Y_CS20
VCC3B,R5304,1,T,1136,2089,1/20W_100K_1%_0201,R0201_11P811
VCC3B,R5308,1,T,1269,2116,1/16W_10K_5%_0402,R0402_15P748
VCC3B,R5318,2,T,1129,2133,1/20W_4.7K_1%_0201,R0201_11P811
VCC3B,R5320,2,T,1154,2133,1/20W_4.7K_1%_0201,R0201_11P811
VCC3B,R5323,1,T,1342,2529,0_0402_SP,R0402_SHORT
VCC3B,R5324,2,T,1209,2541,1/20W_4.7K_1%_0201,R0201_11P811
VCC3B,R5335,1,T,1193,2585,1/20W_0_5%_0201,R0201_11P811
VCC3B,R5411,2,B,820,3322,1/20W_10K_5%_0201,R0201_11P811
VCC3B,R5614,2,B,822,3995,1/20W_10K_5%_0201,R0201_11P811
VCC3B,R7002,2,T,1700,1344,1/20W_10K_5%_0201,R0201_11P811
VCC3B,R7003,2,T,1250,1467,1/20W_10K_5%_0201,R0201_11P811
VCC3B,R7401,1,T,2465,3240,0_0603_LE_SP,R0603_LE_19P685_SHORT
VCC3B,R7402,2,T,3170,3493,1/20W_100K_5%_0201,R0201_11P811
VCC3B,R7403,2,T,2749,3554,1/20W_10K_5%_0201,R0201_11P811
VCC3B,R7410,2,T,2697,3550,1/20W_100K_5%_0201,R0201_11P811
VCC3B,R7424,1,T,2893,5266,1/20W_100K_1%_0201,R0201_11P811
VCC3B,R7601,2,T,2299,4301,1/20W_10K_5%_0201,R0201_11P811
VCC3B,R7916,1,T,2492,1916,1/20W_100K_5%_0201,R0201_11P811
VCC3B,R8028,1,T,1584,2005,1/20W_10K_5%_0201,R0201_11P811
VCC3B,R8114,1,T,1490,2080,1/20W_2.2K_5%_0201,R0201_11P811
VCC3B,R8115,1,T,1487,2005,1/20W_2.2K_5%_0201,R0201_11P811
VCC3B,R8122,1,T,2130,1957,1/20W_4.7K_5%_0201,R0201_11P811
VCC3B,R8236,2,T,2087,1960,1/20W_2.2K_5%_0201,R0201_11P811
VCC3B,R8237,2,T,2087,1935,1/20W_2.2K_5%_0201,R0201_11P811
VCC3B,R8403,2,B,1006,1315,1/20W_10K_5%_0201,R0201_11P811
VCC3B,R9303,2,T,1482,952,1/20W_2.2K_5%_0201,R0201_11P811
VCC3B,R9314,2,T,1453,952,1/20W_2.2K_5%_0201,R0201_11P811
VCC3B,R9406,1,B,2910,5262,1/20W_100K_5%_0201,R0201_11P811
VCC3B,TB_TP1274,1,T,1393,2171,,
VCC3B,TB_TP1275,1,B,937,4216,,
VCC3B,U5301,1,T,1093,1984,TPS74801DRCR_SON-10_3X3,TPS74801DRCR_SON-10_3X3
VCC3B,U5301,2,T,1093,2004,TPS74801DRCR_SON-10_3X3,TPS74801DRCR_SON-10_3X3
VCC3B,U5301,4,T,1093,2043,TPS74801DRCR_SON-10_3X3,TPS74801DRCR_SON-10_3X3
VCC3B_CAMERA,F9503,1,B,8144,4836,2A_32V_ERBRD2R00X,F_ERBRD2R00X
VCC3B_CAMERA,JCAM1,1,B,8201,4955,I-PEX_20654-030E-01,I-PEX_20654-030E-01_30P
VCC3B_CAMERA,JCAM1,2,B,8217,4955,I-PEX_20654-030E-01,I-PEX_20654-030E-01_30P
VCC3B_CAMERA,TB_TP966,1,T,8172,4939,,
VCC3B_CAMERA,TB_TP967,1,B,8102,4841,,
VCC3B_DRV,PC2301,1,T,1497,2767,0.1U_25V_K_X5R_0201,C0201_13P780_BB
VCC3B_DRV,PC2402,1,T,1450,1693,0.047U_25V_K_X7R_0402,C0402_21P654_CA
VCC3B_DRV,PD2301,1,T,1481,2740,RB521CM-30T2R_VMN2M-2,RB521CM-30T2R_VMN2M-2
VCC3B_DRV,PD2406,1,T,1416,1695,RB521CM-30T2R_VMN2M-2,RB521CM-30T2R_VMN2M-2
VCC3B_DRV,PR2303,1,T,1521,2758,1/20W_100_5%_0201,R0201_11P811
VCC3B_DRV,PR2407,1,T,1276,1635,1/20W_100_5%_0201,R0201_11P811
VCC3B_DRV,TB_TP1074,1,T,1340,1746,,
VCC3B_DRV,UTE1,34,T,3301,1940,TC62D518FTG_WQFN56_7X7,TC62D518FTG_WQFN56_7X7
VCC3B_GSEN,R4804,1,T,1408,1953,0_0402_SP,R0402_SHORT
VCC3B_GSEN,TB_TP687,1,T,1256,1938,,
VCC3B_GSEN,U4801,3,T,1299,1951,LIS2DWLTR_LGA12_2X2,LIS2DWLTR_LGA12_2X2
VCC3B_GSEN,U4801,7,T,1359,1931,LIS2DWLTR_LGA12_2X2,LIS2DWLTR_LGA12_2X2
VCC3B_GSEN,U4801,11,T,1338,1991,LIS2DWLTR_LGA12_2X2,LIS2DWLTR_LGA12_2X2
VCC3B_IRLED,F9510,1,T,8201,5029,2A_32V_ERBRD2R00X,F_ERBRD2R00X
VCC3B_IRLED,JCAM1,3,B,8232,4955,I-PEX_20654-030E-01,I-PEX_20654-030E-01_30P
VCC3B_IRLED,JCAM1,4,B,8248,4955,I-PEX_20654-030E-01,I-PEX_20654-030E-01_30P
VCC3B_IRLED,JCAM1,5,B,8264,4955,I-PEX_20654-030E-01,I-PEX_20654-030E-01_30P
VCC3B_IRLED,TB_TP12,1,T,8240,4978,,
VCC3B_NFCIO,JNFC1,2,B,1467,951,HIGHS_FC5AF121-2121H,HIGHS_FC5AF121-2121H_12P-T
VCC3B_NFCIO,R9305,1,T,1515,930,0_0402_SP,R0402_SHORT
VCC3B_NFCIO,TB_TP594,1,T,1502,892,,
VCC3B_PAD,C4606,2,T,7012,1161,1U_6.3V_M_X5R_0201,C0201_13P780_BB
VCC3B_PAD,JCP1,8,B,6939,1043,HIGHSTAR_FC5AF141-2933-1H,HIGHSTAR_FC5AF141-2933-1H_14P
VCC3B_PAD,JCP1,11,B,6880,1043,HIGHSTAR_FC5AF141-2933-1H,HIGHSTAR_FC5AF141-2933-1H_14P
VCC3B_PAD,R4609,1,T,6985,1144,0_0402_SP,R0402_SHORT
VCC3B_PAD,TB_TP919,1,T,7007,1070,,
VCC3B_PAD,TB_TP920,1,T,6834,1029,,
VCC3B_PS8409,C85036,2,T,1303,2591,0.1U_6.3V_K_X5R_0201,C0201_12P992_BA
VCC3B_PS8409,C85037,2,T,948,2208,0.1U_6.3V_K_X5R_0201,C0201_12P992_BA
VCC3B_PS8409,C85038,2,T,949,2186,0.01U_6.3V_K_X7R_0201,C0201_12P992_BA
VCC3B_PS8409,R5323,2,T,1306,2529,0_0402_SP,R0402_SHORT
VCC3B_PS8409,TB_TP778,1,B,1005,2237,,
VCC3B_PS8409,U5303,1,T,1223,2462,PS8409AQFN48GTR2-A2_QFN48_6X6,PS8409AQFN48GTR2-A2_QFN48_6X6
VCC3B_PS8409,U5303,24,T,1019,2259,PS8409AQFN48GTR2-A2_QFN48_6X6,PS8409AQFN48GTR2-A2_QFN48_6X6
VCC3B_PSEN,C9307,2,B,8286,1105,100P_25V_J_NPO_0201,C0201_12P992_BA
VCC3B_PSEN,C9308,1,B,8318,1119,4.7U_6.3V_M_X5R_0402,C0402_25P591_CC
VCC3B_PSEN,JPSEN1,1,B,8354,1055,HIGHS_WS83050-S0171-HF,HIGHS_WS83050-S0171-HF_5P-T
VCC3B_PSEN,L9301,2,T,8324,1132,100NH_LQW18ANR10J00D_5%,MURAT_LQW18ANR10J00D_2P
VCC3B_PSEN,TB_TP380,1,T,8324,1187,,
VCC3B_WAN,C7403,2,T,3248,3470,47P_25V_J_NPO_0201,C0201_12P992_BA
VCC3B_WAN,C7404,2,T,2564,3264,100P_25V_J_NPO_0201,C0201_12P992_BA
VCC3B_WAN,C7405,2,T,2608,3265,0.1U_6.3V_K_X5R_0201,C0201_12P992_BA
VCC3B_WAN,C7406,2,T,3250,3336,1U_6.3V_M_X5R_0201,C0201_13P780_BB
VCC3B_WAN,C7407,1,T,2586,3264,6.8PC_25VC_C_NPOC_0201,C0201_12P992_BA
VCC3B_WAN,C7408,1,T,3190,3342,8.2PC_50VC_C_NPOC_0402,C0402_21P654_CA
VCC3B_WAN,C7409,1,T,3223,3336,18PC_25VC_JC_COGC_0201,C0201_12P992_BA
VCC3B_WAN,C7410,1,T,3225,3470,33P_25V_J_NPO_0201,C0201_12P992_BA
VCC3B_WAN,C7411,1,T,3155,3344,39PC_50VC_JC_NPOC_0402,C0402_21P654_CA
VCC3B_WAN,C7412,2,T,2534,3270,10U_6.3V_M_X5R_0402,C0402_27P559_CD
VCC3B_WAN,C7419,2,T,3290,3339,22U_6.3V_M_X5R_0603,C0603_39P370_DC
VCC3B_WAN,JWWAN1,2,B,3248,3471,ARGOSY_NASB0-S6710-TS20,ARGOSY_NASB0-S6710-TS20_75P-T
VCC3B_WAN,JWWAN1,4,B,3228,3471,ARGOSY_NASB0-S6710-TS20,ARGOSY_NASB0-S6710-TS20_75P-T
VCC3B_WAN,JWWAN1,70,B,2579,3471,ARGOSY_NASB0-S6710-TS20,ARGOSY_NASB0-S6710-TS20_75P-T
VCC3B_WAN,JWWAN1,72,B,2559,3471,ARGOSY_NASB0-S6710-TS20,ARGOSY_NASB0-S6710-TS20_75P-T
VCC3B_WAN,JWWAN1,74,B,2539,3471,ARGOSY_NASB0-S6710-TS20,ARGOSY_NASB0-S6710-TS20_75P-T
VCC3B_WAN,R7401,2,T,2465,3265,0_0603_LE_SP,R0603_LE_19P685_SHORT
VCC3B_WAN,TB_TP422,1,T,2540,3331,,
VCC3GBE,C7601,2,T,1912,4501,22U_6.3V_M_X5R_0603,C0603_39P370_DC
VCC3GBE,C7615,1,T,1921,4188,1U_6.3V_M_X5R_0201,C0201_13P780_BB
VCC3GBE,C7616,2,T,2071,4018,0.1U_6.3V_K_X5R_0201,C0201_12P992_BA
VCC3GBE,F7801,2,T,1028,5215,1A_32V_ERBRD1R00X,F_ERBRD1R00X
VCC3GBE,R7602,2,T,2248,4406,1/20W_10K_5%_0201,R0201_11P811
VCC3GBE,R7605,1,T,2156,3996,1/20W_10K_5%_0201,R0201_11P811
VCC3GBE,R7606,1,T,2186,3995,1/20W_10K_5%_0201,R0201_11P811
VCC3GBE,R7611,2,T,2276,4388,1/20W_4.7K_5%_0201,R0201_11P811
VCC3GBE,R7612,2,T,1907,4561,0_0603_LE_SP,R0603_LE_19P685_SHORT
VCC3GBE,R7615,2,T,1947,4046,1/20W_100K_5%_0201,R0201_11P811
VCC3GBE,TB_TP23,1,T,1908,4074,,
VCC3GBE,U7601,4,T,2135,4314,WGI219LM-QREF-A0_QFN48_6X6,WGI219LM-QREF-A0_QFN48_6X6
VCC3GBE,U7601,5,T,2119,4314,WGI219LM-QREF-A0_QFN48_6X6,WGI219LM-QREF-A0_QFN48_6X6
VCC3GBE,U7601,15,T,1978,4251,WGI219LM-QREF-A0_QFN48_6X6,WGI219LM-QREF-A0_QFN48_6X6
VCC3GBE,U7601,19,T,1978,4188,WGI219LM-QREF-A0_QFN48_6X6,WGI219LM-QREF-A0_QFN48_6X6
VCC3GBE,U7601,29,T,2072,4078,WGI219LM-QREF-A0_QFN48_6X6,WGI219LM-QREF-A0_QFN48_6X6
VCC3LAN,C7607,2,T,2000,4592,0.1UC_10VC_KC_X5RC_0402,C0402_21P654_CA
VCC3LAN,C7609,2,T,2033,4592,0.1UC_10VC_KC_X5RC_0402,C0402_21P654_CA
VCC3LAN,PQ2201,4,B,1928,4549,SSM6K513NU_UDFN6B-6-8,SSM6K513NU_UDFN6B-6-8
VCC3LAN,PQ2201,7,B,1928,4586,SSM6K513NU_UDFN6B-6-8,SSM6K513NU_UDFN6B-6-8
VCC3LAN,PR2201,1,B,1970,4558,1/16W_33_5%_0402,R0402_15P748
VCC3LAN,R7612,1,T,1907,4585,0_0603_LE_SP,R0603_LE_19P685_SHORT
VCC3LAN,TB_TP1422,1,B,1824,4555,,
VCC3LAN_DRV,PC2201,1,B,2010,4626,0.1UC_25VC_KC_X7RC_0402,C0402_21P654_CA
VCC3LAN_DRV,PD2201,1,B,2043,4593,RB521CM-30T2R_VMN2M-2,RB521CM-30T2R_VMN2M-2
VCC3LAN_DRV,PR2202,2,B,1983,4623,1/20W_100_5%_0201,R0201_11P811
VCC3LAN_DRV,TB_TP1099,1,T,2163,3464,,
VCC3LAN_DRV,UTE1,36,T,3301,1972,TC62D518FTG_WQFN56_7X7,TC62D518FTG_WQFN56_7X7
VCC3LCD,C9411,2,T,3235,5552,0.01U_6.3V_K_X7R_0201,C0201_12P992_BA
VCC3LCD,C9412,2,T,3214,5577,0.1U_6.3V_K_X5R_0201,C0201_12P992_BA
VCC3LCD,C9413,2,T,3203,5552,1U_6.3V_M_X5R_0201,C0201_13P780_BB
VCC3LCD,C9414,2,T,3259,5552,0.1U_25V_K_X5R_0201,C0201_12P992_BA
VCC3LCD,C9415,2,T,3185,5577,0.1U_25V_K_X5R_0201,C0201_12P992_BA
VCC3LCD,F9404,2,T,3243,5583,3A_32V_ERBRD3R00X,F_ERBRD3R00X
VCC3LCD,R0512,2,B,6117,3466,1/20W_100K_5%_0201,R0201_11P811
VCC3LCD,R9405,2,B,2952,5258,1/20W_10K_5%_0201,R0201_11P811
VCC3LCD,R9416,2,T,3152,5550,0_0603_LE_SP,R0603_LE_19P685_SHORT
VCC3LCD,TB_TP551,1,B,4133,4254,,
VCC3LCD_R,JLCD1,18,B,2945,5352,I-PEX_20654-040E-01,I-PEX_20654-040E-01_40P
VCC3LCD_R,JLCD1,19,B,2961,5352,I-PEX_20654-040E-01,I-PEX_20654-040E-01_40P
VCC3LCD_R,JLCD1,20,B,2976,5352,I-PEX_20654-040E-01,I-PEX_20654-040E-01_40P
VCC3LCD_R,JLCD1,21,B,2992,5352,I-PEX_20654-040E-01,I-PEX_20654-040E-01_40P
VCC3LCD_R,R9416,1,T,3128,5550,0_0603_LE_SP,R0603_LE_19P685_SHORT
VCC3LCD_R,TB_TP601,1,T,3040,5534,,
VCC3M,C4612,2,B,9198,4838,0.1U_6.3V_K_X5R_0201,C0201_12P992_BA
VCC3M,C5101,2,T,2957,1751,0.1U_6.3V_K_X5R_0201,C0201_12P992_BA-Y_CS20
VCC3M,C5501,2,T,878,2725,1U_6.3V_M_X5R_0201,C0201_13P780_BB
VCC3M,C5701,2,T,866,3419,1U_6.3V_M_X5R_0201,C0201_13P780_BB
VCC3M,C6103,2,T,727,4014,0.1U_6.3V_K_X5R_0201,C0201_12P992_BA
VCC3M,C6208,2,T,752,3363,0.1U_6.3V_K_X5R_0201,C0201_12P992_BA
VCC3M,C9505,2,B,8057,4795,0.1U_6.3V_K_X5R_0201,C0201_12P992_BA
VCC3M,D5401,2,T,1348,4383,RB520CM-30T2R_VMN2M2,RB520CM-30T2R_VMN2M2
VCC3M,D8001,2,B,2869,4150,RB520CM-30T2R_VMN2M2,RB520CM-30T2R_VMN2M2
VCC3M,F4501,2,T,2530,3080,0.5A_32V_ERBRD0R50X,F_ERBRD0R50X
VCC3M,F4609,2,B,9182,4869,0.5A_32V_ERBRD0R50X,F_ERBRD0R50X
VCC3M,F9502,2,B,8194,4790,0.5A_32V_ERBRD0R50X,F_ERBRD0R50X
VCC3M,J2101,3,B,6508,893,FCI_10051922-1810ELF,FCI_10051922-1810ELF_18P-T
VCC3M,J2101,7,B,6429,893,FCI_10051922-1810ELF,FCI_10051922-1810ELF_18P-T
VCC3M,PC2001,2,T,1626,2723,1U_25V_K_X5R_0402,C0402_23P622_CB
VCC3M,PC2501,1,T,3755,3308,10U_6.3V_M_X5R_0402,C0402_27P559_CD
VCC3M,PC2504,1,T,3709,3174,10U_6.3V_M_X5R_0402,C0402_27P559_CD
VCC3M,PJ0501,1,T,7788,1517,JUMP_43X118,JUMP_43X118
VCC3M,PQ2201,1,B,1877,4623,SSM6K513NU_UDFN6B-6-8,SSM6K513NU_UDFN6B-6-8
VCC3M,PQ2201,2,B,1903,4623,SSM6K513NU_UDFN6B-6-8,SSM6K513NU_UDFN6B-6-8
VCC3M,PQ2201,5,B,1903,4549,SSM6K513NU_UDFN6B-6-8,SSM6K513NU_UDFN6B-6-8
VCC3M,PQ2201,6,B,1877,4549,SSM6K513NU_UDFN6B-6-8,SSM6K513NU_UDFN6B-6-8
VCC3M,PQ2201,8,B,1890,4586,SSM6K513NU_UDFN6B-6-8,SSM6K513NU_UDFN6B-6-8
VCC3M,PQ2301,1,T,1572,2707,SSM6K513NU_UDFN6B-6-8,SSM6K513NU_UDFN6B-6-8
VCC3M,PQ2301,2,T,1546,2707,SSM6K513NU_UDFN6B-6-8,SSM6K513NU_UDFN6B-6-8
VCC3M,PQ2301,5,T,1546,2633,SSM6K513NU_UDFN6B-6-8,SSM6K513NU_UDFN6B-6-8
VCC3M,PQ2301,6,T,1572,2633,SSM6K513NU_UDFN6B-6-8,SSM6K513NU_UDFN6B-6-8
VCC3M,PQ2301,8,T,1559,2670,SSM6K513NU_UDFN6B-6-8,SSM6K513NU_UDFN6B-6-8
VCC3M,PQ2401,1,T,1580,2882,SSM6K513NU_UDFN6B-6-8,SSM6K513NU_UDFN6B-6-8
VCC3M,PQ2401,2,T,1555,2882,SSM6K513NU_UDFN6B-6-8,SSM6K513NU_UDFN6B-6-8
VCC3M,PQ2401,5,T,1555,2808,SSM6K513NU_UDFN6B-6-8,SSM6K513NU_UDFN6B-6-8
VCC3M,PQ2401,6,T,1580,2808,SSM6K513NU_UDFN6B-6-8,SSM6K513NU_UDFN6B-6-8
VCC3M,PQ2401,8,T,1567,2845,SSM6K513NU_UDFN6B-6-8,SSM6K513NU_UDFN6B-6-8
VCC3M,PQ2402,1,T,1305,1660,SSM6K513NU_UDFN6B-6-8,SSM6K513NU_UDFN6B-6-8
VCC3M,PQ2402,2,T,1305,1635,SSM6K513NU_UDFN6B-6-8,SSM6K513NU_UDFN6B-6-8
VCC3M,PQ2402,5,T,1379,1635,SSM6K513NU_UDFN6B-6-8,SSM6K513NU_UDFN6B-6-8
VCC3M,PQ2402,6,T,1379,1660,SSM6K513NU_UDFN6B-6-8,SSM6K513NU_UDFN6B-6-8
VCC3M,PQ2402,8,T,1342,1648,SSM6K513NU_UDFN6B-6-8,SSM6K513NU_UDFN6B-6-8
VCC3M,PR0101,2,T,3520,769,1/20W_6.19K_1%_0201,R0201_11P811
VCC3M,PR0305,2,B,1664,4998,1/20W_100K_1%_0201,R0201_11P811
VCC3M,PR0409,1,B,2671,4536,1/16W_5.1_5%_0402,R0402_15P748
VCC3M,PR0509,1,T,1602,4134,0_0603_SP,R0603_SHORT
VCC3M,PR0603,1,B,7146,2540,0_0603_SP,R0603_SHORT
VCC3M,PR0604,1,B,6964,2745,1/16W_5.1_5%_0402,R0402_15P748
VCC3M,PR0831,2,B,3208,5224,1/20W_4.7_5%_0201,R0201_11P811
VCC3M,PR0840,2,B,3030,5022,1/20W_0_5%_0201,R0201_11P811
VCC3M,PR0848,1,B,2950,4852,1/20W_10K_1%_0201,R0201_11P811
VCC3M,PR0849,1,B,2941,4911,1/20W_10K_1%_0201,R0201_11P811
VCC3M,PR0850,1,B,2941,4933,1/20W_10K_1%_0201,R0201_11P811
VCC3M,PR0851,1,B,3023,5000,1/20W_10K_1%_0201,R0201_11P811
VCC3M,PR0902,1,B,4065,4960,0_0402_SP,R0402_SHORT
VCC3M,PR0905,1,B,4513,4971,0_0402_SP,R0402_SHORT
VCC3M,PR0908,1,B,4925,4957,0_0402_SP,R0402_SHORT
VCC3M,PR1103,1,B,5328,4987,0_0402_SP,R0402_SHORT
VCC3M,PR1106,1,B,5727,4740,0_0402_SP,R0402_SHORT
VCC3M,PR1201,1,B,2897,4222,1/16W_5.1_5%_0402,R0402_15P748
VCC3M,PR1602,1,B,7030,4888,1/16W_5.1_5%_0402,R0402_15P748
VCC3M,PR1616,2,B,6580,4917,1/16W_100K_5%_0402,R0402_15P748
VCC3M,PR1706,1,T,9389,4560,0_0603_LE_SP,R0603_LE_19P685_SHORT
VCC3M,PR1905,1,B,6533,4540,0_0603_LE_SP,R0603_LE_19P685_SHORT
VCC3M,PR2004,2,T,1768,2623,1/20W_10K_1%_0201,R0201_11P811
VCC3M,PU0502,A2,T,1683,4078,TCK107AG_WCSP4D4,TCK107AG_WCSP4D_4P
VCC3M,PU2001,1,T,1631,2690,TPS22954DSQR_WSON10_2X2,TPS22954DSQR_WSON10_2X2
VCC3M,PU2001,2,T,1631,2674,TPS22954DSQR_WSON10_2X2,TPS22954DSQR_WSON10_2X2
VCC3M,PU2001,3,T,1631,2658,TPS22954DSQR_WSON10_2X2,TPS22954DSQR_WSON10_2X2
VCC3M,PU2501,4,T,3723,3222,BU18TD2WNVX_SSON004X1010-4_1X1,BU18TD2WNVX_SSON004X1010-4_1X1
VCC3M,PU2502,6,T,3724,3317,SN74AUP1G08DSF2_SON-6,SN74AUP1G08DSF2_SON-6
VCC3M,Q9401,5,T,1677,2851,AON7408L_DFN8-5,AON7408L_DFN8-5
VCC3M,R0511,2,B,6189,3425,1/20W_1M_5%_0201,R0201_11P811
VCC3M,R0605,2,B,3756,2830,1/20W_100K_5%_0201,R0201_11P811
VCC3M,R1506,2,B,6134,2745,1/20W_4.7K_5%_0201,R0201_11P811
VCC3M,R1507,2,T,5810,3010,1/20W_1K_5%_0201,R0201_11P811
VCC3M,R1508,2,T,2617,4402,1/20W_10K_5%_0201,R0201_11P811
VCC3M,R1511,2,B,6497,2551,1/20W_10K_5%_0201,R0201_11P811
VCC3M,R1534,1,B,6117,2510,1/20W_100K_5%_0201,R0201_11P811
VCC3M,R1813,1,B,6193,2753,0_0402_SP,R0402_SHORT
VCC3M,R4501,2,T,2202,3050,1/20W_10K_5%_0201,R0201_11P811
VCC3M,R4502,2,T,2126,3051,1/20W_10K_5%_0201,R0201_11P811
VCC3M,R4503,2,T,2091,3052,1/20W_10K_5%_0201,R0201_11P811
VCC3M,R4504,2,T,2039,3051,1/20W_10K_5%_0201,R0201_11P811
VCC3M,R4505,2,T,2016,3051,1/20W_10K_5%_0201,R0201_11P811
VCC3M,R4506,2,T,1979,3011,1/20W_10K_5%_0201,R0201_11P811
VCC3M,R4507,2,T,1953,3011,1/20W_10K_5%_0201,R0201_11P811
VCC3M,R4508,2,T,1931,3012,1/20W_10K_5%_0201,R0201_11P811
VCC3M,R4513,2,T,2178,3050,1/20W_10K_5%_0201,R0201_11P811
VCC3M,R4514,2,T,2150,3052,1/20W_10K_5%_0201,R0201_11P811
VCC3M,R4515,2,T,2256,3051,1/20W_10K_5%_0201,R0201_11P811
VCC3M,R4517,2,T,2478,3050,1/20W_10K_5%_0201,R0201_11P811
VCC3M,R4518,2,T,2301,3051,1/20W_10K_5%_0201,R0201_11P811
VCC3M,R4519,2,T,2232,3051,1/20W_10K_5%_0201,R0201_11P811
VCC3M,R4521,2,T,2455,3050,1/20W_10K_5%_0201,R0201_11P811
VCC3M,R4522,2,T,2501,3050,1/20W_10K_5%_0201,R0201_11P811
VCC3M,R4523,2,T,2411,3050,1/20W_10K_5%_0201,R0201_11P811
VCC3M,R4524,2,T,2068,3053,1/20W_10K_5%_0201,R0201_11P811
VCC3M,R4525,2,T,1979,3052,1/20W_10K_5%_0201,R0201_11P811
VCC3M,R4526,2,T,2324,3050,1/20W_10K_5%_0201,R0201_11P811
VCC3M,R4530,2,T,2233,3130,1/20W_10K_5%_0201,R0201_11P811
VCC3M,R4532,2,T,2365,3050,1/20W_10K_5%_0201,R0201_11P811
VCC3M,R4534,2,T,1949,2415,1/20W_10K_5%_0201,R0201_11P811
VCC3M,R4535,2,T,2006,2398,1/20W_10K_5%_0201,R0201_11P811
VCC3M,R5005,2,T,2980,1752,1/20W_10K_5%_0201,R0201_11P811
VCC3M,R5017,2,T,2930,1904,1/20W_10K_5%_0201,R0201_11P811-Y_CS20
VCC3M,R5107,2,T,2944,2100,1/20W_10K_5%_0201,R0201_11P811-Y_CS20
VCC3M,R5412,2,B,748,3372,1/20W_10K_5%_0201,R0201_11P811
VCC3M,R5901,2,T,1329,3819,1/20W_10K_5%_0201,R0201_11P811
VCC3M,R7911,1,T,2070,2103,0_0402_SP,R0402_SHORT
VCC3M,R8001,1,T,1584,2130,1/20W_4.7K_5%_0201,R0201_11P811
VCC3M,R8002,1,T,1584,2055,1/20W_4.7K_5%_0201,R0201_11P811
VCC3M,R8008,2,T,1980,2262,1/20W_100K_5%_0201,R0201_11P811
VCC3M,R8009,2,T,1584,1980,1/20W_100K_5%_0201,R0201_11P811
VCC3M,R8036,1,T,1584,1880,1/20W_4.7K_5%_0201,R0201_11P811
VCC3M,R8037,1,T,1584,1855,1/20W_4.7K_5%_0201,R0201_11P811
VCC3M,R8040,2,T,1760,2312,1/20W_100K_5%_0201,R0201_11P811
VCC3M,R8041,2,T,1735,2312,1/20W_100K_5%_0201,R0201_11P811
VCC3M,R8042,2,T,1828,2311,1/20W_100K_5%_0201,R0201_11P811
VCC3M,R8043,2,T,1805,2312,1/20W_100K_5%_0201,R0201_11P811
VCC3M,R8044,1,T,2110,2182,1/16W_49.9_1%_0402,R0402_15P748
VCC3M,R8110,1,T,1784,1593,1/20W_10K_5%_0201,R0201_11P811
VCC3M,R8111,1,T,2087,1885,1/20W_10K_5%_0201,R0201_11P811
VCC3M,R8112,1,T,1584,1905,1/20W_100K_5%_0201,R0201_11P811
VCC3M,R8113,1,T,1603,1667,1/20W_100K_5%_0201,R0201_11P811
VCC3M,R8126,2,T,2175,1766,1/20W_3.32K_1%_0201,R0201_11P811
VCC3M,R8127,2,T,2150,1689,1/20W_3.32K_1%_0201,R0201_11P811
VCC3M,R8128,2,T,2110,1689,1/20W_3.32K_1%_0201,R0201_11P811
VCC3M,R8129,2,T,2000,1689,1/20W_3.32K_1%_0201,R0201_11P811
VCC3M,R8130,2,T,2035,1689,1/20W_3.32K_1%_0201,R0201_11P811
VCC3M,R8131,2,T,2070,1689,1/20W_3.32K_1%_0201,R0201_11P811
VCC3M,R8132,1,T,1449,1880,1/20W_4.7K_5%_0201,R0201_11P811
VCC3M,R8133,1,T,1449,1855,1/20W_4.7K_5%_0201,R0201_11P811
VCC3M,R8201,2,T,1584,2155,1/20W_10K_5%_0201,R0201_11P811
VCC3M,R8202,1,T,1805,1689,1/20W_10K_5%_0201,R0201_11P811
VCC3M,R8224,1,T,1535,2157,1/16W_2.2_5%_0402,R0402_15P748
VCC3M,R8227,1,T,1762,1672,1/20W_100K_5%_0201,R0201_11P811
VCC3M,R8228,1,T,1907,2261,1/20W_100K_5%_0201,R0201_11P811
VCC3M,R8231,2,T,2033,2403,1/20W_2.2K_5%_0201,R0201_11P811
VCC3M,R8232,2,T,2106,2403,1/20W_2.2K_5%_0201,R0201_11P811
VCC3M,R8238,2,T,1847,1566,1/20W_10K_5%_0201,R0201_11P811
VCC3M,R8239,2,T,1584,1955,1/20W_100K_5%_0201,R0201_11P811
VCC3M,R8243,1,T,2237,1778,1/20W_100K_5%_0201,R0201_11P811
VCC3M,R9417,1,T,3050,5303,1/20W_100K_5%_0201,R0201_11P811
VCC3M,TB_TP1222,1,T,3680,1074,,
VCC3M,TB_TP1223,1,T,7658,1647,,
VCC3M,TB_TP1224,1,B,3783,3326,,
VCC3M,U1501,5,B,6149,2427,SN74LVC1G17DRLR_SOT-5,SN74LVC1G17DRLR_SOT-5
VCC3M,U5501,A2,T,892,2770,TPS22971YZPT_DSBGA8,TPS22971YZPT_DSBGA8P
VCC3M,U5501,B2,T,872,2770,TPS22971YZPT_DSBGA8,TPS22971YZPT_DSBGA8P
VCC3M,U5701,A2,T,865,3455,TPS22971YZPT_DSBGA8,TPS22971YZPT_DSBGA8P
VCC3M,U5701,B2,T,845,3455,TPS22971YZPT_DSBGA8,TPS22971YZPT_DSBGA8P
VCC3M,U6103,9,T,734,3949,PI3USB102ZMEX_UQFN10_1P4X1P8,PI3USB102ZMEX_UQFN10_1P4X1P8
VCC3M,U6203,9,T,734,3276,PI3USB102ZMEX_UQFN10_1P4X1P8,PI3USB102ZMEX_UQFN10_1P4X1P8
VCC3M_BST,PR0507,2,B,7632,1156,1/16W_0_1%_0402,R0402_SHORT_ATE
VCC3M_BST,PU0501,1,B,7629,1202,TPS51393PRJER_VQFN20_3X3,TPS51393PRJER_VQFN20_3X3
VCC3M_EC,C8202,2,T,1563,2241,4.7U_10V_K_X5R_0402,C0402_25P591_CC
VCC3M_EC,C8203,2,T,1577,2272,0.1U_6.3V_K_X5R_0201,C0201_12P992_BA
VCC3M_EC,C8204,2,T,1577,2297,0.1U_6.3V_K_X5R_0201,C0201_12P992_BA
VCC3M_EC,C8205,2,T,1600,2249,0.1U_6.3V_K_X5R_0201,C0201_12P992_BA
VCC3M_EC,C8206,2,T,1600,2274,0.1U_6.3V_K_X5R_0201,C0201_12P992_BA
VCC3M_EC,C8207,2,T,1600,2299,0.1U_6.3V_K_X5R_0201,C0201_12P992_BA
VCC3M_EC,L8202,2,T,1585,2207,BLM03PG330SN1D_2P,MURAT_BLM03PG330SN1D_2P
VCC3M_EC,R8224,2,T,1535,2193,1/16W_2.2_5%_0402,R0402_15P748
VCC3M_EC,TB_TP938,1,T,1571,2331,,
VCC3M_EC,UEC1,F5,T,1859,2066,NPCX997KAABX_VFBGA144,NPCX997KAABX_VFBGA_144P
VCC3M_EC,UEC1,F8,T,1859,1989,NPCX997KAABX_VFBGA144,NPCX997KAABX_VFBGA_144P
VCC3M_EC,UEC1,F9,T,1859,1964,NPCX997KAABX_VFBGA144,NPCX997KAABX_VFBGA_144P
VCC3M_EC,UEC1,H5,T,1807,2066,NPCX997KAABX_VFBGA144,NPCX997KAABX_VFBGA_144P
VCC3M_EC,UEC1,H8,T,1807,1989,NPCX997KAABX_VFBGA144,NPCX997KAABX_VFBGA_144P
VCC3M_EN,PR0502,2,B,7565,1387,1/16W_0_5%_0402,R0402_15P748
VCC3M_EN,PR0510,1,B,7562,1355,1/20W_0_5%_0201,R0201_11P811
VCC3M_EN,PU0501,12,B,7576,1312,TPS51393PRJER_VQFN20_3X3,TPS51393PRJER_VQFN20_3X3
VCC3M_ENLDO,PR0504,2,B,7533,1383,1/16W_0_5%_0402,R0402_15P748
VCC3M_ENLDO,PR0510,2,B,7539,1355,1/20W_0_5%_0201,R0201_11P811
VCC3M_ENLDO,PU0501,11,B,7558,1312,TPS51393PRJER_VQFN20_3X3,TPS51393PRJER_VQFN20_3X3
VCC3M_FB,PR0501,1,B,7594,1383,1/20W_240K_5%_0201,R0201_11P811
VCC3M_FB,PU0501,13,B,7593,1312,TPS51393PRJER_VQFN20_3X3,TPS51393PRJER_VQFN20_3X3
VCC3M_IO,C7901,1,T,2149,2028,0.1U_6.3V_K_X5R_0201,C0201_12P992_BA
VCC3M_IO,C7902,1,T,2120,2035,1U_6.3V_K_X5R_0402,C0402_21P654_CA
VCC3M_IO,R7902,1,T,2120,1862,1/16W_4.7K_5%_0402,R0402_15P748
VCC3M_IO,R7904,1,T,2225,1862,1/16W_4.7K_5%_0402,R0402_15P748
VCC3M_IO,R7907,2,T,2119,2105,1/16W_4.7K_5%_0402,R0402_15P748
VCC3M_IO,R7908,2,T,2119,2070,1/16W_4.7K_5%_0402,R0402_15P748
VCC3M_IO,R7909,2,T,2070,2033,1/16W_4.7K_5%_0402,R0402_15P748
VCC3M_IO,R7911,2,T,2070,2067,0_0402_SP,R0402_SHORT
VCC3M_IO,R7912,1,T,2119,2145,1/16W_4.7K_5%_0402,R0402_15P748
VCC3M_IO,U7901,21,T,2217,2024,NCT5635Y-W_QFN24_4X4,NCT5635Y-W_QFN24_4X4
VCC3M_JTAG,R8044,2,T,2110,2218,1/16W_49.9_1%_0402,R0402_15P748
VCC3M_JTAG,TP8001,1,T,2123,2249,Test_Point_16MIL,TPC16
VCC3M_KB,C4501,1,T,2559,3039,0.1U_6.3V_K_X5R_0201,C0201_12P992_BA
VCC3M_KB,F4501,1,T,2530,3040,0.5A_32V_ERBRD0R50X,F_ERBRD0R50X
VCC3M_KB,R4527,2,T,2545,2995,0_0402_SP,R0402_SHORT
VCC3M_KB,TB_TP1283,1,T,2583,3094,,
VCC3M_KB_R,JKBL2,25,T,2466,2923,HIGHS_FC5AF361-1151H,HIGHS_FC5AF361-1151H_36P-T
VCC3M_KB_R,R4527,1,T,2509,2995,0_0402_SP,R0402_SHORT
VCC3M_KB_R,TB_TP21,1,T,2733,3003,,
VCC3M_LOGO,JCAM1,6,B,8280,4955,I-PEX_20654-030E-01,I-PEX_20654-030E-01_30P
VCC3M_LOGO,R9530,1,B,8238,4875,0_0402_SP,R0402_SHORT
VCC3M_LOGO,TB_TP984,1,T,8225,4876,,
VCC3M_PD,R5915,1,T,1529,3960,0_0402_SP,R0402_SHORT
VCC3M_PD,U5901,32,T,1527,3887,SN2011061RSLR_VQFN48_6X6,SN2011061RSLR_VQFN48_6X6
VCC3M_PG,PR0503,1,B,7497,1416,0_0402_SP,R0402_SHORT
VCC3M_PG,PU0501,9,B,7538,1275,TPS51393PRJER_VQFN20_3X3,TPS51393PRJER_VQFN20_3X3
VCC3M_PWR,JPWR1,5,B,9149,5032,HIGHS_WS83081-S0171-HF,HIGHS_WS83081-S0171-HF_8P-T
VCC3M_PWR,R4615,1,B,9140,4939,0_0402_SP,R0402_SHORT
VCC3M_PWR,TB_TP328,1,B,9134,4976,,
VCC3M_R,PC0507,2,B,7616,1383,470P_25V_K_X7R_0201,C0201_12P992_BA
VCC3M_R,PC0508,2,B,7878,1458,2200P_25V_K_X7R_0201,C0201_12P992_BA
VCC3M_R,PC0509,1,T,7878,1458,0.1U_6.3V_K_X5R_0201,C0201_12P992_BA
VCC3M_R,PC0510,2,T,7868,1423,22U_6.3V_M_X5R_0603,C0603_39P370_DC
VCC3M_R,PC0511,2,T,7691,1458,22U_6.3V_M_X5R_0603,C0603_39P370_DC
VCC3M_R,PC0518,2,B,7691,1459,22U_6.3V_M_X5R_0603,C0603_39P370_DC
VCC3M_R,PC0519,2,B,7868,1423,22U_6.3V_M_X5R_0603,C0603_39P370_DC
VCC3M_R,PC0520,2,T,7726,1406,22U_6.3V_M_X5R_0603,C0603_39P370_DC
VCC3M_R,PC0521,2,B,7726,1405,22U_6.3V_M_X5R_0603,C0603_39P370_DC
VCC3M_R,PC0522,2,B,7878,1480,100P_25V_J_NPO_0201,C0201_12P992_BA
VCC3M_R,PC0523,2,T,7877,1480,47P_25V_J_NPO_0201,C0201_12P992_BA
VCC3M_R,PJ0501,2,T,7788,1473,JUMP_43X118,JUMP_43X118
VCC3M_R,PL0501,2,B,7820,1331,1.5UH_CMLE053T-1R5MS_8.2A_20%,CYNTE_CMLE053T-1R5MS_2P
VCC3M_R,PU0501,14,B,7611,1312,TPS51393PRJER_VQFN20_3X3,TPS51393PRJER_VQFN20_3X3
VCC3M_R,TB_TP902,1,B,7734,1494,,
VCC3M_RT_SPI,C5409,1,T,1290,4416,0.1U_6.3V_K_X5R_0201,C0201_12P992_BA
VCC3M_RT_SPI,D5401,1,T,1311,4383,RB520CM-30T2R_VMN2M2,RB520CM-30T2R_VMN2M2
VCC3M_RT_SPI,R5403,2,T,985,4387,1/20W_2.2K_5%_0201,R0201_11P811
VCC3M_RT_SPI,R5404,2,T,1010,4425,1/20W_2.2K_5%_0201,R0201_11P811
VCC3M_RT_SPI,R5405,2,T,1007,4271,1/20W_3.3K_5%_0201,R0201_11P811
VCC3M_RT_SPI,R5406,2,T,1248,4390,1/20W_3.3K_5%_0201,R0201_11P811
VCC3M_RT_SPI,R5425,2,T,1259,4421,0_0402_SP,R0402_SHORT
VCC3M_RT_SPI,TB_TP714,1,T,924,4441,,
VCC3M_RT_SPI,TP5404,1,T,1279,4383,Test_Point_16MIL,TPC16
VCC3M_SPI_1,C2204,2,B,2454,4208,0.22U_6.3V_K_X5R_0201,C0201_12P992_BA
VCC3M_SPI_1,C8004,1,B,2937,4151,0.22U_6.3V_K_X5R_0201,C0201_12P992_BA
VCC3M_SPI_1,D8001,1,B,2906,4150,RB520CM-30T2R_VMN2M2,RB520CM-30T2R_VMN2M2
VCC3M_SPI_1,R2201,2,B,2819,4189,1/20W_4.7K_5%_0201,R0201_11P811
VCC3M_SPI_1,R8020,1,B,3043,4111,1/20W_10K_5%_0201,R0201_11P811
VCC3M_SPI_1,R8026,1,T,3033,3885,1/20W_10K_5%_0201,R0201_11P811
VCC3M_SPI_1,R8027,1,B,2822,4027,1/20W_10K_5%_0201,R0201_11P811
VCC3M_SPI_1,TB_TP4,1,B,2848,4215,,
VCC3M_SPI_1,U2203,8,B,2393,4140,W25R256JVEIN_WSON8_8X6,W25R256JVEIN_WSON8_8X6
VCC3M_SPI_1,U8001,8,B,2881,4047,W25Q256JVEIN_WSON8_8X6,W25Q256JVEIN_WSON8_8X6
VCC3M_SW,PC0501,2,B,7699,1190,0.22U_25V_K_X5R_0402,C0402_21P654_CA
VCC3M_SW,PC0517,1,T,7731,1232,1000P_25V_K_X7R_0201,C0201_12P992_BA
VCC3M_SW,PL0501,1,B,7820,1134,1.5UH_CMLE053T-1R5MS_8.2A_20%,CYNTE_CMLE053T-1R5MS_2P
VCC3M_SW,PU0501,6,B,7538,1221,TPS51393PRJER_VQFN20_3X3,TPS51393PRJER_VQFN20_3X3
VCC3M_SW,PU0501,19,B,7648,1239,TPS51393PRJER_VQFN20_3X3,TPS51393PRJER_VQFN20_3X3
VCC3M_SW,PU0501,20,B,7648,1221,TPS51393PRJER_VQFN20_3X3,TPS51393PRJER_VQFN20_3X3
VCC3M_SW,TB_TP879,1,B,7808,1050,,
VCC3M_VIN,PC0502,2,T,7500,1155,10U_25V_M_X5R_0603,C0603_37P402_DB
VCC3M_VIN,PC0503,2,B,7405,1145,10U_25V_M_X5R_0603,C0603_37P402_DB
VCC3M_VIN,PC0504,2,B,7500,1155,10U_25V_M_X5R_0603,C0603_37P402_DB
VCC3M_VIN,PC0505,2,T,7405,1145,10U_25V_M_X5R_0603,C0603_37P402_DB
VCC3M_VIN,PC0506,2,B,7572,1153,0.1U_25V_K_X5R_0201,C0201_13P780_BB
VCC3M_VIN,PC0514,2,T,7415,1229,2200P_25V_K_X7R_0201,C0201_12P992_BA
VCC3M_VIN,PC0515,2,B,7594,1153,100P_25V_J_NPO_0201,C0201_12P992_BA
VCC3M_VIN,PC0516,2,T,7437,1229,47P_25V_J_NPO_0201,C0201_12P992_BA
VCC3M_VIN,PC0524,1,B,7429,1206,22U_B2_25VM_R100M,C_B2
VCC3M_VIN,PC0526,2,B,7452,1145,10U_25V_M_X5R_0603,C0603_37P402_DB
VCC3M_VIN,PC0527,2,T,7452,1145,10U_25V_M_X5R_0603,C0603_37P402_DB
VCC3M_VIN,PR0506,2,B,7340,1134,0_0603_LE_SP,R0603_LE_19P685_SHORT
VCC3M_VIN,PU0501,2,B,7611,1202,TPS51393PRJER_VQFN20_3X3,TPS51393PRJER_VQFN20_3X3
VCC3M_VIN,PU0501,3,B,7593,1202,TPS51393PRJER_VQFN20_3X3,TPS51393PRJER_VQFN20_3X3
VCC3M_VIN,PU0501,4,B,7576,1202,TPS51393PRJER_VQFN20_3X3,TPS51393PRJER_VQFN20_3X3
VCC3M_VIN,PU0501,5,B,7558,1202,TPS51393PRJER_VQFN20_3X3,TPS51393PRJER_VQFN20_3X3
VCC3M_VIN,TB_TP912,1,B,7327,1215,,
VCC3P,F9404,1,T,3283,5583,3A_32V_ERBRD3R00X,F_ERBRD3R00X
VCC3P,Q9401,1,T,1715,2926,AON7408L_DFN8-5,AON7408L_DFN8-5
VCC3P,Q9401,2,T,1690,2926,AON7408L_DFN8-5,AON7408L_DFN8-5
VCC3P,Q9401,3,T,1664,2926,AON7408L_DFN8-5,AON7408L_DFN8-5
VCC3P,R9407,2,T,1725,2965,1/20W_47_5%_0201,R0201_11P811
VCC3P,TB_TP736,1,T,1771,2942,,
VCC3P3A_SX_TBTB,C5541,2,T,845,3040,2.2U_6.3V_K_X5R_0402_YAGEO,C0402_21P654_CA
VCC3P3A_SX_TBTB,R5501,2,T,830,3003,0_0402_SP,R0402_SHORT
VCC3P3A_SX_TBTB,TB_TP1151,1,T,784,2987,,
VCC3P3A_SX_TBTB,UBB1,J7,B,839,3081,JHL8040RSLMN7A1_BGA105,JHL8040RSLMN7A1_BGA_105P
VCC3P3A_SX_TBTC,C5711,2,T,841,3713,2.2U_6.3V_K_X5R_0402_YAGEO,C0402_21P654_CA
VCC3P3A_SX_TBTC,R5701,2,T,819,3681,0_0402_SP,R0402_SHORT
VCC3P3A_SX_TBTC,TB_TP839,1,T,785,3648,,
VCC3P3A_SX_TBTC,UBB2,J7,B,839,3754,JHL8040RSLMN7A1_BGA105,JHL8040RSLMN7A1_BGA_105P
VCC3P3_ANA_TBTB,C5503,2,T,930,3037,2.2U_6.3V_K_X5R_0402_YAGEO,C0402_21P654_CA
VCC3P3_ANA_TBTB,UBB1,L2,B,946,3051,JHL8040RSLMN7A1_BGA105,JHL8040RSLMN7A1_BGA_105P
VCC3P3_ANA_TBTC,C5703,2,T,929,3710,2.2U_6.3V_K_X5R_0402_YAGEO,C0402_21P654_CA
VCC3P3_ANA_TBTC,TB_TP824,1,T,908,3762,,
VCC3P3_ANA_TBTC,UBB2,L2,B,946,3723,JHL8040RSLMN7A1_BGA105,JHL8040RSLMN7A1_BGA_105P
VCC3P3_LC_TBTB,C5504,2,T,967,3180,2.2U_6.3V_K_X5R_0402_YAGEO,C0402_21P654_CA
VCC3P3_LC_TBTB,R5416,1,B,1012,3324,1/20W_10K_5%_0201,R0201_11P811
VCC3P3_LC_TBTB,R5417,1,T,937,3239,1/20W_10K_5%_0201,R0201_11P811
VCC3P3_LC_TBTB,R5418,1,B,959,3324,1/20W_10K_5%_0201,R0201_11P811
VCC3P3_LC_TBTB,R5419,1,T,912,3239,1/20W_10K_5%_0201,R0201_11P811
VCC3P3_LC_TBTB,TB_TP734,1,B,1022,3373,,
VCC3P3_LC_TBTB,UBB1,E5,B,890,3158,JHL8040RSLMN7A1_BGA105,JHL8040RSLMN7A1_BGA_105P
VCC3P3_LC_TBTC,C5702,2,T,967,3853,2.2U_6.3V_K_X5R_0402_YAGEO,C0402_21P654_CA
VCC3P3_LC_TBTC,R5603,1,B,1012,3997,1/20W_10K_5%_0201,R0201_11P811
VCC3P3_LC_TBTC,R5604,1,T,937,3912,1/20W_10K_5%_0201,R0201_11P811
VCC3P3_LC_TBTC,R5605,1,B,959,3997,1/20W_10K_5%_0201,R0201_11P811
VCC3P3_LC_TBTC,R5606,1,T,912,3912,1/20W_10K_5%_0201,R0201_11P811
VCC3P3_LC_TBTC,TB_TP1400,1,T,1022,3879,,
VCC3P3_LC_TBTC,UBB2,E5,B,890,3830,JHL8040RSLMN7A1_BGA105,JHL8040RSLMN7A1_BGA_105P
VCC3P3_SX_TBTB,C5531,2,T,875,3164,2.2U_6.3V_M_X5R_0402,C0402_21P654_CA
VCC3P3_SX_TBTB,C5535,2,T,912,2986,2.2U_6.3V_M_X5R_0402,C0402_21P654_CA
VCC3P3_SX_TBTB,C5540,2,T,891,2945,47U_6.3V_M_X5R_0603,C0603_39P370_DC
VCC3P3_SX_TBTB,C5543,2,T,891,2894,22U_6.3V_M_X5R_0603,C0603_39P370_DC
VCC3P3_SX_TBTB,C5544,2,T,939,2847,22U_6.3V_M_X5R_0603,C0603_39P370_DC
VCC3P3_SX_TBTB,R5408,2,B,894,3323,1/20W_10K_5%_0201,R0201_11P811
VCC3P3_SX_TBTB,R5409,2,B,931,3394,1/20W_10K_5%_0201,R0201_11P811
VCC3P3_SX_TBTB,R5410,2,B,982,3324,1/20W_10K_5%_0201,R0201_11P811
VCC3P3_SX_TBTB,R5426,2,T,981,3323,1/20W_10K_5%_0201,R0201_11P811
VCC3P3_SX_TBTB,R5432,2,T,841,3325,1/20W_10K_5%_0201,R0201_11P811
VCC3P3_SX_TBTB,R5501,1,T,866,3003,0_0402_SP,R0402_SHORT
VCC3P3_SX_TBTB,R5502,1,T,853,2913,0_0402_SP,R0402_SHORT
VCC3P3_SX_TBTB,TB_TP665,1,T,848,2951,,
VCC3P3_SX_TBTB,TB_TP666,1,T,1125,3392,,
VCC3P3_SX_TBTB,UBB1,E6,B,864,3158,JHL8040RSLMN7A1_BGA105,JHL8040RSLMN7A1_BGA_105P
VCC3P3_SX_TBTB,UBB1,M4,B,909,3033,JHL8040RSLMN7A1_BGA105,JHL8040RSLMN7A1_BGA_105P
VCC3P3_SX_TBTB,UBB1,M5,B,891,3033,JHL8040RSLMN7A1_BGA105,JHL8040RSLMN7A1_BGA_105P
VCC3P3_SX_TBTB_L,FL5501,1,T,895,2831,1UH_LQM18PN1R0MFHD_20%,MURAT_LQM18PN1R0MFHD_2P
VCC3P3_SX_TBTB_L,U5501,A1,T,892,2789,TPS22971YZPT_DSBGA8,TPS22971YZPT_DSBGA8P
VCC3P3_SX_TBTB_L,U5501,B1,T,872,2789,TPS22971YZPT_DSBGA8,TPS22971YZPT_DSBGA8P
VCC3P3_SX_TBTB_R,FL5501,2,T,844,2831,1UH_LQM18PN1R0MFHD_20%,MURAT_LQM18PN1R0MFHD_2P
VCC3P3_SX_TBTB_R,R5502,2,T,853,2877,0_0402_SP,R0402_SHORT
VCC3P3_SX_TBTB_R,TB_TP874,1,T,783,2806,,
VCC3P3_SX_TBTC,C5547,2,T,892,3601,22U_6.3V_M_X5R_0603,C0603_39P370_DC
VCC3P3_SX_TBTC,C5548,2,T,892,3551,22U_6.3V_M_X5R_0603,C0603_39P370_DC
VCC3P3_SX_TBTC,C5709,2,T,879,3836,2.2U_6.3V_M_X5R_0402,C0402_21P654_CA
VCC3P3_SX_TBTC,C5722,2,T,892,3651,47U_6.3V_M_X5R_0603,C0603_39P370_DC
VCC3P3_SX_TBTC,C5724,2,T,860,3614,2.2U_6.3V_M_X5R_0402,C0402_21P654_CA
VCC3P3_SX_TBTC,R5611,2,B,894,3996,1/20W_10K_5%_0201,R0201_11P811
VCC3P3_SX_TBTC,R5612,2,B,931,4067,1/20W_10K_5%_0201,R0201_11P811
VCC3P3_SX_TBTC,R5613,2,B,982,3997,1/20W_10K_5%_0201,R0201_11P811
VCC3P3_SX_TBTC,R5629,2,T,981,3996,1/20W_10K_5%_0201,R0201_11P811
VCC3P3_SX_TBTC,R5632,2,B,741,4061,1/20W_10K_5%_0201,R0201_11P811
VCC3P3_SX_TBTC,R5701,1,T,855,3681,0_0402_SP,R0402_SHORT
VCC3P3_SX_TBTC,R5702,1,T,857,3557,0_0402_SP,R0402_SHORT
VCC3P3_SX_TBTC,TB_TP1389,1,B,749,4105,,
VCC3P3_SX_TBTC,UBB2,E6,B,864,3830,JHL8040RSLMN7A1_BGA105,JHL8040RSLMN7A1_BGA_105P
VCC3P3_SX_TBTC,UBB2,M4,B,909,3705,JHL8040RSLMN7A1_BGA105,JHL8040RSLMN7A1_BGA_105P
VCC3P3_SX_TBTC,UBB2,M5,B,891,3705,JHL8040RSLMN7A1_BGA105,JHL8040RSLMN7A1_BGA_105P
VCC3P3_SX_TBTC_L,FL5701,1,T,905,3458,1UH_LQM18PN1R0MFHD_20%,MURAT_LQM18PN1R0MFHD_2P
VCC3P3_SX_TBTC_L,TB_TP852,1,T,797,3515,,
VCC3P3_SX_TBTC_L,U5701,A1,T,865,3474,TPS22971YZPT_DSBGA8,TPS22971YZPT_DSBGA8P
VCC3P3_SX_TBTC_L,U5701,B1,T,845,3474,TPS22971YZPT_DSBGA8,TPS22971YZPT_DSBGA8P
VCC3P3_SX_TBTC_R,FL5701,2,T,905,3509,1UH_LQM18PN1R0MFHD_20%,MURAT_LQM18PN1R0MFHD_2P
VCC3P3_SX_TBTC_R,R5702,2,T,857,3521,0_0402_SP,R0402_SHORT
VCC3P3_SX_TBTC_R,TB_TP858,1,T,955,3504,,
VCC3P_DRV,C9407,2,T,1666,3123,0.1U_25V_K_X5R_0201,C0201_12P992_BA
VCC3P_DRV,D9402,1,T,1689,3152,RB521CM-30T2R_VMN2M-2,RB521CM-30T2R_VMN2M-2
VCC3P_DRV,R9402,1,T,1664,3164,1/20W_100_5%_0201,R0201_11P811
VCC3P_DRV,R9403,2,T,1688,3123,1/20W_47K_5%_0201,R0201_11P811
VCC3P_DRV,TB_TP467,1,T,1764,3176,,
VCC3P_DRV,UTE1,39,T,3301,2019,TC62D518FTG_WQFN56_7X7,TC62D518FTG_WQFN56_7X7
VCC3SW,C5108,2,T,3155,2224,1U_6.3V_M_X5R_0201,C0201_13P780_BB-Y_CS20
VCC3SW,C5112,2,T,3155,2202,1U_6.3V_M_X5R_0201,C0201_13P780_BB-Y_CS20
VCC3SW,C9504,2,T,8296,4965,0.1U_6.3V_K_X5R_0201,C0201_12P992_BA
VCC3SW,D2302,2,T,8389,920,RB520CM-30T2R_VMN2M2,RB520CM-30T2R_VMN2M2
VCC3SW,JCAM1,8,B,8311,4955,I-PEX_20654-030E-01,I-PEX_20654-030E-01_30P
VCC3SW,PR0214,2,B,3255,1108,1/20W_100K_5%_0201,R0201_11P811
VCC3SW,PR0215,2,B,3232,1109,1/20W_100K_5%_0201,R0201_11P811
VCC3SW,R1541,2,T,1637,1743,1/20W_10K_5%_0201,R0201_11P811
VCC3SW,R5001,1,T,3125,1729,1/20W_47K_5%_0201,R0201_11P811
VCC3SW,R5006,2,T,3065,1729,1/20W_4.7K_5%_0201,R0201_11P811
VCC3SW,R5019,2,T,2955,1832,1/20W_1M_5%_0201,R0201_11P811
VCC3SW,R5109,2,T,2990,2222,1/20W_33K_5%_0201,R0201_11P811-Y_CS20
VCC3SW,R5111,2,T,3069,2221,1/20W_33K_5%_0201,R0201_11P811-Y_CS20
VCC3SW,R6206,2,T,558,3650,1/20W_100K_5%_0201,R0201_11P811
VCC3SW,R8035,2,T,1744,1738,1/20W_20K_5%_0201,R0201_11P811
VCC3SW,R8051,2,T,1584,1805,1/20W_100K_5%_0201,R0201_11P811
VCC3SW,R8221,1,T,1745,1779,1/20W_100K_5%_0201,R0201_11P811
VCC3SW,R8229,1,T,1865,2343,1/16W_0_5%_0402,R0402_15P748
VCC3SW,R9506,2,T,3205,5224,1/20W_100K_5%_0201,R0201_11P811
VCC3SW,TB_TP981,1,T,8389,998,,
VCC3SW,UTE1,47,T,3207,2097,TC62D518FTG_WQFN56_7X7,TC62D518FTG_WQFN56_7X7
VCC3_CORE,PC0934,1,B,4892,4920,1U_25V_K_X5R_0402,C0402_23P622_CB
VCC3_CORE,PR0908,2,B,4925,4921,0_0402_SP,R0402_SHORT
VCC3_CORE,PU0903,20,B,4810,4956,MP86941-CGQVT-C669-Z_TQFN21_3X5,MP86941-CGQVT-C669-Z_TQFN21_3X5
VCC3_CORE,TB_TP607,1,B,4856,4933,,
VCC3_FPR,C4611,2,T,10217,4872,2.2U_6.3V_K_X5R_0402,C0402_21P654_CA
VCC3_FPR,F4601,2,B,10281,4944,0.5A_32V_ERBRD0R50X,F_ERBRD0R50X
VCC3_FPR,TB_TP385,1,B,10274,4883,,
VCC3_FPR,U4601,1,T,10179,4872,TPS70933DRVR_WSON6_2X2,TPS70933DRVR_WSON6_2X2
VCC3_FPR_C,F4601,1,B,10281,4984,0.5A_32V_ERBRD0R50X,F_ERBRD0R50X
VCC3_FPR_C,JFPR1,10,B,10267,5039,HIGHSTAR_FC5AF101-2933-1H,HIGHSTAR_FC5AF101-2933-1H_10P
VCC3_FPR_C,R4617,1,B,10237,4940,1/20W_100K_5%_0201,R0201_11P811
VCC3_FPR_C,TB_TP384,1,B,10324,4990,,
VCC3_LDO_PD,C5906,2,T,1439,3961,10U_6.3V_M_X5R_0402,C0402_27P559_CD
VCC3_LDO_PD,C6101,2,T,1032,4087,0.1U_6.3V_K_X5R_0201,C0201_12P992_BA
VCC3_LDO_PD,C6207,2,T,1277,3479,0.1U_6.3V_K_X5R_0201,C0201_12P992_BA
VCC3_LDO_PD,R5903,1,T,1390,3987,1/20W_200K_1%_0201,R0201_11P811
VCC3_LDO_PD,R5905,2,T,1471,3987,1/20W_0_5%_0201,R0201_11P811
VCC3_LDO_PD,R5907,2,T,1352,3681,1/20W_2.2K_5%_0201,R0201_11P811
VCC3_LDO_PD,R5908,2,T,1351,3636,1/20W_2.2K_5%_0201,R0201_11P811
VCC3_LDO_PD,R5909,2,T,1351,3710,1/20W_10K_5%_0201,R0201_11P811
VCC3_LDO_PD,R6101,2,T,1004,4110,1/20W_10K_5%_0201,R0201_11P811
VCC3_LDO_PD,R6203,2,T,1275,3453,1/20W_10K_5%_0201,R0201_11P811
VCC3_LDO_PD,TB_TP1076,1,T,1232,3906,,
VCC3_LDO_PD,TB_TP1077,1,T,1024,4225,,
VCC3_LDO_PD,U5901,34,T,1496,3887,SN2011061RSLR_VQFN48_6X6,SN2011061RSLR_VQFN48_6X6
VCC3_LDO_PD,U6102,C4,T,1078,4085,SN1904020YBFR_DSBGA16,SN1904020YBFR_DSBGA_16P
VCC3_LDO_PD,U6202,C4,T,1336,3479,SN1904020YBFR_DSBGA16,SN1904020YBFR_DSBGA_16P
VCC3_PD,C5901,2,T,1522,4036,10U_6.3V_M_X5R_0402,C0402_27P559_CD
VCC3_PD,PC0525,2,T,1639,4092,0.1U_6.3V_K_X5R_0201,C0201_12P992_BA
VCC3_PD,PR0509,2,T,1602,4079,0_0603_SP,R0603_SHORT
VCC3_PD,PU0502,A1,T,1667,4078,TCK107AG_WCSP4D4,TCK107AG_WCSP4D_4P
VCC3_PD,R5915,2,T,1529,3996,0_0402_SP,R0402_SHORT
VCC3_PD,TB_TP1257,1,T,1533,4083,,
VCC3_SSD,C7009,1,T,1856,1400,0.1U_25V_K_X5R_0201,C0201_12P992_BA
VCC3_SSD,C7010,2,T,1406,1498,10U_6.3V_M_X5R_0402,C0402_27P559_CD
VCC3_SSD,C7011,2,T,1332,1451,0.01U_6.3V_K_X7R_0201,C0201_12P992_BA
VCC3_SSD,C7012,2,T,1358,1449,2200P_25V_K_X7R_0201,C0201_12P992_BA
VCC3_SSD,JSSD1,2,B,1221,1450,ARGOSY_NASM0-S6710-TS20,ARGOSY_NASM0-S6710-TS20_67P-T
VCC3_SSD,JSSD1,4,B,1240,1450,ARGOSY_NASM0-S6710-TS20,ARGOSY_NASM0-S6710-TS20_67P-T
VCC3_SSD,JSSD1,12,B,1319,1450,ARGOSY_NASM0-S6710-TS20,ARGOSY_NASM0-S6710-TS20_67P-T
VCC3_SSD,JSSD1,14,B,1339,1450,ARGOSY_NASM0-S6710-TS20,ARGOSY_NASM0-S6710-TS20_67P-T
VCC3_SSD,JSSD1,16,B,1358,1450,ARGOSY_NASM0-S6710-TS20,ARGOSY_NASM0-S6710-TS20_67P-T
VCC3_SSD,JSSD1,18,B,1378,1450,ARGOSY_NASM0-S6710-TS20,ARGOSY_NASM0-S6710-TS20_67P-T
VCC3_SSD,JSSD1,70,B,1890,1450,ARGOSY_NASM0-S6710-TS20,ARGOSY_NASM0-S6710-TS20_67P-T
VCC3_SSD,JSSD1,72,B,1910,1450,ARGOSY_NASM0-S6710-TS20,ARGOSY_NASM0-S6710-TS20_67P-T
VCC3_SSD,JSSD1,74,B,1929,1450,ARGOSY_NASM0-S6710-TS20,ARGOSY_NASM0-S6710-TS20_67P-T
VCC3_SSD,PR2404,2,T,1281,1535,1/2W 0.01 +-1% 0603_LE 350PPM/C,R0603_LE_19P685
VCC3_SSD,PR2405,2,T,1364,1539,0_0603_LE_SP,R0603_LE_19P685_SHORT
VCC3_SSD,TB_TP1212,1,T,1417,1436,,
VCC3_SUS,C2103,2,B,6294,2495,0.1U_6.3V_K_X5R_0201,C0201_12P992_BA
VCC3_SUS,C9508,2,T,2718,4398,2.2U_6.3V_K_X5R_0402,C0402_21P654_CA
VCC3_SUS,C9512,1,T,8860,4771,0.1U_6.3V_K_X5R_0201,C0201_12P992_BA
VCC3_SUS,C9514,1,T,8940,4929,0.1U_6.3V_K_X5R_0201,C0201_12P992_BA
VCC3_SUS,F9507,2,B,8317,4805,0.5A_32V_ERBRD0R50X,F_ERBRD0R50X
VCC3_SUS,J2101,1,B,6547,893,FCI_10051922-1810ELF,FCI_10051922-1810ELF_18P-T
VCC3_SUS,PR0702,1,T,5758,5230,1/20W_100K_5%_0201,R0201_11P811
VCC3_SUS,PR1203,1,B,2883,4606,1/20W_100K_5%_0201,R0201_11P811
VCC3_SUS,PR1206,1,B,2905,4606,1/20W_100K_5%_0201,R0201_11P811
VCC3_SUS,PR1215,1,B,3091,4580,1/20W_100K_5%_0201,R0201_11P811
VCC3_SUS,PR1525,2,B,7260,1742,1/20W_10K_1%_0201,R0201_11P811
VCC3_SUS,PR2003,2,T,1781,2736,0_0603_LE_SP,R0603_LE_19P685_SHORT
VCC3_SUS,PR2101,1,B,6255,4172,1/20W_10K_5%_0201,R0201_11P811
VCC3_SUS,PR2102,1,B,6277,4172,1/20W_10K_5%_0201,R0201_11P811
VCC3_SUS,PR2409,2,T,3150,1729,1/20W_10K_5%_0201,R0201_11P811
VCC3_SUS,PR2410,2,T,3412,1750,1/20W_10K_5%_0201,R0201_11P811
VCC3_SUS,R0504,1,T,8098,3611,1/20W_10K_5%_0201,R0201_11P811
VCC3_SUS,R0505,1,B,6220,2400,1/20W_10K_5%_0201,R0201_11P811
VCC3_SUS,R0813,2,T,5918,3496,1/20W_10K_5%_0201,R0201_11P811
VCC3_SUS,R0816,2,T,5952,3010,1/20W_1K_5%_0201,R0201_11P811
VCC3_SUS,R0817,2,T,5952,3033,1/20W_1K_5%_0201,R0201_11P811
VCC3_SUS,R0818,2,T,5952,3085,1/20W_1K_5%_0201,R0201_11P811
VCC3_SUS,R0901,2,B,5706,2533,1/20W_100K_5%_0201,R0201_11P811
VCC3_SUS,R0902,2,B,6412,3118,1/20W_4.7K_5%_0201,R0201_11P811
VCC3_SUS,R0903,2,B,5680,2534,1/20W_100K_5%_0201,R0201_11P811
VCC3_SUS,R0904,2,T,5889,3165,1/20W_1K_5%_0201,R0201_11P811
VCC3_SUS,R0919,2,T,5889,3188,1/20W_2.2K_5%_0201,R0201_11P811
VCC3_SUS,R0920,2,T,5889,3211,1/20W_2.2K_5%_0201,R0201_11P811
VCC3_SUS,R0921,2,T,5874,3506,1/20W_100K_5%_0201,R0201_11P811
VCC3_SUS,R0922,2,T,5887,3116,1/20W_499_1%_0201,R0201_11P811
VCC3_SUS,R0923,2,T,5887,3140,1/20W_499_1%_0201,R0201_11P811
VCC3_SUS,R0924,2,B,6034,3422,1/20W_100K_5%_0201,R0201_11P811
VCC3_SUS,R1012,2,B,6200,3360,1/20W_10K_5%_0201,R0201_11P811
VCC3_SUS,R1510,2,B,6268,2743,1/20W_10K_5%_0201,R0201_11P811
VCC3_SUS,R1512,2,T,3695,1723,1/20W_10K_5%_0201,R0201_11P811
VCC3_SUS,R1809,1,B,6299,3895,0_0603_LE_SP,R0603_LE_19P685_SHORT
VCC3_SUS,R1810,1,B,6274,2688,1/5W_0.01_1%_0402,R0402_15P748
VCC3_SUS,R3529,2,T,8171,3762,1/20W_10K_5%_0201,R0201_11P811
VCC3_SUS,R3530,2,T,8185,3863,1/20W_10K_5%_0201,R0201_11P811
VCC3_SUS,R3539,1,B,8395,3864,1/20W_0_5%_0201,R0201_11P811
VCC3_SUS,R4007,2,B,8137,3838,1/20W_10K_5%_0201,R0201_11P811
VCC3_SUS,R4008,2,B,8143,3907,1/20W_10K_5%_0201,R0201_11P811
VCC3_SUS,R7221,1,T,6415,4173,0_0603_LE_SP,R0603_LE_19P685_SHORT
VCC3_SUS,R7421,2,T,2846,3553,1/20W_1K_5%_0201,R0201_11P811
VCC3_SUS,R8242,2,T,1721,1599,1/20W_100K_5%_0201,R0201_11P811
VCC3_SUS,R9801,1,T,6860,3253,0_0603_LE_SP,R0603_LE_19P685_SHORT
VCC3_SUS,R99240,2,T,5582,3007,1/20W_10K_5%_0201,R0201_11P811
VCC3_SUS,R99241,2,T,5534,2966,1/20W_10K_5%_0201,R0201_11P811
VCC3_SUS,TB_TP1305,1,T,6137,3133,,
VCC3_SUS,TB_TP1306,1,T,6154,3509,,
VCC3_SUS,TB_TP1307,1,B,6350,4003,,
VCC3_SUS,TB_TP1308,1,T,6359,3999,,
VCC3_SUS,TB_TP1309,1,T,8856,4691,,
VCC3_SUS,TP2118,1,B,6271,3983,Test_Point_12MIL,TPC12
VCC3_SUS,U3201,5,B,6667,3304,MC74VHC1G09DFT2G_SC70-5,MC74VHC1G09DFT2G_SC70-5
VCC3_SUS,U3503,5,B,8363,3872,NL17SZ08DFT2G_SC70-5,NL17SZ08DFT2G_SC70-5
VCC3_SUS,U3504,5,B,8146,3661,NL17SZ08DFT2G_SC70-5,NL17SZ08DFT2G_SC70-5
VCC3_SUS,U9502,2,T,8858,4807,2N7001TDCKR_SC70-5,2N7001TDCKR_SC70-5
VCC3_SUS,U9503,5,T,8941,4895,2N7001TDCKR_SC70-5,2N7001TDCKR_SC70-5
VCC3_SUS_PWRGD,PD2001,2,T,1633,2580,RB521CM-30T2R_VMN2M-2,RB521CM-30T2R_VMN2M-2
VCC3_SUS_PWRGD,PD2108,1,B,6326,4217,RB521CM-30T2R_VMN2M-2,RB521CM-30T2R_VMN2M-2
VCC3_SUS_PWRGD,PR0701,1,T,5785,5236,0_0402_SP,R0402_SHORT
VCC3_SUS_PWRGD,PR2004,1,T,1745,2623,1/20W_10K_1%_0201,R0201_11P811
VCC3_SUS_PWRGD,PU2001,7,T,1706,2642,TPS22954DSQR_WSON10_2X2,TPS22954DSQR_WSON10_2X2
VCC3_SUS_PWRGD,TB_TP1006,1,T,1863,2594,,
VCC3_SUS_TPM,C9801,2,T,7102,3049,0.1U_6.3V_K_X5R_0201,C0201_12P992_BA
VCC3_SUS_TPM,C9802,2,T,7113,2904,0.1U_6.3V_K_X5R_0201,C0201_12P992_BA
VCC3_SUS_TPM,C9803,2,T,6821,2933,0.1U_6.3V_K_X5R_0201,C0201_12P992_BA
VCC3_SUS_TPM,C9804,2,T,6915,3152,10U_6.3V_M_X5R_0402,C0402_27P559_CD
VCC3_SUS_TPM,R9801,2,T,6860,3228,0_0603_LE_SP,R0603_LE_19P685_SHORT
VCC3_SUS_TPM,R9802,2,T,6798,2982,1/20W_10K_5%_0201,R0201_11P811
VCC3_SUS_TPM,TB_TP789,1,B,6779,2994,,
VCC3_SUS_TPM,U9801,1,T,7048,2904,NPCT760LAAYX_QFN32_5X5,NPCT750LABYX_QFN32_5X5
VCC3_SUS_TPM,U9801,8,T,7048,3042,NPCT760LAAYX_QFN32_5X5,NPCT750LABYX_QFN32_5X5
VCC3_SUS_TPM,U9801,14,T,6925,3066,NPCT760LAAYX_QFN32_5X5,NPCT750LABYX_QFN32_5X5
VCC3_SUS_TPM,U9801,22,T,6863,2944,NPCT760LAAYX_QFN32_5X5,NPCT750LABYX_QFN32_5X5
VCC3_SUS_WLAN,C7201,2,T,5936,4915,0.01U_6.3V_K_X7R_0201,C0201_12P992_BA
VCC3_SUS_WLAN,C7202,2,T,6397,4889,0.1U_6.3V_K_X5R_0201,C0201_12P992_BA
VCC3_SUS_WLAN,C7203,2,T,6439,4948,10U_6.3V_M_X5R_0402,C0402_27P559_CD
VCC3_SUS_WLAN,C7204,2,T,6455,4918,0.01U_6.3V_K_X7R_0201,C0201_12P992_BA
VCC3_SUS_WLAN,C7205,2,T,5958,4915,0.1U_6.3V_K_X5R_0201,C0201_12P992_BA
VCC3_SUS_WLAN,C7206,2,T,6009,4908,10U_6.3V_M_X5R_0402,C0402_27P559_CD
VCC3_SUS_WLAN,C7209,1,T,6021,4781,10P_25V_G_NPO_0201,C0201_12P992_BA
VCC3_SUS_WLAN,C7210,1,T,6397,4868,10P_25V_G_NPO_0201,C0201_12P992_BA
VCC3_SUS_WLAN,C7211,1,T,6021,4803,10P_25V_G_NPO_0201,C0201_12P992_BA
VCC3_SUS_WLAN,C7212,1,T,5980,4914,10P_25V_G_NPO_0201,C0201_12P992_BA
VCC3_SUS_WLAN,R6602,1,B,5859,4620,1/20W_10K_5%_0201,R0201_11P811
VCC3_SUS_WLAN,R7203,2,B,6296,4304,1/16W_10K_5%_0402,R0402_15P748
VCC3_SUS_WLAN,R7204,2,B,6324,4320,1/20W_100K_5%_0201,R0201_11P811
VCC3_SUS_WLAN,R7221,2,T,6415,4197,0_0603_LE_SP,R0603_LE_19P685_SHORT
VCC3_SUS_WLAN,R7241,1,B,6372,4252,1/20W_10K_5%_0201,R0201_11P811
VCC3_SUS_WLAN,TB_TP801,1,B,6336,4291,,
VCC3_SUS_WLAN,UWLAN1,4,B,6402,4961,INTEL_AX211D2W_LGA144,INTEL_AX211D2W_LGA_144P-T
VCC3_SUS_WLAN,UWLAN1,5,B,6402,4941,INTEL_AX211D2W_LGA144,INTEL_AX211D2W_LGA_144P-T
VCC3_SUS_WLAN,UWLAN1,72,B,5949,4941,INTEL_AX211D2W_LGA144,INTEL_AX211D2W_LGA_144P-T
VCC3_SUS_WLAN,UWLAN1,73,B,5949,4961,INTEL_AX211D2W_LGA144,INTEL_AX211D2W_LGA_144P-T
VCC3_SUS_WLAN,UWLAN1,A48,B,6018,4823,INTEL_AX211D2W_LGA144,INTEL_AX211D2W_LGA_144P-T
VCC3_SUS_WLAN,UWLAN1,A49,B,6018,4843,INTEL_AX211D2W_LGA144,INTEL_AX211D2W_LGA_144P-T
VCC3_SUS_WLAN,UWLAN2A,4,B,6396,4961,8501-602200-01_LGA76,8501-602200-01_LGA_76P
VCC3_SUS_WLAN,UWLAN2A,5,B,6396,4941,8501-602200-01_LGA76,8501-602200-01_LGA_76P
VCC3_SUS_WLAN,UWLAN2A,72,B,5955,4941,8501-602200-01_LGA76,8501-602200-01_LGA_76P
VCC3_SUS_WLAN,UWLAN2A,73,B,5955,4961,8501-602200-01_LGA76,8501-602200-01_LGA_76P
VCC3_TOUCHPANEL,C9408,2,B,3494,5188,0.1U_25V_K_X5R_0201,C0201_12P992_BA
VCC3_TOUCHPANEL,F9403,2,T,3469,5154,0.5A_32V_ERBRD0R50X,F_ERBRD0R50X
VCC3_TOUCHPANEL,PR2401,1,T,1456,2889,0_0402_SP,R0402_SHORT
VCC3_TOUCHPANEL,R9404,2,T,3307,5362,1/20W_100K_5%_0201,R0201_11P811
VCC3_TOUCHPANEL,R9813,2,T,3284,5362,1/20W_10K_5%_0201,R0201_11P811
VCC3_TOUCHPANEL,R9814,2,T,3248,5336,1/20W_10K_5%_0201,R0201_11P811
VCC3_TOUCHPANEL,R9815,2,T,3180,5336,1/20W_10K_5%_0201,R0201_11P811
VCC3_TOUCHPANEL,R99253,2,B,3139,5283,1/20W_10K_5%_0201,R0201_11P811
VCC3_TOUCHPANEL,TB_TP1196,1,T,3533,5118,,
VCC3_TOUCHPANEL_DRV,PC2401,1,T,1529,2961,0.047U_25V_K_X7R_0402,C0402_21P654_CA
VCC3_TOUCHPANEL_DRV,PD2405,1,T,1485,2961,RB521CM-30T2R_VMN2M-2,RB521CM-30T2R_VMN2M-2
VCC3_TOUCHPANEL_DRV,PR2403,1,T,1529,2932,1/20W_100_5%_0201,R0201_11P811
VCC3_TOUCHPANEL_DRV,TB_TP1119,1,T,3075,3397,,
VCC3_TOUCHPANEL_DRV,UTE1,41,T,3301,2051,TC62D518FTG_WQFN56_7X7,TC62D518FTG_WQFN56_7X7
VCC3_TOUCHPANEL_F,F9403,1,T,3469,5194,0.5A_32V_ERBRD0R50X,F_ERBRD0R50X
VCC3_TOUCHPANEL_F,JLCD1,40,B,3291,5352,I-PEX_20654-040E-01,I-PEX_20654-040E-01_40P
VCC3_TOUCHPANEL_F,TB_TP107,1,B,3398,5264,,
VCC3_TOUCHPANEL_ON,PD2401,2,T,3220,1757,RB521CM-30T2R_VMN2M-2,RB521CM-30T2R_VMN2M-2
VCC3_TOUCHPANEL_ON,PD2402,2,T,3180,1752,RB521CM-30T2R_VMN2M-2,RB521CM-30T2R_VMN2M-2
VCC3_TOUCHPANEL_ON,PR2409,1,T,3150,1752,1/20W_10K_5%_0201,R0201_11P811
VCC3_TOUCHPANEL_ON,TB_TP995,1,T,3262,1746,,
VCC3_TOUCHPANEL_ON,UTE1,23,T,3192,1831,TC62D518FTG_WQFN56_7X7,TC62D518FTG_WQFN56_7X7
VCC5B,C5311,2,T,1179,2653,0.1U_6.3V_K_X5R_0201,C0201_12P992_BA
VCC5B,C8324,1,B,989,722,0.1U_6.3V_K_X5R_0201,C0201_12P992_BA
VCC5B,F4701,2,B,6990,1560,2A_32V_ERBRD2R00X,F_ERBRD2R00X
VCC5B,F9302,2,T,1608,1003,0.5A_32V_ERBRD0R50X,F_ERBRD0R50X
VCC5B,F9504,1,T,3611,3002,1A_32V_ERBRD1R00X,F_ERBRD1R00X
VCC5B,PR2304,2,T,1161,1813,0_0603_LE_SP,R0603_LE_19P685_SHORT
VCC5B,R3107,2,T,9743,4997,1/20W_10K_1%_0201,R0201_11P811
VCC5B,R5106,1,T,3309,1753,1/20W_100_5%_0201,R0201_11P811-Y_CS20
VCC5B,R5330,1,T,1193,2608,0_0201_SP,R0201_SHORT
VCC5B,R8305,1,T,1252,843,0_0402_SP,R0402_SHORT
VCC5B,R8307,1,B,922,727,0_0402_SP,R0402_SHORT
VCC5B,TB_TP1318,1,B,8269,1436,,
VCC5B,U5302,6,T,1116,2635,TPS2553DRVR_SON6_2X2,TPS2553DRVR_SON6_2X2
VCC5BA,C8325,1,B,906,838,0.1U_6.3V_K_X5R_0201,C0201_12P992_BA
VCC5BA,C8326,1,B,914,809,4.7U_6.3V_M_X5R_0402,C0402_25P591_CC
VCC5BA,R8303,2,T,802,854,1/20W_10K_5%_0201,R0201_11P811
VCC5BA,R8307,2,B,922,763,0_0402_SP,R0402_SHORT
VCC5BA,TB_TP476,1,B,997,846,,
VCC5BA,U8301,40,T,1024,869,ALC3287-CG_MQFN48_6X6,ALC3287-CG_MQFN48_6X6
VCC5B_CODEC,C8305,1,T,1160,803,10U_6.3V_M_X5R_0402,C0402_27P559_CD
VCC5B_CODEC,C8306,1,T,966,774,0.1U_6.3V_K_X5R_0201,C0201_12P992_BA
VCC5B_CODEC,C8308,1,T,1190,790,0.1U_6.3V_K_X5R_0201,C0201_12P992_BA
VCC5B_CODEC,R8305,2,T,1252,807,0_0402_SP,R0402_SHORT
VCC5B_CODEC,TB_TP600,1,T,1058,723,,
VCC5B_CODEC,U8301,41,T,1039,869,ALC3287-CG_MQFN48_6X6,ALC3287-CG_MQFN48_6X6
VCC5B_CODEC,U8301,46,T,1118,869,ALC3287-CG_MQFN48_6X6,ALC3287-CG_MQFN48_6X6
VCC5B_DRV,PC2302,1,T,1105,1673,0.047U_25V_K_X7R_0402,C0402_21P654_CA
VCC5B_DRV,PD2302,1,T,1135,1721,RB521CM-30T2R_VMN2M-2,RB521CM-30T2R_VMN2M-2
VCC5B_DRV,PR2306,1,T,1105,1705,1/20W_100_5%_0201,R0201_11P811
VCC5B_DRV,TB_TP1020,1,T,1149,1679,,
VCC5B_DRV,UTE1,33,T,3301,1925,TC62D518FTG_WQFN56_7X7,TC62D518FTG_WQFN56_7X7
VCC5B_F,F9307,1,B,7647,1087,1A_32V_ERBRD1R00X,F_ERBRD1R00X
VCC5B_F,JSC1,1,B,7648,1043,HIGHSTAR_FC5AF141-2933-1H,HIGHSTAR_FC5AF141-2933-1H_14P
VCC5B_F,JSC1,14,B,7392,1043,HIGHSTAR_FC5AF141-2933-1H,HIGHSTAR_FC5AF141-2933-1H_14P
VCC5B_F,TB_TP585,1,T,7652,1092,,
VCC5B_F4,JFAN1,1,B,6913,1433,HIGHS_WS83050-S0171-HF,HIGHS_WS83050-S0171-HF_5P-T
VCC5B_F4,R4701,1,B,6882,1560,0_0402_SP,R0402_SHORT
VCC5B_F4,TB_TP866,1,B,7074,1662,,
VCC5B_HDMI,C5308,2,T,891,2565,4.7U_6.3V_M_X5R_0402,C0402_23P622_CB
VCC5B_HDMI,C5322,1,T,810,2589,0.1U_25V_K_X5R_0201,C0201_13P780_BB
VCC5B_HDMI,JHDMI1,18,B,628,2504,ALLTOP_C12959-11935-L,ALLTOP_C12959-11935-L_19P
VCC5B_HDMI,R5301,1,T,920,2630,0_0603_LE_SP,R0603_LE_19P685_SHORT
VCC5B_HDMI,R5309,2,B,824,2518,1/20W_2.2K_5%_0201,R0201_11P811
VCC5B_HDMI,R5322,2,B,829,2601,1/20W_2.2K_5%_0201,R0201_11P811
VCC5B_HDMI,TB_TP823,1,B,864,2601,,
VCC5B_HDMI_EN,R5330,2,T,1170,2608,0_0201_SP,R0201_SHORT
VCC5B_HDMI_EN,R5335,2,T,1170,2585,1/20W_0_5%_0201,R0201_11P811
VCC5B_HDMI_EN,TB_TP44,1,T,1117,2539,,
VCC5B_HDMI_EN,U5302,4,T,1116,2583,TPS2553DRVR_SON6_2X2,TPS2553DRVR_SON6_2X2
VCC5B_NFC,JNFC1,1,B,1486,951,HIGHS_FC5AF121-2121H,HIGHS_FC5AF121-2121H_12P-T
VCC5B_NFC,R9306,1,T,1552,931,0_0402_SP,R0402_SHORT
VCC5B_NFC,TB_TP579,1,T,1571,891,,
VCC5B_TP,C85014,2,T,3534,2999,22U_6.3V_M_X5R_0603,C0603_39P370_DC
VCC5B_TP,C85016,2,T,3480,2999,22U_6.3V_M_X5R_0603,C0603_39P370_DC
VCC5B_TP,JTP2,11,T,3424,2846,HIGHSTAR_FC1AF141-2133-1H,HIGHSTAR_FC1AF141-2133-1H_14P-T
VCC5B_TP,R4529,1,T,3576,3004,0_0402_SP,R0402_SHORT
VCC5B_TP,TB_TP353,1,T,3451,2947,,
VCC5M,C5102,2,T,3399,1907,0.1U_6.3V_K_X5R_0201,C0201_12P992_BA-Y_CS20
VCC5M,C6701,1,T,934,1865,0.1U_10V_K_X5R_0201,C0201_12P992_BA
VCC5M,C6801,2,B,9973,4879,0.1U_50V_K_X5R_0402,C0402_21P654_CA
VCC5M,C6802,2,B,9973,4914,0.1U_50V_K_X5R_0402,C0402_21P654_CA
VCC5M,D5103,2,T,3507,1855,RB521CM-30T2R_VMN2M-2,RB521CM-30T2R_VMN2M-2-Y_CS20
VCC5M,D5106,2,T,2760,1896,RB521CM-30T2R_VMN2M-2,RB521CM-30T2R_VMN2M-2
VCC5M,F9506,2,B,9970,4944,3A_32V_ERBRD3R00X,F_ERBRD3R00X
VCC5M,PC1522,1,B,7320,1916,4.7U_6.3V_M_X5R_0402,C0402_25P591_CC
VCC5M,PJ0301,1,B,1579,4895,JUMP_43X118,JUMP_43X118
VCC5M,PQ2302,1,T,1046,1757,SSM6K513NU_UDFN6B-6-8,SSM6K513NU_UDFN6B-6-8
VCC5M,PQ2302,2,T,1071,1757,SSM6K513NU_UDFN6B-6-8,SSM6K513NU_UDFN6B-6-8
VCC5M,PQ2302,5,T,1071,1830,SSM6K513NU_UDFN6B-6-8,SSM6K513NU_UDFN6B-6-8
VCC5M,PQ2302,6,T,1046,1830,SSM6K513NU_UDFN6B-6-8,SSM6K513NU_UDFN6B-6-8
VCC5M,PQ2302,8,T,1059,1793,SSM6K513NU_UDFN6B-6-8,SSM6K513NU_UDFN6B-6-8
VCC5M,PQ2403,1,T,8151,1164,SSM6K513NU_UDFN6B-6-8,SSM6K513NU_UDFN6B-6-8
VCC5M,PQ2403,2,T,8151,1190,SSM6K513NU_UDFN6B-6-8,SSM6K513NU_UDFN6B-6-8
VCC5M,PQ2403,5,T,8077,1190,SSM6K513NU_UDFN6B-6-8,SSM6K513NU_UDFN6B-6-8
VCC5M,PQ2403,6,T,8077,1164,SSM6K513NU_UDFN6B-6-8,SSM6K513NU_UDFN6B-6-8
VCC5M,PQ2403,8,T,8114,1177,SSM6K513NU_UDFN6B-6-8,SSM6K513NU_UDFN6B-6-8
VCC5M,PR0707,1,T,5878,5223,0_0603_LE_SP,R0603_LE_19P685_SHORT
VCC5M,PR1529,1,B,7181,1654,1/16W_100K_5%_0402,R0402_15P748
VCC5M,PR1620,1,B,7080,4869,1/16W_100K_5%_0402,R0402_15P748
VCC5M,PR1704,1,T,9279,4654,1/16W_100K_5%_0402,R0402_15P748
VCC5M,PR1901,1,B,7001,4376,1/16W_100K_5%_0402,R0402_15P748
VCC5M,PR2414,1,T,8044,1156,1/2W 0.01 +-1% 0603_LE 350PPM/C,R0603_LE_19P685
VCC5M,PU1501,18,B,7392,1790,NCP81278TMNTXG_QFN20_3X3,NCP81272MNTXG_QFN20_3X3
VCC5M,TB_TP914,1,T,8144,1116,,
VCC5M,TB_TP915,1,B,10011,4913,,
VCC5M,TB_TP916,1,T,6183,5193,,
VCC5M,TB_TP917,1,T,991,1810,,
VCC5M,U6701,1,B,1030,1788,SN1702001RTER_WQFN16_3X3,SN1702001RTER_WQFN16_3X3
VCC5M,U6701,4,B,1030,1729,SN1702001RTER_WQFN16_3X3,SN1702001RTER_WQFN16_3X3
VCC5M,U6701,7,B,963,1700,SN1702001RTER_WQFN16_3X3,SN1702001RTER_WQFN16_3X3
VCC5M,UTE1,31,T,3301,1893,TC62D518FTG_WQFN56_7X7,TC62D518FTG_WQFN56_7X7
VCC5M_BST,PR0309,1,B,1920,5007,0_0402_SP,R0402_SHORT
VCC5M_BST,PU0301,8,B,1810,4989,NB690GRP-C669-Z_QFN12_2X2P5,NB690GRP-C669-Z_QFN12_2X2P5
VCC5M_BST,TB_TP1140,1,B,1959,5008,,
VCC5M_EN,PR0304,2,B,1692,4943,0_0402_SP,R0402_SHORT
VCC5M_EN,PU0301,5,B,1745,4961,NB690GRP-C669-Z_QFN12_2X2P5,NB690GRP-C669-Z_QFN12_2X2P5
VCC5M_EN,TB_TP1127,1,B,1749,5035,,
VCC5M_F,F9506,1,B,9970,4985,3A_32V_ERBRD3R00X,F_ERBRD3R00X
VCC5M_F,JUSB1,2,B,9839,5233,HIGHS_BT4S201-14000-1H,HIGHS_BT4S201-14000-1H_20P-T
VCC5M_F,JUSB1,4,B,9823,5233,HIGHS_BT4S201-14000-1H,HIGHS_BT4S201-14000-1H_20P-T
VCC5M_F,JUSB1,6,B,9807,5233,HIGHS_BT4S201-14000-1H,HIGHS_BT4S201-14000-1H_20P-T
VCC5M_F,JUSB1,8,B,9791,5233,HIGHS_BT4S201-14000-1H,HIGHS_BT4S201-14000-1H_20P-T
VCC5M_F,JUSB1,10,B,9776,5233,HIGHS_BT4S201-14000-1H,HIGHS_BT4S201-14000-1H_20P-T
VCC5M_F,TB_TP53,1,B,9914,4988,,
VCC5M_FB,PC0312,1,B,1898,4928,0.1U_6.3V_K_X5R_0201,C0201_12P992_BA
VCC5M_FB,PR0301,1,B,1948,4929,1/20W_3.3_5%_0201,R0201_11P811
VCC5M_FB,PR0302,1,B,1920,4929,1/20W_100K_1%_0201,R0201_11P811
VCC5M_FB,PU0301,11,B,1840,4943,NB690GRP-C669-Z_QFN12_2X2P5,NB690GRP-C669-Z_QFN12_2X2P5
VCC5M_FB,TB_TP1153,1,B,1965,4899,,
VCC5M_PD_EN,PR0407,2,B,2708,4838,0_0402_SP,R0402_SHORT
VCC5M_PD_EN,PU0401,15,B,2652,4758,NB693AGQ-C669-Z QFN16_3X3,NB693AGQ-Z_QFN16_3X3
VCC5M_PD_FB,PR0405,2,B,2636,4837,1/20W_20K_1%_0201,R0201_11P811
VCC5M_PD_FB,PR0408,1,B,2614,4837,1/20W_499_1%_0201,R0201_11P811
VCC5M_PD_FB,PR0410,2,B,2658,4836,1/20W_10K_1%_0201,R0201_11P811
VCC5M_PD_FB,PU0401,13,B,2613,4758,NB693AGQ-C669-Z QFN16_3X3,NB693AGQ-Z_QFN16_3X3
VCC5M_PD_SW,PC0402,2,B,2523,4901,0.22U_25V_K_X7R_0402,C0402_21P654_CA
VCC5M_PD_SW,PC0424,1,T,2564,4725,1000P_25V_K_X7R_0201,C0201_12P992_BA
VCC5M_PD_SW,PL0401,1,B,2427,4845,1.5UH_CMLE053T-1R5MS_8.2A_20%,CYNTE_CMLE053T-1R5MS_2P
VCC5M_PD_SW,PR0404,1,B,2532,4928,1/20W_274K_1%_0201,R0201_11P811
VCC5M_PD_SW,PU0401,9,B,2593,4701,NB693AGQ-C669-Z QFN16_3X3,NB693AGQ-Z_QFN16_3X3
VCC5M_PD_SW,TB_TP429,1,B,2485,4926,,
VCC5M_R,PC0309,1,B,1602,5237,0.1U_6.3V_K_X5R_0201,C0201_12P992_BA
VCC5M_R,PC0317,2,T,1578,5095,22U_6.3V_M_X5R_0603,C0603_39P370_DC
VCC5M_R,PC0318,2,B,1578,5145,22U_6.3V_M_X5R_0603,C0603_39P370_DC
VCC5M_R,PC0319,2,T,1578,5195,22U_6.3V_M_X5R_0603,C0603_39P370_DC
VCC5M_R,PC0320,2,B,1578,5095,22U_6.3V_M_X5R_0603,C0603_39P370_DC
VCC5M_R,PC0321,2,T,1578,5145,22U_6.3V_M_X5R_0603,C0603_39P370_DC
VCC5M_R,PC0322,2,B,1578,5195,22U_6.3V_M_X5R_0603,C0603_39P370_DC
VCC5M_R,PC0327,2,B,1624,5236,2200P_25V_K_X7R_0201,C0201_12P992_BA
VCC5M_R,PJ0301,2,B,1579,4938,JUMP_43X118,JUMP_43X118
VCC5M_R,PL0301,2,B,1702,5161,1.5UH_CMLE053T-1R5MS_8.2A_20%,CYNTE_CMLE053T-1R5MS_2P
VCC5M_R,PR0301,2,B,1948,4952,1/20W_3.3_5%_0201,R0201_11P811
VCC5M_R,TB_TP1112,1,B,1952,5257,,
VCC5M_SW,PC0307,2,B,1853,5041,0.22U_25V_K_X7R_0402,C0402_21P654_CA
VCC5M_SW,PC0324,1,T,1803,5046,1000P_25V_K_X7R_0201,C0201_12P992_BA
VCC5M_SW,PL0301,1,B,1899,5161,1.5UH_CMLE053T-1R5MS_8.2A_20%,CYNTE_CMLE053T-1R5MS_2P
VCC5M_SW,PU0301,7,B,1793,4973,NB690GRP-C669-Z_QFN12_2X2P5,NB690GRP-C669-Z_QFN12_2X2P5
VCC5M_SW,TB_TP1136,1,B,1817,5035,,
VCC5M_VIN,PC0301,2,B,1894,4729,0.1U_25V_K_X5R_0201,C0201_13P780_BB
VCC5M_VIN,PC0302,2,B,1869,4812,10U_25V_M_X5R_0603,C0603_37P402_DB
VCC5M_VIN,PC0303,2,B,1812,4859,10U_25V_M_X5R_0603,C0603_37P402_DB
VCC5M_VIN,PC0304,2,B,1812,4811,10U_25V_M_X5R_0603,C0603_37P402_DB
VCC5M_VIN,PC0305,2,T,1812,4811,10U_25V_M_X5R_0603,C0603_37P402_DB
VCC5M_VIN,PC0323,1,B,1818,4718,22U_B2_25VM_R100M,C_B2
VCC5M_VIN,PC0325,2,T,1812,4860,10U_25V_M_X5R_0603,C0603_37P402_DB
VCC5M_VIN,PC0326,2,T,1869,4812,10U_25V_M_X5R_0603,C0603_37P402_DB
VCC5M_VIN,PC0328,2,T,1789,4776,2200P_25V_K_X7R_0201,C0201_12P992_BA
VCC5M_VIN,PR0310,2,B,1903,4677,0_0603_LE_SP,R0603_LE_19P685_SHORT
VCC5M_VIN,PU0301,1,B,1810,4930,NB690GRP-C669-Z_QFN12_2X2P5,NB690GRP-C669-Z_QFN12_2X2P5
VCC5M_VIN,PU0301,12,B,1840,4925,NB690GRP-C669-Z_QFN12_2X2P5,NB690GRP-C669-Z_QFN12_2X2P5
VCC5M_VIN,TB_TP1147,1,B,1826,4630,,
VCC5_PD,C5909,2,T,1694,3981,10U_6.3V_M_X5R_0402,C0402_27P559_CD
VCC5_PD,C5910,2,T,1640,3537,10U_6.3V_M_X5R_0402,C0402_27P559_CD
VCC5_PD,PJ0401,1,B,2396,4440,JUMP_43X118,JUMP_43X118
VCC5_PD,TB_TP1264,1,B,2348,4452,,
VCC5_PD,U5901,11,T,1622,3659,SN2011061RSLR_VQFN48_6X6,SN2011061RSLR_VQFN48_6X6
VCC5_PD,U5901,12,T,1638,3659,SN2011061RSLR_VQFN48_6X6,SN2011061RSLR_VQFN48_6X6
VCC5_PD,U5901,17,T,1665,3749,SN2011061RSLR_VQFN48_6X6,SN2011061RSLR_VQFN48_6X6
VCC5_PD,U5901,20,T,1665,3796,SN2011061RSLR_VQFN48_6X6,SN2011061RSLR_VQFN48_6X6
VCC5_PD,U5901,25,T,1638,3887,SN2011061RSLR_VQFN48_6X6,SN2011061RSLR_VQFN48_6X6
VCC5_PD,U5901,26,T,1622,3887,SN2011061RSLR_VQFN48_6X6,SN2011061RSLR_VQFN48_6X6
VCC5_PD_3V3,PC0423,2,B,2670,4599,2.2U_6.3V_M_X5R_0201,C0201_15P354_BC
VCC5_PD_3V3,PR0409,2,B,2671,4572,1/16W_5.1_5%_0402,R0402_15P748
VCC5_PD_3V3,PU0401,3,B,2672,4644,NB693AGQ-C669-Z QFN16_3X3,NB693AGQ-Z_QFN16_3X3
VCC5_PD_3V3,TB_TP434,1,B,2710,4572,,
VCC5_PD_BST,PR0403,1,B,2557,4811,0_0603_SP,R0603_SHORT
VCC5_PD_BST,PU0401,10,B,2569,4721,NB693AGQ-C669-Z QFN16_3X3,NB693AGQ-Z_QFN16_3X3
VCC5_PD_CLM,PR0401,1,B,2592,4836,1/20W_90.9K_1%_0201,R0201_11P811
VCC5_PD_CLM,PU0401,11,B,2573,4758,NB693AGQ-C669-Z QFN16_3X3,NB693AGQ-Z_QFN16_3X3
VCC5_PD_MODE1,PR0402,1,B,2681,4836,1/20W_0_5%_0201,R0201_11P811
VCC5_PD_MODE1,PU0401,14,B,2632,4758,NB693AGQ-C669-Z QFN16_3X3,NB693AGQ-Z_QFN16_3X3
VCC5_PD_MODE2,PR0415,1,B,2736,4835,0_0201_SP,R0201_SHORT
VCC5_PD_MODE2,PR0417,2,B,2759,4835,1/20W_0_5%_0201,R0201_11P811
VCC5_PD_MODE2,PU0401,16,B,2672,4758,NB693AGQ-C669-Z QFN16_3X3,NB693AGQ-Z_QFN16_3X3
VCC5_PD_R,PC0412,2,B,2637,4881,220P_25V_K_X7R_0201,C0201_12P992_BA
VCC5_PD_R,PC0413,2,T,2509,4493,22U_6.3V_M_X5R_0603,C0603_39P370_DC
VCC5_PD_R,PC0414,2,T,2483,4543,22U_6.3V_M_X5R_0603,C0603_39P370_DC
VCC5_PD_R,PC0418,2,B,2518,4456,0.1U_6.3V_K_X5R_0201,C0201_12P992_BA
VCC5_PD_R,PC0419,2,B,2418,4551,22U_6.3V_M_X5R_0603,C0603_39P370_DC
VCC5_PD_R,PC0420,2,B,2509,4493,22U_6.3V_M_X5R_0603,C0603_39P370_DC
VCC5_PD_R,PC0421,2,T,2418,4551,22U_6.3V_M_X5R_0603,C0603_39P370_DC
VCC5_PD_R,PC0422,2,B,2483,4543,22U_6.3V_M_X5R_0603,C0603_39P370_DC
VCC5_PD_R,PC0428,2,T,2518,4456,2200P_25V_K_X7R_0201,C0201_12P992_BA
VCC5_PD_R,PJ0401,2,B,2440,4440,JUMP_43X118,JUMP_43X118
VCC5_PD_R,PL0401,2,B,2427,4648,1.5UH_CMLE053T-1R5MS_8.2A_20%,CYNTE_CMLE053T-1R5MS_2P
VCC5_PD_R,PR0405,1,B,2636,4860,1/20W_20K_1%_0201,R0201_11P811
VCC5_PD_R,TB_TP424,1,B,2641,4926,,
VCC5_PD_USM,PR0416,2,B,2576,4589,0_0201_SP,R0201_SHORT
VCC5_PD_USM,PU0401,8,B,2573,4644,NB693AGQ-C669-Z QFN16_3X3,NB693AGQ-Z_QFN16_3X3
VCC5_PD_USM,TB_TP376,1,B,2598,4553,,
VCC5_PD_VIN,PC0401,2,B,2760,4706,10U_25V_M_X5R_0603,C0603_37P402_DB
VCC5_PD_VIN,PC0403,2,B,2724,4704,0.1U_25V_K_X5R_0201,C0201_13P780_BB
VCC5_PD_VIN,PC0406,2,T,2808,4708,10U_25V_M_X5R_0603,C0603_37P402_DB
VCC5_PD_VIN,PC0407,2,T,2760,4707,10U_25V_M_X5R_0603,C0603_37P402_DB
VCC5_PD_VIN,PC0408,2,B,2809,4707,10U_25V_M_X5R_0603,C0603_37P402_DB
VCC5_PD_VIN,PC0409,1,B,2842,4789,22U_B2_25VM_R100M,C_B2
VCC5_PD_VIN,PC0425,2,T,2754,4742,10U_25V_M_X5R_0603,C0603_37P402_DB
VCC5_PD_VIN,PC0426,2,B,2754,4742,10U_25V_M_X5R_0603,C0603_37P402_DB
VCC5_PD_VIN,PC0427,2,T,2724,4704,2200P_25V_K_X7R_0201,C0201_12P992_BA
VCC5_PD_VIN,PR0412,2,B,2866,4714,1/10W_0_5%_0603,R0603_SHORT_ATE
VCC5_PD_VIN,PU0401,1,B,2652,4721,NB693AGQ-C669-Z QFN16_3X3,NB693AGQ-Z_QFN16_3X3
VCC5_PD_VIN,TB_TP420,1,T,2807,4753,,
VCC5_SMARTCARD,C9311,2,B,7688,1115,0.1U_6.3V_K_X5R_0201,C0201_12P992_BA
VCC5_SMARTCARD,F9307,2,B,7688,1087,1A_32V_ERBRD1R00X,F_ERBRD1R00X
VCC5_SMARTCARD,PR2411,1,T,8006,1215,0_0402_SP,R0402_SHORT
VCC5_SMARTCARD,PR2414,2,T,8014,1156,1/2W 0.01 +-1% 0603_LE 350PPM/C,R0603_LE_19P685
VCC5_SMARTCARD,TB_TP908,1,T,7746,1080,,
VCC5_SMARTCARD_DRV,PC2403,1,T,8104,1282,0.047U_25V_K_X7R_0402,C0402_21P654_CA
VCC5_SMARTCARD_DRV,PD2409,1,T,8057,1282,RB521CM-30T2R_VMN2M-2,RB521CM-30T2R_VMN2M-2
VCC5_SMARTCARD_DRV,PR2413,1,T,8183,1238,1/20W_100_5%_0201,R0201_11P811
VCC5_SMARTCARD_DRV,TB_TP1100,1,T,8249,1255,,
VCC5_SMARTCARD_DRV,UTE1,35,T,3301,1956,TC62D518FTG_WQFN56_7X7,TC62D518FTG_WQFN56_7X7
VCC5_SMARTCARD_ON,PD2407,2,T,3393,1820,RB521CM-30T2R_VMN2M-2,RB521CM-30T2R_VMN2M-2
VCC5_SMARTCARD_ON,PD2408,2,T,3393,1780,RB521CM-30T2R_VMN2M-2,RB521CM-30T2R_VMN2M-2
VCC5_SMARTCARD_ON,PR2410,1,T,3389,1750,1/20W_10K_5%_0201,R0201_11P811
VCC5_SMARTCARD_ON,TB_TP1110,1,T,3393,1712,,
VCC5_SMARTCARD_ON,UTE1,29,T,3301,1862,TC62D518FTG_WQFN56_7X7,TC62D518FTG_WQFN56_7X7
VCCA_CLKLDO_1P8,C1806,2,T,5631,3629,1U_6.3V_M_X5R_0201,C0201_13P780_BB
VCCA_CLKLDO_1P8,C1836,2,T,5608,3703,22U_6.3V_M_X5R_0603,C0603_39P370_DC
VCCA_CLKLDO_1P8,C1837,2,T,5657,3809,22U_6.3V_M_X5R_0603,C0603_39P370_DC
VCCA_CLKLDO_1P8,R1801,2,T,5676,3882,0_0402_SP,R0402_SHORT
VCCA_CLKLDO_1P8,TB_TP470,1,T,5701,3803,,
VCCA_CLKLDO_1P8,UCPU1,EJ14,B,5669,3624,ALDERLAKE-P-CPU_BGA1744,ALDERLAKE-P-CPU_BGA_1744P-T
VCCA_CLKLDO_1P8,UCPU1,EM14,B,5702,3624,ALDERLAKE-P-CPU_BGA1744,ALDERLAKE-P-CPU_BGA_1744P-T
VCCCPUCORE,C1601,2,T,4946,4051,2.2U_25V_K_X5R_0402,C0402_27P559_CD-Y_CS20
VCCCPUCORE,C1602,2,T,4923,4089,2.2U_25V_K_X5R_0402,C0402_27P559_CD-Y_CS20
VCCCPUCORE,C1603,2,T,5083,3864,2.2U_25V_K_X5R_0402,C0402_27P559_CD-Y_CS20
VCCCPUCORE,C1604,2,T,5082,3829,2.2U_25V_K_X5R_0402,C0402_27P559_CD-Y_CS20
VCCCPUCORE,C1605,2,T,5024,3966,2.2U_25V_K_X5R_0402,C0402_27P559_CD-Y_CS20
VCCCPUCORE,C1606,2,T,4968,4013,2.2U_25V_K_X5R_0402,C0402_27P559_CD-Y_CS20
VCCCPUCORE,C1607,2,T,5082,3791,2.2U_25V_K_X5R_0402,C0402_27P559_CD-Y_CS20
VCCCPUCORE,C1608,2,T,4910,4150,2.2U_25V_K_X5R_0402,C0402_27P559_CD-Y_CS20
VCCCPUCORE,PC0946,2,B,3875,4415,2200P_25V_K_X7R_0201,C0201_12P992_BA
VCCCPUCORE,PC0947,2,B,4198,4304,2200P_25V_K_X7R_0201,C0201_12P992_BA
VCCCPUCORE,PC0948,2,B,4794,4297,2200P_25V_K_X7R_0201,C0201_12P992_BA
VCCCPUCORE,PC0949,1,B,3874,4393,0.1U_6.3V_K_X5R_0201,C0201_12P992_BA
VCCCPUCORE,PC0950,1,B,4221,4304,0.1U_6.3V_K_X5R_0201,C0201_12P992_BA
VCCCPUCORE,PC0951,1,B,4794,4320,0.1U_6.3V_K_X5R_0201,C0201_12P992_BA
VCCCPUCORE,PC1002,1,B,4514,4547,330U_2.5V_M_B2_ESR9M_H1.9,C_B2_78P740
VCCCPUCORE,PC1003,1,B,4740,4399,330U_2.5V_M_B2_ESR9M_H1.9,C_B2_78P740
VCCCPUCORE,PC1004,1,B,4087,4552,330U_2.5V_M_B2_ESR9M_H1.9,C_B2_78P740
VCCCPUCORE,PC1005,2,T,5105,3441,22U_6.3V_M_X5R_0603,C0603_39P370_DC
VCCCPUCORE,PC1006,2,T,4956,3431,22U_6.3V_M_X5R_0603,C0603_39P370_DC
VCCCPUCORE,PC1007,2,B,4894,4196,22U_6.3V_M_X5R_0603,C0603_39P370_DC
VCCCPUCORE,PC1008,2,T,4849,3286,22U_6.3V_M_X5R_0603,C0603_39P370_DC
VCCCPUCORE,PC1009,2,T,4751,3236,22U_6.3V_M_X5R_0603,C0603_39P370_DC
VCCCPUCORE,PC1010,2,T,4849,3235,22U_6.3V_M_X5R_0603,C0603_39P370_DC
VCCCPUCORE,PC1011,2,T,4701,3236,22U_6.3V_M_X5R_0603,C0603_39P370_DC
VCCCPUCORE,PC1012,2,T,4787,3589,22U_6.3V_M_X5R_0603,C0603_39P370_DC
VCCCPUCORE,PC1013,2,T,4895,4197,22U_6.3V_M_X5R_0603,C0603_39P370_DC
VCCCPUCORE,PC1014,2,T,4956,3481,22U_6.3V_M_X5R_0603,C0603_39P370_DC
VCCCPUCORE,PC1025,2,T,5104,3590,22U_6.3V_M_X5R_0603,C0603_39P370_DC
VCCCPUCORE,PC1026,2,T,5104,3540,22U_6.3V_M_X5R_0603,C0603_39P370_DC
VCCCPUCORE,PC1027,2,T,5104,3491,22U_6.3V_M_X5R_0603,C0603_39P370_DC
VCCCPUCORE,PC1028,2,T,4920,3330,22U_6.3V_M_X5R_0603,C0603_39P370_DC
VCCCPUCORE,PC1029,2,T,4920,3280,22U_6.3V_M_X5R_0603,C0603_39P370_DC
VCCCPUCORE,PC1030,2,T,4844,3387,22U_6.3V_M_X5R_0603,C0603_39P370_DC
VCCCPUCORE,PC1031,2,T,4845,3337,22U_6.3V_M_X5R_0603,C0603_39P370_DC
VCCCPUCORE,PC1032,2,T,4920,3230,22U_6.3V_M_X5R_0603,C0603_39P370_DC
VCCCPUCORE,PC1033,2,T,4958,3586,22U_6.3V_M_X5R_0603,C0603_39P370_DC
VCCCPUCORE,PC1034,2,T,4647,3234,22U_6.3V_M_X5R_0603,C0603_39P370_DC
VCCCPUCORE,PC1040,2,T,4596,3234,22U_6.3V_M_X5R_0603,C0603_39P370_DC
VCCCPUCORE,PC1041,2,T,4956,3533,22U_6.3V_M_X5R_0603,C0603_39P370_DC
VCCCPUCORE,PC1042,2,T,4827,3437,22U_6.3V_M_X5R_0603,C0603_39P370_DC
VCCCPUCORE,PC1043,2,T,5122,3346,22U_6.3V_M_X5R_0603,C0603_39P370_DC
VCCCPUCORE,PC1052,2,T,5022,3346,22U_6.3V_M_X5R_0603,C0603_39P370_DC
VCCCPUCORE,PC1053,2,T,5072,3346,22U_6.3V_M_X5R_0603,C0603_39P370_DC
VCCCPUCORE,PC1054,2,T,4787,3539,22U_6.3V_M_X5R_0603,C0603_39P370_DC
VCCCPUCORE,PC1055,2,T,4786,3488,22U_6.3V_M_X5R_0603,C0603_39P370_DC
VCCCPUCORE,PC1056,1,B,4302,4330,330U_2.5V_M_B2_ESR9M_H1.9,C_B2_78P740
VCCCPUCORE,PL0901,2,B,3868,4542,0.15UH_0624CDMCCDS-R15MC-D_44.6A_20%,SUMID_0624CDMCCDS-R15MC-D_2P
VCCCPUCORE,PL0906,2,B,4293,4535,0.15UH_0624CDMCCDS-R15MC-D_44.6A_20%,SUMID_0624CDMCCDS-R15MC-D_2P
VCCCPUCORE,PL0909,2,B,4720,4537,0.15UH_0624CDMCCDS-R15MC-D_44.6A_20%,SUMID_0624CDMCCDS-R15MC-D_2P
VCCCPUCORE,PR0801,2,B,3463,4920,1/20W_100_5%_0201,R0201_11P811
VCCCPUCORE,PR1001,1,B,4899,4155,1/16W_1K_1%_0402,R0402_15P748
VCCCPUCORE,R1603,1,B,5052,3897,1/20W_100_1%_0201,R0201_11P811
VCCCPUCORE,TB_TP442,1,B,4557,4359,,
VCCCPUCORE,UCPU1,BD45,B,4633,3138,ALDERLAKE-P-CPU_BGA1744,ALDERLAKE-P-CPU_BGA_1744P-T
VCCCPUCORE,UCPU1,BB45,B,4603,3138,ALDERLAKE-P-CPU_BGA1744,ALDERLAKE-P-CPU_BGA_1744P-T
VCCCPUCORE,UCPU1,BA44,B,4583,3154,ALDERLAKE-P-CPU_BGA1744,ALDERLAKE-P-CPU_BGA_1744P-T
VCCCPUCORE,UCPU1,BB43,B,4599,3175,ALDERLAKE-P-CPU_BGA1744,ALDERLAKE-P-CPU_BGA_1744P-T
VCCCPUCORE,UCPU1,BC44,B,4618,3159,ALDERLAKE-P-CPU_BGA1744,ALDERLAKE-P-CPU_BGA_1744P-T
VCCCPUCORE,UCPU1,BD43,B,4638,3175,ALDERLAKE-P-CPU_BGA1744,ALDERLAKE-P-CPU_BGA_1744P-T
VCCCPUCORE,UCPU1,BL45,B,4744,3138,ALDERLAKE-P-CPU_BGA1744,ALDERLAKE-P-CPU_BGA_1744P-T
VCCCPUCORE,UCPU1,BE44,B,4653,3154,ALDERLAKE-P-CPU_BGA1744,ALDERLAKE-P-CPU_BGA_1744P-T
VCCCPUCORE,UCPU1,BH43,B,4708,3174,ALDERLAKE-P-CPU_BGA1744,ALDERLAKE-P-CPU_BGA_1744P-T
VCCCPUCORE,UCPU1,BK43,B,4740,3175,ALDERLAKE-P-CPU_BGA1744,ALDERLAKE-P-CPU_BGA_1744P-T
VCCCPUCORE,UCPU1,BK44,B,4725,3154,ALDERLAKE-P-CPU_BGA1744,ALDERLAKE-P-CPU_BGA_1744P-T
VCCCPUCORE,UCPU1,BM44,B,4760,3159,ALDERLAKE-P-CPU_BGA1744,ALDERLAKE-P-CPU_BGA_1744P-T
VCCCPUCORE,UCPU1,BW45,B,4877,3138,ALDERLAKE-P-CPU_BGA1744,ALDERLAKE-P-CPU_BGA_1744P-T
VCCCPUCORE,UCPU1,BU45,B,4847,3138,ALDERLAKE-P-CPU_BGA1744,ALDERLAKE-P-CPU_BGA_1744P-T
VCCCPUCORE,UCPU1,BN45,B,4775,3138,ALDERLAKE-P-CPU_BGA1744,ALDERLAKE-P-CPU_BGA_1744P-T
VCCCPUCORE,UCPU1,BT44,B,4827,3154,ALDERLAKE-P-CPU_BGA1744,ALDERLAKE-P-CPU_BGA_1744P-T
VCCCPUCORE,UCPU1,BU43,B,4842,3175,ALDERLAKE-P-CPU_BGA1744,ALDERLAKE-P-CPU_BGA_1744P-T
VCCCPUCORE,UCPU1,BV44,B,4862,3159,ALDERLAKE-P-CPU_BGA1744,ALDERLAKE-P-CPU_BGA_1744P-T
VCCCPUCORE,UCPU1,BW43,B,4881,3175,ALDERLAKE-P-CPU_BGA1744,ALDERLAKE-P-CPU_BGA_1744P-T
VCCCPUCORE,UCPU1,BY44,B,4897,3154,ALDERLAKE-P-CPU_BGA1744,ALDERLAKE-P-CPU_BGA_1744P-T
VCCCPUCORE,UCPU1,BP14,B,4797,3632,ALDERLAKE-P-CPU_BGA1744,ALDERLAKE-P-CPU_BGA_1744P-T
VCCCPUCORE,UCPU1,BT14,B,4831,3632,ALDERLAKE-P-CPU_BGA1744,ALDERLAKE-P-CPU_BGA_1744P-T
VCCCPUCORE,UCPU1,BV14,B,4864,3632,ALDERLAKE-P-CPU_BGA1744,ALDERLAKE-P-CPU_BGA_1744P-T
VCCCPUCORE,UCPU1,CC14,B,4931,3632,ALDERLAKE-P-CPU_BGA1744,ALDERLAKE-P-CPU_BGA_1744P-T
VCCCPUCORE,UCPU1,CE14,B,4965,3632,ALDERLAKE-P-CPU_BGA1744,ALDERLAKE-P-CPU_BGA_1744P-T
VCCCPUCORE,UCPU1,CG14,B,4998,3632,ALDERLAKE-P-CPU_BGA1744,ALDERLAKE-P-CPU_BGA_1744P-T
VCCCPUCORE,UCPU1,CL14,B,5065,3632,ALDERLAKE-P-CPU_BGA1744,ALDERLAKE-P-CPU_BGA_1744P-T
VCCCPUCORE,UCPU1,CN14,B,5099,3632,ALDERLAKE-P-CPU_BGA1744,ALDERLAKE-P-CPU_BGA_1744P-T
VCCCPUCORE,UCPU1,BW12,B,4881,3651,ALDERLAKE-P-CPU_BGA1744,ALDERLAKE-P-CPU_BGA_1744P-T
VCCCPUCORE,UCPU1,BU12,B,4848,3651,ALDERLAKE-P-CPU_BGA1744,ALDERLAKE-P-CPU_BGA_1744P-T
VCCCPUCORE,UCPU1,BR12,B,4814,3651,ALDERLAKE-P-CPU_BGA1744,ALDERLAKE-P-CPU_BGA_1744P-T
VCCCPUCORE,UCPU1,BN12,B,4781,3651,ALDERLAKE-P-CPU_BGA1744,ALDERLAKE-P-CPU_BGA_1744P-T
VCCCPUCORE,UCPU1,BN11,B,4781,3677,ALDERLAKE-P-CPU_BGA1744,ALDERLAKE-P-CPU_BGA_1744P-T
VCCCPUCORE,UCPU1,BR11,B,4814,3677,ALDERLAKE-P-CPU_BGA1744,ALDERLAKE-P-CPU_BGA_1744P-T
VCCCPUCORE,UCPU1,BU11,B,4848,3677,ALDERLAKE-P-CPU_BGA1744,ALDERLAKE-P-CPU_BGA_1744P-T
VCCCPUCORE,UCPU1,CF12,B,4982,3651,ALDERLAKE-P-CPU_BGA1744,ALDERLAKE-P-CPU_BGA_1744P-T
VCCCPUCORE,UCPU1,CD12,B,4948,3651,ALDERLAKE-P-CPU_BGA1744,ALDERLAKE-P-CPU_BGA_1744P-T
VCCCPUCORE,UCPU1,CB12,B,4915,3651,ALDERLAKE-P-CPU_BGA1744,ALDERLAKE-P-CPU_BGA_1744P-T
VCCCPUCORE,UCPU1,CD6,B,4948,3753,ALDERLAKE-P-CPU_BGA1744,ALDERLAKE-P-CPU_BGA_1744P-T
VCCCPUCORE,UCPU1,CD8,B,4948,3728,ALDERLAKE-P-CPU_BGA1744,ALDERLAKE-P-CPU_BGA_1744P-T
VCCCPUCORE,UCPU1,CD9,B,4948,3702,ALDERLAKE-P-CPU_BGA1744,ALDERLAKE-P-CPU_BGA_1744P-T
VCCCPUCORE,UCPU1,CD11,B,4948,3677,ALDERLAKE-P-CPU_BGA1744,ALDERLAKE-P-CPU_BGA_1744P-T
VCCCPUCORE,UCPU1,CF6,B,4982,3753,ALDERLAKE-P-CPU_BGA1744,ALDERLAKE-P-CPU_BGA_1744P-T
VCCCPUCORE,UCPU1,CF8,B,4982,3728,ALDERLAKE-P-CPU_BGA1744,ALDERLAKE-P-CPU_BGA_1744P-T
VCCCPUCORE,UCPU1,CF9,B,4982,3702,ALDERLAKE-P-CPU_BGA1744,ALDERLAKE-P-CPU_BGA_1744P-T
VCCCPUCORE,UCPU1,CF11,B,4982,3677,ALDERLAKE-P-CPU_BGA1744,ALDERLAKE-P-CPU_BGA_1744P-T
VCCCPUCORE,UCPU1,CP12,B,5116,3651,ALDERLAKE-P-CPU_BGA1744,ALDERLAKE-P-CPU_BGA_1744P-T
VCCCPUCORE,UCPU1,CM12,B,5082,3651,ALDERLAKE-P-CPU_BGA1744,ALDERLAKE-P-CPU_BGA_1744P-T
VCCCPUCORE,UCPU1,CK12,B,5049,3651,ALDERLAKE-P-CPU_BGA1744,ALDERLAKE-P-CPU_BGA_1744P-T
VCCCPUCORE,UCPU1,CK6,B,5049,3753,ALDERLAKE-P-CPU_BGA1744,ALDERLAKE-P-CPU_BGA_1744P-T
VCCCPUCORE,UCPU1,CK8,B,5049,3728,ALDERLAKE-P-CPU_BGA1744,ALDERLAKE-P-CPU_BGA_1744P-T
VCCCPUCORE,UCPU1,CK9,B,5049,3702,ALDERLAKE-P-CPU_BGA1744,ALDERLAKE-P-CPU_BGA_1744P-T
VCCCPUCORE,UCPU1,CK11,B,5049,3677,ALDERLAKE-P-CPU_BGA1744,ALDERLAKE-P-CPU_BGA_1744P-T
VCCCPUCORE,UCPU1,CM6,B,5082,3753,ALDERLAKE-P-CPU_BGA1744,ALDERLAKE-P-CPU_BGA_1744P-T
VCCCPUCORE,UCPU1,CM8,B,5082,3728,ALDERLAKE-P-CPU_BGA1744,ALDERLAKE-P-CPU_BGA_1744P-T
VCCCPUCORE,UCPU1,CM9,B,5082,3702,ALDERLAKE-P-CPU_BGA1744,ALDERLAKE-P-CPU_BGA_1744P-T
VCCCPUCORE,UCPU1,CM11,B,5082,3677,ALDERLAKE-P-CPU_BGA1744,ALDERLAKE-P-CPU_BGA_1744P-T
VCCCPUCORE,UCPU1,CP6,B,5116,3753,ALDERLAKE-P-CPU_BGA1744,ALDERLAKE-P-CPU_BGA_1744P-T
VCCCPUCORE,UCPU1,CP8,B,5116,3728,ALDERLAKE-P-CPU_BGA1744,ALDERLAKE-P-CPU_BGA_1744P-T
VCCCPUCORE,UCPU1,CP9,B,5116,3702,ALDERLAKE-P-CPU_BGA1744,ALDERLAKE-P-CPU_BGA_1744P-T
VCCCPUCORE,UCPU1,CP11,B,5116,3677,ALDERLAKE-P-CPU_BGA1744,ALDERLAKE-P-CPU_BGA_1744P-T
VCCCPUCORE,UCPU1,BY1,B,4886,3828,ALDERLAKE-P-CPU_BGA1744,ALDERLAKE-P-CPU_BGA_1744P-T
VCCCPUCORE,UCPU1,CG4,B,5001,3781,ALDERLAKE-P-CPU_BGA1744,ALDERLAKE-P-CPU_BGA_1744P-T
VCCCPUCORE,UCPU1,CE4,B,4976,3781,ALDERLAKE-P-CPU_BGA1744,ALDERLAKE-P-CPU_BGA_1744P-T
VCCCPUCORE,UCPU1,CA1,B,4912,3828,ALDERLAKE-P-CPU_BGA1744,ALDERLAKE-P-CPU_BGA_1744P-T
VCCCPUCORE,UCPU1,CA3,B,4912,3803,ALDERLAKE-P-CPU_BGA1744,ALDERLAKE-P-CPU_BGA_1744P-T
VCCCPUCORE,UCPU1,CC3,B,4937,3803,ALDERLAKE-P-CPU_BGA1744,ALDERLAKE-P-CPU_BGA_1744P-T
VCCCPUCORE,UCPU1,CE1,B,4963,3828,ALDERLAKE-P-CPU_BGA1744,ALDERLAKE-P-CPU_BGA_1744P-T
VCCCPUCORE,UCPU1,CE3,B,4963,3803,ALDERLAKE-P-CPU_BGA1744,ALDERLAKE-P-CPU_BGA_1744P-T
VCCCPUCORE,UCPU1,CF1,B,4988,3828,ALDERLAKE-P-CPU_BGA1744,ALDERLAKE-P-CPU_BGA_1744P-T
VCCCPUCORE,UCPU1,CF3,B,4988,3803,ALDERLAKE-P-CPU_BGA1744,ALDERLAKE-P-CPU_BGA_1744P-T
VCCCPUCORE,UCPU1,CH1,B,5014,3828,ALDERLAKE-P-CPU_BGA1744,ALDERLAKE-P-CPU_BGA_1744P-T
VCCCPUCORE,UCPU1,CH3,B,5014,3803,ALDERLAKE-P-CPU_BGA1744,ALDERLAKE-P-CPU_BGA_1744P-T
VCCCPUCORE,UCPU1,CR4,B,5129,3781,ALDERLAKE-P-CPU_BGA1744,ALDERLAKE-P-CPU_BGA_1744P-T
VCCCPUCORE,UCPU1,CP4,B,5104,3781,ALDERLAKE-P-CPU_BGA1744,ALDERLAKE-P-CPU_BGA_1744P-T
VCCCPUCORE,UCPU1,CM4,B,5078,3781,ALDERLAKE-P-CPU_BGA1744,ALDERLAKE-P-CPU_BGA_1744P-T
VCCCPUCORE,UCPU1,CK4,B,5052,3781,ALDERLAKE-P-CPU_BGA1744,ALDERLAKE-P-CPU_BGA_1744P-T
VCCCPUCORE,UCPU1,CL1,B,5065,3828,ALDERLAKE-P-CPU_BGA1744,ALDERLAKE-P-CPU_BGA_1744P-T
VCCCPUCORE,UCPU1,CL3,B,5065,3803,ALDERLAKE-P-CPU_BGA1744,ALDERLAKE-P-CPU_BGA_1744P-T
VCCCPUCORE,UCPU1,CN1,B,5091,3828,ALDERLAKE-P-CPU_BGA1744,ALDERLAKE-P-CPU_BGA_1744P-T
VCCCPUCORE,UCPU1,CN3,B,5091,3803,ALDERLAKE-P-CPU_BGA1744,ALDERLAKE-P-CPU_BGA_1744P-T
VCCCPUCORE,UCPU1,CP1,B,5116,3828,ALDERLAKE-P-CPU_BGA1744,ALDERLAKE-P-CPU_BGA_1744P-T
VCCCPUCORE,UCPU1,CP3,B,5116,3803,ALDERLAKE-P-CPU_BGA1744,ALDERLAKE-P-CPU_BGA_1744P-T
VCCDPHY_1P24,C1801,1,B,6070,3240,4.7U_6.3V_M_X5R_0402,C0402_25P591_CC
VCCDPHY_1P24,UCPU1,FB39,B,5868,3235,ALDERLAKE-P-CPU_BGA1744,ALDERLAKE-P-CPU_BGA_1744P-T
VCCDSW_1P05,C1802,1,T,5551,3204,1U_6.3V_M_X5R_0201,C0201_13P780_BB
VCCDSW_1P05,TB_TP510,1,T,5559,3169,,
VCCDSW_1P05,UCPU1,EE41,B,5596,3204,ALDERLAKE-P-CPU_BGA1744,ALDERLAKE-P-CPU_BGA_1744P-T
VCCGFXCORE_D,C3701,2,T,7538,3891,10U_6.3V_M_X5R_0402,C0402_27P559_CD
VCCGFXCORE_D,C3702,2,T,7259,3751,10U_6.3V_M_X5R_0402,C0402_27P559_CD
VCCGFXCORE_D,C3703,2,T,7259,3805,10U_6.3V_M_X5R_0402,C0402_27P559_CD
VCCGFXCORE_D,C3704,2,T,7565,3688,10U_6.3V_M_X5R_0402,C0402_27P559_CD
VCCGFXCORE_D,C3705,2,T,7203,3401,10U_6.3V_M_X5R_0402,C0402_27P559_CD
VCCGFXCORE_D,C3706,2,T,7541,3955,10U_6.3V_M_X5R_0402,C0402_27P559_CD
VCCGFXCORE_D,C3707,2,T,7204,3511,10U_6.3V_M_X5R_0402,C0402_27P559_CD
VCCGFXCORE_D,C3708,2,T,7601,3688,10U_6.3V_M_X5R_0402,C0402_27P559_CD
VCCGFXCORE_D,C3709,2,T,7205,3585,10U_6.3V_M_X5R_0402,C0402_27P559_CD
VCCGFXCORE_D,C3710,2,T,7127,3971,10U_6.3V_M_X5R_0402,C0402_27P559_CD
VCCGFXCORE_D,C3711,1,T,7307,3584,22U_6.3V_M_X5R_0402,C0402_27P559_CD
VCCGFXCORE_D,C3712,1,T,7398,3888,22U_6.3V_M_X5R_0402,C0402_27P559_CD
VCCGFXCORE_D,C3713,1,T,7102,3802,22U_6.3V_M_X5R_0402,C0402_27P559_CD
VCCGFXCORE_D,C3714,1,T,7203,3331,22U_6.3V_M_X5R_0402,C0402_27P559_CD
VCCGFXCORE_D,C3715,1,T,7232,3916,22U_6.3V_M_X5R_0402,C0402_27P559_CD
VCCGFXCORE_D,C3716,1,T,7205,3549,22U_6.3V_M_X5R_0402,C0402_27P559_CD
VCCGFXCORE_D,C3717,1,T,7336,3582,22U_6.3V_M_X5R_0402,C0402_27P559_CD
VCCGFXCORE_D,C3718,2,T,7068,3355,22U_6.3V_M_X5R_0603,C0603_39P370_DC
VCCGFXCORE_D,C3719,2,T,7186,4029,22U_6.3V_M_X5R_0603,C0603_39P370_DC
VCCGFXCORE_D,C3720,2,B,7094,3094,22U_6.3V_M_X5R_0603,C0603_39P370_DC
VCCGFXCORE_D,C3721,2,T,7307,3548,10U_6.3V_M_X5R_0402,C0402_27P559_CD
VCCGFXCORE_D,C3722,2,T,7305,3493,10U_6.3V_M_X5R_0402,C0402_27P559_CD
VCCGFXCORE_D,C3723,2,T,7158,3539,10U_6.3V_M_X5R_0402,C0402_27P559_CD
VCCGFXCORE_D,C3724,2,T,7315,3413,10U_6.3V_M_X5R_0402,C0402_27P559_CD
VCCGFXCORE_D,C3725,2,T,7317,3377,10U_6.3V_M_X5R_0402,C0402_27P559_CD
VCCGFXCORE_D,C3726,2,T,7166,3578,10U_6.3V_M_X5R_0402,C0402_27P559_CD
VCCGFXCORE_D,C3727,2,T,7370,3079,10U_6.3V_M_X5R_0402,C0402_27P559_CD
VCCGFXCORE_D,C3728,2,T,7166,3614,10U_6.3V_M_X5R_0402,C0402_27P559_CD
VCCGFXCORE_D,C3729,2,T,7306,3302,10U_6.3V_M_X5R_0402,C0402_27P559_CD
VCCGFXCORE_D,C3730,2,T,7518,4024,10U_6.3V_M_X5R_0402,C0402_27P559_CD
VCCGFXCORE_D,C3731,1,T,7265,2960,330U_D2_2V_R9M,C_D2
VCCGFXCORE_D,C3732,1,B,7287,3137,470U_D2E_2.5VM_R6M,C_D2E
VCCGFXCORE_D,C3733,2,T,7351,4001,22U_6.3V_M_X5R_0603,C0603_39P370_DC
VCCGFXCORE_D,C3734,2,T,7098,3406,22U_6.3V_M_X5R_0603,C0603_39P370_DC
VCCGFXCORE_D,C3735,2,T,7412,3382,22U_6.3V_M_X5R_0603,C0603_39P370_DC
VCCGFXCORE_D,C3736,2,T,7486,4033,22U_6.3V_M_X5R_0603,C0603_39P370_DC
VCCGFXCORE_D,C3737,2,T,7400,3494,22U_6.3V_M_X5R_0603,C0603_39P370_DC
VCCGFXCORE_D,C3738,2,T,7204,3437,10U_6.3V_M_X5R_0402,C0402_27P559_CD
VCCGFXCORE_D,C3739,2,T,7371,3115,10U_6.3V_M_X5R_0402,C0402_27P559_CD
VCCGFXCORE_D,C3740,2,T,7394,3997,10U_6.3V_M_X5R_0402,C0402_27P559_CD
VCCGFXCORE_D,C3741,2,T,7580,3788,10U_6.3V_M_X5R_0402,C0402_27P559_CD
VCCGFXCORE_D,C3742,2,T,7563,3859,10U_6.3V_M_X5R_0402,C0402_27P559_CD
VCCGFXCORE_D,C3743,1,T,7482,3884,1U_6.3V_M_X5R_0201,C0201_13P780_BB
VCCGFXCORE_D,C3744,1,T,7561,3663,1U_6.3V_M_X5R_0201,C0201_13P780_BB
VCCGFXCORE_D,C3745,1,T,7561,3640,1U_6.3V_M_X5R_0201,C0201_13P780_BB
VCCGFXCORE_D,C3746,1,T,7554,3812,1U_6.3V_M_X5R_0201,C0201_13P780_BB
VCCGFXCORE_D,C3747,1,T,7162,3674,1U_6.3V_M_X5R_0201,C0201_13P780_BB
VCCGFXCORE_D,C3748,1,T,7277,4016,1U_6.3V_M_X5R_0201,C0201_13P780_BB
VCCGFXCORE_D,C3749,1,T,7541,3616,1U_6.3V_M_X5R_0201,C0201_13P780_BB
VCCGFXCORE_D,C3750,1,T,7474,3616,1U_6.3V_M_X5R_0201,C0201_13P780_BB
VCCGFXCORE_D,PC1512,1,T,7204,3366,0.1U_25V_K_X7R_0402,C0402_21P654_CA
VCCGFXCORE_D,PC1513,1,T,7307,3343,2200P_50V_K_X7R_0402,C0402_21P654_CA
VCCGFXCORE_D,PC1514,1,B,7325,2952,470U_D2E_2.5VM_R6M,C_D2E
VCCGFXCORE_D,PC1515,1,B,7104,2950,470U_D2E_2.5VM_R6M,C_D2E
VCCGFXCORE_D,PC1516,1,B,7098,3300,10U_6.3V_M_X5R_0603_YAGEO,C0603_37P402_DB
VCCGFXCORE_D,PC1517,1,B,7069,3145,10U_6.3V_M_X5R_0603_YAGEO,C0603_37P402_DB
VCCGFXCORE_D,PC1518,1,B,7103,3196,10U_6.3V_M_X5R_0603_YAGEO,C0603_37P402_DB
VCCGFXCORE_D,PC1519,1,B,7072,3247,10U_6.3V_M_X5R_0603_YAGEO,C0603_37P402_DB
VCCGFXCORE_D,PC1536,1,T,7417,3279,22U_6.3V_M_X5R_0603,C0603_39P370_DC
VCCGFXCORE_D,PC1537,1,T,7413,3331,22U_6.3V_M_X5R_0603,C0603_39P370_DC
VCCGFXCORE_D,PC1538,1,T,7098,3300,22U_6.3V_M_X5R_0603,C0603_39P370_DC
VCCGFXCORE_D,PC1539,1,T,7070,3144,22U_6.3V_M_X5R_0603,C0603_39P370_DC
VCCGFXCORE_D,PC1540,1,T,7103,3195,22U_6.3V_M_X5R_0603,C0603_39P370_DC
VCCGFXCORE_D,PC1541,1,T,7072,3247,22U_6.3V_M_X5R_0603,C0603_39P370_DC
VCCGFXCORE_D,PC1542,1,B,7322,3291,0.1U_25V_K_X7R_0402,C0402_21P654_CA
VCCGFXCORE_D,PC1543,1,B,7322,3260,2200P_50V_K_X7R_0402,C0402_21P654_CA
VCCGFXCORE_D,PL1501,2,B,7611,2653,0.15UH_CMLE063T-R15MS0R907_38A_20%,CYNTE_PCME063T-R24MS1R195_2P
VCCGFXCORE_D,PL1502,2,B,7417,2720,0.15UH_CMLE063T-R15MS0R907_38A_20%,CYNTE_PCME063T-R24MS1R195_2P
VCCGFXCORE_D,PR1523,2,B,7356,1525,1/20W_100_1%_0201,R0201_11P811
VCCGFXCORE_D,PR1530,1,T,7247,1517,1/10W_10_5%_0603,R0603_21P654
VCCGFXCORE_D,TB_TP1060,1,B,7528,2790,,
VCCGFXCORE_D,UGPU1,AA9,B,7526,3679,NVIDIA_GN20-S5-GB3-64_FCBGA771,NVIDIA_GN20-S5-GB3-64_FCBGA_771P-T
VCCGFXCORE_D,UGPU1,AA11,B,7470,3679,NVIDIA_GN20-S5-GB3-64_FCBGA771,NVIDIA_GN20-S5-GB3-64_FCBGA_771P-T
VCCGFXCORE_D,UGPU1,AA13,B,7415,3679,NVIDIA_GN20-S5-GB3-64_FCBGA771,NVIDIA_GN20-S5-GB3-64_FCBGA_771P-T
VCCGFXCORE_D,UGPU1,AA15,B,7360,3679,NVIDIA_GN20-S5-GB3-64_FCBGA771,NVIDIA_GN20-S5-GB3-64_FCBGA_771P-T
VCCGFXCORE_D,UGPU1,AA17,B,7305,3679,NVIDIA_GN20-S5-GB3-64_FCBGA771,NVIDIA_GN20-S5-GB3-64_FCBGA_771P-T
VCCGFXCORE_D,UGPU1,AA19,B,7250,3679,NVIDIA_GN20-S5-GB3-64_FCBGA771,NVIDIA_GN20-S5-GB3-64_FCBGA_771P-T
VCCGFXCORE_D,UGPU1,AA21,B,7195,3679,NVIDIA_GN20-S5-GB3-64_FCBGA771,NVIDIA_GN20-S5-GB3-64_FCBGA_771P-T
VCCGFXCORE_D,UGPU1,AA23,B,7140,3679,NVIDIA_GN20-S5-GB3-64_FCBGA771,NVIDIA_GN20-S5-GB3-64_FCBGA_771P-T
VCCGFXCORE_D,UGPU1,AB10,B,7498,3652,NVIDIA_GN20-S5-GB3-64_FCBGA771,NVIDIA_GN20-S5-GB3-64_FCBGA_771P-T
VCCGFXCORE_D,UGPU1,AB12,B,7443,3652,NVIDIA_GN20-S5-GB3-64_FCBGA771,NVIDIA_GN20-S5-GB3-64_FCBGA_771P-T
VCCGFXCORE_D,UGPU1,AB14,B,7388,3652,NVIDIA_GN20-S5-GB3-64_FCBGA771,NVIDIA_GN20-S5-GB3-64_FCBGA_771P-T
VCCGFXCORE_D,UGPU1,AB16,B,7333,3652,NVIDIA_GN20-S5-GB3-64_FCBGA771,NVIDIA_GN20-S5-GB3-64_FCBGA_771P-T
VCCGFXCORE_D,UGPU1,AB18,B,7278,3652,NVIDIA_GN20-S5-GB3-64_FCBGA771,NVIDIA_GN20-S5-GB3-64_FCBGA_771P-T
VCCGFXCORE_D,UGPU1,AB20,B,7222,3652,NVIDIA_GN20-S5-GB3-64_FCBGA771,NVIDIA_GN20-S5-GB3-64_FCBGA_771P-T
VCCGFXCORE_D,UGPU1,AB22,B,7167,3652,NVIDIA_GN20-S5-GB3-64_FCBGA771,NVIDIA_GN20-S5-GB3-64_FCBGA_771P-T
VCCGFXCORE_D,UGPU1,AC9,B,7526,3624,NVIDIA_GN20-S5-GB3-64_FCBGA771,NVIDIA_GN20-S5-GB3-64_FCBGA_771P-T
VCCGFXCORE_D,UGPU1,AC11,B,7470,3624,NVIDIA_GN20-S5-GB3-64_FCBGA771,NVIDIA_GN20-S5-GB3-64_FCBGA_771P-T
VCCGFXCORE_D,UGPU1,AC13,B,7415,3624,NVIDIA_GN20-S5-GB3-64_FCBGA771,NVIDIA_GN20-S5-GB3-64_FCBGA_771P-T
VCCGFXCORE_D,UGPU1,AC15,B,7360,3624,NVIDIA_GN20-S5-GB3-64_FCBGA771,NVIDIA_GN20-S5-GB3-64_FCBGA_771P-T
VCCGFXCORE_D,UGPU1,AC17,B,7305,3624,NVIDIA_GN20-S5-GB3-64_FCBGA771,NVIDIA_GN20-S5-GB3-64_FCBGA_771P-T
VCCGFXCORE_D,UGPU1,AC19,B,7250,3624,NVIDIA_GN20-S5-GB3-64_FCBGA771,NVIDIA_GN20-S5-GB3-64_FCBGA_771P-T
VCCGFXCORE_D,UGPU1,AC21,B,7195,3624,NVIDIA_GN20-S5-GB3-64_FCBGA771,NVIDIA_GN20-S5-GB3-64_FCBGA_771P-T
VCCGFXCORE_D,UGPU1,AC23,B,7140,3624,NVIDIA_GN20-S5-GB3-64_FCBGA771,NVIDIA_GN20-S5-GB3-64_FCBGA_771P-T
VCCGFXCORE_D,UGPU1,J9,B,7526,4010,NVIDIA_GN20-S5-GB3-64_FCBGA771,NVIDIA_GN20-S5-GB3-64_FCBGA_771P-T
VCCGFXCORE_D,UGPU1,J11,B,7470,4010,NVIDIA_GN20-S5-GB3-64_FCBGA771,NVIDIA_GN20-S5-GB3-64_FCBGA_771P-T
VCCGFXCORE_D,UGPU1,J13,B,7415,4010,NVIDIA_GN20-S5-GB3-64_FCBGA771,NVIDIA_GN20-S5-GB3-64_FCBGA_771P-T
VCCGFXCORE_D,UGPU1,J15,B,7360,4010,NVIDIA_GN20-S5-GB3-64_FCBGA771,NVIDIA_GN20-S5-GB3-64_FCBGA_771P-T
VCCGFXCORE_D,UGPU1,J17,B,7305,4010,NVIDIA_GN20-S5-GB3-64_FCBGA771,NVIDIA_GN20-S5-GB3-64_FCBGA_771P-T
VCCGFXCORE_D,UGPU1,J19,B,7250,4010,NVIDIA_GN20-S5-GB3-64_FCBGA771,NVIDIA_GN20-S5-GB3-64_FCBGA_771P-T
VCCGFXCORE_D,UGPU1,J21,B,7195,4010,NVIDIA_GN20-S5-GB3-64_FCBGA771,NVIDIA_GN20-S5-GB3-64_FCBGA_771P-T
VCCGFXCORE_D,UGPU1,J23,B,7140,4010,NVIDIA_GN20-S5-GB3-64_FCBGA771,NVIDIA_GN20-S5-GB3-64_FCBGA_771P-T
VCCGFXCORE_D,UGPU1,K10,B,7498,3982,NVIDIA_GN20-S5-GB3-64_FCBGA771,NVIDIA_GN20-S5-GB3-64_FCBGA_771P-T
VCCGFXCORE_D,UGPU1,K12,B,7443,3982,NVIDIA_GN20-S5-GB3-64_FCBGA771,NVIDIA_GN20-S5-GB3-64_FCBGA_771P-T
VCCGFXCORE_D,UGPU1,K14,B,7388,3982,NVIDIA_GN20-S5-GB3-64_FCBGA771,NVIDIA_GN20-S5-GB3-64_FCBGA_771P-T
VCCGFXCORE_D,UGPU1,K16,B,7333,3982,NVIDIA_GN20-S5-GB3-64_FCBGA771,NVIDIA_GN20-S5-GB3-64_FCBGA_771P-T
VCCGFXCORE_D,UGPU1,K18,B,7278,3982,NVIDIA_GN20-S5-GB3-64_FCBGA771,NVIDIA_GN20-S5-GB3-64_FCBGA_771P-T
VCCGFXCORE_D,UGPU1,K20,B,7222,3982,NVIDIA_GN20-S5-GB3-64_FCBGA771,NVIDIA_GN20-S5-GB3-64_FCBGA_771P-T
VCCGFXCORE_D,UGPU1,K22,B,7167,3982,NVIDIA_GN20-S5-GB3-64_FCBGA771,NVIDIA_GN20-S5-GB3-64_FCBGA_771P-T
VCCGFXCORE_D,UGPU1,L9,B,7526,3955,NVIDIA_GN20-S5-GB3-64_FCBGA771,NVIDIA_GN20-S5-GB3-64_FCBGA_771P-T
VCCGFXCORE_D,UGPU1,L11,B,7470,3955,NVIDIA_GN20-S5-GB3-64_FCBGA771,NVIDIA_GN20-S5-GB3-64_FCBGA_771P-T
VCCGFXCORE_D,UGPU1,L13,B,7415,3955,NVIDIA_GN20-S5-GB3-64_FCBGA771,NVIDIA_GN20-S5-GB3-64_FCBGA_771P-T
VCCGFXCORE_D,UGPU1,L15,B,7360,3955,NVIDIA_GN20-S5-GB3-64_FCBGA771,NVIDIA_GN20-S5-GB3-64_FCBGA_771P-T
VCCGFXCORE_D,UGPU1,L17,B,7305,3955,NVIDIA_GN20-S5-GB3-64_FCBGA771,NVIDIA_GN20-S5-GB3-64_FCBGA_771P-T
VCCGFXCORE_D,UGPU1,L19,B,7250,3955,NVIDIA_GN20-S5-GB3-64_FCBGA771,NVIDIA_GN20-S5-GB3-64_FCBGA_771P-T
VCCGFXCORE_D,UGPU1,L21,B,7195,3955,NVIDIA_GN20-S5-GB3-64_FCBGA771,NVIDIA_GN20-S5-GB3-64_FCBGA_771P-T
VCCGFXCORE_D,UGPU1,L23,B,7140,3955,NVIDIA_GN20-S5-GB3-64_FCBGA771,NVIDIA_GN20-S5-GB3-64_FCBGA_771P-T
VCCGFXCORE_D,UGPU1,M10,B,7498,3927,NVIDIA_GN20-S5-GB3-64_FCBGA771,NVIDIA_GN20-S5-GB3-64_FCBGA_771P-T
VCCGFXCORE_D,UGPU1,M12,B,7443,3927,NVIDIA_GN20-S5-GB3-64_FCBGA771,NVIDIA_GN20-S5-GB3-64_FCBGA_771P-T
VCCGFXCORE_D,UGPU1,M14,B,7388,3927,NVIDIA_GN20-S5-GB3-64_FCBGA771,NVIDIA_GN20-S5-GB3-64_FCBGA_771P-T
VCCGFXCORE_D,UGPU1,M16,B,7333,3927,NVIDIA_GN20-S5-GB3-64_FCBGA771,NVIDIA_GN20-S5-GB3-64_FCBGA_771P-T
VCCGFXCORE_D,UGPU1,M18,B,7278,3927,NVIDIA_GN20-S5-GB3-64_FCBGA771,NVIDIA_GN20-S5-GB3-64_FCBGA_771P-T
VCCGFXCORE_D,UGPU1,M20,B,7222,3927,NVIDIA_GN20-S5-GB3-64_FCBGA771,NVIDIA_GN20-S5-GB3-64_FCBGA_771P-T
VCCGFXCORE_D,UGPU1,M22,B,7167,3927,NVIDIA_GN20-S5-GB3-64_FCBGA771,NVIDIA_GN20-S5-GB3-64_FCBGA_771P-T
VCCGFXCORE_D,UGPU1,N9,B,7526,3900,NVIDIA_GN20-S5-GB3-64_FCBGA771,NVIDIA_GN20-S5-GB3-64_FCBGA_771P-T
VCCGFXCORE_D,UGPU1,N11,B,7470,3900,NVIDIA_GN20-S5-GB3-64_FCBGA771,NVIDIA_GN20-S5-GB3-64_FCBGA_771P-T
VCCGFXCORE_D,UGPU1,N13,B,7415,3900,NVIDIA_GN20-S5-GB3-64_FCBGA771,NVIDIA_GN20-S5-GB3-64_FCBGA_771P-T
VCCGFXCORE_D,UGPU1,N15,B,7360,3900,NVIDIA_GN20-S5-GB3-64_FCBGA771,NVIDIA_GN20-S5-GB3-64_FCBGA_771P-T
VCCGFXCORE_D,UGPU1,N17,B,7305,3900,NVIDIA_GN20-S5-GB3-64_FCBGA771,NVIDIA_GN20-S5-GB3-64_FCBGA_771P-T
VCCGFXCORE_D,UGPU1,N19,B,7250,3900,NVIDIA_GN20-S5-GB3-64_FCBGA771,NVIDIA_GN20-S5-GB3-64_FCBGA_771P-T
VCCGFXCORE_D,UGPU1,N21,B,7195,3900,NVIDIA_GN20-S5-GB3-64_FCBGA771,NVIDIA_GN20-S5-GB3-64_FCBGA_771P-T
VCCGFXCORE_D,UGPU1,N23,B,7140,3900,NVIDIA_GN20-S5-GB3-64_FCBGA771,NVIDIA_GN20-S5-GB3-64_FCBGA_771P-T
VCCGFXCORE_D,UGPU1,P10,B,7498,3872,NVIDIA_GN20-S5-GB3-64_FCBGA771,NVIDIA_GN20-S5-GB3-64_FCBGA_771P-T
VCCGFXCORE_D,UGPU1,P12,B,7443,3872,NVIDIA_GN20-S5-GB3-64_FCBGA771,NVIDIA_GN20-S5-GB3-64_FCBGA_771P-T
VCCGFXCORE_D,UGPU1,P14,B,7388,3872,NVIDIA_GN20-S5-GB3-64_FCBGA771,NVIDIA_GN20-S5-GB3-64_FCBGA_771P-T
VCCGFXCORE_D,UGPU1,P16,B,7333,3872,NVIDIA_GN20-S5-GB3-64_FCBGA771,NVIDIA_GN20-S5-GB3-64_FCBGA_771P-T
VCCGFXCORE_D,UGPU1,P18,B,7278,3872,NVIDIA_GN20-S5-GB3-64_FCBGA771,NVIDIA_GN20-S5-GB3-64_FCBGA_771P-T
VCCGFXCORE_D,UGPU1,P20,B,7222,3872,NVIDIA_GN20-S5-GB3-64_FCBGA771,NVIDIA_GN20-S5-GB3-64_FCBGA_771P-T
VCCGFXCORE_D,UGPU1,P22,B,7167,3872,NVIDIA_GN20-S5-GB3-64_FCBGA771,NVIDIA_GN20-S5-GB3-64_FCBGA_771P-T
VCCGFXCORE_D,UGPU1,R9,B,7526,3844,NVIDIA_GN20-S5-GB3-64_FCBGA771,NVIDIA_GN20-S5-GB3-64_FCBGA_771P-T
VCCGFXCORE_D,UGPU1,R11,B,7470,3844,NVIDIA_GN20-S5-GB3-64_FCBGA771,NVIDIA_GN20-S5-GB3-64_FCBGA_771P-T
VCCGFXCORE_D,UGPU1,R13,B,7415,3844,NVIDIA_GN20-S5-GB3-64_FCBGA771,NVIDIA_GN20-S5-GB3-64_FCBGA_771P-T
VCCGFXCORE_D,UGPU1,R15,B,7360,3844,NVIDIA_GN20-S5-GB3-64_FCBGA771,NVIDIA_GN20-S5-GB3-64_FCBGA_771P-T
VCCGFXCORE_D,UGPU1,R17,B,7305,3844,NVIDIA_GN20-S5-GB3-64_FCBGA771,NVIDIA_GN20-S5-GB3-64_FCBGA_771P-T
VCCGFXCORE_D,UGPU1,R19,B,7250,3844,NVIDIA_GN20-S5-GB3-64_FCBGA771,NVIDIA_GN20-S5-GB3-64_FCBGA_771P-T
VCCGFXCORE_D,UGPU1,R21,B,7195,3844,NVIDIA_GN20-S5-GB3-64_FCBGA771,NVIDIA_GN20-S5-GB3-64_FCBGA_771P-T
VCCGFXCORE_D,UGPU1,R23,B,7140,3844,NVIDIA_GN20-S5-GB3-64_FCBGA771,NVIDIA_GN20-S5-GB3-64_FCBGA_771P-T
VCCGFXCORE_D,UGPU1,T10,B,7498,3817,NVIDIA_GN20-S5-GB3-64_FCBGA771,NVIDIA_GN20-S5-GB3-64_FCBGA_771P-T
VCCGFXCORE_D,UGPU1,T12,B,7443,3817,NVIDIA_GN20-S5-GB3-64_FCBGA771,NVIDIA_GN20-S5-GB3-64_FCBGA_771P-T
VCCGFXCORE_D,UGPU1,T14,B,7388,3817,NVIDIA_GN20-S5-GB3-64_FCBGA771,NVIDIA_GN20-S5-GB3-64_FCBGA_771P-T
VCCGFXCORE_D,UGPU1,T16,B,7333,3817,NVIDIA_GN20-S5-GB3-64_FCBGA771,NVIDIA_GN20-S5-GB3-64_FCBGA_771P-T
VCCGFXCORE_D,UGPU1,T18,B,7278,3817,NVIDIA_GN20-S5-GB3-64_FCBGA771,NVIDIA_GN20-S5-GB3-64_FCBGA_771P-T
VCCGFXCORE_D,UGPU1,T20,B,7222,3817,NVIDIA_GN20-S5-GB3-64_FCBGA771,NVIDIA_GN20-S5-GB3-64_FCBGA_771P-T
VCCGFXCORE_D,UGPU1,T22,B,7167,3817,NVIDIA_GN20-S5-GB3-64_FCBGA771,NVIDIA_GN20-S5-GB3-64_FCBGA_771P-T
VCCGFXCORE_D,UGPU1,U9,B,7526,3789,NVIDIA_GN20-S5-GB3-64_FCBGA771,NVIDIA_GN20-S5-GB3-64_FCBGA_771P-T
VCCGFXCORE_D,UGPU1,U11,B,7470,3789,NVIDIA_GN20-S5-GB3-64_FCBGA771,NVIDIA_GN20-S5-GB3-64_FCBGA_771P-T
VCCGFXCORE_D,UGPU1,U13,B,7415,3789,NVIDIA_GN20-S5-GB3-64_FCBGA771,NVIDIA_GN20-S5-GB3-64_FCBGA_771P-T
VCCGFXCORE_D,UGPU1,U15,B,7360,3789,NVIDIA_GN20-S5-GB3-64_FCBGA771,NVIDIA_GN20-S5-GB3-64_FCBGA_771P-T
VCCGFXCORE_D,UGPU1,U17,B,7305,3789,NVIDIA_GN20-S5-GB3-64_FCBGA771,NVIDIA_GN20-S5-GB3-64_FCBGA_771P-T
VCCGFXCORE_D,UGPU1,U19,B,7250,3789,NVIDIA_GN20-S5-GB3-64_FCBGA771,NVIDIA_GN20-S5-GB3-64_FCBGA_771P-T
VCCGFXCORE_D,UGPU1,U21,B,7195,3789,NVIDIA_GN20-S5-GB3-64_FCBGA771,NVIDIA_GN20-S5-GB3-64_FCBGA_771P-T
VCCGFXCORE_D,UGPU1,U23,B,7140,3789,NVIDIA_GN20-S5-GB3-64_FCBGA771,NVIDIA_GN20-S5-GB3-64_FCBGA_771P-T
VCCGFXCORE_D,UGPU1,V10,B,7498,3762,NVIDIA_GN20-S5-GB3-64_FCBGA771,NVIDIA_GN20-S5-GB3-64_FCBGA_771P-T
VCCGFXCORE_D,UGPU1,V12,B,7443,3762,NVIDIA_GN20-S5-GB3-64_FCBGA771,NVIDIA_GN20-S5-GB3-64_FCBGA_771P-T
VCCGFXCORE_D,UGPU1,V14,B,7388,3762,NVIDIA_GN20-S5-GB3-64_FCBGA771,NVIDIA_GN20-S5-GB3-64_FCBGA_771P-T
VCCGFXCORE_D,UGPU1,V16,B,7333,3762,NVIDIA_GN20-S5-GB3-64_FCBGA771,NVIDIA_GN20-S5-GB3-64_FCBGA_771P-T
VCCGFXCORE_D,UGPU1,V18,B,7278,3762,NVIDIA_GN20-S5-GB3-64_FCBGA771,NVIDIA_GN20-S5-GB3-64_FCBGA_771P-T
VCCGFXCORE_D,UGPU1,V20,B,7222,3762,NVIDIA_GN20-S5-GB3-64_FCBGA771,NVIDIA_GN20-S5-GB3-64_FCBGA_771P-T
VCCGFXCORE_D,UGPU1,V22,B,7167,3762,NVIDIA_GN20-S5-GB3-64_FCBGA771,NVIDIA_GN20-S5-GB3-64_FCBGA_771P-T
VCCGFXCORE_D,UGPU1,W9,B,7526,3734,NVIDIA_GN20-S5-GB3-64_FCBGA771,NVIDIA_GN20-S5-GB3-64_FCBGA_771P-T
VCCGFXCORE_D,UGPU1,W11,B,7470,3734,NVIDIA_GN20-S5-GB3-64_FCBGA771,NVIDIA_GN20-S5-GB3-64_FCBGA_771P-T
VCCGFXCORE_D,UGPU1,W13,B,7415,3734,NVIDIA_GN20-S5-GB3-64_FCBGA771,NVIDIA_GN20-S5-GB3-64_FCBGA_771P-T
VCCGFXCORE_D,UGPU1,W15,B,7360,3734,NVIDIA_GN20-S5-GB3-64_FCBGA771,NVIDIA_GN20-S5-GB3-64_FCBGA_771P-T
VCCGFXCORE_D,UGPU1,W17,B,7305,3734,NVIDIA_GN20-S5-GB3-64_FCBGA771,NVIDIA_GN20-S5-GB3-64_FCBGA_771P-T
VCCGFXCORE_D,UGPU1,W19,B,7250,3734,NVIDIA_GN20-S5-GB3-64_FCBGA771,NVIDIA_GN20-S5-GB3-64_FCBGA_771P-T
VCCGFXCORE_D,UGPU1,W21,B,7195,3734,NVIDIA_GN20-S5-GB3-64_FCBGA771,NVIDIA_GN20-S5-GB3-64_FCBGA_771P-T
VCCGFXCORE_D,UGPU1,W23,B,7140,3734,NVIDIA_GN20-S5-GB3-64_FCBGA771,NVIDIA_GN20-S5-GB3-64_FCBGA_771P-T
VCCGFXCORE_D,UGPU1,Y10,B,7498,3707,NVIDIA_GN20-S5-GB3-64_FCBGA771,NVIDIA_GN20-S5-GB3-64_FCBGA_771P-T
VCCGFXCORE_D,UGPU1,Y12,B,7443,3707,NVIDIA_GN20-S5-GB3-64_FCBGA771,NVIDIA_GN20-S5-GB3-64_FCBGA_771P-T
VCCGFXCORE_D,UGPU1,Y14,B,7388,3707,NVIDIA_GN20-S5-GB3-64_FCBGA771,NVIDIA_GN20-S5-GB3-64_FCBGA_771P-T
VCCGFXCORE_D,UGPU1,Y16,B,7333,3707,NVIDIA_GN20-S5-GB3-64_FCBGA771,NVIDIA_GN20-S5-GB3-64_FCBGA_771P-T
VCCGFXCORE_D,UGPU1,Y18,B,7278,3707,NVIDIA_GN20-S5-GB3-64_FCBGA771,NVIDIA_GN20-S5-GB3-64_FCBGA_771P-T
VCCGFXCORE_D,UGPU1,Y20,B,7222,3707,NVIDIA_GN20-S5-GB3-64_FCBGA771,NVIDIA_GN20-S5-GB3-64_FCBGA_771P-T
VCCGFXCORE_D,UGPU1,Y22,B,7167,3707,NVIDIA_GN20-S5-GB3-64_FCBGA771,NVIDIA_GN20-S5-GB3-64_FCBGA_771P-T
VCCGT,C1719,1,T,5273,3167,10U_6.3V_M_X5R_0402,C0402_27P559_CD
VCCGT,C1720,1,T,5264,3772,22U_6.3V_M_X5R_0603,C0603_39P370_DC
VCCGT,C1721,1,T,5205,3796,22U_6.3V_M_X5R_0603,C0603_39P370_DC
VCCGT,C1722,1,T,5295,3653,22U_6.3V_M_X5R_0603,C0603_39P370_DC
VCCGT,C1723,1,T,5243,3849,22U_6.3V_M_X5R_0603,C0603_39P370_DC
VCCGT,C1724,1,T,5205,3654,22U_6.3V_M_X5R_0603,C0603_39P370_DC
VCCGT,C1725,1,T,5240,3901,22U_6.3V_M_X5R_0603,C0603_39P370_DC
VCCGT,C1726,1,T,5136,3152,10U_6.3V_M_X5R_0402,C0402_27P559_CD
VCCGT,C1727,1,T,5188,3946,10U_6.3V_M_X5R_0402,C0402_27P559_CD
VCCGT,C1729,1,T,5169,3167,10U_6.3V_M_X5R_0402,C0402_27P559_CD
VCCGT,PC1102,1,B,5487,4283,330U_2.5V_M_B2_ESR9M_H1.9,C_B2_78P740
VCCGT,PC1103,1,B,5028,4403,330U_2.5V_M_B2_ESR9M_H1.9,C_B2_78P740
VCCGT,PC1112,2,T,5087,4161,22U_6.3V_M_X5R_0603,C0603_39P370_DC
VCCGT,PC1113,2,T,5111,4314,22U_6.3V_M_X5R_0603,C0603_39P370_DC
VCCGT,PC1114,2,T,5277,3437,22U_6.3V_M_X5R_0603,C0603_39P370_DC
VCCGT,PC1115,2,T,5225,3486,22U_6.3V_M_X5R_0603,C0603_39P370_DC
VCCGT,PC1116,2,T,5224,3384,22U_6.3V_M_X5R_0603,C0603_39P370_DC
VCCGT,PC1117,2,B,5500,4188,22U_6.3V_M_X5R_0603,C0603_39P370_DC
VCCGT,PC1118,2,T,5228,3588,22U_6.3V_M_X5R_0603,C0603_39P370_DC
VCCGT,PC1119,2,T,5224,3284,22U_6.3V_M_X5R_0603,C0603_39P370_DC
VCCGT,PC1120,2,T,5224,3234,22U_6.3V_M_X5R_0603,C0603_39P370_DC
VCCGT,PC1121,2,T,5225,3537,22U_6.3V_M_X5R_0603,C0603_39P370_DC
VCCGT,PC1125,2,T,5275,3387,22U_6.3V_M_X5R_0603,C0603_39P370_DC
VCCGT,PC1126,2,T,5224,3334,22U_6.3V_M_X5R_0603,C0603_39P370_DC
VCCGT,PC1127,2,T,5275,3229,22U_6.3V_M_X5R_0603,C0603_39P370_DC
VCCGT,PC1128,2,B,5087,4161,22U_6.3V_M_X5R_0603,C0603_39P370_DC
VCCGT,PC1129,2,T,5277,3487,22U_6.3V_M_X5R_0603,C0603_39P370_DC
VCCGT,PC1130,2,T,5114,4213,22U_6.3V_M_X5R_0603,C0603_39P370_DC
VCCGT,PC1131,2,B,5087,4264,22U_6.3V_M_X5R_0603,C0603_39P370_DC
VCCGT,PC1132,2,T,5276,3586,22U_6.3V_M_X5R_0603,C0603_39P370_DC
VCCGT,PC1133,2,T,5086,4263,22U_6.3V_M_X5R_0603,C0603_39P370_DC
VCCGT,PC1134,2,T,5278,3537,22U_6.3V_M_X5R_0603,C0603_39P370_DC
VCCGT,PC1135,2,B,5114,4213,22U_6.3V_M_X5R_0603,C0603_39P370_DC
VCCGT,PC1136,2,T,5500,4188,22U_6.3V_M_X5R_0603,C0603_39P370_DC
VCCGT,PC1140,2,T,5275,3282,22U_6.3V_M_X5R_0603,C0603_39P370_DC
VCCGT,PC1141,2,T,5275,3337,22U_6.3V_M_X5R_0603,C0603_39P370_DC
VCCGT,PC1142,2,B,5111,4314,22U_6.3V_M_X5R_0603,C0603_39P370_DC
VCCGT,PC1143,2,T,5225,3436,22U_6.3V_M_X5R_0603,C0603_39P370_DC
VCCGT,PC1144,2,T,5117,4110,22U_6.3V_M_X5R_0603,C0603_39P370_DC
VCCGT,PC1167,1,B,4927,4539,330U_2.5V_M_B2_ESR9M_H1.9,C_B2_78P740
VCCGT,PC1170,2,B,5117,4110,22U_6.3V_M_X5R_0603,C0603_39P370_DC
VCCGT,PC1176,2,T,5100,4386,2200P_25V_K_X7R_0201,C0201_12P992_BA
VCCGT,PC1177,2,T,5512,4151,2200P_25V_K_X7R_0201,C0201_12P992_BA
VCCGT,PC1178,1,T,5100,4358,0.1U_6.3V_K_X5R_0201,C0201_12P992_BA
VCCGT,PC1179,1,T,5512,4129,0.1U_6.3V_K_X5R_0201,C0201_12P992_BA
VCCGT,PL1101,2,B,5134,4541,0.15UH_0624CDMCCDS-R15MC-D_44.6A_20%,SUMID_0624CDMCCDS-R15MC-D_2P
VCCGT,PL1104,2,B,5350,4489,0.15UH_0624CDMCCDS-R15MC-D_44.6A_20%,SUMID_0624CDMCCDS-R15MC-D_2P
VCCGT,PR0802,2,B,3396,4760,1/20W_100_5%_0201,R0201_11P811
VCCGT,PR1102,1,B,5096,4067,1/16W_1K_1%_0402,R0402_15P748
VCCGT,TB_TP530,1,B,5156,4433,,
VCCGT,UCPU1,CR45,B,5130,3138,ALDERLAKE-P-CPU_BGA1744,ALDERLAKE-P-CPU_BGA_1744P-T
VCCGT,UCPU1,CP44,B,5110,3154,ALDERLAKE-P-CPU_BGA1744,ALDERLAKE-P-CPU_BGA_1744P-T
VCCGT,UCPU1,CT44,B,5145,3159,ALDERLAKE-P-CPU_BGA1744,ALDERLAKE-P-CPU_BGA_1744P-T
VCCGT,UCPU1,DD45,B,5262,3138,ALDERLAKE-P-CPU_BGA1744,ALDERLAKE-P-CPU_BGA_1744P-T
VCCGT,UCPU1,DB45,B,5232,3138,ALDERLAKE-P-CPU_BGA1744,ALDERLAKE-P-CPU_BGA_1744P-T
VCCGT,UCPU1,CU45,B,5160,3138,ALDERLAKE-P-CPU_BGA1744,ALDERLAKE-P-CPU_BGA_1744P-T
VCCGT,UCPU1,CU43,B,5164,3175,ALDERLAKE-P-CPU_BGA1744,ALDERLAKE-P-CPU_BGA_1744P-T
VCCGT,UCPU1,CV44,B,5179,3154,ALDERLAKE-P-CPU_BGA1744,ALDERLAKE-P-CPU_BGA_1744P-T
VCCGT,UCPU1,CY44,B,5212,3154,ALDERLAKE-P-CPU_BGA1744,ALDERLAKE-P-CPU_BGA_1744P-T
VCCGT,UCPU1,DA43,B,5227,3175,ALDERLAKE-P-CPU_BGA1744,ALDERLAKE-P-CPU_BGA_1744P-T
VCCGT,UCPU1,DC44,B,5247,3159,ALDERLAKE-P-CPU_BGA1744,ALDERLAKE-P-CPU_BGA_1744P-T
VCCGT,UCPU1,DD43,B,5266,3175,ALDERLAKE-P-CPU_BGA1744,ALDERLAKE-P-CPU_BGA_1744P-T
VCCGT,UCPU1,CY14,B,5199,3632,ALDERLAKE-P-CPU_BGA1744,ALDERLAKE-P-CPU_BGA_1744P-T
VCCGT,UCPU1,DD14,B,5266,3632,ALDERLAKE-P-CPU_BGA1744,ALDERLAKE-P-CPU_BGA_1744P-T
VCCGT,UCPU1,DF14,B,5300,3632,ALDERLAKE-P-CPU_BGA1744,ALDERLAKE-P-CPU_BGA_1744P-T
VCCGT,UCPU1,DE12,B,5283,3651,ALDERLAKE-P-CPU_BGA1744,ALDERLAKE-P-CPU_BGA_1744P-T
VCCGT,UCPU1,DC12,B,5250,3651,ALDERLAKE-P-CPU_BGA1744,ALDERLAKE-P-CPU_BGA_1744P-T
VCCGT,UCPU1,CW12,B,5183,3651,ALDERLAKE-P-CPU_BGA1744,ALDERLAKE-P-CPU_BGA_1744P-T
VCCGT,UCPU1,CW6,B,5183,3753,ALDERLAKE-P-CPU_BGA1744,ALDERLAKE-P-CPU_BGA_1744P-T
VCCGT,UCPU1,CW8,B,5183,3728,ALDERLAKE-P-CPU_BGA1744,ALDERLAKE-P-CPU_BGA_1744P-T
VCCGT,UCPU1,CW9,B,5183,3702,ALDERLAKE-P-CPU_BGA1744,ALDERLAKE-P-CPU_BGA_1744P-T
VCCGT,UCPU1,CW11,B,5183,3677,ALDERLAKE-P-CPU_BGA1744,ALDERLAKE-P-CPU_BGA_1744P-T
VCCGT,UCPU1,DC6,B,5250,3753,ALDERLAKE-P-CPU_BGA1744,ALDERLAKE-P-CPU_BGA_1744P-T
VCCGT,UCPU1,DC8,B,5250,3728,ALDERLAKE-P-CPU_BGA1744,ALDERLAKE-P-CPU_BGA_1744P-T
VCCGT,UCPU1,DC9,B,5250,3702,ALDERLAKE-P-CPU_BGA1744,ALDERLAKE-P-CPU_BGA_1744P-T
VCCGT,UCPU1,DC11,B,5250,3677,ALDERLAKE-P-CPU_BGA1744,ALDERLAKE-P-CPU_BGA_1744P-T
VCCGT,UCPU1,DE6,B,5283,3753,ALDERLAKE-P-CPU_BGA1744,ALDERLAKE-P-CPU_BGA_1744P-T
VCCGT,UCPU1,DE8,B,5283,3728,ALDERLAKE-P-CPU_BGA1744,ALDERLAKE-P-CPU_BGA_1744P-T
VCCGT,UCPU1,DE9,B,5283,3702,ALDERLAKE-P-CPU_BGA1744,ALDERLAKE-P-CPU_BGA_1744P-T
VCCGT,UCPU1,DE11,B,5283,3677,ALDERLAKE-P-CPU_BGA1744,ALDERLAKE-P-CPU_BGA_1744P-T
VCCGT,UCPU1,DE4,B,5283,3781,ALDERLAKE-P-CPU_BGA1744,ALDERLAKE-P-CPU_BGA_1744P-T
VCCGT,UCPU1,DC4,B,5257,3781,ALDERLAKE-P-CPU_BGA1744,ALDERLAKE-P-CPU_BGA_1744P-T
VCCGT,UCPU1,CY4,B,5206,3781,ALDERLAKE-P-CPU_BGA1744,ALDERLAKE-P-CPU_BGA_1744P-T
VCCGT,UCPU1,CV4,B,5180,3781,ALDERLAKE-P-CPU_BGA1744,ALDERLAKE-P-CPU_BGA_1744P-T
VCCGT,UCPU1,CW1,B,5193,3828,ALDERLAKE-P-CPU_BGA1744,ALDERLAKE-P-CPU_BGA_1744P-T
VCCGT,UCPU1,CW3,B,5193,3803,ALDERLAKE-P-CPU_BGA1744,ALDERLAKE-P-CPU_BGA_1744P-T
VCCGT,UCPU1,DA1,B,5219,3828,ALDERLAKE-P-CPU_BGA1744,ALDERLAKE-P-CPU_BGA_1744P-T
VCCGT,UCPU1,DA3,B,5219,3803,ALDERLAKE-P-CPU_BGA1744,ALDERLAKE-P-CPU_BGA_1744P-T
VCCGT,UCPU1,DC1,B,5244,3828,ALDERLAKE-P-CPU_BGA1744,ALDERLAKE-P-CPU_BGA_1744P-T
VCCGT,UCPU1,DC3,B,5244,3803,ALDERLAKE-P-CPU_BGA1744,ALDERLAKE-P-CPU_BGA_1744P-T
VCCGT,UCPU1,DD1,B,5270,3828,ALDERLAKE-P-CPU_BGA1744,ALDERLAKE-P-CPU_BGA_1744P-T
VCCGT,UCPU1,DD3,B,5270,3803,ALDERLAKE-P-CPU_BGA1744,ALDERLAKE-P-CPU_BGA_1744P-T
VCCGT,UCPU1,DG4,B,5308,3781,ALDERLAKE-P-CPU_BGA1744,ALDERLAKE-P-CPU_BGA_1744P-T
VCCGT,UCPU1,DF1,B,5296,3828,ALDERLAKE-P-CPU_BGA1744,ALDERLAKE-P-CPU_BGA_1744P-T
VCCGT,UCPU1,DF3,B,5296,3803,ALDERLAKE-P-CPU_BGA1744,ALDERLAKE-P-CPU_BGA_1744P-T
VCCGT_SENSE,PR0804,1,B,5162,3897,0_0201_SP,R0201_SHORT
VCCGT_SENSE,UCPU1,CV1,B,5168,3828,ALDERLAKE-P-CPU_BGA1744,ALDERLAKE-P-CPU_BGA_1744P-T
VCCLAN_ON,TB_TP1261,1,T,3119,2149,,
VCCLAN_ON,UTE1,27,T,3255,1831,TC62D518FTG_WQFN56_7X7,TC62D518FTG_WQFN56_7X7
VCCLAN_ON,UTE1,51,T,3144,2097,TC62D518FTG_WQFN56_7X7,TC62D518FTG_WQFN56_7X7
VCCLDOSTD_0P85,C1808,1,B,6066,2938,2.2U_6.3V_M_X5R_0201,C0201_15P354_BC
VCCLDOSTD_0P85,TB_TP516,1,B,6032,2946,,
VCCLDOSTD_0P85,UCPU1,FB52,B,5868,3034,ALDERLAKE-P-CPU_BGA1744,ALDERLAKE-P-CPU_BGA_1744P-T
VCCPCHCORE,C1809,1,T,3707,4235,10U_6.3V_M_X5R_0402,C0402_27P559_CD
VCCPCHCORE,C1810,1,T,3692,4195,10U_6.3V_M_X5R_0402,C0402_27P559_CD
VCCPCHCORE,C1811,1,T,3712,4155,10U_6.3V_M_X5R_0402,C0402_27P559_CD
VCCPCHCORE,C1812,1,T,3692,4115,10U_6.3V_M_X5R_0402,C0402_27P559_CD
VCCPCHCORE,C1813,1,T,3712,4075,10U_6.3V_M_X5R_0402,C0402_27P559_CD
VCCPCHCORE,C1814,1,T,4083,3756,10U_6.3V_M_X5R_0402,C0402_27P559_CD
VCCPCHCORE,C1815,1,T,3930,3892,10U_6.3V_M_X5R_0402,C0402_27P559_CD
VCCPCHCORE,C1816,1,T,3970,3892,10U_6.3V_M_X5R_0402,C0402_27P559_CD
VCCPCHCORE,C1817,1,T,4010,3892,10U_6.3V_M_X5R_0402,C0402_27P559_CD
VCCPCHCORE,C1818,1,T,4050,3892,10U_6.3V_M_X5R_0402,C0402_27P559_CD
VCCPCHCORE,C1823,2,T,5409,3862,8.2P_50V_C_NPO_0402,C0402_21P654_CA
VCCPCHCORE,C1824,2,T,5409,3830,8.2P_50V_C_NPO_0402,C0402_21P654_CA
VCCPCHCORE,C1825,2,T,5508,3879,8.2P_50V_C_NPO_0402,C0402_21P654_CA
VCCPCHCORE,C1826,2,T,5475,3879,8.2P_50V_C_NPO_0402,C0402_21P654_CA
VCCPCHCORE,C1827,2,T,5559,3839,8.2P_50V_C_NPO_0402,C0402_21P654_CA
VCCPCHCORE,C1828,2,T,5527,3839,8.2P_50V_C_NPO_0402,C0402_21P654_CA
VCCPCHCORE,PC1224,2,B,3405,4148,2200P_25V_K_X7R_0201,C0201_12P992_BA
VCCPCHCORE,PC1226,1,B,3406,4170,0.1U_6.3V_K_X5R_0201,C0201_12P992_BA
VCCPCHCORE,PC1301,1,B,3587,4630,330U_2.5V_M_B2_ESR9M_H1.9,C_B2_78P740
VCCPCHCORE,PC1302,2,T,5387,3351,22U_6.3V_M_X5R_0603,C0603_39P370_DC
VCCPCHCORE,PC1303,2,T,3557,4494,22U_6.3V_M_X5R_0603,C0603_39P370_DC
VCCPCHCORE,PC1304,2,T,4534,3425,22U_6.3V_M_X5R_0603,C0603_39P370_DC
VCCPCHCORE,PC1305,2,T,4585,3382,22U_6.3V_M_X5R_0603,C0603_39P370_DC
VCCPCHCORE,PC1306,2,T,5399,3475,22U_6.3V_M_X5R_0603,C0603_39P370_DC
VCCPCHCORE,PC1307,2,T,5395,3298,22U_6.3V_M_X5R_0603,C0603_39P370_DC
VCCPCHCORE,PC1308,2,T,3551,4288,22U_6.3V_M_X5R_0603,C0603_39P370_DC
VCCPCHCORE,PC1309,2,T,5415,3581,22U_6.3V_M_X5R_0603,C0603_39P370_DC
VCCPCHCORE,PC1310,2,T,4521,3594,22U_6.3V_M_X5R_0603,C0603_39P370_DC
VCCPCHCORE,PC1311,2,T,5399,3425,22U_6.3V_M_X5R_0603,C0603_39P370_DC
VCCPCHCORE,PC1332,2,T,5414,3529,22U_6.3V_M_X5R_0603,C0603_39P370_DC
VCCPCHCORE,PC1333,2,T,5400,3646,22U_6.3V_M_X5R_0603,C0603_39P370_DC
VCCPCHCORE,PC1334,2,T,4532,3383,22U_6.3V_M_X5R_0603,C0603_39P370_DC
VCCPCHCORE,PC1335,2,T,4587,3426,22U_6.3V_M_X5R_0603,C0603_39P370_DC
VCCPCHCORE,PC1336,2,B,3581,4443,22U_6.3V_M_X5R_0603,C0603_39P370_DC
VCCPCHCORE,PC1337,2,B,3550,4390,22U_6.3V_M_X5R_0603,C0603_39P370_DC
VCCPCHCORE,PC1338,2,B,3557,4494,22U_6.3V_M_X5R_0603,C0603_39P370_DC
VCCPCHCORE,PC1339,2,T,3581,4443,22U_6.3V_M_X5R_0603,C0603_39P370_DC
VCCPCHCORE,PC1340,2,T,4535,3233,22U_6.3V_M_X5R_0603,C0603_39P370_DC
VCCPCHCORE,PC1341,2,T,4572,3594,22U_6.3V_M_X5R_0603,C0603_39P370_DC
VCCPCHCORE,PC1342,2,T,4639,3427,22U_6.3V_M_X5R_0603,C0603_39P370_DC
VCCPCHCORE,PC1343,2,T,4637,3383,22U_6.3V_M_X5R_0603,C0603_39P370_DC
VCCPCHCORE,PC1344,2,B,3580,4339,22U_6.3V_M_X5R_0603,C0603_39P370_DC
VCCPCHCORE,PC1345,2,T,3580,4340,22U_6.3V_M_X5R_0603,C0603_39P370_DC
VCCPCHCORE,PC1346,2,B,3551,4288,22U_6.3V_M_X5R_0603,C0603_39P370_DC
VCCPCHCORE,PC1347,2,T,3550,4390,22U_6.3V_M_X5R_0603,C0603_39P370_DC
VCCPCHCORE,PC1348,1,B,3420,4251,330U_2.5V_M_B2_ESR9M_H1.9,C_B2_78P740
VCCPCHCORE,PL1201,2,B,3439,4477,0.22UH_0624CDMCCDS-R22MC_22A_20%,SUMIDA_0624CDMCCDS-R22MC_2P
VCCPCHCORE,PR1209,1,B,3061,4250,1/16W_100_1%_0402,R0402_15P748
VCCPCHCORE,PR1301,1,B,3445,4650,1/16W_1K_1%_0402,R0402_15P748
VCCPCHCORE,TB_TP545,1,B,3513,4220,,
VCCPCHCORE,UCPU1,DK45,B,5364,3138,ALDERLAKE-P-CPU_BGA1744,ALDERLAKE-P-CPU_BGA_1744P-T
VCCPCHCORE,UCPU1,DH45,B,5334,3138,ALDERLAKE-P-CPU_BGA1744,ALDERLAKE-P-CPU_BGA_1744P-T
VCCPCHCORE,UCPU1,DJ41,B,5352,3204,ALDERLAKE-P-CPU_BGA1744,ALDERLAKE-P-CPU_BGA_1744P-T
VCCPCHCORE,UCPU1,DJ44,B,5349,3159,ALDERLAKE-P-CPU_BGA1744,ALDERLAKE-P-CPU_BGA_1744P-T
VCCPCHCORE,UCPU1,DK40,B,5369,3223,ALDERLAKE-P-CPU_BGA1744,ALDERLAKE-P-CPU_BGA_1744P-T
VCCPCHCORE,UCPU1,DK43,B,5369,3175,ALDERLAKE-P-CPU_BGA1744,ALDERLAKE-P-CPU_BGA_1744P-T
VCCPCHCORE,UCPU1,DL44,B,5384,3154,ALDERLAKE-P-CPU_BGA1744,ALDERLAKE-P-CPU_BGA_1744P-T
VCCPCHCORE,UCPU1,DM43,B,5400,3174,ALDERLAKE-P-CPU_BGA1744,ALDERLAKE-P-CPU_BGA_1744P-T
VCCPCHCORE,UCPU1,DP41,B,5419,3204,ALDERLAKE-P-CPU_BGA1744,ALDERLAKE-P-CPU_BGA_1744P-T
VCCPCHCORE,UCPU1,DP42,B,5426,3178,ALDERLAKE-P-CPU_BGA1744,ALDERLAKE-P-CPU_BGA_1744P-T
VCCPCHCORE,UCPU1,DR40,B,5436,3223,ALDERLAKE-P-CPU_BGA1744,ALDERLAKE-P-CPU_BGA_1744P-T
VCCPCHCORE,UCPU1,DT41,B,5453,3204,ALDERLAKE-P-CPU_BGA1744,ALDERLAKE-P-CPU_BGA_1744P-T
VCCPCHCORE,UCPU1,DU40,B,5470,3223,ALDERLAKE-P-CPU_BGA1744,ALDERLAKE-P-CPU_BGA_1744P-T
VCCPCHCORE,UCPU1,AP37,B,4488,3259,ALDERLAKE-P-CPU_BGA1744,ALDERLAKE-P-CPU_BGA_1744P-T
VCCPCHCORE,UCPU1,AN37,B,4463,3259,ALDERLAKE-P-CPU_BGA1744,ALDERLAKE-P-CPU_BGA_1744P-T
VCCPCHCORE,UCPU1,AL32,B,4437,3338,ALDERLAKE-P-CPU_BGA1744,ALDERLAKE-P-CPU_BGA_1744P-T
VCCPCHCORE,UCPU1,AN30,B,4463,3378,ALDERLAKE-P-CPU_BGA1744,ALDERLAKE-P-CPU_BGA_1744P-T
VCCPCHCORE,UCPU1,AN32,B,4463,3338,ALDERLAKE-P-CPU_BGA1744,ALDERLAKE-P-CPU_BGA_1744P-T
VCCPCHCORE,UCPU1,AP30,B,4488,3378,ALDERLAKE-P-CPU_BGA1744,ALDERLAKE-P-CPU_BGA_1744P-T
VCCPCHCORE,UCPU1,AP32,B,4488,3338,ALDERLAKE-P-CPU_BGA1744,ALDERLAKE-P-CPU_BGA_1744P-T
VCCPCHCORE,UCPU1,AN22,B,4463,3496,ALDERLAKE-P-CPU_BGA1744,ALDERLAKE-P-CPU_BGA_1744P-T
VCCPCHCORE,UCPU1,AP27,B,4488,3417,ALDERLAKE-P-CPU_BGA1744,ALDERLAKE-P-CPU_BGA_1744P-T
VCCPCHCORE,UCPU1,AL20,B,4437,3535,ALDERLAKE-P-CPU_BGA1744,ALDERLAKE-P-CPU_BGA_1744P-T
VCCPCHCORE,UCPU1,AN20,B,4463,3535,ALDERLAKE-P-CPU_BGA1744,ALDERLAKE-P-CPU_BGA_1744P-T
VCCPCHCORE,UCPU1,AP17,B,4488,3575,ALDERLAKE-P-CPU_BGA1744,ALDERLAKE-P-CPU_BGA_1744P-T
VCCPCHCORE,UCPU1,DM14,B,5400,3624,ALDERLAKE-P-CPU_BGA1744,ALDERLAKE-P-CPU_BGA_1744P-T
VCCPCHCORE,UCPU1,DR14,B,5434,3624,ALDERLAKE-P-CPU_BGA1744,ALDERLAKE-P-CPU_BGA_1744P-T
VCCPCHCORE,UCPU1,DU14,B,5467,3624,ALDERLAKE-P-CPU_BGA1744,ALDERLAKE-P-CPU_BGA_1744P-T
VCCPCHCORE,UCPU1,H4,B,4071,3776,ALDERLAKE-P-CPU_BGA1744,ALDERLAKE-P-CPU_BGA_1744P-T
VCCPCHCORE,UCPU1,B3,B,3984,3804,ALDERLAKE-P-CPU_BGA1744,ALDERLAKE-P-CPU_BGA_1744P-T
VCCPCHCORE,UCPU1,E1,B,4016,3828,ALDERLAKE-P-CPU_BGA1744,ALDERLAKE-P-CPU_BGA_1744P-T
VCCPCHCORE,UCPU1,D3,B,4009,3804,ALDERLAKE-P-CPU_BGA1744,ALDERLAKE-P-CPU_BGA_1744P-T
VCCPCHCORE,UCPU1,F1,B,4042,3828,ALDERLAKE-P-CPU_BGA1744,ALDERLAKE-P-CPU_BGA_1744P-T
VCCPCHCORE,UCPU1,F3,B,4035,3804,ALDERLAKE-P-CPU_BGA1744,ALDERLAKE-P-CPU_BGA_1744P-T
VCCPCHCORE,UCPU1,J3,B,4093,3803,ALDERLAKE-P-CPU_BGA1744,ALDERLAKE-P-CPU_BGA_1744P-T
VCCPCHCORE,UCPU1,L3,B,4118,3803,ALDERLAKE-P-CPU_BGA1744,ALDERLAKE-P-CPU_BGA_1744P-T
VCCPCHCORE,UCPU1,G3,B,4061,3804,ALDERLAKE-P-CPU_BGA1744,ALDERLAKE-P-CPU_BGA_1744P-T
VCCPCHCORE,UCPU1,J1,B,4093,3828,ALDERLAKE-P-CPU_BGA1744,ALDERLAKE-P-CPU_BGA_1744P-T
VCCPCHCORE,UCPU1,L1,B,4118,3828,ALDERLAKE-P-CPU_BGA1744,ALDERLAKE-P-CPU_BGA_1744P-T
VCCPCHCORE,UCPU1,N3,B,4144,3803,ALDERLAKE-P-CPU_BGA1744,ALDERLAKE-P-CPU_BGA_1744P-T
VCCPCHCORE,UCPU1,DM1,B,5398,3828,ALDERLAKE-P-CPU_BGA1744,ALDERLAKE-P-CPU_BGA_1744P-T
VCCPCHCORE,UCPU1,DV2,B,5490,3816,ALDERLAKE-P-CPU_BGA1744,ALDERLAKE-P-CPU_BGA_1744P-T
VCCPCHCORE,UCPU1,ED2,B,5588,3816,ALDERLAKE-P-CPU_BGA1744,ALDERLAKE-P-CPU_BGA_1744P-T
VCCPCHCORE,UCPU1,EL2,B,5686,3816,ALDERLAKE-P-CPU_BGA1744,ALDERLAKE-P-CPU_BGA_1744P-T
VCCPCHCORE_FLT,C1838,2,B,4205,3996,10U_25V_M_X5R_0603,C0603_37P402_DB
VCCPCHCORE_FLT,C1839,1,B,4205,3947,22U_6.3V_M_X5R_0603,C0603_39P370_DC
VCCPCHCORE_FLT,C1840,1,B,4204,4069,22U_6.3V_M_X5R_0603,C0603_39P370_DC
VCCPCHCORE_FLT,R1819,1,B,4215,3904,0_0402_SP,R0402_SHORT
VCCPCHCORE_FLT,TB_TP1175,1,B,4343,4124,,
VCCPCHCORE_FLT_R,R1819,2,B,4179,3904,0_0402_SP,R0402_SHORT
VCCPCHCORE_FLT_R,TB_TP1273,1,B,4140,3897,,
VCCPCHCORE_FLT_R,UCPU1,P1,B,4170,3828,ALDERLAKE-P-CPU_BGA1744,ALDERLAKE-P-CPU_BGA_1744P-T
VCCPCHCORE_SENSE,PR1211,2,B,2995,4216,0_0402_SP,R0402_SHORT
VCCPCHCORE_SENSE,TB_TP487,1,B,3296,4068,,
VCCPCHCORE_SENSE,UCPU1,AF30,B,4360,3378,ALDERLAKE-P-CPU_BGA1744,ALDERLAKE-P-CPU_BGA_1744P-T
VCCPCHCORE_SW,PC1213,2,B,3112,4413,0.22U_25V_K_X7R_0402,C0402_21P654_CA
VCCPCHCORE_SW,PC1214,2,B,3102,4485,0.22U_25V_K_X7R_0402,C0402_21P654_CA
VCCPCHCORE_SW,PC1215,1,B,3149,4596,1000P_25V_K_X7R_0201,C0201_12P992_BA
VCCPCHCORE_SW,PL1201,1,B,3201,4477,0.22UH_0624CDMCCDS-R22MC_22A_20%,SUMIDA_0624CDMCCDS-R22MC_2P
VCCPCHCORE_SW,PU1201,11,B,3018,4447,MP2961GL-C669-Z_QFN19_3X4,MP2961GL-C669-Z_QFN19_3X4
VCCPCHCORE_SW,PU1201,12,B,3018,4408,MP2961GL-C669-Z_QFN19_3X4,MP2961GL-C669-Z_QFN19_3X4
VCCPCHCORE_SW,TB_TP1069,1,B,3090,4449,,
VCCPCHCORE_VID0,PD2107,2,B,6497,4112,RB521CM-30T2R_VMN2M-2,RB521CM-30T2R_VMN2M-2
VCCPCHCORE_VID0,PD2502,2,T,3750,3443,RB521CM-30T2R_VMN2M-2,RB521CM-30T2R_VMN2M-2
VCCPCHCORE_VID0,PR1210,1,B,2932,4614,0_0402_SP,R0402_SHORT
VCCPCHCORE_VID0,TB_TP527,1,B,3747,3452,,
VCCPCHCORE_VID0,UCPU1,EA60,B,5536,2907,ALDERLAKE-P-CPU_BGA1744,ALDERLAKE-P-CPU_BGA_1744P-T
VCCPCHCORE_VID1,PD2105,2,B,6457,4112,RB521CM-30T2R_VMN2M-2,RB521CM-30T2R_VMN2M-2
VCCPCHCORE_VID1,PD2501,2,T,3710,3443,RB521CM-30T2R_VMN2M-2,RB521CM-30T2R_VMN2M-2
VCCPCHCORE_VID1,PR1207,1,B,2855,4625,0_0402_SP,R0402_SHORT
VCCPCHCORE_VID1,TB_TP504,1,B,5862,4010,,
VCCPCHCORE_VID1,UCPU1,EA58,B,5534,2933,ALDERLAKE-P-CPU_BGA1744,ALDERLAKE-P-CPU_BGA_1744P-T
VCCPDSW_3P3,C1807,2,B,6201,2682,1U_6.3V_M_X5R_0201,C0201_13P780_BB
VCCPDSW_3P3,R1520,2,B,6023,2788,1/20W_100K_5%_0201,R0201_11P811
VCCPDSW_3P3,R1810,2,B,6238,2688,1/5W_0.01_1%_0402,R0402_15P748
VCCPDSW_3P3,R1813,2,B,6193,2717,0_0402_SP,R0402_SHORT
VCCPDSW_3P3,TB_TP1247,1,B,6266,2653,,
VCCPDSW_3P3,UCPU1,EB42,B,5553,3178,ALDERLAKE-P-CPU_BGA1744,ALDERLAKE-P-CPU_BGA_1744P-T
VCCPGPPR,R1807,2,B,6249,3096,0_0402_SP,R0402_SHORT
VCCPGPPR,TB_TP498,1,B,6219,3059,,
VCCPGPPR,UCPU1,EE33,B,5596,3322,ALDERLAKE-P-CPU_BGA1744,ALDERLAKE-P-CPU_BGA_1744P-T
VCCPRIM_1P8,C1832,1,T,5541,3579,1U_25V_K_X5R_0402,C0402_23P622_CB
VCCPRIM_1P8,C1833,1,T,5496,3408,1U_25V_K_X5R_0402,C0402_23P622_CB
VCCPRIM_1P8,R1814,2,T,6261,4070,0_0603_LE_SP,R0603_LE_19P685_SHORT
VCCPRIM_1P8,TB_TP490,1,B,6241,4012,,
VCCPRIM_1P8,UCPU1,DY41,B,5520,3204,ALDERLAKE-P-CPU_BGA1744,ALDERLAKE-P-CPU_BGA_1744P-T
VCCPRIM_1P8,UCPU1,DY42,B,5520,3178,ALDERLAKE-P-CPU_BGA1744,ALDERLAKE-P-CPU_BGA_1744P-T
VCCPRIM_1P8,UCPU1,DW30,B,5503,3381,ALDERLAKE-P-CPU_BGA1744,ALDERLAKE-P-CPU_BGA_1744P-T
VCCPRIM_1P8,UCPU1,DY31,B,5519,3362,ALDERLAKE-P-CPU_BGA1744,ALDERLAKE-P-CPU_BGA_1744P-T
VCCPRIM_1P8,UCPU1,FB33,B,5868,3333,ALDERLAKE-P-CPU_BGA1744,ALDERLAKE-P-CPU_BGA_1744P-T
VCCPRIM_1P8,UCPU1,DW22,B,5503,3500,ALDERLAKE-P-CPU_BGA1744,ALDERLAKE-P-CPU_BGA_1744P-T
VCCPRIM_1P8,UCPU1,DW27,B,5503,3421,ALDERLAKE-P-CPU_BGA1744,ALDERLAKE-P-CPU_BGA_1744P-T
VCCPRIM_1P8,UCPU1,DY23,B,5519,3480,ALDERLAKE-P-CPU_BGA1744,ALDERLAKE-P-CPU_BGA_1744P-T
VCCPRIM_1P8,UCPU1,DY26,B,5519,3441,ALDERLAKE-P-CPU_BGA1744,ALDERLAKE-P-CPU_BGA_1744P-T
VCCPRIM_1P8,UCPU1,DY28,B,5519,3401,ALDERLAKE-P-CPU_BGA1744,ALDERLAKE-P-CPU_BGA_1744P-T
VCCPRIM_1P8,UCPU1,EB23,B,5545,3480,ALDERLAKE-P-CPU_BGA1744,ALDERLAKE-P-CPU_BGA_1744P-T
VCCPRIM_1P8,UCPU1,EB28,B,5545,3401,ALDERLAKE-P-CPU_BGA1744,ALDERLAKE-P-CPU_BGA_1744P-T
VCCPRIM_1P8,UCPU1,EC23,B,5570,3480,ALDERLAKE-P-CPU_BGA1744,ALDERLAKE-P-CPU_BGA_1744P-T
VCCPRIM_1P8,UCPU1,EC26,B,5570,3441,ALDERLAKE-P-CPU_BGA1744,ALDERLAKE-P-CPU_BGA_1744P-T
VCCPRIM_1P8,UCPU1,EE28,B,5596,3401,ALDERLAKE-P-CPU_BGA1744,ALDERLAKE-P-CPU_BGA_1744P-T
VCCPRIM_1P8,UCPU1,DY21,B,5519,3519,ALDERLAKE-P-CPU_BGA1744,ALDERLAKE-P-CPU_BGA_1744P-T
VCCPRIM_1P8,UCPU1,DW20,B,5503,3539,ALDERLAKE-P-CPU_BGA1744,ALDERLAKE-P-CPU_BGA_1744P-T
VCCPRIM_1P8,UCPU1,EB21,B,5545,3519,ALDERLAKE-P-CPU_BGA1744,ALDERLAKE-P-CPU_BGA_1744P-T
VCCPRIM_1P8,UCPU1,EB18,B,5545,3559,ALDERLAKE-P-CPU_BGA1744,ALDERLAKE-P-CPU_BGA_1744P-T
VCCPRIM_1P8,UCPU1,EC14,B,5568,3624,ALDERLAKE-P-CPU_BGA1744,ALDERLAKE-P-CPU_BGA_1744P-T
VCCPRIM_1P8,UCPU1,EC16,B,5570,3598,ALDERLAKE-P-CPU_BGA1744,ALDERLAKE-P-CPU_BGA_1744P-T
VCCPRIM_1P8,UCPU1,EE14,B,5601,3624,ALDERLAKE-P-CPU_BGA1744,ALDERLAKE-P-CPU_BGA_1744P-T
VCCPRIM_1P8,UCPU1,EG14,B,5635,3624,ALDERLAKE-P-CPU_BGA1744,ALDERLAKE-P-CPU_BGA_1744P-T
VCCPRIM_3P3,C1834,1,B,6325,3784,0.1U_10V_K_X5R_0201,C0201_12P992_BA
VCCPRIM_3P3,C1835,1,B,6324,3812,1U_25V_K_X5R_0402,C0402_23P622_CB
VCCPRIM_3P3,C1847,1,T,5573,3286,0.1U_6.3V_K_X5R_0201,C0201_12P992_BA
VCCPRIM_3P3,R1809,2,B,6299,3870,0_0603_LE_SP,R0603_LE_19P685_SHORT
VCCPRIM_3P3,TB_TP521,1,B,6258,3793,,
VCCPRIM_3P3,UCPU1,DV41,B,5486,3204,ALDERLAKE-P-CPU_BGA1744,ALDERLAKE-P-CPU_BGA_1744P-T
VCCPRIM_3P3,UCPU1,DW40,B,5503,3223,ALDERLAKE-P-CPU_BGA1744,ALDERLAKE-P-CPU_BGA_1744P-T
VCCPRIM_3P3,UCPU1,EB41,B,5553,3204,ALDERLAKE-P-CPU_BGA1744,ALDERLAKE-P-CPU_BGA_1744P-T
VCCPRIM_3P3,UCPU1,EB33,B,5545,3322,ALDERLAKE-P-CPU_BGA1744,ALDERLAKE-P-CPU_BGA_1744P-T
VCCPRIM_3P3,UCPU1,EC31,B,5570,3362,ALDERLAKE-P-CPU_BGA1744,ALDERLAKE-P-CPU_BGA_1744P-T
VCCPRIM_3P3,UCPU1,EC33,B,5570,3322,ALDERLAKE-P-CPU_BGA1744,ALDERLAKE-P-CPU_BGA_1744P-T
VCCPRIM_3P3,UCPU1,EE31,B,5596,3362,ALDERLAKE-P-CPU_BGA1744,ALDERLAKE-P-CPU_BGA_1744P-T
VCCRTC_CPU,R1820,1,B,6340,3127,0_0402_SP,R0402_SHORT
VCCRTC_CPU,UCPU1,EC38,B,5570,3244,ALDERLAKE-P-CPU_BGA1744,ALDERLAKE-P-CPU_BGA_1744P-T
VCCST,C1710,1,B,6398,3863,1U_6.3V_M_X5R_0201,C0201_13P780_BB
VCCST,C1841,1,B,6398,3840,1U_6.3V_M_X5R_0201,C0201_13P780_BB
VCCST,C2102,2,B,6398,3885,0.1U_6.3V_K_X5R_0201,C0201_12P992_BA
VCCST,C8102,1,T,1883,2237,0.1U_6.3V_K_X5R_0201,C0201_12P992_BA
VCCST,PR0844,2,B,2950,4875,1/20W_10K_1%_0201,R0201_11P811
VCCST,PR0845,1,B,3063,4677,1/20W_0_5%_0201,R0201_11P811
VCCST,PR0846,2,B,3098,4677,1/20W_100_5%_0201,R0201_11P811
VCCST,PR0847,1,B,3133,4677,1/20W_45.3_1%_0201,R0201_11P811
VCCST,PR2108,2,B,6448,3942,0_0603_LE_SP,R0603_LE_19P685_SHORT
VCCST,R0801,1,T,4128,3429,1/20W_1K_5%_0201,R0201_11P811
VCCST,R0802,2,T,4337,3682,1/20W_1K_5%_0201,R0201_11P811
VCCST,R0803,2,T,4249,3279,1/20W_1K_5%_0201,R0201_11P811
VCCST,R0808,2,T,4205,3669,1/20W_51_5%_0201,R0201_11P811
VCCST,R0809,2,T,4302,3800,1/20W_51_5%_0201,R0201_11P811
VCCST,R0811,2,T,4332,3455,1/20W_1K_5%_0201,R0201_11P811
VCCST,R1509,2,T,2706,4235,1/20W_1K_5%_0201,R0201_11P811
VCCST,R1601,1,T,4228,3669,1/20W_56_5%_0201,R0201_11P811
VCCST,R1602,1,T,4180,3669,1/20W_100_5%_0201,R0201_11P811
VCCST,R2106,1,T,4304,3759,1/20W_51_5%_0201,R0201_11P811
VCCST,TB_TP826,1,T,3809,4213,,
VCCST,TP2112,1,B,6437,3867,Test_Point_12MIL,TPC12
VCCST,UCPU1,EU1,B,5789,3828,ALDERLAKE-P-CPU_BGA1744,ALDERLAKE-P-CPU_BGA_1744P-T
VCCST,UCPU1,EU4,B,5785,3791,ALDERLAKE-P-CPU_BGA1744,ALDERLAKE-P-CPU_BGA_1744P-T
VCCST,UEC1,E3,T,1884,2117,NPCX997KAABX_VFBGA144,NPCX997KAABX_VFBGA_144P
VCCSTPWRGOOD_TCSS,C1622,2,T,5395,3762,2200P_25V_K_X7R_0201,C0201_12P992_BA
VCCSTPWRGOOD_TCSS,R1605,1,T,5364,3788,1/16W_0_1%_0402,R0402_SHORT_ATE
VCCSTPWRGOOD_TCSS,UCPU1,DJ6,B,5350,3753,ALDERLAKE-P-CPU_BGA1744,ALDERLAKE-P-CPU_BGA_1744P-T
VCCST_OVERRIDE,PQ2101,1,B,6193,4211,RUM001L02,LSK3541G1ET2L_VMT3
VCCST_OVERRIDE,PR2103,1,B,6215,4137,1/20W_100K_5%_0201,R0201_11P811
VCCST_OVERRIDE,R1605,2,T,5364,3824,1/16W_0_1%_0402,R0402_SHORT_ATE
VCCST_OVERRIDE,UCPU1,DK4,B,5360,3781,ALDERLAKE-P-CPU_BGA1744,ALDERLAKE-P-CPU_BGA_1744P-T
VCCST_OVERRIDE_Q,PD2101,2,B,6266,4146,RB521CM-30T2R_VMN2M-2,RB521CM-30T2R_VMN2M-2
VCCST_OVERRIDE_Q,PD2108,2,B,6289,4217,RB521CM-30T2R_VMN2M-2,RB521CM-30T2R_VMN2M-2
VCCST_OVERRIDE_Q,PQ2102,3,B,6244,4210,RUM001L02,LSK3541G1ET2L_VMT3
VCCST_OVERRIDE_Q,PR2102,2,B,6300,4172,1/20W_10K_5%_0201,R0201_11P811
VCCST_OVERRIDE_Q,TB_TP833,1,B,6308,4120,,
VCCST_PWRGD,D1504,2,T,3091,4220,RB520CM-30T2R_VMN2M2,RB520CM-30T2R_VMN2M2
VCCST_PWRGD,R1501,2,T,2706,4303,1/20W_62_5%_0201,R0201_11P811-Y_CS20
VCCST_PWRGD,TB_TP1403,1,B,5849,4419,,
VCCST_PWRGD,UCPU1,DJ8,B,5350,3728,ALDERLAKE-P-CPU_BGA1744,ALDERLAKE-P-CPU_BGA_1744P-T
VCCST_PWRGD_R,Q1501,3,T,2659,4258,LSK3541G1ET2L_VMT3,LSK3541G1ET2L_VMT3
VCCST_PWRGD_R,R1501,1,T,2706,4280,1/20W_62_5%_0201,R0201_11P811-Y_CS20
VCCST_PWRGD_R,R1509,1,T,2706,4258,1/20W_1K_5%_0201,R0201_11P811
VCCST_PWRGD_R,TB_TP1416,1,T,2605,4258,,
VCC_CFG_PU_OUT,R2007,2,T,4316,3277,1/20W_1K_5%_0201,R0201_11P811
VCC_CFG_PU_OUT,R2008,2,T,4349,3495,1/20W_1K_5%_0201,R0201_11P811
VCC_CFG_PU_OUT,R2009,2,T,4314,3534,1/20W_1K_5%_0201,R0201_11P811
VCC_CFG_PU_OUT,R2010,2,T,4427,3535,1/20W_1K_5%_0201,R0201_11P811
VCC_CFG_PU_OUT,R2011,2,T,4432,3655,1/20W_1K_5%_0201,R0201_11P811
VCC_CFG_PU_OUT,R2012,2,T,4251,3657,1/20W_1K_5%_0201,R0201_11P811
VCC_CFG_PU_OUT,R2013,2,T,4250,3680,1/20W_1K_5%_0201,R0201_11P811
VCC_CFG_PU_OUT,R2014,2,T,4340,3579,1/20W_1K_5%_0201,R0201_11P811
VCC_CFG_PU_OUT,R2015,2,T,4375,3549,1/20W_1K_5%_0201,R0201_11P811
VCC_CFG_PU_OUT,R2016,2,T,4424,3613,1/20W_1K_5%_0201,R0201_11P811
VCC_CFG_PU_OUT,R2017,2,T,4314,3592,1/20W_1K_5%_0201,R0201_11P811
VCC_CFG_PU_OUT,R2018,2,T,4431,3573,1/20W_1K_5%_0201,R0201_11P811
VCC_CFG_PU_OUT,R2019,2,T,4392,3232,1/20W_1K_5%_0201,R0201_11P811
VCC_CFG_PU_OUT,R2020,2,T,4342,3271,1/20W_1K_5%_0201,R0201_11P811
VCC_CFG_PU_OUT,R2021,2,T,4370,3232,1/20W_1K_5%_0201,R0201_11P811
VCC_CFG_PU_OUT,R2022,2,T,4375,3708,1/20W_1K_5%_0201,R0201_11P811
VCC_CFG_PU_OUT,R2023,2,T,3938,4189,1/20W_1K_5%_0201,R0201_11P811
VCC_CFG_PU_OUT,TB_TP865,1,T,3902,4094,,
VCC_CFG_PU_OUT,UCPU1,AV12,B,4546,3651,ALDERLAKE-P-CPU_BGA1744,ALDERLAKE-P-CPU_BGA_1744P-T
VCC_DMIC,JCAM1,12,B,8374,4955,I-PEX_20654-030E-01,I-PEX_20654-030E-01_30P
VCC_DMIC,R9526,1,B,8358,4878,0_0402_SP,R0402_SHORT
VCC_DMIC,TB_TP1004,1,T,8314,4876,,
VCC_DMIC_R,F9507,1,B,8357,4805,0.5A_32V_ERBRD0R50X,F_ERBRD0R50X
VCC_DMIC_R,F9509,1,T,8370,4819,0.5A_32V_ERBRD0R50X,F_ERBRD0R50X
VCC_DMIC_R,R9526,2,B,8358,4842,0_0402_SP,R0402_SHORT
VCC_DMIC_R,TB_TP36,1,T,8445,4800,,
VCC_SENSE,PR0803,1,B,5075,3919,0_0201_SP,R0201_SHORT
VCC_SENSE,R1603,2,B,5075,3897,1/20W_100_1%_0201,R0201_11P811
VCC_SENSE,UCPU1,CT3,B,5142,3803,ALDERLAKE-P-CPU_BGA1744,ALDERLAKE-P-CPU_BGA_1744P-T
VCC_TP,JTP2,1,T,3030,2846,HIGHSTAR_FC1AF141-2133-1H,HIGHSTAR_FC1AF141-2133-1H_14P-T
VCC_TP,R4528,1,T,3115,3003,0_0402_SP,R0402_SHORT
VCC_TP,R99224,2,T,3191,3003,1/20W_10K_5%_0201,R0201_11P811
VCC_TP,R99225,2,T,3384,3000,1/20W_4.7K_5%_0201,R0201_11P811
VCC_TP,R99227,2,T,3161,3004,1/20W_4.7K_5%_0201,R0201_11P811
VCC_TP,TB_TP1291,1,T,3247,3035,,
VCORE,C8210,1,T,1495,2157,2.2U_6.3V_K_X5R_0402_YAGEO,C0402_21P654_CA
VCORE,UEC1,G5,T,1833,2066,NPCX997KAABX_VFBGA144,NPCX997KAABX_VFBGA_144P
VDD10,C5103,2,T,3391,1993,1U_25V_K_X5R_0402,C0402_23P622_CB-Y_CS20
VDD10,C5104,2,T,3399,1964,0.1U_25V_K_X5R_0201,C0201_13P780_BB-Y_CS20
VDD10,D5101,1,T,3390,1935,RB521CM-30T2R_VMN2M-2,RB521CM-30T2R_VMN2M-2-Y_CS20
VDD10,TB_TP1244,1,T,3349,1908,,
VDD10,UTE1,32,T,3301,1909,TC62D518FTG_WQFN56_7X7,TC62D518FTG_WQFN56_7X7
VDD18,PC0809,1,B,3151,4783,1U_25V_K_X5R_0402,C0402_23P622_CB
VDD18,PR0832,1,B,3118,5222,1/16W_0_5%_0402,R0402_15P748
VDD18,PR0856,2,B,3517,4932,1/20W_100K_1%_0201,R0201_11P811
VDD18,PR0858,2,B,3440,4765,1/20W_100K_1%_0201,R0201_11P811
VDD18,PR0860,2,B,3507,5030,1/20W_100K_1%_0201,R0201_11P811
VDD18,PR0862,2,B,3407,5179,1/20W_100K_1%_0201,R0201_11P811
VDD18,PU0801,21,B,3202,4865,MP2964GQKT-0400-C669-Z_TQFN48_6X6,MP2964GQKT-0400-C669-Z_TQFN48_6X6
VDD18,TB_TP840,1,T,3515,4987,,
VDIFFA,PR0809,1,B,3417,4967,1/20W_909_1%_0201,R0201_11P811
VDIFFA,PU0801,8,B,3357,4958,MP2964GQKT-0400-C669-Z_TQFN48_6X6,MP2964GQKT-0400-C669-Z_TQFN48_6X6
VFBA,PR0809,2,B,3417,4944,1/20W_909_1%_0201,R0201_11P811
VFBA,PR0810,1,B,3452,4946,1/16W_0_5%_0402,R0402_15P748
VFBA,PR0856,1,B,3494,4932,1/20W_100K_1%_0201,R0201_11P811
VFBA,PR0857,2,B,3494,4954,1/20W_100K_1%_0201,R0201_11P811
VFBA,PU0801,9,B,3357,4942,MP2964GQKT-0400-C669-Z_TQFN48_6X6,MP2964GQKT-0400-C669-Z_TQFN48_6X6
VFBA,TB_TP653,1,B,3594,4906,,
VFBB,PR0815,1,B,3467,4783,1/16W_0_5%_0402,R0402_15P748
VFBB,PR0816,1,B,3403,4853,1/20W_1.27K_1%_0201,R0201_11P811
VFBB,PR0858,1,B,3440,4788,1/20W_100K_1%_0201,R0201_11P811
VFBB,PR0859,2,B,3462,4757,1/20W_100K_1%_0201,R0201_11P811
VFBB,PU0801,13,B,3328,4865,MP2964GQKT-0400-C669-Z_TQFN48_6X6,MP2964GQKT-0400-C669-Z_TQFN48_6X6
VFBB,TB_TP707,1,B,3485,4720,,
VGA_BLON,R0501,2,T,5728,3521,1/20W_100K_5%_0201,R0201_11P811
VGA_BLON,TB_TP538,1,B,3573,1703,,
VGA_BLON,UCPU1,EN21,B,5724,3519,ALDERLAKE-P-CPU_BGA1744,ALDERLAKE-P-CPU_BGA_1744P-T
VGA_BLON,UEC1,D11,T,1910,1913,NPCX997KAABX_VFBGA144,NPCX997KAABX_VFBGA_144P
VGA_BS_IN1,C3106,2,T,9517,4868,1000P_16V_K_X7R_0402,C0402_21P654_CA
VGA_BS_IN1,R3113,1,T,9420,4841,1/20W_665_1%_0201,R0201_11P811
VGA_BS_IN1,R3114,2,T,9500,4841,1/20W_75K_1%_0201,R0201_11P811
VGA_BS_IN1,TB_TP176,1,T,9449,4830,,
VGA_BS_IN1,U3101,3,T,9575,4869,NCP45491XMNTWG_QFN32_4X4,NCP45491XMNTWG_QFN32_4X4
VGA_BS_IN2,C3107,2,T,9517,4756,1000P_16V_K_X7R_0402,C0402_21P654_CA
VGA_BS_IN2,R3118,2,T,9424,4745,1/20W_75K_1%_0201,R0201_11P811
VGA_BS_IN2,R3119,1,T,9553,4694,1/20W_665_1%_0201,R0201_11P811
VGA_BS_IN2,R3120,1,T,9608,4694,1/20W_0_5%_0201,R0201_11P811
VGA_BS_IN2,R3122,1,T,9633,4694,1/20W_0_5%_0201,R0201_11P811
VGA_BS_IN2,TB_TP171,1,T,9518,4642,,
VGA_BS_IN2,U3101,6,T,9575,4821,NCP45491XMNTWG_QFN32_4X4,NCP45491XMNTWG_QFN32_4X4
VGA_BS_IN3,R3120,2,T,9608,4717,1/20W_0_5%_0201,R0201_11P811
VGA_BS_IN3,TB_TP84,1,T,9601,4665,,
VGA_BS_IN3,U3101,11,T,9624,4772,NCP45491XMNTWG_QFN32_4X4,NCP45491XMNTWG_QFN32_4X4
VGA_BS_IN4,R3122,2,T,9633,4717,1/20W_0_5%_0201,R0201_11P811
VGA_BS_IN4,TB_TP83,1,T,9669,4725,,
VGA_BS_IN4,U3101,14,T,9672,4772,NCP45491XMNTWG_QFN32_4X4,NCP45491XMNTWG_QFN32_4X4
VGA_CORE_PSI,PR1501,1,B,7564,1702,0_0201_SP,R0201_SHORT
VGA_CORE_PSI,TB_TP1133,1,B,7653,2857,,
VGA_CORE_PSI,UGPU1,Y3,B,7701,3707,NVIDIA_GN20-S5-GB3-64_FCBGA771,NVIDIA_GN20-S5-GB3-64_FCBGA_771P-T
VGA_IN,PR1531,2,B,7696,1938,0_0603_LE_SP,R0603_LE_19P685_SHORT
VGA_IN,PR1532,2,B,7566,1951,0_0603_LE_SP,R0603_LE_19P685_SHORT
VGA_IN,PR1533,2,B,7758,1835,1W_0.005_1%_1206_100PPM/C,R1206_CS_33P465
VGA_IN,PR1534,1,B,7703,1835,1W_0.005_1%_1206_100PPM/C,R1206_CS_33P465
VGA_IN,PR1536,2,T,7781,1832,0_0402_SP,R0402_SHORT
VGA_IN,PR1537,2,T,7695,1836,0_0402_SP,R0402_SHORT
VGA_IN,TB_TP133,1,B,7632,1933,,
VGA_SH_IN_N1,C3105,2,T,9425,4927,680P_50V_K_X7R_0402,C0402_21P654_CA
VGA_SH_IN_N1,R3110,2,T,9516,4922,1/20W_0_5%_0201,R0201_11P811
VGA_SH_IN_N1,TB_TP174,1,T,9447,4970,,
VGA_SH_IN_N1,U3101,1,T,9575,4900,NCP45491XMNTWG_QFN32_4X4,NCP45491XMNTWG_QFN32_4X4
VGA_SH_IN_N2,R3115,2,T,9501,4809,1/20W_0_5%_0201,R0201_11P811
VGA_SH_IN_N2,U3101,4,T,9575,4853,NCP45491XMNTWG_QFN32_4X4,NCP45491XMNTWG_QFN32_4X4
VGA_SH_IN_P1,R3112,2,T,9516,4897,1/20W_0_5%_0201,R0201_11P811
VGA_SH_IN_P1,U3101,2,T,9575,4884,NCP45491XMNTWG_QFN32_4X4,NCP45491XMNTWG_QFN32_4X4
VGA_SH_IN_P2,R3117,2,T,9501,4784,1/20W_49.9_1%_0201,R0201_11P811
VGA_SH_IN_P2,TB_TP173,1,T,9532,4821,,
VGA_SH_IN_P2,U3101,5,T,9575,4837,NCP45491XMNTWG_QFN32_4X4,NCP45491XMNTWG_QFN32_4X4
VGA_TDP_N,PR1536,1,T,7781,1796,0_0402_SP,R0402_SHORT
VGA_TDP_N,R3110,1,T,9493,4922,1/20W_0_5%_0201,R0201_11P811
VGA_TDP_N,TB_TP142,1,B,9065,4271,,
VGA_TDP_P,PR1535,1,T,7842,1792,0_0402_SP,R0402_SHORT
VGA_TDP_P,R3111,2,T,9421,4891,1/20W_100_1%_0201,R0201_11P811
VGA_TDP_P,R3114,1,T,9477,4841,1/20W_75K_1%_0201,R0201_11P811
VGA_TDP_P,R3124,1,T,9421,4866,1/20W_0_5%_0201,R0201_11P811
VGA_TDP_P,TB_TP136,1,B,9444,4887,,
VGA_TGP_N,C3110,1,T,9400,4797,0.1U_6.3V_K_X5R_0201,C0201_12P992_BA
VGA_TGP_N,PR1538,1,T,7663,1800,0_0402_SP,R0402_SHORT
VGA_TGP_N,R3115,1,T,9478,4809,1/20W_0_5%_0201,R0201_11P811
VGA_TGP_N,TB_TP188,1,T,9303,4838,,
VGA_TGP_P,PR1537,1,T,7695,1800,0_0402_SP,R0402_SHORT
VGA_TGP_P,R3116,1,T,9401,4770,1/20W_49.9_1%_0201,R0201_11P811
VGA_TGP_P,R3118,1,T,9401,4745,1/20W_75K_1%_0201,R0201_11P811
VGA_TGP_P,TB_TP134,1,T,9368,4732,,
VGA_TGP_P_R,C3110,2,T,9423,4797,0.1U_6.3V_K_X5R_0201,C0201_12P992_BA
VGA_TGP_P_R,R3116,2,T,9424,4770,1/20W_49.9_1%_0201,R0201_11P811
VGA_TGP_P_R,R3117,1,T,9478,4784,1/20W_49.9_1%_0201,R0201_11P811
VGA_TGP_P_R,TB_TP172,1,T,9310,4769,,
VHIF,C8212,1,T,2001,2301,2.2U_6.3V_M_X5R_0201,C0201_15P354_BC
VHIF,C8213,1,T,2030,2327,0.1U_6.3V_K_X5R_0201,C0201_12P992_BA
VHIF,C8214,1,T,2001,2325,2.2U_6.3V_M_X5R_0201,C0201_15P354_BC
VHIF,R8052,1,T,1987,2369,1/20W_100K_5%_0201,R0201_11P811
VHIF,R8230,2,T,1984,2347,1/20W_0_5%_0201,R0201_11P811
VHIF,UEC1,C1,T,1935,2169,NPCX997KAABX_VFBGA144,NPCX997KAABX_VFBGA_144P
VIDBUF,PR1510,2,B,7475,1594,1/20W_6.19K_1%_0201,R0201_11P811
VIDBUF,PU1501,6,B,7424,1680,NCP81278TMNTXG_QFN20_3X3,NCP81272MNTXG_QFN20_3X3
VIDBUF,TB_TP1008,1,B,7477,1637,,
VIDEO_ID,R5017,1,T,2953,1904,1/20W_10K_5%_0201,R0201_11P811-Y_CS20
VIDEO_ID,R5018,2,T,2967,1928,1/20W_10K_5%_0201,R0201_11P811-Y_CS20
VIDEO_ID,UTE1,9,T,3035,1940,TC62D518FTG_WQFN56_7X7,TC62D518FTG_WQFN56_7X7
VIDEO_PWM_VID,PR1507,1,B,7518,1610,0_0201_SP,R0201_SHORT
VIDEO_PWM_VID,TB_TP1162,1,T,7677,3404,,
VIDEO_PWM_VID,UGPU1,AF5,B,7646,3541,NVIDIA_GN20-S5-GB3-64_FCBGA771,NVIDIA_GN20-S5-GB3-64_FCBGA_771P-T
VID_VGA,PR1507,2,B,7518,1633,0_0201_SP,R0201_SHORT
VID_VGA,PU1501,5,B,7447,1704,NCP81278TMNTXG_QFN20_3X3,NCP81272MNTXG_QFN20_3X3
VID_VGA,TB_TP1063,1,B,7505,1700,,
VIN1_CORE,PC0901,2,B,3913,5107,10U_25V_M_X5R_0603,C0603_37P402_DB
VIN1_CORE,PC0902,2,T,3889,5158,10U_25V_M_X5R_0603,C0603_37P402_DB
VIN1_CORE,PC0903,2,B,3889,5157,10U_25V_M_X5R_0603,C0603_37P402_DB
VIN1_CORE,PC0904,2,T,3913,5107,10U_25V_M_X5R_0603,C0603_37P402_DB
VIN1_CORE,PC0905,2,T,4008,5095,0.1U_25V_K_X5R_0201,C0201_13P780_BB
VIN1_CORE,PC0906,2,B,4008,5095,2200P_25V_K_X7R_0201,C0201_12P992_BA
VIN1_CORE,PC0909,1,B,3999,5171,22U_B2_25VM_R100M,C_B2
VIN1_CORE,PC0937,2,B,3932,4884,0.22U_25V_K_X7R_0402,C0402_21P654_CA
VIN1_CORE,PC0940,2,B,3905,5205,10U_25V_M_X5R_0603,C0603_37P402_DB
VIN1_CORE,PC0941,2,T,3905,5206,10U_25V_M_X5R_0603,C0603_37P402_DB
VIN1_CORE,PL0902,2,T,3956,5164,MPZ1608S300AT_2P~D,TDK_MPZ1608S300AT_2P
VIN1_CORE,PL0903,2,T,3956,5213,MPZ1608S300AT_2P~D,TDK_MPZ1608S300AT_2P
VIN1_CORE,PU0901,1,B,3921,4953,MP86941-CGQVT-C669-Z_TQFN21_3X5,MP86941-CGQVT-C669-Z_TQFN21_3X5
VIN1_CORE,PU0901,14,B,3921,5032,MP86941-CGQVT-C669-Z_TQFN21_3X5,MP86941-CGQVT-C669-Z_TQFN21_3X5
VIN1_CORE,TB_TP588,1,T,3965,5105,,
VIN1_GT,PC1101,2,T,5210,5095,0.1U_25V_K_X5R_0201,C0201_13P780_BB
VIN1_GT,PC1104,2,B,5106,5154,10U_25V_M_X5R_0603,C0603_37P402_DB
VIN1_GT,PC1105,2,B,5125,5106,10U_25V_M_X5R_0603,C0603_37P402_DB
VIN1_GT,PC1106,2,T,5106,5154,10U_25V_M_X5R_0603,C0603_37P402_DB
VIN1_GT,PC1107,2,T,5125,5106,10U_25V_M_X5R_0603,C0603_37P402_DB
VIN1_GT,PC1108,2,B,5210,5096,2200P_25V_K_X7R_0201,C0201_12P992_BA
VIN1_GT,PC1111,1,B,5191,5171,22U_B2_25VM_R100M,C_B2
VIN1_GT,PC1168,2,B,5185,4888,0.22U_25V_K_X7R_0402,C0402_21P654_CA
VIN1_GT,PC1171,2,B,5120,5205,10U_25V_M_X5R_0603,C0603_37P402_DB
VIN1_GT,PC1172,2,T,5120,5205,10U_25V_M_X5R_0603,C0603_37P402_DB
VIN1_GT,PL1102,2,T,5177,5207,MPZ1608S300AT_2P~D,TDK_MPZ1608S300AT_2P
VIN1_GT,PU1101,1,B,5178,4952,MP86941-CGQVT-C669-Z_TQFN21_3X5,MP86941-CGQVT-C669-Z_TQFN21_3X5
VIN1_GT,PU1101,14,B,5178,5031,MP86941-CGQVT-C669-Z_TQFN21_3X5,MP86941-CGQVT-C669-Z_TQFN21_3X5
VIN1_GT,TB_TP690,1,T,5176,5123,,
VIN2_CORE,PC0913,2,B,4332,5149,10U_25V_M_X5R_0603,C0603_37P402_DB
VIN2_CORE,PC0914,2,T,4351,5099,10U_25V_M_X5R_0603,C0603_37P402_DB
VIN2_CORE,PC0915,2,B,4351,5098,10U_25V_M_X5R_0603,C0603_37P402_DB
VIN2_CORE,PC0916,2,T,4332,5149,10U_25V_M_X5R_0603,C0603_37P402_DB
VIN2_CORE,PC0917,2,B,4435,5090,0.1U_25V_K_X5R_0201,C0201_13P780_BB
VIN2_CORE,PC0918,2,T,4435,5090,2200P_25V_K_X7R_0201,C0201_12P992_BA
VIN2_CORE,PC0921,1,B,4419,5170,22U_B2_25VM_R100M,C_B2
VIN2_CORE,PC0938,2,B,4370,4879,0.22U_25V_K_X7R_0402,C0402_21P654_CA
VIN2_CORE,PC0942,2,B,4351,5198,10U_25V_M_X5R_0603,C0603_37P402_DB
VIN2_CORE,PC0943,2,T,4351,5198,10U_25V_M_X5R_0603,C0603_37P402_DB
VIN2_CORE,PL0904,2,T,4412,5152,MPZ1608S300AT_2P~D,TDK_MPZ1608S300AT_2P
VIN2_CORE,PL0905,2,T,4413,5202,MPZ1608S300AT_2P~D,TDK_MPZ1608S300AT_2P
VIN2_CORE,PU0902,1,B,4367,4945,MP86941-CGQVT-C669-Z_TQFN21_3X5,MP86941-CGQVT-C669-Z_TQFN21_3X5
VIN2_CORE,PU0902,14,B,4367,5024,MP86941-CGQVT-C669-Z_TQFN21_3X5,MP86941-CGQVT-C669-Z_TQFN21_3X5
VIN2_CORE,TB_TP618,1,T,4397,5099,,
VIN2_GT,PC1145,2,B,5551,4930,10U_25V_M_X5R_0603,C0603_37P402_DB
VIN2_GT,PC1146,2,B,5568,4880,10U_25V_M_X5R_0603,C0603_37P402_DB
VIN2_GT,PC1147,2,T,5550,4930,10U_25V_M_X5R_0603,C0603_37P402_DB
VIN2_GT,PC1148,2,T,5568,4881,10U_25V_M_X5R_0603,C0603_37P402_DB
VIN2_GT,PC1149,2,B,5645,4872,0.1U_25V_K_X5R_0201,C0201_13P780_BB
VIN2_GT,PC1150,2,T,5557,4841,2200P_25V_K_X7R_0201,C0201_12P992_BA
VIN2_GT,PC1153,1,B,5630,4959,22U_B2_25VM_R100M,C_B2
VIN2_GT,PC1169,2,B,5584,4663,0.22U_25V_K_X7R_0402,C0402_21P654_CA
VIN2_GT,PC1173,2,B,5540,4979,10U_25V_M_X5R_0603,C0603_37P402_DB
VIN2_GT,PC1174,2,T,5540,4979,10U_25V_M_X5R_0603,C0603_37P402_DB
VIN2_GT,PL1103,2,T,5629,4927,MPZ1608S300AT_2P~D,TDK_MPZ1608S300AT_2P
VIN2_GT,PU1102,1,B,5570,4728,MP86941-CGQVT-C669-Z_TQFN21_3X5,MP86941-CGQVT-C669-Z_TQFN21_3X5
VIN2_GT,PU1102,14,B,5570,4806,MP86941-CGQVT-C669-Z_TQFN21_3X5,MP86941-CGQVT-C669-Z_TQFN21_3X5
VIN2_GT,TB_TP685,1,B,5611,4870,,
VIN3_CORE,PC0925,2,T,4757,5102,10U_25V_M_X5R_0603,C0603_37P402_DB
VIN3_CORE,PC0926,2,B,4746,5152,10U_25V_M_X5R_0603,C0603_37P402_DB
VIN3_CORE,PC0927,2,B,4757,5102,10U_25V_M_X5R_0603,C0603_37P402_DB
VIN3_CORE,PC0928,2,T,4746,5152,10U_25V_M_X5R_0603,C0603_37P402_DB
VIN3_CORE,PC0929,2,B,4836,5093,0.1U_25V_K_X5R_0201,C0201_13P780_BB
VIN3_CORE,PC0930,2,T,4836,5093,2200P_25V_K_X7R_0201,C0201_12P992_BA
VIN3_CORE,PC0933,1,B,4831,5171,22U_B2_25VM_R100M,C_B2
VIN3_CORE,PC0939,2,B,4778,4881,0.22U_25V_K_X7R_0402,C0402_21P654_CA
VIN3_CORE,PC0944,2,B,4729,5200,10U_25V_M_X5R_0603,C0603_37P402_DB
VIN3_CORE,PC0945,2,T,4729,5200,10U_25V_M_X5R_0603,C0603_37P402_DB
VIN3_CORE,PL0907,2,T,4799,5148,MPZ1608S300AT_2P~D,TDK_MPZ1608S300AT_2P
VIN3_CORE,PL0908,2,T,4799,5199,MPZ1608S300AT_2P~D,TDK_MPZ1608S300AT_2P
VIN3_CORE,PU0903,1,B,4775,4948,MP86941-CGQVT-C669-Z_TQFN21_3X5,MP86941-CGQVT-C669-Z_TQFN21_3X5
VIN3_CORE,PU0903,14,B,4775,5027,MP86941-CGQVT-C669-Z_TQFN21_3X5,MP86941-CGQVT-C669-Z_TQFN21_3X5
VIN3_CORE,TB_TP603,1,T,4800,5099,,
VINT20,PC0207,1,B,2099,1291,0.01U_25V_K_X7R_0201,C0201_12P992_BA
VINT20,PC0208,2,B,2124,1290,1000P_25V_K_X7R_0201,C0201_12P992_BA
VINT20,PC0217,2,T,2835,1365,1U_25V_K_X5R_0402,C0402_23P622_CB
VINT20,PC0239,2,T,2099,1291,100P_25V_J_NPO_0201,C0201_12P992_BA
VINT20,PC0240,2,T,2124,1290,47P_25V_J_NPO_0201,C0201_12P992_BA
VINT20,PQ0201,2,B,2141,1095,BSC0924NDI_PG-TISON-8-9,BSC0924NDI_PG-TISON-8-9
VINT20,PQ0201,3,B,2141,1145,BSC0924NDI_PG-TISON-8-9,BSC0924NDI_PG-TISON-8-9
VINT20,PQ0201,4,B,2141,1195,BSC0924NDI_PG-TISON-8-9,BSC0924NDI_PG-TISON-8-9
VINT20,PR0201,2,B,2211,1290,1W_0.01_1%_1206_LE,R1206_LE_23P622
VINT20,PR0203,2,T,2883,1363,1/20W_4.99_1%_0201,R0201_11P811
VINT20,PU0201,1,B,2947,1316,BQ25710RSNR_QFN32_4X4,BQ25710RSNR_QFN32_4X4
VINT20,TB_TP587,1,T,2622,1401,,
VINT20_IN,J6501,2,T,2137,3643,JUMP_43X79,JUMP_43X79
VINT20_IN,J6502,2,T,2131,3850,JUMP_43X79,JUMP_43X79
VINT20_IN,PC0243,2,B,2197,1432,10U_25V_M_X5R_0603,C0603_37P402_DB
VINT20_IN,PC0246,2,B,2197,1480,10U_25V_M_X5R_0603,C0603_37P402_DB
VINT20_IN,PC0248,2,B,2197,1528,10U_25V_M_X5R_0603,C0603_37P402_DB
VINT20_IN,PL0202,1,B,2257,1481,0.33UH_HMMQ25201B-R33MSR_6.4A_20%,HMLQ25201B-1R0MSR_2P
VINT20_IN,R5928,1,T,1441,3555,0_0402_SP,R0402_SHORT
VINT20_IN,TB_TP407,1,T,2223,3861,,
VINT20_IN,TB_TP408,1,T,2251,3740,,
VINT20_IN,TB_TP409,1,T,2192,3579,,
VNN_BYPASS,C1845,1,T,5616,3483,1U_6.3V_M_X5R_0201,C0201_13P780_BB
VNN_BYPASS,R1804,2,T,5618,3522,1/20W_100K_5%_0201,R0201_11P811
VNN_BYPASS,UCPU1,EH21,B,5647,3519,ALDERLAKE-P-CPU_BGA1744,ALDERLAKE-P-CPU_BGA_1744P-T
VNN_BYPASS,UCPU1,EF21,B,5621,3519,ALDERLAKE-P-CPU_BGA1744,ALDERLAKE-P-CPU_BGA_1744P-T
VORTNA,PR0805,2,B,5119,3919,0_0201_SP,R0201_SHORT
VORTNA,PR0807,2,B,3440,4854,1/20W_100_5%_0201,R0201_11P811
VORTNA,PU0801,11,B,3357,4910,MP2964GQKT-0400-C669-Z_TQFN48_6X6,MP2964GQKT-0400-C669-Z_TQFN48_6X6
VORTNA,TB_TP741,1,T,5163,3999,,
VORTNB,PR0806,2,B,5184,3920,0_0201_SP,R0201_SHORT
VORTNB,PR0808,2,B,3331,4783,1/20W_100_5%_0201,R0201_11P811
VORTNB,PU0801,15,B,3296,4865,MP2964GQKT-0400-C669-Z_TQFN48_6X6,MP2964GQKT-0400-C669-Z_TQFN48_6X6
VORTNB,TB_TP854,1,B,3352,4721,,
VOSENA,PR0801,1,B,3440,4920,1/20W_100_5%_0201,R0201_11P811
VOSENA,PR0803,2,B,5052,3919,0_0201_SP,R0201_SHORT
VOSENA,PU0801,10,B,3357,4926,MP2964GQKT-0400-C669-Z_TQFN48_6X6,MP2964GQKT-0400-C669-Z_TQFN48_6X6
VOSENA,TB_TP732,1,T,5104,4034,,
VOSENB,PR0802,1,B,3396,4783,1/20W_100_5%_0201,R0201_11P811
VOSENB,PR0804,2,B,5162,3920,0_0201_SP,R0201_SHORT
VOSENB,PU0801,14,B,3312,4865,MP2964GQKT-0400-C669-Z_TQFN48_6X6,MP2964GQKT-0400-C669-Z_TQFN48_6X6
VOSENB,TB_TP754,1,T,3385,4743,,
VREF,C8314,2,T,875,844,2.2U_6.3V_K_X5R_0402,C0402_21P654_CA
VREF,TB_TP513,1,T,784,807,,
VREF,U8301,38,T,992,869,ALC3287-CG_MQFN48_6X6,ALC3287-CG_MQFN48_6X6
VREF_272,PC1521,2,B,7383,1591,0.01U_25V_K_X7R_0402,C0402_21P654_CA
VREF_272,PR1509,1,B,7499,1549,1/20W_20.5K_1%_0201,R0201_11P811
VREF_272,PU1501,8,B,7392,1680,NCP81278TMNTXG_QFN20_3X3,NCP81272MNTXG_QFN20_3X3
VREF_272,TB_TP1087,1,T,7385,1653,,
VREGIN20,D5102,1,T,2797,2044,RB521CM-30T2R_VMN2M-2,RB521CM-30T2R_VMN2M-2
VREGIN20,D5107,1,T,2709,2000,RB521CM-30T2R_VMN2M-2,RB521CM-30T2R_VMN2M-2
VREGIN20,Q5103,2,T,2794,1988,SSM3J15FV_2-1L1B,SSM3J15FV_2-1L1B-Y_CS20
VREGIN20,R5117,1,T,2760,1997,1/20W_0_5%_0201,R0201_11P811-Y_CS20
VREGIN20,R5119,2,T,2794,2015,1/20W_100K_5%_0201,R0201_11P811
VREGIN20,R5120,2,T,2804,1900,1/20W_1M_5%_0201,R0201_11P811-Y_CS20
VREGIN20,TB_TP1262,1,T,2732,2050,,
VREGIN20_OVP,C5114,2,T,2680,1801,0.1U_50V_K_X5R_0402,C0402_21P654_CA
VREGIN20_OVP,D5104,1,T,2674,1748,RB521CM-30T2R_VMN2M-2,RB521CM-30T2R_VMN2M-2
VREGIN20_OVP,D5105,1,T,2710,1748,RB521CM-30T2R_VMN2M-2,RB521CM-30T2R_VMN2M-2
VREGIN20_OVP,R5122,1,T,2654,1801,1/20W_1M_1%_0201,R0201_11P811-Y_CS20
VREGIN20_OVP,U5101,B3,T,2683,1870,KTS1668EAY-TR_WLCSP12,KTS1668EAY-TR_WLCSP_12P
VREGIN20_OVP,U5101,C2,T,2667,1854,KTS1668EAY-TR_WLCSP12,KTS1668EAY-TR_WLCSP_12P
VREGIN20_OVP,U5101,C3,T,2683,1854,KTS1668EAY-TR_WLCSP12,KTS1668EAY-TR_WLCSP_12P
VREGIN20_R,D5106,1,T,2760,1934,RB521CM-30T2R_VMN2M-2,RB521CM-30T2R_VMN2M-2
VREGIN20_R,Q5103,3,T,2810,1942,SSM3J15FV_2-1L1B,SSM3J15FV_2-1L1B-Y_CS20
VREGIN20_R,R5101,2,T,3479,2182,1/4W_20_5%_0603,R0603_21P654-Y_CS20
VREGIN20_R,R5102,2,T,3525,2182,1/4W_20_5%_0603,R0603_21P654-Y_CS20
VREGIN20_R,R5103,2,T,3426,2170,1/20W_1M_1%_0201,R0201_11P811-Y_CS20
VREGIN20_R,R5112,2,T,3426,2070,1/20W_33K_5%_0201,R0201_11P811-Y_CS20
VREGIN20_R,R5117,2,T,2760,1974,1/20W_0_5%_0201,R0201_11P811-Y_CS20
VREGIN20_R,TB_TP1300,1,T,3500,2096,,
VSBY,C8211,1,T,1837,2261,0.1U_6.3V_K_X5R_0201,C0201_12P992_BA
VSBY,R8229,2,T,1865,2307,1/16W_0_5%_0402,R0402_15P748
VSBY,UEC1,H9,T,1807,1964,NPCX997KAABX_VFBGA144,NPCX997KAABX_VFBGA_144P
VSSGT_SENSE,PR0806,1,B,5184,3897,0_0201_SP,R0201_SHORT
VSSGT_SENSE,UCPU1,CV3,B,5168,3803,ALDERLAKE-P-CPU_BGA1744,ALDERLAKE-P-CPU_BGA_1744P-T
VSSPCHCORE_SENSE,PR1212,2,B,2962,4216,1/16W_0_1%_0402,R0402_SHORT_ATE
VSSPCHCORE_SENSE,TB_TP539,1,B,3077,4189,,
VSSPCHCORE_SENSE,UCPU1,AH30,B,4386,3378,ALDERLAKE-P-CPU_BGA1744,ALDERLAKE-P-CPU_BGA_1744P-T
VSS_SENSE,PR0805,1,B,5096,3919,0_0201_SP,R0201_SHORT
VSS_SENSE,R1604,1,B,5096,3897,1/20W_100_1%_0201,R0201_11P811
VSS_SENSE,UCPU1,CT1,B,5142,3828,ALDERLAKE-P-CPU_BGA1744,ALDERLAKE-P-CPU_BGA_1744P-T
VSYS15,C9401,1,T,3331,5506,0.01U_25V_K_X7R_0201,C0201_12P992_BA
VSYS15,F9402,1,T,3323,5433,3A_32V_ERBRD3R00X,F_ERBRD3R00X
VSYS15,PC0209,2,B,2579,1195,10U_25V_M_X5R_0603,C0603_37P402_DB
VSYS15,PC0210,2,B,2686,1029,10U_25V_M_X5R_0603,C0603_37P402_DB
VSYS15,PC0211,2,B,2637,1020,10U_25V_M_X5R_0603,C0603_37P402_DB
VSYS15,PC0212,2,B,2531,1168,10U_25V_M_X5R_0603,C0603_37P402_DB
VSYS15,PC0233,1,B,2553,941,10U_25V_M_X5R_0603,C0603_37P402_DB
VSYS15,PC0234,1,B,3301,1473,10U_25V_M_X5R_0603,C0603_37P402_DB
VSYS15,PC0235,2,T,2795,1015,0.1U_25V_K_X5R_0201,C0201_13P780_BB
VSYS15,PC0236,1,B,2795,1015,2200P_25V_K_X7R_0201,C0201_12P992_BA
VSYS15,PC0237,2,B,2772,1016,100P_25V_J_NPO_0201,C0201_12P992_BA
VSYS15,PC0238,2,T,2772,1016,47P_25V_J_NPO_0201,C0201_12P992_BA
VSYS15,PC0249,2,B,2736,1019,10U_25V_M_X5R_0603,C0603_37P402_DB
VSYS15,PC0250,2,B,3351,1473,10U_25V_M_X5R_0603,C0603_37P402_DB
VSYS15,PC0251,1,B,2670,1169,22U_B2_25VM_R100M,C_B2
VSYS15,PQ0202,2,B,2557,1042,SIZ340DTT1_POWERPAIR_3X3-9-10,SIZ340DTT1_POWERPAIR-3X3-9-10
VSYS15,PQ0202,3,B,2557,1016,SIZ340DTT1_POWERPAIR_3X3-9-10,SIZ340DTT1_POWERPAIR-3X3-9-10
VSYS15,PQ0202,4,B,2557,990,SIZ340DTT1_POWERPAIR_3X3-9-10,SIZ340DTT1_POWERPAIR-3X3-9-10
VSYS15,PQ0202,10,B,2528,1029,SIZ340DTT1_POWERPAIR_3X3-9-10,SIZ340DTT1_POWERPAIR-3X3-9-10
VSYS15,PQ0203,1,B,3428,1422,SI7153DNT1GE3_POWERPAK-1212-8,SI7153DNT1GE3_POWERPAK-1212-8
VSYS15,PQ0203,2,B,3428,1448,SI7153DNT1GE3_POWERPAK-1212-8,SI7153DNT1GE3_POWERPAK-1212-8
VSYS15,PQ0203,3,B,3428,1474,SI7153DNT1GE3_POWERPAK-1212-8,SI7153DNT1GE3_POWERPAK-1212-8
VSYS15,PR0310,1,B,1927,4677,0_0603_LE_SP,R0603_LE_19P685_SHORT
VSYS15,PR0412,1,B,2921,4714,1/10W_0_5%_0603,R0603_SHORT_ATE
VSYS15,PR0415,2,B,2736,4858,0_0201_SP,R0201_SHORT
VSYS15,PR0506,1,B,7340,1110,0_0603_LE_SP,R0603_LE_19P685_SHORT
VSYS15,PR0616,1,B,6697,3030,0_0603_LE_SP,R0603_LE_19P685_SHORT
VSYS15,PR0820,1,B,3340,5234,1/20W_2M_1%_0201,R_0201
VSYS15,PR0901,1,T,4078,5231,0_0603_LE_SP,R0603_LE_19P685_SHORT
VSYS15,PR0904,1,T,4543,5211,0_0603_LE_SP,R0603_LE_19P685_SHORT
VSYS15,PR0907,1,T,4922,5155,0_0603_LE_SP,R0603_LE_19P685_SHORT
VSYS15,PR1101,1,T,5299,5208,0_0603_LE_SP,R0603_LE_19P685_SHORT
VSYS15,PR1105,1,T,5723,4854,0_0603_LE_SP,R0603_LE_19P685_SHORT
VSYS15,PR1202,1,B,2530,4301,0_0603_LE_SP,R0603_LE_19P685_SHORT
VSYS15,PR1533,1,B,7863,1835,1W_0.005_1%_1206_100PPM/C,R1206_CS_33P465
VSYS15,PR1535,2,T,7842,1828,0_0402_SP,R0402_SHORT
VSYS15,PU0201,22,B,2978,1159,BQ25710RSNR_QFN32_4X4,BQ25710RSNR_QFN32_4X4
VSYS15,R4604,1,T,10051,4797,0_0402_SP,R0402_SHORT
VSYS15,TB_TP505,1,T,4758,4710,,
VSYS15,TB_TP506,1,T,3890,4715,,
VSYS15_FPR,C4610,1,T,10086,4833,1U_25V_K_X5R_0402,C0402_23P622_CB
VSYS15_FPR,R4603,1,T,10068,4877,1/20W_200K_1%_0201,R0201_11P811
VSYS15_FPR,R4604,2,T,10087,4797,0_0402_SP,R0402_SHORT
VSYS15_FPR,TB_TP330,1,T,10089,4758,,
VSYS15_FPR,U4601,6,T,10102,4872,TPS70933DRVR_WSON6_2X2,TPS70933DRVR_WSON6_2X2
VSYS15_VGA,PR1534,2,B,7598,1835,1W_0.005_1%_1206_100PPM/C,R1206_CS_33P465
VSYS15_VGA,PR1538,2,T,7663,1836,0_0402_SP,R0402_SHORT
VSYS15_VGA,PR1601,1,B,6763,4639,0_0603_LE_SP,R0603_LE_19P685_SHORT
VSYS15_VGA,TB_TP132,1,B,6810,4595,,
VTEMP,PR0827,1,T,3325,5093,0_0402_SP,R0402_SHORT
VTEMP,PR0910,1,B,4066,5022,0_0402_SP,R0402_SHORT
VTEMP,PR0912,1,B,4517,5034,0_0402_SP,R0402_SHORT
VTEMP,PR0914,1,B,4927,5022,0_0402_SP,R0402_SHORT
VTEMP,PR1108,1,B,5331,5050,0_0402_SP,R0402_SHORT
VTEMP,PR1110,1,B,5729,4803,0_0402_SP,R0402_SHORT
VTEMP,TB_TP725,1,B,4570,5063,,
VTEMP,TB_TP726,1,B,4092,5071,,
WWAN_ANT_SW,Q0801,1,B,6185,2609,LSK3541G1ET2L_VMT3,LSK3541G1ET2L_VMT3
WWAN_ANT_SW,TB_TP876,1,B,6158,2566,,
WWAN_ANT_SW,UCPU1,EB56,B,5557,2970,ALDERLAKE-P-CPU_BGA1744,ALDERLAKE-P-CPU_BGA_1744P-T
WWAN_CFG0,JWWAN1,21,B,3061,3771,ARGOSY_NASB0-S6710-TS20,ARGOSY_NASB0-S6710-TS20_75P-T
WWAN_CFG0,TB_TP1254,1,T,6008,3354,,
WWAN_CFG0,UCPU1,EV34,B,5802,3306,ALDERLAKE-P-CPU_BGA1744,ALDERLAKE-P-CPU_BGA_1744P-T
WWAN_CFG1,JWWAN1,69,B,2589,3771,ARGOSY_NASB0-S6710-TS20,ARGOSY_NASB0-S6710-TS20_75P-T
WWAN_CFG1,TB_TP1177,1,B,6391,3417,,
WWAN_CFG1,UCPU1,EY34,B,5827,3306,ALDERLAKE-P-CPU_BGA1744,ALDERLAKE-P-CPU_BGA_1744P-T
WWAN_CFG2,JWWAN1,75,B,2530,3771,ARGOSY_NASB0-S6710-TS20,ARGOSY_NASB0-S6710-TS20_75P-T
WWAN_CFG2,TB_TP1360,1,B,3552,1876,,
WWAN_CFG2,UCPU1,DV51,B,5486,3051,ALDERLAKE-P-CPU_BGA1744,ALDERLAKE-P-CPU_BGA_1744P-T
WWAN_CFG3,JWWAN1,1,B,3258,3771,ARGOSY_NASB0-S6710-TS20,ARGOSY_NASB0-S6710-TS20_75P-T
WWAN_CFG3,TB_TP1191,1,T,3748,2530,,
WWAN_CFG3,UCPU1,DY46,B,5520,3127,ALDERLAKE-P-CPU_BGA1744,ALDERLAKE-P-CPU_BGA_1744P-T
XTAL_IN,C3408,1,B,7808,3221,10PC_25VC_JC_NPOC_0201,C0201_12P992_BA
XTAL_IN,R4005,1,B,7741,3228,1/20W_1M_5%_0201,R0201_11P811
XTAL_IN,TB_TP800,1,B,7775,3216,,
XTAL_IN,UGPU1,AK2,B,7728,3421,NVIDIA_GN20-S5-GB3-64_FCBGA771,NVIDIA_GN20-S5-GB3-64_FCBGA_771P-T
XTAL_IN,Y3401,1,B,7897,3207,27MHZ_7PF_8Y27000005,Y_8Y27000001_4P
XTAL_OUT,C3409,1,B,7808,3248,10PC_25VC_JC_NPOC_0201,C0201_12P992_BA
XTAL_OUT,R4006,2,B,7787,3249,1/20W_1.8K_5%_0201,R0201_11P811
XTAL_OUT,Y3401,3,B,7841,3251,27MHZ_7PF_8Y27000005,Y_8Y27000001_4P
XTAL_OUTBUFF,R3401,1,B,7893,3326,1/20W_100K_1%_0201,R0201_11P811
XTAL_OUTBUFF,R3404,1,B,7959,3326,1/20W_100K_1%_0201,R0201_11P811
XTAL_OUTBUFF,TB_TP180,1,B,7866,3297,,
XTAL_OUTBUFF,UGPU1,AJ1,B,7756,3459,NVIDIA_GN20-S5-GB3-64_FCBGA771,NVIDIA_GN20-S5-GB3-64_FCBGA_771P-T
